 # Data format: "%int(Month)/%int(Day)/%int(Year),%int(Hours):%int(Minutes):%float(Seconds),%float(QX),%float(QY),%float(QZ),%float(QW),%float(OrientPitch),%float(OrientYaw),%float(OrientRoll),%float(VX),%float(VY),%float(VZ),%float(A)"
3/20/2026 11:52:51.912,-0.0000952,0.0018011,-0.0001580,0.9999985,-0.0001898,0.0036023,-0.0003163,-0.0525797,0.9947975,-0.0872534,0.0035210
3/20/2026 11:52:51.932,-0.0000863,0.0018116,-0.0001443,0.9999984,-0.0001720,0.0036231,-0.0002890,-0.0474098,0.9957199,-0.0793351,0.0035881
3/20/2026 11:52:51.952,-0.0000954,0.0018099,-0.0001513,0.9999983,-0.0001902,0.0036198,-0.0003029,-0.0524505,0.9951542,-0.0831685,0.0036540
3/20/2026 11:52:51.972,-0.0001122,0.0018262,-0.0001561,0.9999983,-0.0002238,0.0036525,-0.0003126,-0.0610813,0.9945064,-0.0850067,0.0036540
3/20/2026 11:52:51.992,-0.0001157,0.0018417,-0.0001263,0.9999982,-0.0002309,0.0036833,-0.0002531,-0.0625481,0.9957027,-0.0682919,0.0037822
3/20/2026 11:52:52.012,-0.0001178,0.0018553,-0.0001167,0.9999983,-0.0002351,0.0037105,-0.0002338,-0.0632209,0.9960315,-0.0626451,0.0037186
3/20/2026 11:52:52.032,-0.0001312,0.0018624,-0.0001110,0.9999982,-0.0002620,0.0037248,-0.0002225,-0.0701558,0.9957687,-0.0593537,0.0037822
3/20/2026 11:52:52.052,-0.0001458,0.0018784,-0.0000944,0.9999982,-0.0002912,0.0037569,-0.0001894,-0.0772791,0.9957528,-0.0500433,0.0038447
3/20/2026 11:52:52.072,-0.0001658,0.0018908,-0.0000814,0.9999981,-0.0003312,0.0037815,-0.0001634,-0.0872532,0.9952645,-0.0428411,0.0039063
3/20/2026 11:52:52.092,-0.0001743,0.0018927,-0.0000855,0.9999982,-0.0003482,0.0037854,-0.0001717,-0.0916014,0.9947810,-0.0449437,0.0038447
3/20/2026 11:52:52.112,-0.0001780,0.0019049,-0.0001031,0.9999982,-0.0003556,0.0038098,-0.0002068,-0.0928961,0.9942219,-0.0537861,0.0037822
3/20/2026 11:52:52.132,-0.0001641,0.0019184,-0.0001243,0.9999982,-0.0003278,0.0038368,-0.0002492,-0.0850693,0.9942903,-0.0644198,0.0038447
3/20/2026 11:52:52.152,-0.0001408,0.0019113,-0.0001356,0.9999982,-0.0002811,0.0038226,-0.0002718,-0.0732957,0.9948093,-0.0705835,0.0038447
3/20/2026 11:52:52.172,-0.0001406,0.0019091,-0.0001468,0.9999980,-0.0002807,0.0038183,-0.0002942,-0.0732498,0.9943779,-0.0764668,0.0039668
3/20/2026 11:52:52.192,-0.0001386,0.0018996,-0.0001625,0.9999982,-0.0002766,0.0037993,-0.0003255,-0.0725057,0.9937394,-0.0849999,0.0038447
3/20/2026 11:52:52.212,-0.0001390,0.0019123,-0.0001811,0.9999983,-0.0002773,0.0038246,-0.0003628,-0.0721737,0.9929487,-0.0940419,0.0037186
3/20/2026 11:52:52.232,-0.0001515,0.0019379,-0.0001797,0.9999981,-0.0003023,0.0038759,-0.0003599,-0.0776062,0.9927273,-0.0920314,0.0039063
3/20/2026 11:52:52.252,-0.0001574,0.0019433,-0.0001659,0.9999982,-0.0003142,0.0038867,-0.0003325,-0.0804505,0.9931443,-0.0848057,0.0038447
3/20/2026 11:52:52.272,-0.0001706,0.0023115,-0.0001663,0.9999973,-0.0003405,0.0046231,-0.0003334,-0.0734336,0.9947292,-0.0715630,0.0046322
3/20/2026 11:52:52.292,-0.0001850,0.0019529,-0.0001749,0.9999981,-0.0003694,0.0039059,-0.0003505,-0.0939468,0.9916091,-0.0887996,0.0039063
3/20/2026 11:52:52.312,-0.0001832,0.0019573,-0.0001677,0.9999980,-0.0003657,0.0039146,-0.0003360,-0.0928362,0.9920482,-0.0849812,0.0040265
3/20/2026 11:52:52.332,-0.0001804,0.0019734,-0.0001801,0.9999980,-0.0003600,0.0039468,-0.0003610,-0.0906406,0.9917608,-0.0905248,0.0040265
3/20/2026 11:52:52.352,-0.0001524,0.0019774,-0.0001762,0.9999980,-0.0003041,0.0039548,-0.0003529,-0.0765340,0.9931332,-0.0884814,0.0040265
3/20/2026 11:52:52.372,-0.0001425,0.0020004,-0.0001687,0.9999980,-0.0002843,0.0040008,-0.0003380,-0.0707896,0.9939632,-0.0838207,0.0040265
3/20/2026 11:52:52.392,-0.0001251,0.0020074,-0.0001686,0.9999980,-0.0002496,0.0040148,-0.0003377,-0.0619915,0.9945742,-0.0835407,0.0039668
3/20/2026 11:52:52.412,-0.0001211,0.0020152,-0.0001586,0.9999979,-0.0002416,0.0040305,-0.0003177,-0.0598037,0.9951320,-0.0783315,0.0041432
3/20/2026 11:52:52.432,-0.0001175,0.0020430,-0.0001535,0.9999979,-0.0002345,0.0040861,-0.0003075,-0.0572791,0.9955513,-0.0748099,0.0041432
3/20/2026 11:52:52.452,-0.0001100,0.0020490,-0.0001573,0.9999979,-0.0002193,0.0040980,-0.0003151,-0.0534343,0.9956413,-0.0764405,0.0040853
3/20/2026 11:52:52.472,-0.0001196,0.0020455,-0.0001582,0.9999979,-0.0002386,0.0040910,-0.0003168,-0.0582100,0.9953330,-0.0769669,0.0041432
3/20/2026 11:52:52.492,-0.0001179,0.0020605,-0.0001805,0.9999979,-0.0002350,0.0041210,-0.0003614,-0.0569019,0.9945721,-0.0871128,0.0041432
3/20/2026 11:52:52.512,-0.0001219,0.0020769,-0.0001788,0.9999978,-0.0002430,0.0041538,-0.0003581,-0.0583722,0.9946155,-0.0856309,0.0042004
3/20/2026 11:52:52.532,-0.0001239,0.0020867,-0.0001511,0.9999978,-0.0002472,0.0041735,-0.0003027,-0.0591204,0.9956442,-0.0720930,0.0042004
3/20/2026 11:52:52.552,-0.0001477,0.0020995,-0.0001324,0.9999977,-0.0002949,0.0041991,-0.0002654,-0.0700606,0.9955654,-0.0627765,0.0042567
3/20/2026 11:52:52.572,-0.0001477,0.0021015,-0.0001244,0.9999978,-0.0002948,0.0042030,-0.0002495,-0.0699710,0.9958047,-0.0589672,0.0042004
3/20/2026 11:52:52.592,-0.0001466,0.0021100,-0.0001205,0.9999977,-0.0002927,0.0042201,-0.0002416,-0.0692087,0.9959801,-0.0568656,0.0043124
3/20/2026 11:52:52.612,-0.0001554,0.0021089,-0.0001334,0.9999977,-0.0003101,0.0042178,-0.0002675,-0.0733200,0.9953181,-0.0629761,0.0042567
3/20/2026 11:52:52.632,-0.0001398,0.0021211,-0.0001583,0.9999977,-0.0002789,0.0042422,-0.0003172,-0.0655884,0.9950788,-0.0742719,0.0043124
3/20/2026 11:52:52.652,-0.0001456,0.0021354,-0.0001627,0.9999977,-0.0002905,0.0042708,-0.0003261,-0.0678372,0.9948116,-0.0758155,0.0043124
3/20/2026 11:52:52.672,-0.0001422,0.0021506,-0.0001681,0.9999977,-0.0002837,0.0043012,-0.0003367,-0.0657937,0.9948000,-0.0777443,0.0043124
3/20/2026 11:52:52.692,-0.0001530,0.0018097,-0.0001866,0.9999983,-0.0003054,0.0036194,-0.0003738,-0.0838183,0.9912246,-0.1022169,0.0036540
3/20/2026 11:52:52.712,-0.0001454,0.0018226,-0.0001920,0.9999982,-0.0002901,0.0036453,-0.0003845,-0.0791007,0.9913810,-0.1044354,0.0038447
3/20/2026 11:52:52.732,-0.0001398,0.0018279,-0.0001710,0.9999983,-0.0002790,0.0036559,-0.0003425,-0.0759411,0.9927789,-0.0928605,0.0037186
3/20/2026 11:52:52.752,-0.0001092,0.0018346,-0.0001644,0.9999983,-0.0002178,0.0036692,-0.0003291,-0.0591944,0.9942643,-0.0890756,0.0037186
3/20/2026 11:52:52.772,-0.0001076,0.0018527,-0.0001693,0.9999982,-0.0002145,0.0037055,-0.0003391,-0.0577299,0.9941887,-0.0908637,0.0037822
3/20/2026 11:52:52.792,-0.0001103,0.0018578,-0.0001706,0.9999982,-0.0002201,0.0037156,-0.0003416,-0.0590445,0.9940730,-0.0912830,0.0037822
3/20/2026 11:52:52.812,-0.0001143,0.0018686,-0.0001864,0.9999983,-0.0002280,0.0037372,-0.0003731,-0.0607711,0.9932246,-0.0990552,0.0037186
3/20/2026 11:52:52.832,-0.0001167,0.0018781,-0.0001966,0.9999981,-0.0002326,0.0037562,-0.0003937,-0.0616573,0.9926718,-0.1039271,0.0039063
3/20/2026 11:52:52.852,-0.0001150,0.0018884,-0.0001953,0.9999981,-0.0002293,0.0037768,-0.0003910,-0.0604821,0.9928743,-0.1026771,0.0039063
3/20/2026 11:52:52.872,-0.0001249,0.0019003,-0.0001921,0.9999982,-0.0002491,0.0038007,-0.0003846,-0.0652642,0.9928101,-0.1003417,0.0038447
3/20/2026 11:52:52.892,-0.0001513,0.0019160,-0.0002167,0.9999980,-0.0003018,0.0038320,-0.0004340,-0.0782302,0.9906179,-0.1120549,0.0039668
3/20/2026 11:52:52.912,-0.0001690,0.0019151,-0.0002269,0.9999980,-0.0003371,0.0038303,-0.0004544,-0.0872793,0.9892671,-0.1171870,0.0039668
3/20/2026 11:52:52.932,-0.0001735,0.0019391,-0.0002215,0.9999980,-0.0003461,0.0038782,-0.0004436,-0.0885487,0.9896370,-0.1130396,0.0040265
3/20/2026 11:52:52.952,-0.0001826,0.0019461,-0.0002154,0.9999980,-0.0003643,0.0038922,-0.0004315,-0.0928348,0.9896393,-0.1095258,0.0039668
3/20/2026 11:52:52.972,-0.0001956,0.0019523,-0.0001857,0.9999980,-0.0003905,0.0039046,-0.0003722,-0.0992644,0.9905891,-0.0942326,0.0040265
3/20/2026 11:52:52.992,-0.0001972,0.0019694,-0.0001647,0.9999980,-0.0003938,0.0039389,-0.0003302,-0.0992934,0.9915953,-0.0829432,0.0040265
3/20/2026 11:52:53.012,-0.0001994,0.0019893,-0.0001713,0.9999980,-0.0003981,0.0039787,-0.0003434,-0.0993608,0.9913825,-0.0853708,0.0039668
3/20/2026 11:52:53.032,-0.0001934,0.0019882,-0.0001893,0.9999980,-0.0003861,0.0039765,-0.0003793,-0.0964048,0.9908625,-0.0943271,0.0040265
3/20/2026 11:52:53.052,-0.0001748,0.0020028,-0.0002021,0.9999979,-0.0003487,0.0040057,-0.0004049,-0.0865006,0.9912179,-0.1000234,0.0040853
3/20/2026 11:52:53.072,-0.0001563,0.0023645,-0.0002150,0.9999971,-0.0003116,0.0047291,-0.0004308,-0.0656849,0.9937400,-0.0903683,0.0047842
3/20/2026 11:52:53.092,-0.0001557,0.0020199,-0.0002208,0.9999979,-0.0003104,0.0040399,-0.0004422,-0.0763878,0.9911740,-0.1083460,0.0040853
3/20/2026 11:52:53.112,-0.0001478,0.0020306,-0.0002298,0.9999979,-0.0002947,0.0040614,-0.0004602,-0.0721474,0.9910670,-0.1121647,0.0041432
3/20/2026 11:52:53.132,-0.0001424,0.0020592,-0.0002251,0.9999977,-0.0002840,0.0041185,-0.0004508,-0.0686010,0.9917347,-0.1084258,0.0042567
3/20/2026 11:52:53.152,-0.0001432,0.0020587,-0.0002261,0.9999978,-0.0002854,0.0041174,-0.0004529,-0.0689584,0.9916546,-0.1089299,0.0042004
3/20/2026 11:52:53.172,-0.0001547,0.0020654,-0.0002248,0.9999979,-0.0003085,0.0041310,-0.0004503,-0.0742662,0.9913834,-0.1079052,0.0041432
3/20/2026 11:52:53.192,-0.0001557,0.0020804,-0.0002355,0.9999977,-0.0003103,0.0041610,-0.0004716,-0.0741402,0.9909202,-0.1121619,0.0043124
3/20/2026 11:52:53.212,-0.0001418,0.0020875,-0.0002121,0.9999977,-0.0002827,0.0041751,-0.0004249,-0.0674236,0.9926124,-0.1008695,0.0042567
3/20/2026 11:52:53.232,-0.0001383,0.0021081,-0.0002311,0.9999977,-0.0002756,0.0042163,-0.0004628,-0.0650612,0.9919372,-0.1087545,0.0043124
3/20/2026 11:52:53.252,-0.0001377,0.0021082,-0.0002339,0.9999978,-0.0002743,0.0042164,-0.0004684,-0.0647618,0.9918132,-0.1100561,0.0042004
3/20/2026 11:52:53.272,-0.0001204,0.0021248,-0.0002454,0.9999976,-0.0002397,0.0042497,-0.0004914,-0.0561814,0.9918253,-0.1145697,0.0043673
3/20/2026 11:52:53.292,-0.0001121,0.0021294,-0.0002324,0.9999976,-0.0002233,0.0042589,-0.0004652,-0.0522819,0.9927390,-0.1083324,0.0044216
3/20/2026 11:52:53.312,-0.0000973,0.0021426,-0.0002297,0.9999976,-0.0001936,0.0042852,-0.0004597,-0.0451108,0.9932920,-0.1064711,0.0043673
3/20/2026 11:52:53.332,-0.0001007,0.0021497,-0.0002187,0.9999976,-0.0002004,0.0042994,-0.0004378,-0.0465334,0.9937888,-0.1010859,0.0043673
3/20/2026 11:52:53.352,-0.0001022,0.0021515,-0.0002295,0.9999977,-0.0002033,0.0043031,-0.0004594,-0.0471627,0.9932535,-0.1059388,0.0043124
3/20/2026 11:52:53.372,-0.0001165,0.0021576,-0.0002243,0.9999976,-0.0002321,0.0043153,-0.0004491,-0.0536441,0.9932082,-0.1032462,0.0043673
3/20/2026 11:52:53.392,-0.0001291,0.0021689,-0.0002066,0.9999976,-0.0002572,0.0043379,-0.0004138,-0.0591287,0.9937516,-0.0946646,0.0043673
3/20/2026 11:52:53.412,-0.0001396,0.0021600,-0.0002030,0.9999976,-0.0002784,0.0043200,-0.0004065,-0.0642350,0.9935585,-0.0933567,0.0044216
3/20/2026 11:52:53.432,-0.0001301,0.0021829,-0.0002232,0.9999976,-0.0002593,0.0043658,-0.0004470,-0.0591992,0.9930679,-0.1015465,0.0044216
3/20/2026 11:52:53.452,-0.0001222,0.0021867,-0.0002386,0.9999976,-0.0002433,0.0043734,-0.0004777,-0.0554552,0.9925702,-0.1083005,0.0044216
3/20/2026 11:52:53.472,-0.0001295,0.0021884,-0.0002575,0.9999976,-0.0002578,0.0043769,-0.0005155,-0.0586628,0.9914392,-0.1166487,0.0043673
3/20/2026 11:52:53.492,-0.0001306,0.0022025,-0.0002475,0.9999974,-0.0002601,0.0044051,-0.0004956,-0.0588205,0.9920237,-0.1114860,0.0045281
3/20/2026 11:52:53.512,-0.0001180,0.0022251,-0.0002511,0.9999975,-0.0002348,0.0044503,-0.0005026,-0.0526148,0.9923186,-0.1119620,0.0044752
3/20/2026 11:52:53.532,-0.0001408,0.0022371,-0.0002526,0.9999974,-0.0002804,0.0044742,-0.0005058,-0.0624157,0.9917485,-0.1119785,0.0045805
3/20/2026 11:52:53.552,-0.0001489,0.0022511,-0.0002407,0.9999973,-0.0002968,0.0045022,-0.0004820,-0.0656513,0.9921873,-0.1060868,0.0046322
3/20/2026 11:52:53.572,-0.0001537,0.0022633,-0.0002278,0.9999974,-0.0003063,0.0045267,-0.0004564,-0.0673961,0.9927097,-0.0999264,0.0045805
3/20/2026 11:52:53.592,-0.0001453,0.0022706,-0.0002566,0.9999974,-0.0002895,0.0045413,-0.0005138,-0.0634716,0.9916734,-0.1120504,0.0045805
3/20/2026 11:52:53.612,-0.0001342,0.0022780,-0.0002534,0.9999973,-0.0002671,0.0045562,-0.0005074,-0.0584280,0.9921724,-0.1103634,0.0046322
3/20/2026 11:52:53.632,-0.0001331,0.0023006,-0.0002505,0.9999973,-0.0002650,0.0046012,-0.0005017,-0.0574005,0.9924838,-0.1080792,0.0046322
3/20/2026 11:52:53.652,-0.0001192,0.0023176,-0.0002481,0.9999973,-0.0002373,0.0046352,-0.0004967,-0.0510903,0.9930220,-0.1062880,0.0046322
3/20/2026 11:52:53.672,-0.0001054,0.0023249,-0.0002525,0.9999973,-0.0002096,0.0046498,-0.0005054,-0.0450176,0.9931479,-0.1078454,0.0046322
3/20/2026 11:52:53.691,-0.0000908,0.0023301,-0.0002642,0.9999972,-0.0001803,0.0046602,-0.0005289,-0.0386751,0.9928889,-0.1125872,0.0047341
3/20/2026 11:52:53.711,-0.0000983,0.0023358,-0.0002750,0.9999971,-0.0001952,0.0046716,-0.0005505,-0.0417393,0.9922732,-0.1168405,0.0047842
3/20/2026 11:52:53.731,-0.0001003,0.0023460,-0.0002823,0.9999972,-0.0001993,0.0046921,-0.0005650,-0.0424073,0.9919470,-0.1193428,0.0047341
3/20/2026 11:52:53.751,-0.0000918,0.0023568,-0.0002801,0.9999971,-0.0001823,0.0047137,-0.0005607,-0.0386496,0.9922686,-0.1179371,0.0047842
3/20/2026 11:52:53.771,-0.0000939,0.0023576,-0.0002747,0.9999972,-0.0001864,0.0047152,-0.0005498,-0.0395117,0.9925061,-0.1156306,0.0047341
3/20/2026 11:52:53.791,-0.0000931,0.0023621,-0.0002624,0.9999970,-0.0001850,0.0047242,-0.0005252,-0.0391542,0.9931249,-0.1103169,0.0048828
3/20/2026 11:52:53.811,-0.0001156,0.0023626,-0.0002451,0.9999971,-0.0002300,0.0047254,-0.0004908,-0.0485936,0.9934867,-0.1030672,0.0048337
3/20/2026 11:52:53.831,-0.0001194,0.0023665,-0.0002456,0.9999971,-0.0002377,0.0047331,-0.0004918,-0.0501414,0.9934051,-0.1031118,0.0048337
3/20/2026 11:52:53.851,-0.0001251,0.0023599,-0.0002327,0.9999971,-0.0002490,0.0047199,-0.0004659,-0.0526621,0.9937940,-0.0979796,0.0047842
3/20/2026 11:52:53.871,-0.0001119,0.0023668,-0.0002385,0.9999971,-0.0002228,0.0047336,-0.0004775,-0.0470085,0.9938615,-0.1001473,0.0048337
3/20/2026 11:52:53.891,-0.0000995,0.0023903,-0.0002356,0.9999971,-0.0001978,0.0047806,-0.0004718,-0.0413727,0.9943239,-0.0980221,0.0047842
3/20/2026 11:52:53.912,-0.0000793,0.0023962,-0.0002212,0.9999971,-0.0001575,0.0047924,-0.0004427,-0.0329349,0.9952270,-0.0918611,0.0047842
3/20/2026 11:52:53.931,-0.0000707,0.0024098,-0.0002296,0.9999971,-0.0001404,0.0048196,-0.0004595,-0.0292142,0.9950666,-0.0948103,0.0048337
3/20/2026 11:52:53.952,-0.0000608,0.0024086,-0.0002406,0.9999970,-0.0001205,0.0048173,-0.0004816,-0.0251222,0.9947322,-0.0993817,0.0048828
3/20/2026 11:52:53.972,-0.0000611,0.0024160,-0.0002422,0.9999970,-0.0001209,0.0048321,-0.0004846,-0.0251363,0.9947003,-0.0996979,0.0048828
3/20/2026 11:52:53.992,-0.0000765,0.0024201,-0.0002334,0.9999971,-0.0001518,0.0048402,-0.0004671,-0.0314421,0.9948903,-0.0959404,0.0048337
3/20/2026 11:52:54.012,-0.0000840,0.0024367,-0.0002276,0.9999970,-0.0001669,0.0048735,-0.0004555,-0.0343046,0.9950816,-0.0929289,0.0048828
3/20/2026 11:52:54.031,-0.0000933,0.0024605,-0.0002114,0.9999969,-0.0001856,0.0049210,-0.0004233,-0.0377702,0.9956177,-0.0855496,0.0049795
3/20/2026 11:52:54.051,-0.0000990,0.0024739,-0.0002071,0.9999969,-0.0001969,0.0049478,-0.0004147,-0.0398367,0.9957223,-0.0833673,0.0049795
3/20/2026 11:52:54.071,-0.0000945,0.0024867,-0.0001861,0.9999970,-0.0001881,0.0049734,-0.0003727,-0.0378651,0.9964959,-0.0745801,0.0049314
3/20/2026 11:52:54.091,-0.0000836,0.0025007,-0.0001812,0.9999968,-0.0001663,0.0050015,-0.0003629,-0.0333177,0.9968302,-0.0722457,0.0050744
3/20/2026 11:52:54.111,-0.0000791,0.0025123,-0.0001900,0.9999968,-0.0001573,0.0050246,-0.0003803,-0.0313825,0.9966626,-0.0753575,0.0050272
3/20/2026 11:52:54.131,-0.0000678,0.0025227,-0.0001842,0.9999968,-0.0001348,0.0050454,-0.0003687,-0.0268126,0.9969863,-0.0727981,0.0050744
3/20/2026 11:52:54.151,-0.0000545,0.0025344,-0.0001923,0.9999968,-0.0001080,0.0050688,-0.0003848,-0.0214342,0.9969060,-0.0756241,0.0050272
3/20/2026 11:52:54.171,-0.0000465,0.0025460,-0.0001956,0.9999967,-0.0000920,0.0050920,-0.0003913,-0.0182039,0.9968980,-0.0765703,0.0051211
3/20/2026 11:52:54.191,-0.0000595,0.0025721,-0.0001909,0.9999966,-0.0001179,0.0051443,-0.0003820,-0.0230443,0.9969932,-0.0739843,0.0052134
3/20/2026 11:52:54.211,-0.0000830,0.0025792,-0.0001783,0.9999965,-0.0001650,0.0051585,-0.0003569,-0.0320719,0.9971070,-0.0689130,0.0052590
3/20/2026 11:52:54.231,-0.0000699,0.0025956,-0.0001739,0.9999965,-0.0001390,0.0051912,-0.0003482,-0.0268761,0.9974027,-0.0668241,0.0052590
3/20/2026 11:52:54.251,-0.0000735,0.0025953,-0.0001661,0.9999966,-0.0001461,0.0051907,-0.0003325,-0.0282520,0.9975609,-0.0638284,0.0052134
3/20/2026 11:52:54.271,-0.0000857,0.0026071,-0.0001676,0.9999965,-0.0001705,0.0052143,-0.0003357,-0.0327781,0.9974035,-0.0641229,0.0053041
3/20/2026 11:52:54.291,-0.0001111,0.0026206,-0.0001526,0.9999966,-0.0002215,0.0052413,-0.0003059,-0.0422962,0.9974147,-0.0580936,0.0052134
3/20/2026 11:52:54.311,-0.0001294,0.0026087,-0.0001337,0.9999965,-0.0002581,0.0052175,-0.0002681,-0.0494810,0.9974656,-0.0511278,0.0052590
3/20/2026 11:52:54.331,-0.0001501,0.0026091,-0.0001248,0.9999965,-0.0002996,0.0052183,-0.0002503,-0.0573719,0.9972134,-0.0476837,0.0053041
3/20/2026 11:52:54.351,-0.0001504,0.0022437,-0.0001300,0.9999974,-0.0003002,0.0044874,-0.0002606,-0.0667636,0.9960994,-0.0576930,0.0045805
3/20/2026 11:52:54.371,-0.0001507,0.0026090,-0.0001384,0.9999965,-0.0003007,0.0052181,-0.0002777,-0.0575901,0.9969377,-0.0529032,0.0053041
3/20/2026 11:52:54.392,-0.0001399,0.0022618,-0.0001462,0.9999974,-0.0002792,0.0045235,-0.0002930,-0.0616233,0.9960206,-0.0643866,0.0045805
3/20/2026 11:52:54.412,-0.0001169,0.0022686,-0.0001775,0.9999973,-0.0002330,0.0045373,-0.0003554,-0.0513069,0.9956416,-0.0778815,0.0046834
3/20/2026 11:52:54.431,-0.0001083,0.0022769,-0.0002123,0.9999973,-0.0002156,0.0045539,-0.0004251,-0.0472919,0.9945677,-0.0927286,0.0046322
3/20/2026 11:52:54.451,-0.0001141,0.0019390,-0.0002188,0.9999981,-0.0002273,0.0038780,-0.0004381,-0.0583729,0.9919964,-0.1119632,0.0039063
3/20/2026 11:52:54.471,-0.0001427,0.0019402,-0.0002123,0.9999980,-0.0002846,0.0038805,-0.0004251,-0.0729115,0.9914210,-0.1084819,0.0039668
3/20/2026 11:52:54.491,-0.0001667,0.0019546,-0.0001934,0.9999980,-0.0003326,0.0039093,-0.0003875,-0.0845641,0.9915751,-0.0981213,0.0040265
3/20/2026 11:52:54.511,-0.0002006,0.0019533,-0.0001660,0.9999980,-0.0004006,0.0039066,-0.0003328,-0.1018145,0.9912298,-0.0842453,0.0040265
3/20/2026 11:52:54.531,-0.0002218,0.0019619,-0.0001565,0.9999980,-0.0004429,0.0039240,-0.0003139,-0.1119705,0.9905652,-0.0790135,0.0040265
3/20/2026 11:52:54.551,-0.0002490,0.0019652,-0.0001408,0.9999979,-0.0004975,0.0039304,-0.0002825,-0.1254082,0.9895693,-0.0708903,0.0040853
3/20/2026 11:52:54.571,-0.0002867,0.0019654,-0.0001093,0.9999980,-0.0005729,0.0039309,-0.0002196,-0.1441112,0.9880362,-0.0549233,0.0040265
3/20/2026 11:52:54.591,-0.0003157,0.0019749,-0.0000831,0.9999980,-0.0006311,0.0039499,-0.0001675,-0.1577265,0.9866095,-0.0415198,0.0040265
3/20/2026 11:52:54.611,-0.0003073,0.0019777,-0.0000684,0.9999981,-0.0006143,0.0039554,-0.0001381,-0.1534529,0.9875648,-0.0341763,0.0039063
3/20/2026 11:52:54.631,-0.0002861,0.0019868,-0.0000704,0.9999979,-0.0005718,0.0039737,-0.0001418,-0.1424182,0.9891865,-0.0350275,0.0040853
3/20/2026 11:52:54.651,-0.0002721,0.0019920,-0.0000822,0.9999980,-0.0005438,0.0039841,-0.0001654,-0.1352015,0.9899765,-0.0408288,0.0039668
3/20/2026 11:52:54.671,-0.0002382,0.0020219,-0.0000803,0.9999980,-0.0004761,0.0040439,-0.0001616,-0.1169076,0.9923605,-0.0394129,0.0040265
3/20/2026 11:52:54.691,-0.0001777,0.0020499,-0.0000861,0.9999979,-0.0003550,0.0040999,-0.0001730,-0.0862730,0.9953936,-0.0418156,0.0041432
3/20/2026 11:52:54.711,-0.0001483,0.0020695,-0.0000825,0.9999978,-0.0002962,0.0041391,-0.0001656,-0.0713999,0.9966565,-0.0397245,0.0042004
3/20/2026 11:52:54.731,-0.0001447,0.0020688,-0.0001088,0.9999979,-0.0002890,0.0041375,-0.0002182,-0.0696864,0.9961917,-0.0524011,0.0041432
3/20/2026 11:52:54.751,-0.0001561,0.0020630,-0.0000921,0.9999980,-0.0003118,0.0041260,-0.0001848,-0.0753684,0.9961640,-0.0444631,0.0039668
3/20/2026 11:52:54.771,-0.0001661,0.0020821,-0.0000568,0.9999978,-0.0003319,0.0041641,-0.0001143,-0.0794817,0.9964654,-0.0271927,0.0042004
3/20/2026 11:52:54.791,-0.0002125,0.0020981,-0.0000016,0.9999977,-0.0004251,0.0041962,-0.0000042,-0.1007824,0.9949082,-0.0007734,0.0042567
3/20/2026 11:52:54.811,-0.0002545,0.0020990,0.0000062,0.9999978,-0.0005090,0.0041979,0.0000113,-0.1203708,0.9927247,0.0029185,0.0042004
3/20/2026 11:52:54.831,-0.0002584,0.0020971,-0.0000193,0.9999978,-0.0005168,0.0041942,-0.0000397,-0.1222972,0.9924514,-0.0091492,0.0042004
3/20/2026 11:52:54.852,-0.0002561,0.0021051,-0.0000299,0.9999977,-0.0005120,0.0042103,-0.0000608,-0.1207444,0.9925836,-0.0140902,0.0042567
3/20/2026 11:52:54.872,-0.0002496,0.0021178,-0.0000713,0.9999977,-0.0004988,0.0042357,-0.0001437,-0.1169626,0.9925734,-0.0334341,0.0043124
3/20/2026 11:52:54.891,-0.0002417,0.0021300,-0.0000906,0.9999976,-0.0004830,0.0042601,-0.0001823,-0.1126490,0.9927365,-0.0422429,0.0043673
3/20/2026 11:52:54.911,-0.0002363,0.0021324,-0.0001149,0.9999977,-0.0004722,0.0042649,-0.0002307,-0.1100045,0.9924924,-0.0534589,0.0043124
3/20/2026 11:52:54.931,-0.0002621,0.0021349,-0.0001215,0.9999977,-0.0005236,0.0042699,-0.0002441,-0.1216475,0.9909706,-0.0563838,0.0043124
3/20/2026 11:52:54.951,-0.0002750,0.0021457,-0.0001206,0.9999976,-0.0005494,0.0042914,-0.0002424,-0.1269104,0.9903508,-0.0556682,0.0043673
3/20/2026 11:52:54.971,-0.0002977,0.0021673,-0.0000960,0.9999977,-0.0005949,0.0043347,-0.0001932,-0.1359367,0.9897478,-0.0438227,0.0043124
3/20/2026 11:52:54.991,-0.0003198,0.0021749,-0.0000829,0.9999975,-0.0006393,0.0043498,-0.0001672,-0.1453820,0.9886577,-0.0376822,0.0044752
3/20/2026 11:52:55.011,-0.0003571,0.0022063,-0.0000692,0.9999974,-0.0007139,0.0044126,-0.0001399,-0.1596995,0.9866806,-0.0309411,0.0045281
3/20/2026 11:52:55.031,-0.0003729,0.0022213,-0.0000538,0.9999975,-0.0007455,0.0044426,-0.0001093,-0.1654934,0.9859218,-0.0238782,0.0044752
3/20/2026 11:52:55.051,-0.0003745,0.0022238,-0.0000453,0.9999974,-0.0007489,0.0044476,-0.0000923,-0.1660514,0.9859122,-0.0200985,0.0045805
3/20/2026 11:52:55.071,-0.0003820,0.0022386,-0.0000527,0.9999974,-0.0007638,0.0044773,-0.0001071,-0.1681690,0.9854851,-0.0231987,0.0045805
3/20/2026 11:52:55.091,-0.0003834,0.0022420,-0.0000703,0.9999973,-0.0007665,0.0044841,-0.0001423,-0.1684844,0.9852204,-0.0308834,0.0046322
3/20/2026 11:52:55.111,-0.0003715,0.0022632,-0.0000885,0.9999974,-0.0007425,0.0045264,-0.0001787,-0.1618496,0.9860619,-0.0385555,0.0045805
3/20/2026 11:52:55.131,-0.0003626,0.0022753,-0.0001141,0.9999972,-0.0007246,0.0045507,-0.0002299,-0.1571755,0.9863303,-0.0494808,0.0047341
3/20/2026 11:52:55.151,-0.0003678,0.0022754,-0.0001296,0.9999974,-0.0007349,0.0045509,-0.0002609,-0.1593018,0.9856321,-0.0561454,0.0045281
3/20/2026 11:52:55.171,-0.0003633,0.0022898,-0.0001133,0.9999973,-0.0007260,0.0045796,-0.0002283,-0.1565039,0.9864706,-0.0488086,0.0046834
3/20/2026 11:52:55.191,-0.0003863,0.0022984,-0.0001177,0.9999972,-0.0007720,0.0045968,-0.0002372,-0.1655346,0.9849129,-0.0504466,0.0047341
3/20/2026 11:52:55.211,-0.0004076,0.0023030,-0.0001443,0.9999971,-0.0008145,0.0046061,-0.0002905,-0.1739475,0.9828269,-0.0615924,0.0047842
3/20/2026 11:52:55.232,-0.0004120,0.0023104,-0.0001888,0.9999972,-0.0008231,0.0046209,-0.0003795,-0.1749800,0.9813002,-0.0801992,0.0047341
3/20/2026 11:52:55.252,-0.0004045,0.0023238,-0.0002350,0.9999973,-0.0008079,0.0046477,-0.0004718,-0.1706404,0.9803348,-0.0991231,0.0046834
3/20/2026 11:52:55.272,-0.0003881,0.0023519,-0.0002611,0.9999971,-0.0007750,0.0047040,-0.0005240,-0.1618409,0.9807919,-0.1088793,0.0048337
3/20/2026 11:52:55.291,-0.0003702,0.0023768,-0.0002503,0.9999971,-0.0007392,0.0047538,-0.0005023,-0.1530620,0.9827830,-0.1034867,0.0048337
3/20/2026 11:52:55.311,-0.0003402,0.0023792,-0.0002550,0.9999971,-0.0006791,0.0047586,-0.0005115,-0.1407394,0.9844110,-0.1054867,0.0048337
3/20/2026 11:52:55.331,-0.0003310,0.0023921,-0.0002837,0.9999970,-0.0006606,0.0047844,-0.0005690,-0.1361187,0.9837980,-0.1166753,0.0048828
3/20/2026 11:52:55.351,-0.0003250,0.0023911,-0.0007181,0.9999968,-0.0006466,0.0047827,-0.0014377,-0.1290871,0.9497291,-0.2852212,0.0050744
3/20/2026 11:52:55.371,-0.0003132,0.0023806,-0.0007749,0.9999967,-0.0006227,0.0047617,-0.0015514,-0.1241351,0.9435336,-0.3071395,0.0051211
3/20/2026 11:52:55.391,-0.0002985,0.0024024,-0.0008018,0.9999967,-0.0005931,0.0048052,-0.0016050,-0.1170346,0.9420451,-0.3144107,0.0051211
3/20/2026 11:52:55.411,-0.0002729,0.0024209,-0.0008064,0.9999967,-0.0005419,0.0048422,-0.0016140,-0.1063508,0.9433724,-0.3142262,0.0051675
3/20/2026 11:52:55.431,-0.0002632,0.0024255,-0.0008447,0.9999967,-0.0005224,0.0048513,-0.0016906,-0.1019594,0.9394512,-0.3271632,0.0051675
3/20/2026 11:52:55.451,-0.0002479,0.0024229,-0.0009106,0.9999966,-0.0004914,0.0048463,-0.0018224,-0.0953357,0.9318084,-0.3502060,0.0052134
3/20/2026 11:52:55.471,-0.0002464,0.0024253,-0.0009724,0.9999965,-0.0004881,0.0048511,-0.0019460,-0.0938939,0.9240713,-0.3705079,0.0053041
3/20/2026 11:52:55.491,-0.0002356,0.0024270,-0.0009910,0.9999965,-0.0004664,0.0048544,-0.0019831,-0.0895173,0.9220820,-0.3764990,0.0052590
3/20/2026 11:52:55.511,-0.0002303,0.0024362,-0.0009818,0.9999965,-0.0004559,0.0048728,-0.0019648,-0.0873602,0.9239593,-0.3723809,0.0053041
3/20/2026 11:52:55.531,-0.0002367,0.0024506,-0.0009581,0.9999965,-0.0004686,0.0049016,-0.0019174,-0.0895824,0.9275994,-0.3626765,0.0052590
3/20/2026 11:52:55.551,-0.0002506,0.0024585,-0.0009540,0.9999965,-0.0004965,0.0049175,-0.0019092,-0.0946000,0.9280944,-0.3601273,0.0053041
3/20/2026 11:52:55.571,-0.0002661,0.0024663,-0.0009475,0.9999965,-0.0005274,0.0049331,-0.0018963,-0.1001926,0.9287844,-0.3568206,0.0053041
3/20/2026 11:52:55.591,-0.0002987,0.0024679,-0.0009562,0.9999964,-0.0005928,0.0049363,-0.0019139,-0.1121647,0.9265682,-0.3590132,0.0053932
3/20/2026 11:52:55.612,-0.0002958,0.0024917,-0.0009494,0.9999964,-0.0005869,0.0049839,-0.0019004,-0.1102667,0.9287600,-0.3539012,0.0053489
3/20/2026 11:52:55.631,-0.0002625,0.0025063,-0.0009362,0.9999963,-0.0005203,0.0050131,-0.0018737,-0.0976410,0.9323035,-0.3482475,0.0054373
3/20/2026 11:52:55.652,-0.0002433,0.0021140,-0.0009343,0.9999972,-0.0004827,0.0042284,-0.0018696,-0.1047018,0.9096265,-0.4020163,0.0047341
3/20/2026 11:52:55.672,-0.0002364,0.0021184,-0.0009232,0.9999973,-0.0004688,0.0042373,-0.0018473,-0.1017583,0.9119801,-0.3974136,0.0046834
3/20/2026 11:52:55.692,-0.0002403,0.0021023,-0.0009216,0.9999973,-0.0004767,0.0042050,-0.0018441,-0.1041163,0.9108913,-0.3992955,0.0046322
3/20/2026 11:52:55.712,-0.0002547,0.0021196,-0.0009141,0.9999973,-0.0005055,0.0042396,-0.0018294,-0.1096633,0.9127027,-0.3936338,0.0046834
3/20/2026 11:52:55.731,-0.0002672,0.0021313,-0.0008753,0.9999973,-0.0005307,0.0042630,-0.0017517,-0.1152137,0.9188728,-0.3773574,0.0046834
3/20/2026 11:52:55.751,-0.0003038,0.0021469,-0.0008186,0.9999974,-0.0006040,0.0042942,-0.0016385,-0.1310742,0.9263192,-0.3532026,0.0045805
3/20/2026 11:52:55.771,-0.0003283,0.0021606,-0.0007904,0.9999973,-0.0006533,0.0043216,-0.0015821,-0.1412893,0.9297135,-0.3401029,0.0046322
3/20/2026 11:52:55.791,-0.0003217,0.0021726,-0.0008010,0.9999973,-0.0006400,0.0043457,-0.0016034,-0.1376198,0.9293390,-0.3426220,0.0046834
3/20/2026 11:52:55.811,-0.0003141,0.0021838,-0.0007923,0.9999973,-0.0006248,0.0043680,-0.0015860,-0.1340023,0.9315603,-0.3379923,0.0046322
3/20/2026 11:52:55.831,-0.0003110,0.0021997,-0.0008005,0.9999972,-0.0006186,0.0043999,-0.0016023,-0.1317190,0.9315264,-0.3389820,0.0047341
3/20/2026 11:52:55.851,-0.0003080,0.0022277,-0.0007713,0.9999972,-0.0006125,0.0044558,-0.0015440,-0.1295336,0.9369985,-0.3244300,0.0047341
3/20/2026 11:52:55.871,-0.0003080,0.0022411,-0.0007694,0.9999971,-0.0006125,0.0044827,-0.0015402,-0.1288970,0.9379237,-0.3220012,0.0048337
3/20/2026 11:52:55.891,-0.0003193,0.0022600,-0.0007693,0.9999971,-0.0006351,0.0045205,-0.0015401,-0.1325638,0.9382975,-0.3194131,0.0047842
3/20/2026 11:52:55.912,-0.0003389,0.0022639,-0.0007423,0.9999971,-0.0006745,0.0045284,-0.0014862,-0.1408300,0.9407527,-0.3084658,0.0047842
3/20/2026 11:52:55.931,-0.0003740,0.0022833,-0.0007223,0.9999971,-0.0007448,0.0045672,-0.0014463,-0.1543079,0.9420114,-0.2979991,0.0048337
3/20/2026 11:52:55.951,-0.0003894,0.0022978,-0.0007082,0.9999971,-0.0007756,0.0045961,-0.0014181,-0.1598742,0.9433501,-0.2907417,0.0048337
3/20/2026 11:52:55.972,-0.0003835,0.0023122,-0.0006831,0.9999970,-0.0007638,0.0046250,-0.0013679,-0.1570872,0.9471195,-0.2798002,0.0048828
3/20/2026 11:52:55.992,-0.0003781,0.0026776,-0.0006898,0.9999961,-0.0007524,0.0053557,-0.0013816,-0.1354740,0.9594524,-0.2471799,0.0055673
3/20/2026 11:52:56.012,-0.0003691,0.0026881,-0.0007014,0.9999961,-0.0007343,0.0053767,-0.0014047,-0.1316873,0.9591789,-0.2502684,0.0056099
3/20/2026 11:52:56.032,-0.0003703,0.0023269,-0.0007139,0.9999968,-0.0007373,0.0046544,-0.0014296,-0.1504098,0.9451392,-0.2899805,0.0050272
3/20/2026 11:52:56.052,-0.0003555,0.0023375,-0.0007164,0.9999968,-0.0007076,0.0046755,-0.0014345,-0.1438956,0.9461504,-0.2899890,0.0050744
3/20/2026 11:52:56.072,-0.0003537,0.0023457,-0.0006952,0.9999968,-0.0007041,0.0046919,-0.0013920,-0.1430695,0.9489195,-0.2812168,0.0050272
3/20/2026 11:52:56.093,-0.0003479,0.0023652,-0.0006639,0.9999968,-0.0006927,0.0047309,-0.0013293,-0.1402367,0.9532811,-0.2675611,0.0050272
3/20/2026 11:52:56.112,-0.0003488,0.0023807,-0.0006584,0.9999969,-0.0006944,0.0047619,-0.0013185,-0.1398089,0.9543512,-0.2639455,0.0049795
3/20/2026 11:52:56.132,-0.0003650,0.0023928,-0.0006461,0.9999968,-0.0007269,0.0047861,-0.0012939,-0.1457033,0.9551232,-0.2578956,0.0050744
3/20/2026 11:52:56.153,-0.0003844,0.0023930,-0.0006400,0.9999968,-0.0007657,0.0047864,-0.0012819,-0.1533330,0.9546183,-0.2553291,0.0050744
3/20/2026 11:52:56.172,-0.0003997,0.0024150,-0.0006471,0.9999967,-0.0007963,0.0048306,-0.0012961,-0.1578670,0.9538153,-0.2555664,0.0051211
3/20/2026 11:52:56.192,-0.0004001,0.0024296,-0.0006522,0.9999967,-0.0007971,0.0048598,-0.0013064,-0.1570856,0.9538141,-0.2560523,0.0051211
3/20/2026 11:52:56.212,-0.0003938,0.0024372,-0.0006436,0.9999967,-0.0007844,0.0048749,-0.0012890,-0.1543379,0.9552752,-0.2522481,0.0051211
3/20/2026 11:52:56.232,-0.0003914,0.0024851,-0.0006330,0.9999966,-0.0007797,0.0049707,-0.0012679,-0.1508806,0.9579657,-0.2440014,0.0052134
3/20/2026 11:52:56.252,-0.0003959,0.0024976,-0.0006753,0.9999965,-0.0007884,0.0049957,-0.0013526,-0.1512622,0.9542271,-0.2580124,0.0052590
3/20/2026 11:52:56.272,-0.0007709,0.0025117,-0.0007099,0.9999964,-0.0015382,0.0050246,-0.0014236,-0.2832575,0.9228948,-0.2608262,0.0053932
3/20/2026 11:52:56.292,-0.0007665,0.0025211,-0.0007377,0.9999963,-0.0015292,0.0050434,-0.0014793,-0.2800978,0.9213371,-0.2695985,0.0054373
3/20/2026 11:52:56.312,-0.0007700,0.0025178,-0.0007544,0.9999962,-0.0015361,0.0050367,-0.0015127,-0.2811294,0.9192914,-0.2754445,0.0054809
3/20/2026 11:52:56.332,-0.0007764,0.0025168,-0.0007731,0.9999962,-0.0015489,0.0050348,-0.0015502,-0.2828512,0.9168782,-0.2816549,0.0055243
3/20/2026 11:52:56.352,-0.0007752,0.0025189,-0.0007762,0.9999962,-0.0015464,0.0050390,-0.0015562,-0.2821411,0.9168354,-0.2825052,0.0055243
3/20/2026 11:52:56.372,-0.0007809,0.0025428,-0.0007737,0.9999962,-0.0015578,0.0050869,-0.0015514,-0.2818710,0.9179025,-0.2792915,0.0055243
3/20/2026 11:52:56.392,-0.0007847,0.0025450,-0.0007492,0.9999962,-0.0015655,0.0050911,-0.0015025,-0.2836269,0.9198994,-0.2708150,0.0054809
3/20/2026 11:52:56.412,-0.0007825,0.0025583,-0.0007412,0.9999961,-0.0015611,0.0051178,-0.0014865,-0.2818613,0.9215531,-0.2670098,0.0056099
3/20/2026 11:52:56.432,-0.0007596,0.0025683,-0.0007636,0.9999961,-0.0015152,0.0051377,-0.0015311,-0.2727365,0.9221918,-0.2741845,0.0056099
3/20/2026 11:52:56.452,-0.0007091,0.0026066,-0.0008057,0.9999961,-0.0014139,0.0052144,-0.0016150,-0.2515369,0.9246871,-0.2858020,0.0056099
3/20/2026 11:52:56.472,-0.0006518,0.0026369,-0.0009205,0.9999959,-0.0012988,0.0052750,-0.0018444,-0.2272732,0.9194221,-0.3209516,0.0057360
3/20/2026 11:52:56.492,-0.0005936,0.0026532,-0.0010123,0.9999958,-0.0011819,0.0053077,-0.0020277,-0.2046126,0.9145418,-0.3489225,0.0058185
3/20/2026 11:52:56.512,-0.0005297,0.0026756,-0.0010583,0.9999957,-0.0010537,0.0053523,-0.0021193,-0.1810527,0.9145358,-0.3617240,0.0058594
3/20/2026 11:52:56.532,-0.0004767,0.0027001,-0.0010631,0.9999957,-0.0009477,0.0054012,-0.0021289,-0.1621002,0.9181653,-0.3615193,0.0058594
3/20/2026 11:52:56.553,-0.0004219,0.0027149,-0.0010687,0.9999956,-0.0008380,0.0054306,-0.0021397,-0.1431116,0.9209238,-0.3625169,0.0058999
3/20/2026 11:52:56.572,-0.0003541,0.0027326,-0.0010892,0.9999955,-0.0007022,0.0054660,-0.0021804,-0.1194951,0.9222664,-0.3676216,0.0059802
3/20/2026 11:52:56.592,-0.0003575,0.0027280,-0.0011184,0.9999956,-0.0007089,0.0054567,-0.0022387,-0.1203686,0.9185361,-0.3765671,0.0058999
3/20/2026 11:52:56.612,-0.0004789,0.0027168,-0.0011022,0.9999955,-0.0009517,0.0054347,-0.0022069,-0.1611909,0.9145319,-0.3710106,0.0059802
3/20/2026 11:52:56.632,-0.0004972,0.0027172,-0.0011083,0.9999955,-0.0009884,0.0054354,-0.0022194,-0.1670562,0.9129197,-0.3723840,0.0059802
3/20/2026 11:52:56.652,-0.0005129,0.0027352,-0.0011118,0.9999955,-0.0010198,0.0054716,-0.0022265,-0.1711568,0.9127191,-0.3710110,0.0060199
3/20/2026 11:52:56.672,-0.0005301,0.0027298,-0.0011197,0.9999955,-0.0010541,0.0054608,-0.0022423,-0.1768400,0.9106135,-0.3735113,0.0060199
3/20/2026 11:52:56.692,-0.0005036,0.0027523,-0.0011253,0.9999954,-0.0010009,0.0055058,-0.0022534,-0.1669707,0.9126305,-0.3731306,0.0060594
3/20/2026 11:52:56.712,-0.0004684,0.0027807,-0.0011132,0.9999953,-0.0009305,0.0055625,-0.0022291,-0.1544887,0.9172218,-0.3672021,0.0061376
3/20/2026 11:52:56.732,-0.0004061,0.0028086,-0.0011180,0.9999953,-0.0008058,0.0056181,-0.0022383,-0.1331291,0.9208244,-0.3665503,0.0061376
3/20/2026 11:52:56.752,-0.0003586,0.0028238,-0.0011239,0.9999953,-0.0007109,0.0056484,-0.0022498,-0.1171890,0.9227104,-0.3672495,0.0061376
3/20/2026 11:52:56.772,-0.0003209,0.0028401,-0.0011251,0.9999952,-0.0006354,0.0056808,-0.0022521,-0.1044752,0.9246118,-0.3663030,0.0061763
3/20/2026 11:52:56.792,-0.0002795,0.0028710,-0.0011356,0.9999952,-0.0005525,0.0057426,-0.0022728,-0.0901693,0.9261077,-0.3663250,0.0062148
3/20/2026 11:52:56.812,-0.0002257,0.0028759,-0.0011657,0.9999952,-0.0004448,0.0057524,-0.0023326,-0.0725536,0.9243261,-0.3746431,0.0062148
3/20/2026 11:52:56.832,-0.0001525,0.0028739,-0.0012011,0.9999950,-0.0002981,0.0057482,-0.0024030,-0.0488946,0.9215624,-0.3851388,0.0063289
3/20/2026 11:52:56.852,-0.0000869,0.0028758,-0.0012483,0.9999949,-0.0001665,0.0057518,-0.0024971,-0.0276941,0.9169569,-0.3980239,0.0063664
3/20/2026 11:52:56.872,-0.0000041,0.0028685,-0.0013020,0.9999951,-0.0000007,0.0057371,-0.0026039,-0.0012993,0.9105953,-0.4132974,0.0062911
3/20/2026 11:52:56.893,0.0000771,0.0028393,-0.0013613,0.9999950,0.0001620,0.0056784,-0.0027221,0.0244904,0.9014500,-0.4321899,0.0063289
3/20/2026 11:52:56.913,0.0001271,0.0028303,-0.0013755,0.9999950,0.0002620,0.0056603,-0.0027503,0.0403523,0.8986738,-0.4367575,0.0063289
3/20/2026 11:52:56.933,0.0001498,0.0028176,-0.0013701,0.9999951,0.0003074,0.0056349,-0.0027393,0.0477680,0.8982938,-0.4367912,0.0062911
3/20/2026 11:52:56.953,0.0001784,0.0027904,-0.0013792,0.9999951,0.0003644,0.0055803,-0.0027575,0.0572109,0.8949986,-0.4423850,0.0062531
3/20/2026 11:52:56.972,0.0001965,0.0027683,-0.0013839,0.9999952,0.0004007,0.0055360,-0.0027667,0.0633656,0.8926625,-0.4462493,0.0062148
3/20/2026 11:52:56.992,0.0001861,0.0027485,-0.0013737,0.9999952,0.0003797,0.0054964,-0.0027464,0.0604493,0.8928577,-0.4462633,0.0061763
3/20/2026 11:52:57.012,0.0001876,0.0027406,-0.0013481,0.9999952,0.0003826,0.0054807,-0.0026951,0.0613141,0.8956291,-0.4405555,0.0061763
3/20/2026 11:52:57.032,0.0002133,0.0027250,-0.0013491,0.9999953,0.0004339,0.0054495,-0.0026971,0.0699621,0.8939848,-0.4426021,0.0061376
3/20/2026 11:52:57.052,0.0002450,0.0027083,-0.0013334,0.9999954,0.0004973,0.0054159,-0.0026655,0.0809015,0.8942173,-0.4402618,0.0060594
3/20/2026 11:52:57.072,0.0002711,0.0027027,-0.0013494,0.9999954,0.0005494,0.0054047,-0.0026974,0.0893751,0.8911043,-0.4449104,0.0060594
3/20/2026 11:52:57.092,0.0003106,0.0027080,-0.0013785,0.9999952,0.0006288,0.0054152,-0.0027553,0.1017005,0.8865627,-0.4512909,0.0061763
3/20/2026 11:52:57.112,0.0003397,0.0027194,-0.0014086,0.9999952,0.0006871,0.0054379,-0.0028154,0.1102526,0.8825358,-0.4571379,0.0061763
3/20/2026 11:52:57.132,0.0003679,0.0027134,-0.0014077,0.9999952,0.0007434,0.0054258,-0.0028135,0.1194838,0.8812919,-0.4572179,0.0062148
3/20/2026 11:52:57.152,0.0003922,0.0026893,-0.0013928,0.9999953,0.0007920,0.0053775,-0.0027834,0.1284414,0.8806257,-0.4560717,0.0061376
3/20/2026 11:52:57.172,0.0003776,0.0026843,-0.0013498,0.9999954,0.0007624,0.0053676,-0.0026976,0.1246873,0.8864348,-0.4457425,0.0060594
3/20/2026 11:52:57.192,0.0004071,0.0026675,-0.0013123,0.9999955,0.0008211,0.0053340,-0.0026225,0.1356567,0.8889983,-0.4373548,0.0060199
3/20/2026 11:52:57.212,0.0003844,0.0026776,-0.0012307,0.9999956,0.0007754,0.0053543,-0.0024594,0.1293454,0.9009849,-0.4141208,0.0059402
3/20/2026 11:52:57.232,0.0004145,0.0026842,-0.0011716,0.9999956,0.0008352,0.0053674,-0.0023409,0.1401195,0.9074628,-0.3960781,0.0058999
3/20/2026 11:52:57.252,0.0004405,0.0026832,-0.0011334,0.9999957,0.0008872,0.0053655,-0.0022644,0.1495456,0.9108366,-0.3847243,0.0058594
3/20/2026 11:52:57.272,0.0004738,0.0030370,-0.0011138,0.9999947,0.0009543,0.0060729,-0.0022248,0.1449201,0.9289376,-0.3406950,0.0065145
3/20/2026 11:52:57.293,0.0004819,0.0034026,-0.0011091,0.9999934,0.0009713,0.0068041,-0.0022149,0.1334455,0.9422634,-0.3071353,0.0072752
3/20/2026 11:52:57.313,0.0004956,0.0030323,-0.0011214,0.9999946,0.0009980,0.0060636,-0.0022398,0.1515204,0.9270893,-0.3428515,0.0065873
3/20/2026 11:52:57.332,0.0004928,0.0033894,-0.0011121,0.9999934,0.0009931,0.0067776,-0.0022208,0.1368428,0.9412242,-0.3088220,0.0072424
3/20/2026 11:52:57.352,0.0005006,0.0033853,-0.0010755,0.9999936,0.0010085,0.0067696,-0.0021477,0.1395576,0.9437310,-0.2998260,0.0071762
3/20/2026 11:52:57.372,0.0004948,0.0033981,-0.0010370,0.9999935,0.0009967,0.0067952,-0.0020707,0.1379475,0.9473092,-0.2890948,0.0072094
3/20/2026 11:52:57.392,0.0004945,0.0034164,-0.0009979,0.9999935,0.0009958,0.0068318,-0.0019925,0.1376146,0.9507552,-0.2777169,0.0072094
3/20/2026 11:52:57.412,0.0005081,0.0034283,-0.0009691,0.9999935,0.0010229,0.0068556,-0.0019347,0.1412006,0.9526527,-0.2692865,0.0072094
3/20/2026 11:52:57.432,0.0005411,0.0034228,-0.0009554,0.9999934,0.0010887,0.0068445,-0.0019072,0.1505224,0.9522045,-0.2657999,0.0072424
3/20/2026 11:52:57.452,0.0005656,0.0034262,-0.0009382,0.9999935,0.0011375,0.0068513,-0.0018726,0.1572286,0.9524941,-0.2608336,0.0072094
3/20/2026 11:52:57.472,0.0005651,0.0034322,-0.0009281,0.9999935,0.0011366,0.0068633,-0.0018523,0.1569797,0.9533623,-0.2577939,0.0072094
3/20/2026 11:52:57.492,0.0005631,0.0034212,-0.0009215,0.9999936,0.0011325,0.0068415,-0.0018392,0.1569595,0.9536164,-0.2568648,0.0071429
3/20/2026 11:52:57.512,0.0005439,0.0034116,-0.0009289,0.9999936,0.0010941,0.0068223,-0.0018540,0.1520401,0.9536606,-0.2596446,0.0071762
3/20/2026 11:52:57.532,0.0005131,0.0034075,-0.0009267,0.9999936,0.0010325,0.0068140,-0.0018499,0.1437852,0.9549259,-0.2596966,0.0071762
3/20/2026 11:52:57.552,0.0005384,0.0034085,-0.0009275,0.9999937,0.0010832,0.0068160,-0.0018513,0.1506893,0.9538959,-0.2595679,0.0071095
3/20/2026 11:52:57.572,0.0005761,0.0034228,-0.0009222,0.9999934,0.0011586,0.0068445,-0.0018405,0.1604253,0.9530585,-0.2567943,0.0072424
3/20/2026 11:52:57.592,0.0006355,0.0034245,-0.0008950,0.9999936,0.0012770,0.0068479,-0.0017857,0.1767081,0.9522766,-0.2488844,0.0071762
3/20/2026 11:52:57.612,0.0006721,0.0034311,-0.0008868,0.9999934,0.0013504,0.0068609,-0.0017689,0.1863440,0.9512268,-0.2458523,0.0072424
3/20/2026 11:52:57.632,0.0007218,0.0034426,-0.0008476,0.9999935,0.0014495,0.0068841,-0.0016903,0.1995041,0.9514807,-0.2342702,0.0072094
3/20/2026 11:52:57.652,0.0007493,0.0034720,-0.0008213,0.9999933,0.0015043,0.0069428,-0.0016374,0.2055373,0.9523671,-0.2252809,0.0073079
3/20/2026 11:52:57.672,0.0007551,0.0034736,-0.0007846,0.9999933,0.0015155,0.0069460,-0.0015640,0.2074177,0.9542114,-0.2155424,0.0073079
3/20/2026 11:52:57.692,0.0007768,0.0034943,-0.0008109,0.9999933,0.0015592,0.0069874,-0.0016164,0.2116409,0.9520470,-0.2209399,0.0073079
3/20/2026 11:52:57.712,0.0007925,0.0035111,-0.0008463,0.9999932,0.0015909,0.0070209,-0.0016869,0.2143324,0.9495690,-0.2288675,0.0073729
3/20/2026 11:52:57.733,0.0007401,0.0034825,-0.0008677,0.9999932,0.0014862,0.0069638,-0.0017303,0.2019551,0.9503394,-0.2367889,0.0073729
3/20/2026 11:52:57.753,0.0006924,0.0034588,-0.0009019,0.9999933,0.0013910,0.0069164,-0.0017991,0.1901652,0.9499839,-0.2477252,0.0073079
3/20/2026 11:52:57.772,0.0006595,0.0034271,-0.0009484,0.9999934,0.0013255,0.0068530,-0.0018923,0.1823514,0.9476185,-0.2622346,0.0072424
3/20/2026 11:52:57.792,0.0006139,0.0034250,-0.0009742,0.9999934,0.0012344,0.0068489,-0.0019442,0.1698901,0.9478638,-0.2696138,0.0072424
3/20/2026 11:52:57.812,0.0005919,0.0034286,-0.0009960,0.9999934,0.0011906,0.0068561,-0.0019878,0.1635504,0.9473751,-0.2751938,0.0072424
3/20/2026 11:52:57.832,0.0006028,0.0034272,-0.0010063,0.9999934,0.0012125,0.0068531,-0.0020085,0.1664149,0.9461128,-0.2778068,0.0072424
3/20/2026 11:52:57.852,0.0005932,0.0034160,-0.0010077,0.9999934,0.0011933,0.0068308,-0.0020114,0.1642934,0.9461033,-0.2790990,0.0072424
3/20/2026 11:52:57.872,0.0005917,0.0034098,-0.0009887,0.9999936,0.0011902,0.0068184,-0.0019734,0.1644007,0.9473689,-0.2747082,0.0071762
3/20/2026 11:52:57.892,0.0005607,0.0034252,-0.0009662,0.9999934,0.0011281,0.0068493,-0.0019286,0.1556369,0.9507113,-0.2681890,0.0072424
3/20/2026 11:52:57.912,0.0005348,0.0034313,-0.0009681,0.9999934,0.0010763,0.0068615,-0.0019326,0.1483486,0.9517772,-0.2685386,0.0072752
3/20/2026 11:52:57.932,0.0005226,0.0034571,-0.0009879,0.9999934,0.0010520,0.0069132,-0.0019722,0.1438289,0.9515141,-0.2719085,0.0072424
3/20/2026 11:52:57.952,0.0005054,0.0034878,-0.0010057,0.9999932,0.0010177,0.0069745,-0.0020079,0.1378928,0.9516701,-0.2744262,0.0073729
3/20/2026 11:52:57.972,0.0004936,0.0035010,-0.0009995,0.9999933,0.0009941,0.0070010,-0.0019955,0.1343318,0.9528657,-0.2720329,0.0073405
3/20/2026 11:52:57.992,0.0004972,0.0035094,-0.0009891,0.9999933,0.0010014,0.0070179,-0.0019748,0.1351152,0.9536728,-0.2687975,0.0073405
3/20/2026 11:52:58.012,0.0004909,0.0038780,-0.0009798,0.9999918,0.0009894,0.0077551,-0.0019558,0.1218167,0.9623132,-0.2431335,0.0080825
3/20/2026 11:52:58.032,0.0004677,0.0038983,-0.0009641,0.9999918,0.0009428,0.0077956,-0.0019245,0.1156743,0.9642386,-0.2384607,0.0081119
3/20/2026 11:52:58.052,0.0004317,0.0039274,-0.0009702,0.9999916,0.0008711,0.0078540,-0.0019371,0.1061212,0.9653329,-0.2384758,0.0081996
3/20/2026 11:52:58.072,0.0004231,0.0039663,-0.0009803,0.9999916,0.0008540,0.0079319,-0.0019573,0.1030042,0.9656239,-0.2386641,0.0081996
3/20/2026 11:52:58.092,0.0004163,0.0039836,-0.0009744,0.9999915,0.0008403,0.0079665,-0.0019455,0.1009806,0.9663981,-0.2363845,0.0082287
3/20/2026 11:52:58.112,0.0004186,0.0040049,-0.0009533,0.9999915,0.0008448,0.0080090,-0.0019031,0.1011505,0.9678329,-0.2303652,0.0082576
3/20/2026 11:52:58.132,0.0004525,0.0040141,-0.0008932,0.9999914,0.0009122,0.0080275,-0.0017828,0.1093832,0.9702694,-0.2158995,0.0082864
3/20/2026 11:52:58.152,0.0004655,0.0040244,-0.0007712,0.9999915,0.0009372,0.0080481,-0.0015386,0.1128726,0.9758549,-0.1869947,0.0082287
3/20/2026 11:52:58.172,0.0004638,0.0040413,-0.0006114,0.9999915,0.0009326,0.0080820,-0.0012190,0.1127539,0.9824433,-0.1486329,0.0082576
3/20/2026 11:52:58.192,0.0004572,0.0040486,-0.0004908,0.9999915,0.0009183,0.0080967,-0.0009779,0.1114052,0.9865521,-0.1195979,0.0082287
3/20/2026 11:52:58.212,0.0004613,0.0040522,-0.0003681,0.9999916,0.0009256,0.0081041,-0.0007325,0.1126554,0.9895594,-0.0898938,0.0081996
3/20/2026 11:52:58.232,0.0004656,0.0040387,-0.0002302,0.9999918,0.0009330,0.0080773,-0.0004566,0.1143339,0.9918330,-0.0565241,0.0081119
3/20/2026 11:52:58.252,0.0004777,0.0040281,-0.0000847,0.9999918,0.0009560,0.0080561,-0.0001655,0.1177384,0.9928254,-0.0208677,0.0081119
3/20/2026 11:52:58.272,0.0005063,0.0040484,0.0000577,0.9999917,0.0010121,0.0080968,0.0001196,0.1240837,0.9921708,0.0141505,0.0081413
3/20/2026 11:52:58.292,0.0005019,0.0040713,0.0001832,0.9999914,0.0010023,0.0081428,0.0003705,0.1222268,0.9914990,0.0446120,0.0082864
3/20/2026 11:52:58.312,0.0004812,0.0040730,0.0002326,0.9999915,0.0009604,0.0081463,0.0004692,0.1171303,0.9915007,0.0566290,0.0082287
3/20/2026 11:52:58.332,0.0004754,0.0040754,0.0002241,0.9999916,0.0009490,0.0081510,0.0004520,0.1156930,0.9917872,0.0545272,0.0081996
3/20/2026 11:52:58.352,0.0004507,0.0040741,0.0002132,0.9999917,0.0008996,0.0081484,0.0004301,0.1097954,0.9925959,0.0519460,0.0081705
3/20/2026 11:52:58.372,0.0004289,0.0040911,0.0002217,0.9999916,0.0008560,0.0081825,0.0004468,0.1041123,0.9931089,0.0538082,0.0081996
3/20/2026 11:52:58.392,0.0004112,0.0041100,0.0002419,0.9999914,0.0008204,0.0082202,0.0004872,0.0993751,0.9933307,0.0584700,0.0082864
3/20/2026 11:52:58.412,0.0003791,0.0041359,0.0002858,0.9999913,0.0007558,0.0082720,0.0005748,0.0910584,0.9934759,0.0686597,0.0083438
3/20/2026 11:52:58.432,0.0003142,0.0038055,0.0003265,0.9999925,0.0006258,0.0076113,0.0006554,0.0819739,0.9929858,0.0852024,0.0077204
3/20/2026 11:52:58.452,0.0002679,0.0034651,0.0003674,0.9999939,0.0005332,0.0069304,0.0007366,0.0766446,0.9915014,0.1051218,0.0070082
3/20/2026 11:52:58.472,0.0002146,0.0034766,0.0004282,0.9999938,0.0004262,0.0069535,0.0008579,0.0611461,0.9906436,0.1220093,0.0070421
3/20/2026 11:52:58.492,0.0000839,0.0034811,0.0005194,0.9999938,0.0001642,0.0069624,0.0010394,0.0238338,0.9887702,0.1475308,0.0070421
3/20/2026 11:52:58.512,-0.0000452,0.0034681,0.0007377,0.9999937,-0.0000955,0.0069362,0.0014752,-0.0127490,0.9780350,0.2080506,0.0071095
3/20/2026 11:52:58.532,-0.0001946,0.0034475,0.0010029,0.9999934,-0.0003961,0.0068947,0.0020044,-0.0541217,0.9587922,0.2789060,0.0072424
3/20/2026 11:52:58.553,-0.0003096,0.0034141,0.0011820,0.9999934,-0.0006272,0.0068274,0.0023620,-0.0853753,0.9415151,0.3259760,0.0072424
3/20/2026 11:52:58.573,-0.0003458,0.0033914,0.0013423,0.9999933,-0.0007007,0.0067818,0.0026823,-0.0943826,0.9256647,0.3663834,0.0073405
3/20/2026 11:52:58.593,-0.0003436,0.0033806,0.0013723,0.9999933,-0.0006966,0.0067603,0.0027423,-0.0937717,0.9224865,0.3744670,0.0073405
3/20/2026 11:52:58.612,-0.0003344,0.0033691,0.0013985,0.9999932,-0.0006781,0.0067373,0.0027947,-0.0912762,0.9197367,0.3817761,0.0073729
3/20/2026 11:52:58.632,-0.0003719,0.0033671,0.0014107,0.9999932,-0.0007532,0.0067333,0.0028190,-0.1013328,0.9175724,0.3844379,0.0073729
3/20/2026 11:52:58.652,-0.0004568,0.0033685,0.0014127,0.9999933,-0.0009231,0.0067358,0.0028222,-0.1240857,0.9150620,0.3837505,0.0073405
3/20/2026 11:52:58.672,-0.0005420,0.0033697,0.0014246,0.9999931,-0.0010936,0.0067379,0.0028455,-0.1465540,0.9111246,0.3851930,0.0074052
3/20/2026 11:52:58.692,-0.0006395,0.0033976,0.0014664,0.9999929,-0.0012890,0.0067934,0.0029284,-0.1702953,0.9047275,0.3904714,0.0075328
3/20/2026 11:52:58.712,-0.0007355,0.0034337,0.0015278,0.9999925,-0.0014816,0.0068651,0.0030504,-0.1920737,0.8966340,0.3989425,0.0077204
3/20/2026 11:52:58.732,-0.0008167,0.0030504,0.0015914,0.9999937,-0.0016430,0.0060981,0.0031777,-0.2309515,0.8626301,0.4500341,0.0070759
3/20/2026 11:52:58.752,-0.0008601,0.0030552,0.0016451,0.9999936,-0.0017302,0.0061075,0.0032848,-0.2405933,0.8546134,0.4601639,0.0071762
3/20/2026 11:52:58.772,-0.0008840,0.0030337,0.0016689,0.9999936,-0.0017782,0.0060645,0.0033324,-0.2473849,0.8489421,0.4670097,0.0071762
3/20/2026 11:52:58.792,-0.0009211,0.0030240,0.0016556,0.9999937,-0.0018521,0.0060449,0.0033056,-0.2581129,0.8474231,0.4639522,0.0071095
3/20/2026 11:52:58.812,-0.0009567,0.0030373,0.0016617,0.9999936,-0.0019235,0.0060715,0.0033175,-0.2663561,0.8456012,0.4626154,0.0071762
3/20/2026 11:52:58.832,-0.0009879,0.0030341,0.0016601,0.9999936,-0.0019858,0.0060650,0.0033141,-0.2746440,0.8435405,0.4615303,0.0071762
3/20/2026 11:52:58.852,-0.0009888,0.0030338,0.0016674,0.9999935,-0.0019878,0.0060642,0.0033288,-0.2746566,0.8426550,0.4631375,0.0072094
3/20/2026 11:52:58.872,-0.0009974,0.0030552,0.0016497,0.9999934,-0.0020049,0.0061071,0.0032932,-0.2760970,0.8457206,0.4566477,0.0072424
3/20/2026 11:52:58.892,-0.0010253,0.0030587,0.0016276,0.9999934,-0.0020606,0.0061141,0.0032490,-0.2837561,0.8465080,0.4504515,0.0072424
3/20/2026 11:52:58.912,-0.0010378,0.0030517,0.0016068,0.9999935,-0.0020853,0.0061001,0.0032072,-0.2881384,0.8473202,0.4461220,0.0072094
3/20/2026 11:52:58.932,-0.0010773,0.0030476,0.0016021,0.9999935,-0.0021644,0.0060918,0.0031976,-0.2986175,0.8447597,0.4440817,0.0072094
3/20/2026 11:52:58.952,-0.0011348,0.0030519,0.0015917,0.9999935,-0.0022793,0.0061002,0.0031764,-0.3131052,0.8420762,0.4391728,0.0072094
3/20/2026 11:52:58.973,-0.0011795,0.0030663,0.0015731,0.9999933,-0.0023686,0.0061290,0.0031389,-0.3238013,0.8418140,0.4318587,0.0073079
3/20/2026 11:52:58.992,-0.0012091,0.0030806,0.0015825,0.9999933,-0.0024280,0.0061573,0.0031575,-0.3296236,0.8397920,0.4313904,0.0073405
3/20/2026 11:52:59.012,-0.0012113,0.0030880,0.0016090,0.9999931,-0.0024325,0.0061722,0.0032104,-0.3285524,0.8376098,0.4364208,0.0074052
3/20/2026 11:52:59.032,-0.0012015,0.0031164,0.0016068,0.9999932,-0.0024130,0.0062290,0.0032060,-0.3241727,0.8408197,0.4335137,0.0073729
3/20/2026 11:52:59.052,-0.0011815,0.0031451,0.0016242,0.9999930,-0.0023732,0.0062865,0.0032410,-0.3166030,0.8428056,0.4352486,0.0074693
3/20/2026 11:52:59.072,-0.0011678,0.0031529,0.0016430,0.9999931,-0.0023459,0.0063020,0.0032787,-0.3120519,0.8425290,0.4390542,0.0074373
3/20/2026 11:52:59.092,-0.0011649,0.0031833,0.0016678,0.9999928,-0.0023404,0.0063627,0.0033281,-0.3083538,0.8426276,0.4414711,0.0075959
3/20/2026 11:52:59.112,-0.0011714,0.0032024,0.0017196,0.9999927,-0.0023538,0.0064008,0.0034316,-0.3067297,0.8385558,0.4502679,0.0076272
3/20/2026 11:52:59.132,-0.0011447,0.0032293,0.0018046,0.9999925,-0.0023011,0.0064544,0.0036019,-0.2956123,0.8339253,0.4660279,0.0077204
3/20/2026 11:52:59.152,-0.0011160,0.0032976,0.0019251,0.9999920,-0.0022446,0.0065908,0.0038428,-0.2805246,0.8289287,0.4839247,0.0079935
3/20/2026 11:52:59.172,-0.0010636,0.0033507,0.0020167,0.9999918,-0.0021406,0.0066971,0.0040263,-0.2624213,0.8267517,0.4976109,0.0080825
3/20/2026 11:52:59.192,-0.0010064,0.0033997,0.0020273,0.9999915,-0.0020265,0.0067953,0.0040478,-0.2464049,0.8323998,0.4963821,0.0082287
3/20/2026 11:52:59.212,-0.0009728,0.0034297,0.0020254,0.9999916,-0.0019595,0.0068554,0.0040440,-0.2372631,0.8364781,0.4939743,0.0081996
3/20/2026 11:52:59.232,-0.0009879,0.0034551,0.0020289,0.9999915,-0.0019898,0.0069062,0.0040509,-0.2393853,0.8372464,0.4916435,0.0082576
3/20/2026 11:52:59.252,-0.0010215,0.0034651,0.0020538,0.9999912,-0.0020573,0.0069259,0.0041005,-0.2458302,0.8338490,0.4942300,0.0083723
3/20/2026 11:52:59.272,-0.0010660,0.0034659,0.0020749,0.9999912,-0.0021464,0.0069275,0.0041425,-0.2551613,0.8295956,0.4966528,0.0083723
3/20/2026 11:52:59.292,-0.0010947,0.0034503,0.0020774,0.9999914,-0.0022037,0.0068961,0.0041472,-0.2622904,0.8267081,0.4977525,0.0083151
3/20/2026 11:52:59.312,-0.0010898,0.0034913,0.0020324,0.9999912,-0.0021937,0.0069782,0.0040572,-0.2604467,0.8344030,0.4857356,0.0084007
3/20/2026 11:52:59.332,-0.0010356,0.0035756,0.0019482,0.9999911,-0.0020852,0.0071472,0.0038891,-0.2464855,0.8510187,0.4636938,0.0084290
3/20/2026 11:52:59.352,-0.0008951,0.0036666,0.0018540,0.9999912,-0.0018038,0.0073298,0.0037014,-0.2128643,0.8719499,0.4408993,0.0084007
3/20/2026 11:52:59.372,-0.0008099,0.0037468,0.0018459,0.9999910,-0.0016336,0.0074905,0.0036857,-0.1903573,0.8806429,0.4338573,0.0084854
3/20/2026 11:52:59.392,-0.0007870,0.0038066,0.0018432,0.9999907,-0.0015881,0.0076102,0.0036804,-0.1829470,0.8848479,0.4284561,0.0086248
3/20/2026 11:52:59.413,-0.0008625,0.0038296,0.0018700,0.9999906,-0.0017393,0.0076560,0.0037333,-0.1983568,0.8807414,0.4300573,0.0086799
3/20/2026 11:52:59.432,-0.0009292,0.0038350,0.0018867,0.9999905,-0.0018728,0.0076664,0.0037662,-0.2124384,0.8768123,0.4313584,0.0087346
3/20/2026 11:52:59.452,-0.0009608,0.0038424,0.0019391,0.9999903,-0.0019365,0.0076811,0.0038708,-0.2178741,0.8713118,0.4397121,0.0088162
3/20/2026 11:52:59.472,-0.0010135,0.0038103,0.0021230,0.9999901,-0.0020432,0.0076162,0.0042383,-0.2263364,0.8508822,0.4741004,0.0088969
3/20/2026 11:52:59.492,-0.0010367,0.0037582,0.0022378,0.9999899,-0.0020902,0.0075118,0.0044677,-0.2306255,0.8360588,0.4978128,0.0089769
3/20/2026 11:52:59.512,-0.0010941,0.0036843,0.0022645,0.9999901,-0.0022048,0.0073636,0.0045208,-0.2452668,0.8259237,0.5076360,0.0088969
3/20/2026 11:52:59.532,-0.0011222,0.0036104,0.0022501,0.9999903,-0.0022606,0.0072158,0.0044920,-0.2550563,0.8206087,0.5114173,0.0088162
3/20/2026 11:52:59.552,-0.0011326,0.0035842,0.0022411,0.9999903,-0.0022813,0.0071633,0.0044741,-0.2588112,0.8189997,0.5121096,0.0088162
3/20/2026 11:52:59.572,-0.0011849,0.0035630,0.0022394,0.9999905,-0.0023858,0.0071207,0.0044704,-0.2710327,0.8149624,0.5122280,0.0087073
3/20/2026 11:52:59.592,-0.0012065,0.0035841,0.0022250,0.9999903,-0.0024289,0.0071629,0.0044413,-0.2749631,0.8168546,0.5070935,0.0087891
3/20/2026 11:52:59.612,-0.0012515,0.0036078,0.0022196,0.9999902,-0.0025191,0.0072102,0.0044301,-0.2833500,0.8168210,0.5025100,0.0088432
3/20/2026 11:52:59.632,-0.0013216,0.0036387,0.0022238,0.9999900,-0.0026593,0.0072715,0.0044380,-0.2960189,0.8150207,0.4981106,0.0089504
3/20/2026 11:52:59.652,-0.0013989,0.0036741,0.0021928,0.9999898,-0.0028140,0.0073420,0.0043754,-0.3107679,0.8161715,0.4871216,0.0090299
3/20/2026 11:52:59.672,-0.0014527,0.0036801,0.0021758,0.9999898,-0.0029215,0.0073538,0.0043409,-0.3217420,0.8150297,0.4818803,0.0090299
3/20/2026 11:52:59.692,-0.0014868,0.0036740,0.0021586,0.9999897,-0.0029894,0.0073417,0.0043063,-0.3294345,0.8140669,0.4782970,0.0090563
3/20/2026 11:52:59.712,-0.0015381,0.0036528,0.0021405,0.9999897,-0.0030918,0.0072991,0.0042698,-0.3414527,0.8109264,0.4751929,0.0090563
3/20/2026 11:52:59.732,-0.0015727,0.0036146,0.0021278,0.9999899,-0.0031608,0.0072225,0.0042443,-0.3510931,0.8069047,0.4750139,0.0090035
3/20/2026 11:52:59.752,-0.0016277,0.0035862,0.0021454,0.9999899,-0.0032708,0.0071654,0.0042792,-0.3629484,0.7996361,0.4783833,0.0090035
3/20/2026 11:52:59.772,-0.0016842,0.0035707,0.0021471,0.9999899,-0.0033837,0.0071342,0.0042822,-0.3747621,0.7945387,0.4777673,0.0090035
3/20/2026 11:52:59.792,-0.0016798,0.0035298,0.0021496,0.9999900,-0.0033747,0.0070525,0.0042873,-0.3765285,0.7912338,0.4818458,0.0089237
3/20/2026 11:52:59.812,-0.0017015,0.0035012,0.0021455,0.9999901,-0.0034181,0.0069951,0.0042791,-0.3828102,0.7876922,0.4826980,0.0088969
3/20/2026 11:52:59.832,-0.0017455,0.0034979,0.0021485,0.9999900,-0.0035059,0.0069884,0.0042848,-0.3912933,0.7841584,0.4816485,0.0089504
3/20/2026 11:52:59.852,-0.0018038,0.0034815,0.0021627,0.9999899,-0.0036227,0.0069551,0.0043128,-0.4028274,0.7774789,0.4829665,0.0089769
3/20/2026 11:52:59.872,-0.0018666,0.0034936,0.0022107,0.9999896,-0.0037486,0.0069790,0.0044084,-0.4114911,0.7701685,0.4873557,0.0091088
3/20/2026 11:52:59.892,-0.0018791,0.0034807,0.0022319,0.9999896,-0.0037738,0.0069531,0.0044507,-0.4137431,0.7663756,0.4914113,0.0091349
3/20/2026 11:52:59.912,-0.0018111,0.0034532,0.0022362,0.9999899,-0.0036377,0.0068983,0.0044599,-0.4029182,0.7682238,0.4974829,0.0089769
3/20/2026 11:52:59.932,-0.0017130,0.0034504,0.0022745,0.9999899,-0.0034416,0.0068930,0.0045372,-0.3829057,0.7712832,0.5084344,0.0089769
3/20/2026 11:52:59.952,-0.0016418,0.0034569,0.0023255,0.9999900,-0.0032996,0.0069061,0.0046396,-0.3666269,0.7719520,0.5193023,0.0089504
3/20/2026 11:52:59.972,-0.0016860,0.0034197,0.0024410,0.9999897,-0.0033886,0.0068312,0.0048706,-0.3724124,0.7553647,0.5391970,0.0090563
3/20/2026 11:52:59.992,-0.0017184,0.0034030,0.0024960,0.9999895,-0.0034537,0.0067975,0.0049803,-0.3771118,0.7468219,0.5477625,0.0091610
3/20/2026 11:53:0.012,-0.0017380,0.0034073,0.0025293,0.9999895,-0.0034932,0.0068058,0.0050468,-0.3790075,0.7430399,0.5515839,0.0091610
3/20/2026 11:53:0.032,-0.0017735,0.0034166,0.0026000,0.9999892,-0.0035648,0.0068239,0.0051878,-0.3817967,0.7354996,0.5597067,0.0092902
3/20/2026 11:53:0.052,-0.0017746,0.0034314,0.0026207,0.9999891,-0.0035672,0.0068534,0.0052291,-0.3801559,0.7350628,0.5613948,0.0093414
3/20/2026 11:53:0.072,-0.0017999,0.0031110,0.0026403,0.9999901,-0.0036163,0.0062125,0.0052693,-0.4036002,0.6975783,0.5920232,0.0088969
3/20/2026 11:53:0.092,-0.0018351,0.0031322,0.0026363,0.9999900,-0.0036867,0.0062548,0.0052610,-0.4090338,0.6981507,0.5876027,0.0089504
3/20/2026 11:53:0.112,-0.0018602,0.0031508,0.0026315,0.9999898,-0.0037370,0.0062919,0.0052513,-0.4127384,0.6991007,0.5838709,0.0090299
3/20/2026 11:53:0.132,-0.0019089,0.0031788,0.0026320,0.9999896,-0.0038345,0.0063475,0.0052518,-0.4198125,0.6990840,0.5788255,0.0091088
3/20/2026 11:53:0.152,-0.0019598,0.0031997,0.0026529,0.9999894,-0.0039365,0.0063889,0.0052933,-0.4264732,0.6962929,0.5773187,0.0091870
3/20/2026 11:53:0.172,-0.0019885,0.0032376,0.0026534,0.9999892,-0.0039942,0.0064647,0.0052940,-0.4290816,0.6986183,0.5725570,0.0092902
3/20/2026 11:53:0.192,-0.0020014,0.0032904,0.0026371,0.9999892,-0.0040201,0.0065703,0.0052610,-0.4287868,0.7049440,0.5649743,0.0093158
3/20/2026 11:53:0.212,-0.0020507,0.0032877,0.0026609,0.9999889,-0.0041189,0.0065645,0.0053083,-0.4362759,0.6994334,0.5660884,0.0094429
3/20/2026 11:53:0.232,-0.0021040,0.0032776,0.0026766,0.9999889,-0.0042255,0.0065440,0.0053394,-0.4452053,0.6935490,0.5663762,0.0094429
3/20/2026 11:53:0.253,-0.0021476,0.0032854,0.0026864,0.9999887,-0.0043128,0.0065594,0.0053588,-0.4515155,0.6907436,0.5648072,0.0094933
3/20/2026 11:53:0.272,-0.0021885,0.0032937,0.0026740,0.9999887,-0.0043945,0.0065758,0.0053336,-0.4584384,0.6899745,0.5601512,0.0095184
3/20/2026 11:53:0.292,-0.0022409,0.0032910,0.0026831,0.9999884,-0.0044994,0.0065700,0.0053514,-0.4667434,0.6854552,0.5588396,0.0096428
3/20/2026 11:53:0.312,-0.0022940,0.0033015,0.0026714,0.9999883,-0.0046056,0.0065908,0.0053277,-0.4752544,0.6839803,0.5534475,0.0096675
3/20/2026 11:53:0.332,-0.0023130,0.0033177,0.0026560,0.9999882,-0.0046435,0.0066231,0.0052967,-0.4780312,0.6856781,0.5489370,0.0097167
3/20/2026 11:53:0.352,-0.0023376,0.0033357,0.0026346,0.9999881,-0.0046928,0.0066592,0.0052536,-0.4818804,0.6876302,0.5430985,0.0097412
3/20/2026 11:53:0.372,-0.0023695,0.0033394,0.0026099,0.9999883,-0.0047564,0.0066664,0.0052041,-0.4879899,0.6877202,0.5375004,0.0096921
3/20/2026 11:53:0.392,-0.0024081,0.0033300,0.0025986,0.9999883,-0.0048334,0.0066475,0.0051812,-0.4952687,0.6848814,0.5344590,0.0096675
3/20/2026 11:53:0.412,-0.0024238,0.0033299,0.0025970,0.9999881,-0.0048649,0.0066472,0.0051779,-0.4978041,0.6838863,0.5333767,0.0097412
3/20/2026 11:53:0.432,-0.0024393,0.0033438,0.0025849,0.9999881,-0.0048958,0.0066750,0.0051534,-0.4998686,0.6852302,0.5297084,0.0097412
3/20/2026 11:53:0.452,-0.0024405,0.0033608,0.0025707,0.9999881,-0.0048983,0.0067092,0.0051251,-0.4996275,0.6880376,0.5262856,0.0097656
3/20/2026 11:53:0.472,-0.0024644,0.0033560,0.0025495,0.9999882,-0.0049459,0.0066995,0.0050825,-0.5047678,0.6873986,0.5221997,0.0097167
3/20/2026 11:53:0.492,-0.0024739,0.0033801,0.0025311,0.9999880,-0.0049648,0.0067477,0.0050455,-0.5054859,0.6906584,0.5171798,0.0098143
3/20/2026 11:53:0.512,-0.0025246,0.0033748,0.0025351,0.9999879,-0.0050663,0.0067368,0.0050533,-0.5133087,0.6861658,0.5154519,0.0098386
3/20/2026 11:53:0.532,-0.0025727,0.0033685,0.0025722,0.9999877,-0.0051628,0.0067239,0.0051272,-0.5189016,0.6794041,0.5187979,0.0099110
3/20/2026 11:53:0.552,-0.0026183,0.0033668,0.0025857,0.9999875,-0.0052541,0.0067201,0.0051538,-0.5249618,0.6750226,0.5184203,0.0099829
3/20/2026 11:53:0.572,-0.0026489,0.0033763,0.0025657,0.9999875,-0.0053150,0.0067391,0.0051136,-0.5297854,0.6752770,0.5131554,0.0100068
3/20/2026 11:53:0.592,-0.0026682,0.0030231,0.0025562,0.9999886,-0.0053518,0.0060325,0.0050964,-0.5588810,0.6332148,0.5354353,0.0095683
3/20/2026 11:53:0.612,-0.0026920,0.0033932,0.0025287,0.9999873,-0.0054010,0.0067729,0.0050392,-0.5367312,0.6765525,0.5041789,0.0100780
3/20/2026 11:53:0.632,-0.0027320,0.0033918,0.0025084,0.9999874,-0.0054809,0.0067699,0.0049983,-0.5435743,0.6748577,0.4990933,0.0100543
3/20/2026 11:53:0.652,-0.0027560,0.0034041,0.0025035,0.9999872,-0.0055290,0.0067945,0.0049882,-0.5462990,0.6747659,0.4962341,0.0101017
3/20/2026 11:53:0.672,-0.0027843,0.0034046,0.0024835,0.9999872,-0.0055854,0.0067955,0.0049480,-0.5512448,0.6740676,0.4916929,0.0101252
3/20/2026 11:53:0.692,-0.0028144,0.0034214,0.0024677,0.9999871,-0.0056456,0.0068290,0.0049161,-0.5549830,0.6746866,0.4866127,0.0101487
3/20/2026 11:53:0.712,-0.0028537,0.0034342,0.0024515,0.9999870,-0.0057241,0.0068544,0.0048834,-0.5602261,0.6741875,0.4812671,0.0101956
3/20/2026 11:53:0.732,-0.0029002,0.0034315,0.0024316,0.9999869,-0.0058171,0.0068490,0.0048434,-0.5676993,0.6716921,0.4759698,0.0102423
3/20/2026 11:53:0.752,-0.0029511,0.0034222,0.0024099,0.9999869,-0.0059187,0.0068302,0.0047997,-0.5762387,0.6682204,0.4705641,0.0102423
3/20/2026 11:53:0.772,-0.0029777,0.0034232,0.0023766,0.9999868,-0.0059716,0.0068324,0.0047329,-0.5813708,0.6683559,0.4640134,0.0102655
3/20/2026 11:53:0.792,-0.0029797,0.0034382,0.0023567,0.9999869,-0.0059756,0.0068625,0.0046930,-0.5815368,0.6710150,0.4599498,0.0102423
3/20/2026 11:53:0.812,-0.0030041,0.0034444,0.0023004,0.9999869,-0.0060241,0.0068751,0.0045802,-0.5871218,0.6731695,0.4495897,0.0102190
3/20/2026 11:53:0.832,-0.0030239,0.0034350,0.0022537,0.9999870,-0.0060633,0.0068564,0.0044867,-0.5927879,0.6733640,0.4417957,0.0101956
3/20/2026 11:53:0.852,-0.0030309,0.0034173,0.0022173,0.9999871,-0.0060769,0.0068212,0.0044140,-0.5969321,0.6730282,0.4366979,0.0101722
3/20/2026 11:53:0.872,-0.0030431,0.0034042,0.0022028,0.9999872,-0.0061011,0.0067951,0.0043849,-0.6002547,0.6714911,0.4345043,0.0101252
3/20/2026 11:53:0.892,-0.0030359,0.0033811,0.0022118,0.9999872,-0.0060868,0.0067488,0.0044032,-0.6007210,0.6690196,0.4376609,0.0101017
3/20/2026 11:53:0.912,-0.0030236,0.0033454,0.0022419,0.9999874,-0.0060622,0.0066773,0.0044636,-0.6004133,0.6643126,0.4451883,0.0100543
3/20/2026 11:53:0.932,-0.0029854,0.0033263,0.0022856,0.9999873,-0.0059860,0.0066390,0.0045515,-0.5946978,0.6625957,0.4553037,0.0100780
3/20/2026 11:53:0.952,-0.0029567,0.0033022,0.0022816,0.9999876,-0.0059284,0.0065910,0.0045437,-0.5930926,0.6624019,0.4576734,0.0099590
3/20/2026 11:53:0.972,-0.0029736,0.0032739,0.0023352,0.9999874,-0.0059625,0.0065341,0.0046510,-0.5945554,0.6545973,0.4669114,0.0100306
3/20/2026 11:53:0.992,-0.0029889,0.0032570,0.0023476,0.9999875,-0.0059931,0.0065001,0.0046758,-0.5971529,0.6507096,0.4690259,0.0100068
3/20/2026 11:53:1.013,-0.0030188,0.0032375,0.0023560,0.9999874,-0.0060528,0.0064608,0.0046925,-0.6020120,0.6456250,0.4698404,0.0100306
3/20/2026 11:53:1.032,-0.0030377,0.0032114,0.0023625,0.9999874,-0.0060906,0.0064084,0.0047056,-0.6060666,0.6407065,0.4713580,0.0100543
3/20/2026 11:53:1.052,-0.0030469,0.0032070,0.0023730,0.9999873,-0.0061089,0.0063996,0.0047265,-0.6069574,0.6388584,0.4727183,0.0100780
3/20/2026 11:53:1.072,-0.0030518,0.0032359,0.0023686,0.9999873,-0.0061188,0.0064574,0.0047175,-0.6055936,0.6421325,0.4700235,0.0100780
3/20/2026 11:53:1.092,-0.0030456,0.0032668,0.0023640,0.9999872,-0.0061066,0.0065193,0.0047081,-0.6026953,0.6464635,0.4678069,0.0101017
3/20/2026 11:53:1.112,-0.0030593,0.0029254,0.0023578,0.9999881,-0.0061323,0.0058365,0.0046978,-0.6313947,0.6037716,0.4866215,0.0097412
3/20/2026 11:53:1.132,-0.0030719,0.0029338,0.0023617,0.9999881,-0.0061576,0.0058531,0.0047054,-0.6320575,0.6036351,0.4859299,0.0097656
3/20/2026 11:53:1.152,-0.0030629,0.0029573,0.0023508,0.9999881,-0.0061396,0.0059003,0.0046835,-0.6297750,0.6080668,0.4833614,0.0097412
3/20/2026 11:53:1.172,-0.0030707,0.0029657,0.0023512,0.9999881,-0.0061553,0.0059171,0.0046842,-0.6300595,0.6085193,0.4824202,0.0097656
3/20/2026 11:53:1.192,-0.0030845,0.0029804,0.0023399,0.9999880,-0.0061830,0.0059465,0.0046615,-0.6313086,0.6100015,0.4789026,0.0097900
3/20/2026 11:53:1.212,-0.0030992,0.0029931,0.0023474,0.9999880,-0.0062125,0.0059718,0.0046764,-0.6316475,0.6100258,0.4784243,0.0097900
3/20/2026 11:53:1.232,-0.0031179,0.0029809,0.0023595,0.9999878,-0.0062499,0.0059472,0.0047005,-0.6341443,0.6062731,0.4798894,0.0098628
3/20/2026 11:53:1.252,-0.0031516,0.0029677,0.0023630,0.9999877,-0.0063171,0.0059206,0.0047073,-0.6390187,0.6017410,0.4791273,0.0099110
3/20/2026 11:53:1.272,-0.0031600,0.0029769,0.0023506,0.9999878,-0.0063340,0.0059391,0.0046823,-0.6400810,0.6029980,0.4761195,0.0098870
3/20/2026 11:53:1.292,-0.0031607,0.0029927,0.0023405,0.9999877,-0.0063353,0.0059707,0.0046622,-0.6395459,0.6055524,0.4735898,0.0099110
3/20/2026 11:53:1.312,-0.0031860,0.0030136,0.0023518,0.9999875,-0.0063861,0.0060123,0.0046844,-0.6402365,0.6055996,0.4725954,0.0099829
3/20/2026 11:53:1.332,-0.0032187,0.0030312,0.0023661,0.9999874,-0.0064517,0.0060472,0.0047128,-0.6418621,0.6044624,0.4718457,0.0100543
3/20/2026 11:53:1.352,-0.0032178,0.0030598,0.0023728,0.9999872,-0.0064501,0.0061045,0.0047259,-0.6391435,0.6077660,0.4712920,0.0101017
3/20/2026 11:53:1.372,-0.0032160,0.0030945,0.0023849,0.9999872,-0.0064468,0.0061737,0.0047500,-0.6355435,0.6115214,0.4713026,0.0101017
3/20/2026 11:53:1.392,-0.0032164,0.0031250,0.0023897,0.9999871,-0.0064478,0.0062348,0.0047593,-0.6329672,0.6149792,0.4702691,0.0101722
3/20/2026 11:53:1.412,-0.0032289,0.0031828,0.0024013,0.9999869,-0.0064731,0.0063502,0.0047821,-0.6293541,0.6203632,0.4680414,0.0102423
3/20/2026 11:53:1.432,-0.0032255,0.0032459,0.0024070,0.9999866,-0.0064666,0.0064764,0.0047932,-0.6238368,0.6277781,0.4655344,0.0103580
3/20/2026 11:53:1.452,-0.0032207,0.0032712,0.0024129,0.9999864,-0.0064571,0.0065270,0.0048049,-0.6210161,0.6307667,0.4652658,0.0104268
3/20/2026 11:53:1.472,-0.0032088,0.0033304,0.0024429,0.9999863,-0.0064338,0.0066452,0.0048644,-0.6135041,0.6367569,0.4670690,0.0104725
3/20/2026 11:53:1.492,-0.0031943,0.0033701,0.0024546,0.9999861,-0.0064051,0.0067246,0.0048877,-0.6081784,0.6416456,0.4673435,0.0105406
3/20/2026 11:53:1.512,-0.0031915,0.0033996,0.0024579,0.9999860,-0.0063997,0.0067837,0.0048941,-0.6054745,0.6449580,0.4662937,0.0105857
3/20/2026 11:53:1.532,-0.0031882,0.0034164,0.0024656,0.9999860,-0.0063932,0.0068172,0.0049094,-0.6034266,0.6466168,0.4666509,0.0105857
3/20/2026 11:53:1.552,-0.0031994,0.0034403,0.0024750,0.9999858,-0.0064158,0.0068648,0.0049280,-0.6025138,0.6478749,0.4660850,0.0106531
3/20/2026 11:53:1.572,-0.0032116,0.0030748,0.0025019,0.9999869,-0.0064385,0.0061336,0.0049841,-0.6295021,0.6026909,0.4903986,0.0102190
3/20/2026 11:53:1.592,-0.0032314,0.0034403,0.0025123,0.9999857,-0.0064801,0.0068644,0.0050024,-0.6043574,0.6434155,0.4698602,0.0106977
3/20/2026 11:53:1.612,-0.0032417,0.0034784,0.0025167,0.9999854,-0.0065009,0.0069406,0.0050108,-0.6025789,0.6465737,0.4678045,0.0108086
3/20/2026 11:53:1.632,-0.0032492,0.0034849,0.0024976,0.9999856,-0.0065158,0.0069537,0.0049726,-0.6039904,0.6478028,0.4642705,0.0107200
3/20/2026 11:53:1.652,-0.0032527,0.0034995,0.0024841,0.9999856,-0.0065227,0.0069828,0.0049456,-0.6040375,0.6498659,0.4613165,0.0107422
3/20/2026 11:53:1.672,-0.0032507,0.0035206,0.0024892,0.9999854,-0.0065188,0.0070250,0.0049555,-0.6020047,0.6519870,0.4609808,0.0108086
3/20/2026 11:53:1.692,-0.0032771,0.0035222,0.0025129,0.9999852,-0.0065719,0.0070280,0.0050028,-0.6037770,0.6489272,0.4629762,0.0108746
3/20/2026 11:53:1.712,-0.0032907,0.0035215,0.0025291,0.9999851,-0.0065991,0.0070264,0.0050350,-0.6045757,0.6469825,0.4646525,0.0109183
3/20/2026 11:53:1.732,-0.0032997,0.0035064,0.0025204,0.9999852,-0.0066170,0.0069962,0.0050178,-0.6071598,0.6451888,0.4637762,0.0108746
3/20/2026 11:53:1.753,-0.0033020,0.0035331,0.0025129,0.9999851,-0.0066217,0.0070498,0.0050026,-0.6058881,0.6482953,0.4610995,0.0109183
3/20/2026 11:53:1.772,-0.0033143,0.0035657,0.0024963,0.9999849,-0.0066463,0.0071150,0.0049689,-0.6058070,0.6517697,0.4562830,0.0109836
3/20/2026 11:53:1.792,-0.0033166,0.0035881,0.0024814,0.9999850,-0.0066510,0.0071600,0.0049390,-0.6052071,0.6547534,0.4527939,0.0109619
3/20/2026 11:53:1.812,-0.0033150,0.0036059,0.0024516,0.9999849,-0.0066477,0.0071956,0.0048794,-0.6052138,0.6583200,0.4475836,0.0109836
3/20/2026 11:53:1.832,-0.0033117,0.0036093,0.0024155,0.9999851,-0.0066407,0.0072026,0.0048071,-0.6063609,0.6608515,0.4422690,0.0109183
3/20/2026 11:53:1.852,-0.0032891,0.0036202,0.0023744,0.9999852,-0.0065953,0.0072248,0.0047250,-0.6049412,0.6658347,0.4367039,0.0108746
3/20/2026 11:53:1.872,-0.0032544,0.0040160,0.0022936,0.9999841,-0.0065271,0.0080172,0.0045611,-0.5754802,0.7101569,0.4055857,0.0112834
3/20/2026 11:53:1.892,-0.0032100,0.0040373,0.0022073,0.9999843,-0.0064378,0.0080605,0.0043888,-0.5721579,0.7196110,0.3934406,0.0112199
3/20/2026 11:53:1.912,-0.0031785,0.0040749,0.0021453,0.9999844,-0.0063743,0.0081364,0.0042648,-0.5680326,0.7282476,0.3833985,0.0111773
3/20/2026 11:53:1.932,-0.0031703,0.0040995,0.0021285,0.9999842,-0.0063579,0.0081857,0.0042310,-0.5658744,0.7317418,0.3799213,0.0112411
3/20/2026 11:53:1.952,-0.0031839,0.0041110,0.0021329,0.9999841,-0.0063852,0.0082086,0.0042397,-0.5665029,0.7314697,0.3795082,0.0112623
3/20/2026 11:53:1.972,-0.0031825,0.0041184,0.0021137,0.9999842,-0.0063824,0.0082235,0.0042012,-0.5665275,0.7331243,0.3762652,0.0112411
3/20/2026 11:53:1.992,-0.0031918,0.0041222,0.0020914,0.9999842,-0.0064008,0.0082312,0.0041565,-0.5682112,0.7338418,0.3723069,0.0112411
3/20/2026 11:53:2.012,-0.0031922,0.0041461,0.0020610,0.9999841,-0.0064015,0.0082792,0.0040956,-0.5676183,0.7372280,0.3664757,0.0112623
3/20/2026 11:53:2.032,-0.0031807,0.0041685,0.0020311,0.9999841,-0.0063782,0.0083242,0.0040357,-0.5656497,0.7413272,0.3612126,0.0112834
3/20/2026 11:53:2.052,-0.0031908,0.0041912,0.0020010,0.9999841,-0.0063984,0.0083699,0.0039753,-0.5662616,0.7438031,0.3551123,0.0112834
3/20/2026 11:53:2.072,-0.0031109,0.0042304,0.0019985,0.9999841,-0.0062387,0.0084485,0.0039706,-0.5536900,0.7529359,0.3556894,0.0112623
3/20/2026 11:53:2.093,-0.0029497,0.0043070,0.0020761,0.9999842,-0.0059172,0.0086019,0.0041268,-0.5250517,0.7666540,0.3695438,0.0112411
3/20/2026 11:53:2.112,-0.0028998,0.0043509,0.0020856,0.9999841,-0.0058177,0.0086897,0.0041461,-0.5151271,0.7729002,0.3704989,0.0112623
3/20/2026 11:53:2.132,-0.0028493,0.0043815,0.0020216,0.9999842,-0.0057162,0.0087515,0.0040183,-0.5084559,0.7818719,0.3607616,0.0112411
3/20/2026 11:53:2.152,-0.0028238,0.0043928,0.0019757,0.9999844,-0.0056649,0.0087746,0.0039266,-0.5057465,0.7867700,0.3538550,0.0111773
3/20/2026 11:53:2.172,-0.0028241,0.0043868,0.0019592,0.9999845,-0.0056653,0.0087626,0.0038937,-0.5067484,0.7871547,0.3515587,0.0111345
3/20/2026 11:53:2.192,-0.0027946,0.0043889,0.0019305,0.9999846,-0.0056061,0.0087672,0.0038366,-0.5035576,0.7908358,0.3478627,0.0111131
3/20/2026 11:53:2.212,-0.0027718,0.0043945,0.0018831,0.9999847,-0.0055601,0.0087786,0.0037418,-0.5015658,0.7951878,0.3407462,0.0110701
3/20/2026 11:53:2.232,-0.0027340,0.0044286,0.0018498,0.9999847,-0.0054843,0.0088472,0.0036754,-0.4949731,0.8017766,0.3348968,0.0110486
3/20/2026 11:53:2.252,-0.0027374,0.0044512,0.0018477,0.9999846,-0.0054912,0.0088923,0.0036710,-0.4938852,0.8030875,0.3333582,0.0111131
3/20/2026 11:53:2.272,-0.0027591,0.0044699,0.0018541,0.9999845,-0.0055347,0.0089297,0.0036836,-0.4953052,0.8024234,0.3328504,0.0111345
3/20/2026 11:53:2.292,-0.0027666,0.0044895,0.0018570,0.9999844,-0.0055498,0.0089689,0.0036892,-0.4948333,0.8030049,0.3321494,0.0111773
3/20/2026 11:53:2.312,-0.0027721,0.0045122,0.0018629,0.9999843,-0.0055609,0.0090141,0.0037009,-0.4937969,0.8037653,0.3318525,0.0111986
3/20/2026 11:53:2.332,-0.0027451,0.0045362,0.0018850,0.9999841,-0.0055072,0.0090621,0.0037452,-0.4878212,0.8061103,0.3349875,0.0112623
3/20/2026 11:53:2.352,-0.0027406,0.0045773,0.0018820,0.9999840,-0.0054984,0.0091444,0.0037390,-0.4844390,0.8091023,0.3326744,0.0113256
3/20/2026 11:53:2.372,-0.0027253,0.0045874,0.0018605,0.9999840,-0.0054676,0.0091648,0.0036960,-0.4822753,0.8117965,0.3292368,0.0113256
3/20/2026 11:53:2.392,-0.0027112,0.0046161,0.0018668,0.9999839,-0.0054396,0.0092222,0.0037086,-0.4782034,0.8141881,0.3292709,0.0113466
3/20/2026 11:53:2.412,-0.0027029,0.0046568,0.0018665,0.9999838,-0.0054232,0.0093036,0.0037079,-0.4743081,0.8171613,0.3275350,0.0113886
3/20/2026 11:53:2.432,-0.0027347,0.0046766,0.0018879,0.9999836,-0.0054869,0.0093429,0.0037503,-0.4766724,0.8151617,0.3290818,0.0114512
3/20/2026 11:53:2.452,-0.0028034,0.0047098,0.0019346,0.9999831,-0.0056250,0.0094089,0.0038428,-0.4823180,0.8103028,0.3328344,0.0116371
3/20/2026 11:53:2.472,-0.0028515,0.0047206,0.0019345,0.9999829,-0.0057212,0.0094303,0.0038421,-0.4879049,0.8077065,0.3309973,0.0116984
3/20/2026 11:53:2.492,-0.0028507,0.0047383,0.0018635,0.9999830,-0.0057189,0.0094662,0.0037000,-0.4885218,0.8120106,0.3193514,0.0116576
3/20/2026 11:53:2.512,-0.0028744,0.0047427,0.0018045,0.9999830,-0.0057659,0.0094752,0.0035817,-0.4928780,0.8132249,0.3094132,0.0116780
3/20/2026 11:53:2.532,-0.0028704,0.0047524,0.0017466,0.9999830,-0.0057573,0.0094949,0.0034659,-0.4931713,0.8165337,0.3000914,0.0116780
3/20/2026 11:53:2.552,-0.0028512,0.0047780,0.0016879,0.9999831,-0.0057185,0.0095466,0.0033485,-0.4903643,0.8217514,0.2902890,0.0116371
3/20/2026 11:53:2.572,-0.0028471,0.0047966,0.0016483,0.9999831,-0.0057100,0.0095839,0.0032693,-0.4895027,0.8246675,0.2833912,0.0116371
3/20/2026 11:53:2.592,-0.0028633,0.0048240,0.0016461,0.9999828,-0.0057423,0.0096387,0.0032646,-0.4897605,0.8251389,0.2815676,0.0117188
3/20/2026 11:53:2.612,-0.0028985,0.0048560,0.0016464,0.9999827,-0.0058130,0.0097025,0.0032647,-0.4921069,0.8244371,0.2795250,0.0117796
3/20/2026 11:53:2.632,-0.0029406,0.0048954,0.0016602,0.9999823,-0.0058975,0.0097812,0.0032916,-0.4944606,0.8231514,0.2791601,0.0119005
3/20/2026 11:53:2.652,-0.0029557,0.0049003,0.0016686,0.9999822,-0.0059277,0.0097908,0.0033083,-0.4958424,0.8220597,0.2799252,0.0119405
3/20/2026 11:53:2.672,-0.0029383,0.0048902,0.0016713,0.9999822,-0.0058929,0.0097708,0.0033138,-0.4942622,0.8225993,0.2811321,0.0119205
3/20/2026 11:53:2.692,-0.0032726,0.0048781,0.0016619,0.9999814,-0.0065614,0.0097454,0.0032918,-0.5360814,0.7990676,0.2722272,0.0121973
3/20/2026 11:53:2.712,-0.0032353,0.0048536,0.0016510,0.9999816,-0.0064866,0.0096967,0.0032707,-0.5336858,0.8006289,0.2723471,0.0121385
3/20/2026 11:53:2.732,-0.0032195,0.0048445,0.0016276,0.9999818,-0.0064546,0.0096787,0.0032240,-0.5330108,0.8020523,0.2694658,0.0120794
3/20/2026 11:53:2.752,-0.0032356,0.0044367,0.0016506,0.9999835,-0.0064857,0.0088628,0.0032725,-0.5642884,0.7737652,0.2878642,0.0114928
3/20/2026 11:53:2.772,-0.0032646,0.0044034,0.0016800,0.9999835,-0.0065439,0.0087961,0.0033312,-0.5694132,0.7680526,0.2930250,0.0114928
3/20/2026 11:53:2.792,-0.0033014,0.0043779,0.0016996,0.9999835,-0.0066175,0.0087447,0.0033702,-0.5750978,0.7626328,0.2960635,0.0114928
3/20/2026 11:53:2.812,-0.0032984,0.0043812,0.0016912,0.9999835,-0.0066117,0.0087514,0.0033536,-0.5747536,0.7634202,0.2946994,0.0114928
3/20/2026 11:53:2.832,-0.0032748,0.0043896,0.0016843,0.9999835,-0.0065644,0.0087683,0.0033399,-0.5715497,0.7661058,0.2939606,0.0114720
3/20/2026 11:53:2.852,-0.0032594,0.0044279,0.0016877,0.9999833,-0.0065338,0.0088450,0.0033465,-0.5667230,0.7698836,0.2934354,0.0115549
3/20/2026 11:53:2.872,-0.0032210,0.0044876,0.0016957,0.9999833,-0.0064571,0.0089643,0.0033626,-0.5574269,0.7766283,0.2934686,0.0115549
3/20/2026 11:53:2.892,-0.0028387,0.0045313,0.0017054,0.9999843,-0.0056928,0.0090531,0.0033850,-0.5057901,0.8073722,0.3038527,0.0112199
3/20/2026 11:53:2.912,-0.0028326,0.0045453,0.0017103,0.9999843,-0.0056807,0.0090810,0.0033948,-0.5038313,0.8084623,0.3042085,0.0112199
3/20/2026 11:53:2.932,-0.0028393,0.0045692,0.0017251,0.9999840,-0.0056942,0.0091287,0.0034243,-0.5025835,0.8088016,0.3053683,0.0113256
3/20/2026 11:53:2.952,-0.0028721,0.0045979,0.0017525,0.9999837,-0.0057602,0.0091859,0.0034785,-0.5040972,0.8070165,0.3075880,0.0114304
3/20/2026 11:53:2.972,-0.0028925,0.0046396,0.0017702,0.9999834,-0.0058013,0.0092691,0.0035135,-0.5033196,0.8073341,0.3080275,0.0115342
3/20/2026 11:53:2.992,-0.0029095,0.0046540,0.0018051,0.9999834,-0.0058357,0.0092975,0.0035831,-0.5035638,0.8054913,0.3124215,0.0115342
3/20/2026 11:53:3.012,-0.0029138,0.0046704,0.0018662,0.9999831,-0.0058450,0.0093301,0.0037053,-0.5012916,0.8035051,0.3210704,0.0116371
3/20/2026 11:53:3.032,-0.0029319,0.0046850,0.0018674,0.9999830,-0.0058812,0.0093591,0.0037073,-0.5025778,0.8030889,0.3200997,0.0116576
3/20/2026 11:53:3.052,-0.0029605,0.0046813,0.0018871,0.9999828,-0.0059386,0.0093515,0.0037464,-0.5059417,0.8000125,0.3224949,0.0117391
3/20/2026 11:53:3.072,-0.0029746,0.0047028,0.0018666,0.9999827,-0.0059667,0.0093946,0.0037051,-0.5068079,0.8012550,0.3180194,0.0117796
3/20/2026 11:53:3.092,-0.0029724,0.0047952,0.0018789,0.9999823,-0.0059627,0.0095793,0.0037293,-0.4998699,0.8064064,0.3159730,0.0119005
3/20/2026 11:53:3.112,-0.0029528,0.0048590,0.0018566,0.9999821,-0.0059236,0.0097071,0.0036846,-0.4936783,0.8123593,0.3104096,0.0119803
3/20/2026 11:53:3.132,-0.0029555,0.0049019,0.0018439,0.9999818,-0.0059290,0.0097931,0.0036587,-0.4914692,0.8151357,0.3066137,0.0120597
3/20/2026 11:53:3.152,-0.0029406,0.0049365,0.0018642,0.9999818,-0.0058995,0.0098622,0.0036994,-0.4867854,0.8171934,0.3086013,0.0120794
3/20/2026 11:53:3.172,-0.0029130,0.0049715,0.0018968,0.9999815,-0.0058448,0.0099321,0.0037646,-0.4802016,0.8195356,0.3126784,0.0121581
3/20/2026 11:53:3.192,-0.0029113,0.0049828,0.0019280,0.9999814,-0.0058417,0.0099546,0.0038270,-0.4784767,0.8189331,0.3168730,0.0121973
3/20/2026 11:53:3.212,-0.0029136,0.0049956,0.0019805,0.9999813,-0.0058470,0.0099798,0.0039319,-0.4766386,0.8172207,0.3239846,0.0122363
3/20/2026 11:53:3.232,-0.0029187,0.0050304,0.0020290,0.9999810,-0.0058578,0.0100491,0.0040286,-0.4738503,0.8166776,0.3293988,0.0123140
3/20/2026 11:53:3.252,-0.0029224,0.0050659,0.0020347,0.9999809,-0.0058653,0.0101200,0.0040399,-0.4719443,0.8181028,0.3285973,0.0123720
3/20/2026 11:53:3.272,-0.0029379,0.0050726,0.0020613,0.9999806,-0.0058966,0.0101333,0.0040928,-0.4727942,0.8163458,0.3317305,0.0124679
3/20/2026 11:53:3.292,-0.0029330,0.0050802,0.0021144,0.9999804,-0.0058874,0.0101482,0.0041989,-0.4703662,0.8147256,0.3390837,0.0125061
3/20/2026 11:53:3.312,-0.0029588,0.0050829,0.0021739,0.9999802,-0.0059397,0.0101531,0.0043177,-0.4718820,0.8106352,0.3466958,0.0125821
3/20/2026 11:53:3.332,-0.0029810,0.0050765,0.0022060,0.9999801,-0.0059844,0.0101401,0.0043818,-0.4741704,0.8074865,0.3508960,0.0126200
3/20/2026 11:53:3.352,-0.0029817,0.0051070,0.0022438,0.9999800,-0.0059862,0.0102007,0.0044572,-0.4714074,0.8074191,0.3547527,0.0126389
3/20/2026 11:53:3.372,-0.0029795,0.0051547,0.0022640,0.9999797,-0.0059823,0.0102961,0.0044974,-0.4677534,0.8092422,0.3554346,0.0127515
3/20/2026 11:53:3.392,-0.0029912,0.0052026,0.0022821,0.9999794,-0.0060060,0.0103917,0.0045331,-0.4658845,0.8103161,0.3554425,0.0128261
3/20/2026 11:53:3.412,-0.0032274,0.0050621,0.0022869,0.9999794,-0.0064778,0.0101097,0.0045412,-0.5023723,0.7879704,0.3559843,0.0128447
3/20/2026 11:53:3.432,-0.0031971,0.0048587,0.0021302,0.9999808,-0.0064148,0.0097039,0.0042294,-0.5161607,0.7844117,0.3439135,0.0123912
3/20/2026 11:53:3.452,-0.0032309,0.0048816,0.0021349,0.9999806,-0.0064825,0.0097496,0.0042383,-0.5185078,0.7834291,0.3426201,0.0124679
3/20/2026 11:53:3.472,-0.0032626,0.0049277,0.0020951,0.9999803,-0.0065459,0.0098419,0.0041581,-0.5203351,0.7858776,0.3341374,0.0125632
3/20/2026 11:53:3.492,-0.0033217,0.0049588,0.0020798,0.9999800,-0.0066639,0.0099039,0.0041266,-0.5255416,0.7845560,0.3290562,0.0126577
3/20/2026 11:53:3.512,-0.0032848,0.0050492,0.0020458,0.9999797,-0.0065902,0.0100852,0.0040584,-0.5163531,0.7937031,0.3215817,0.0127515
3/20/2026 11:53:3.532,-0.0031532,0.0051665,0.0019086,0.9999797,-0.0063261,0.0103212,0.0037846,-0.4968430,0.8140687,0.3007313,0.0127328
3/20/2026 11:53:3.552,-0.0031370,0.0052640,0.0018181,0.9999796,-0.0062931,0.0105168,0.0036032,-0.4907832,0.8235452,0.2844386,0.0127889
3/20/2026 11:53:3.572,-0.0031509,0.0052699,0.0018093,0.9999796,-0.0063208,0.0105285,0.0035855,-0.4922493,0.8232818,0.2826620,0.0127889
3/20/2026 11:53:3.592,-0.0031627,0.0052512,0.0018142,0.9999796,-0.0063443,0.0104912,0.0035951,-0.4947161,0.8214169,0.2837785,0.0127702
3/20/2026 11:53:3.613,-0.0031137,0.0052324,0.0017728,0.9999800,-0.0062458,0.0104539,0.0035129,-0.4909932,0.8250933,0.2795474,0.0126577
3/20/2026 11:53:3.632,-0.0030509,0.0052322,0.0017135,0.9999802,-0.0061197,0.0104541,0.0033950,-0.4847002,0.8312418,0.2722183,0.0126011
3/20/2026 11:53:3.652,-0.0030193,0.0052588,0.0017033,0.9999801,-0.0060565,0.0105075,0.0033748,-0.4793675,0.8349134,0.2704187,0.0126200
3/20/2026 11:53:3.672,-0.0030260,0.0052726,0.0017064,0.9999800,-0.0060698,0.0105350,0.0033809,-0.4792362,0.8350427,0.2702524,0.0126577
3/20/2026 11:53:3.692,-0.0030697,0.0053284,0.0016910,0.9999797,-0.0061573,0.0106466,0.0033494,-0.4813162,0.8354813,0.2651520,0.0127515
3/20/2026 11:53:3.712,-0.0030440,0.0053492,0.0013084,0.9999802,-0.0061020,0.0106906,0.0025843,-0.4837792,0.8501272,0.2079457,0.0125821
3/20/2026 11:53:3.732,-0.0030153,0.0053504,0.0012912,0.9999803,-0.0060443,0.0106933,0.0025502,-0.4804599,0.8525416,0.2057453,0.0125442
3/20/2026 11:53:3.752,-0.0029939,0.0053457,0.0012734,0.9999804,-0.0060014,0.0106840,0.0025148,-0.4784190,0.8542300,0.2034857,0.0125061
3/20/2026 11:53:3.772,-0.0029389,0.0053247,0.0012270,0.9999807,-0.0058907,0.0106423,0.0024227,-0.4736748,0.8582081,0.1977652,0.0124296
3/20/2026 11:53:3.792,-0.0028660,0.0052811,0.0010988,0.9999814,-0.0057435,0.0105560,0.0021674,-0.4691995,0.8645750,0.1798935,0.0121973
3/20/2026 11:53:3.812,-0.0027937,0.0052455,0.0009766,0.9999818,-0.0055977,0.0104857,0.0019238,-0.4638641,0.8709412,0.1621462,0.0120794
3/20/2026 11:53:3.832,-0.0027869,0.0048536,0.0009481,0.9999839,-0.0055829,0.0097020,0.0018691,-0.4909488,0.8550284,0.1670204,0.0113466
3/20/2026 11:53:3.852,-0.0028514,0.0048908,0.0009644,0.9999834,-0.0057122,0.0097762,0.0019009,-0.4965196,0.8516273,0.1679265,0.0115135
3/20/2026 11:53:3.872,-0.0029301,0.0049109,0.0009798,0.9999832,-0.0058697,0.0098163,0.0019309,-0.5050137,0.8464277,0.1688823,0.0115961
3/20/2026 11:53:3.892,-0.0029720,0.0049481,0.0010045,0.9999828,-0.0059538,0.0098903,0.0019796,-0.5072702,0.8445597,0.1714516,0.0117391
3/20/2026 11:53:3.912,-0.0029574,0.0050174,0.0010114,0.9999825,-0.0059248,0.0100289,0.0019931,-0.5002956,0.8487812,0.1710984,0.0118201
3/20/2026 11:53:3.932,-0.0029689,0.0051077,0.0008770,0.9999822,-0.0059467,0.0102105,0.0017237,-0.4970851,0.8551876,0.1468351,0.0119405
3/20/2026 11:53:3.952,-0.0030201,0.0052108,0.0006086,0.9999817,-0.0060466,0.0104181,0.0011857,-0.4989135,0.8608006,0.1005363,0.0120992
3/20/2026 11:53:3.972,-0.0030487,0.0052072,0.0006003,0.9999816,-0.0061036,0.0104109,0.0011688,-0.5027745,0.8587303,0.0989946,0.0121385
3/20/2026 11:53:3.992,-0.0029962,0.0051698,0.0006296,0.9999819,-0.0059989,0.0103360,0.0012282,-0.4986759,0.8604316,0.1047854,0.0120201
3/20/2026 11:53:4.012,-0.0029860,0.0051219,0.0006915,0.9999821,-0.0059791,0.0102399,0.0013524,-0.5002601,0.8580909,0.1158443,0.0119604
3/20/2026 11:53:4.032,-0.0029937,0.0050421,0.0008280,0.9999825,-0.0059957,0.0100794,0.0016259,-0.5055210,0.8514095,0.1398224,0.0118201
3/20/2026 11:53:4.052,-0.0029712,0.0050487,0.0009272,0.9999824,-0.0059517,0.0100921,0.0018245,-0.5009568,0.8512356,0.1563340,0.0118804
3/20/2026 11:53:4.072,-0.0029153,0.0050796,0.0010066,0.9999822,-0.0058407,0.0101536,0.0019835,-0.4905685,0.8547818,0.1693828,0.0119205
3/20/2026 11:53:4.092,-0.0029006,0.0051249,0.0010813,0.9999821,-0.0058121,0.0102438,0.0021328,-0.4844548,0.8559721,0.1805972,0.0119803
3/20/2026 11:53:4.112,-0.0029043,0.0051603,0.0011614,0.9999818,-0.0058205,0.0103140,0.0022929,-0.4813000,0.8551637,0.1924717,0.0120597
3/20/2026 11:53:4.132,-0.0029153,0.0051666,0.0012323,0.9999816,-0.0058432,0.0103263,0.0024345,-0.4811460,0.8527206,0.2033865,0.0121188
3/20/2026 11:53:4.152,-0.0029176,0.0051857,0.0012555,0.9999815,-0.0058482,0.0103643,0.0024806,-0.4797787,0.8527549,0.2064501,0.0121777
3/20/2026 11:53:4.172,-0.0028900,0.0052425,0.0012369,0.9999812,-0.0057929,0.0104781,0.0024435,-0.4727823,0.8576316,0.2023489,0.0122752
3/20/2026 11:53:4.192,-0.0028402,0.0052919,0.0011962,0.9999812,-0.0056931,0.0105771,0.0023622,-0.4637974,0.8641410,0.1953267,0.0122558
3/20/2026 11:53:4.212,-0.0027687,0.0053193,0.0011469,0.9999812,-0.0055496,0.0106325,0.0022643,-0.4534851,0.8712437,0.1878455,0.0122558
3/20/2026 11:53:4.232,-0.0027262,0.0053396,0.0011047,0.9999813,-0.0054642,0.0106733,0.0021803,-0.4472018,0.8758844,0.1812099,0.0122168
3/20/2026 11:53:4.252,-0.0027110,0.0053482,0.0011052,0.9999813,-0.0054338,0.0106906,0.0021813,-0.4446413,0.8771760,0.1812627,0.0122363
3/20/2026 11:53:4.272,-0.0027420,0.0053337,0.0011412,0.9999813,-0.0054960,0.0106613,0.0022532,-0.4491442,0.8736848,0.1869342,0.0122168
3/20/2026 11:53:4.292,-0.0027888,0.0053007,0.0012347,0.9999813,-0.0055906,0.0105947,0.0024398,-0.4560190,0.8667663,0.2018980,0.0122363
3/20/2026 11:53:4.312,-0.0028285,0.0052921,0.0013030,0.9999811,-0.0056708,0.0105771,0.0025761,-0.4606374,0.8618487,0.2122030,0.0122946
3/20/2026 11:53:4.332,-0.0028493,0.0053020,0.0013418,0.9999810,-0.0057128,0.0105964,0.0026534,-0.4620392,0.8597543,0.2175829,0.0123140
3/20/2026 11:53:4.352,-0.0028524,0.0053179,0.0013646,0.9999809,-0.0057192,0.0106283,0.0026988,-0.4610286,0.8595397,0.2205544,0.0123720
3/20/2026 11:53:4.372,-0.0028494,0.0053117,0.0013976,0.9999808,-0.0057136,0.0106156,0.0027649,-0.4605056,0.8584383,0.2258723,0.0123912
3/20/2026 11:53:4.392,-0.0028492,0.0052824,0.0014327,0.9999809,-0.0057134,0.0105568,0.0028352,-0.4617494,0.8560832,0.2321829,0.0123720
3/20/2026 11:53:4.412,-0.0028485,0.0052373,0.0014566,0.9999812,-0.0057122,0.0104665,0.0028833,-0.4641410,0.8533738,0.2373319,0.0122558
3/20/2026 11:53:4.432,-0.0028334,0.0052153,0.0014883,0.9999812,-0.0056823,0.0104224,0.0029471,-0.4630496,0.8523049,0.2432309,0.0122558
3/20/2026 11:53:4.452,-0.0028088,0.0052272,0.0015441,0.9999812,-0.0056337,0.0104460,0.0030588,-0.4580795,0.8524961,0.2518205,0.0122558
3/20/2026 11:53:4.472,-0.0028045,0.0052358,0.0015790,0.9999811,-0.0056254,0.0104629,0.0031286,-0.4563165,0.8519214,0.2569149,0.0122946
3/20/2026 11:53:4.492,-0.0027874,0.0052468,0.0016674,0.9999809,-0.0055922,0.0104845,0.0033056,-0.4517039,0.8502651,0.2702091,0.0123527
3/20/2026 11:53:4.512,-0.0027724,0.0052633,0.0017419,0.9999807,-0.0055630,0.0105172,0.0034545,-0.4472561,0.8491153,0.2810078,0.0124104
3/20/2026 11:53:4.532,-0.0027522,0.0052882,0.0017606,0.9999807,-0.0055230,0.0105669,0.0034921,-0.4427620,0.8507289,0.2832351,0.0124296
3/20/2026 11:53:4.552,-0.0027586,0.0053003,0.0017939,0.9999806,-0.0055361,0.0105908,0.0035585,-0.4421738,0.8495899,0.2875401,0.0124679
3/20/2026 11:53:4.572,-0.0027774,0.0053110,0.0018591,0.9999803,-0.0055745,0.0106119,0.0036887,-0.4426040,0.8463622,0.2962645,0.0125632
3/20/2026 11:53:4.592,-0.0027822,0.0053338,0.0019223,0.9999800,-0.0055849,0.0106571,0.0038150,-0.4405394,0.8445575,0.3043806,0.0126389
3/20/2026 11:53:4.612,-0.0027839,0.0053481,0.0019329,0.9999799,-0.0055884,0.0106857,0.0038361,-0.4396876,0.8446753,0.3052842,0.0126953
3/20/2026 11:53:4.632,-0.0027706,0.0053566,0.0019152,0.9999799,-0.0055617,0.0107027,0.0038006,-0.4378690,0.8465584,0.3026708,0.0126765
3/20/2026 11:53:4.652,-0.0027423,0.0053698,0.0018909,0.9999801,-0.0055048,0.0107294,0.0037524,-0.4339663,0.8497801,0.2992437,0.0126200
3/20/2026 11:53:4.672,-0.0027408,0.0053813,0.0019049,0.9999800,-0.0055021,0.0107522,0.0037802,-0.4328308,0.8498051,0.3008137,0.0126389
3/20/2026 11:53:4.692,-0.0027584,0.0053806,0.0019086,0.9999799,-0.0055372,0.0107509,0.0037875,-0.4350395,0.8486042,0.3010175,0.0126765
3/20/2026 11:53:4.712,-0.0027729,0.0053853,0.0019066,0.9999798,-0.0055662,0.0107601,0.0037833,-0.4366608,0.8480466,0.3002405,0.0127141
3/20/2026 11:53:4.732,-0.0027867,0.0053904,0.0019077,0.9999797,-0.0055939,0.0107704,0.0037854,-0.4380951,0.8474231,0.2999112,0.0127515
3/20/2026 11:53:4.752,-0.0027886,0.0053933,0.0019025,0.9999797,-0.0055976,0.0107761,0.0037750,-0.4382754,0.8476461,0.2990164,0.0127328
3/20/2026 11:53:4.772,-0.0027884,0.0053987,0.0019147,0.9999797,-0.0055974,0.0107869,0.0037993,-0.4376872,0.8474100,0.3005433,0.0127515
3/20/2026 11:53:4.792,-0.0027753,0.0053897,0.0019246,0.9999797,-0.0055712,0.0107689,0.0038193,-0.4363309,0.8473812,0.3025899,0.0127328
3/20/2026 11:53:4.812,-0.0027796,0.0053795,0.0019500,0.9999798,-0.0055800,0.0107483,0.0038701,-0.4369444,0.8456454,0.3065344,0.0127141
3/20/2026 11:53:4.832,-0.0027946,0.0053672,0.0019561,0.9999797,-0.0056100,0.0107237,0.0038821,-0.4394330,0.8439735,0.3075831,0.0127515
3/20/2026 11:53:4.852,-0.0027810,0.0053590,0.0019382,0.9999799,-0.0055828,0.0107074,0.0038466,-0.4385736,0.8451194,0.3056576,0.0126953
3/20/2026 11:53:4.872,-0.0027920,0.0053607,0.0019305,0.9999799,-0.0056046,0.0107108,0.0038312,-0.4400264,0.8448682,0.3042603,0.0126765
3/20/2026 11:53:4.892,-0.0027979,0.0053568,0.0019404,0.9999799,-0.0056165,0.0107029,0.0038509,-0.4407985,0.8439440,0.3057047,0.0126953
3/20/2026 11:53:4.912,-0.0027901,0.0053771,0.0019285,0.9999799,-0.0056008,0.0107436,0.0038270,-0.4388648,0.8458006,0.3033464,0.0126953
3/20/2026 11:53:4.932,-0.0027833,0.0053912,0.0019048,0.9999797,-0.0055871,0.0107719,0.0037795,-0.4376853,0.8477711,0.2995257,0.0127328
3/20/2026 11:53:4.952,-0.0027883,0.0053934,0.0019205,0.9999797,-0.0055973,0.0107762,0.0038108,-0.4378667,0.8469491,0.3015789,0.0127515
3/20/2026 11:53:4.972,-0.0027982,0.0053970,0.0019104,0.9999797,-0.0056169,0.0107835,0.0037906,-0.4391081,0.8469384,0.2997989,0.0127515
3/20/2026 11:53:4.992,-0.0027875,0.0053936,0.0018979,0.9999798,-0.0055953,0.0107767,0.0037657,-0.4382093,0.8479093,0.2983663,0.0127141
3/20/2026 11:53:5.012,-0.0027779,0.0054121,0.0018920,0.9999797,-0.0055762,0.0108138,0.0037539,-0.4360358,0.8495147,0.2969812,0.0127515
3/20/2026 11:53:5.033,-0.0027742,0.0054119,0.0018851,0.9999797,-0.0055687,0.0108135,0.0037401,-0.4357195,0.8499942,0.2960715,0.0127515
3/20/2026 11:53:5.052,-0.0028031,0.0054256,0.0018823,0.9999796,-0.0056265,0.0108409,0.0037342,-0.4386358,0.8490232,0.2945475,0.0127889
3/20/2026 11:53:5.072,-0.0028188,0.0054129,0.0018590,0.9999796,-0.0056577,0.0108155,0.0036874,-0.4418432,0.8484511,0.2913850,0.0127702
3/20/2026 11:53:5.092,-0.0028199,0.0054110,0.0018680,0.9999797,-0.0056600,0.0108116,0.0037055,-0.4419096,0.8479527,0.2927319,0.0127515
3/20/2026 11:53:5.112,-0.0028186,0.0054393,0.0018781,0.9999793,-0.0056575,0.0108682,0.0037255,-0.4398784,0.8488813,0.2931001,0.0128632
3/20/2026 11:53:5.132,-0.0028241,0.0054421,0.0018760,0.9999794,-0.0056686,0.0108738,0.0037213,-0.4404564,0.8487577,0.2925890,0.0128447
3/20/2026 11:53:5.152,-0.0028189,0.0054358,0.0018724,0.9999796,-0.0056581,0.0108612,0.0037141,-0.4402381,0.8489317,0.2924131,0.0127889
3/20/2026 11:53:5.172,-0.0028150,0.0054394,0.0018843,0.9999794,-0.0056505,0.0108683,0.0037380,-0.4393048,0.8488460,0.2940610,0.0128447
3/20/2026 11:53:5.192,-0.0028042,0.0054436,0.0018706,0.9999794,-0.0056287,0.0108770,0.0037106,-0.4379654,0.8501962,0.2921521,0.0128261
3/20/2026 11:53:5.212,-0.0027997,0.0054422,0.0018608,0.9999794,-0.0056196,0.0108742,0.0036911,-0.4376741,0.8507769,0.2908953,0.0128261
3/20/2026 11:53:5.232,-0.0027931,0.0054387,0.0018252,0.9999797,-0.0056061,0.0108673,0.0036199,-0.4377562,0.8523762,0.2860498,0.0127515
3/20/2026 11:53:5.252,-0.0028068,0.0054449,0.0017776,0.9999797,-0.0056328,0.0108800,0.0035247,-0.4400389,0.8536368,0.2786934,0.0127515
3/20/2026 11:53:5.272,-0.0028029,0.0054704,0.0017721,0.9999796,-0.0056252,0.0109311,0.0035135,-0.4381598,0.8551486,0.2770140,0.0127889
3/20/2026 11:53:5.292,-0.0027873,0.0054930,0.0017357,0.9999794,-0.0055937,0.0109764,0.0034407,-0.4355520,0.8583336,0.2712156,0.0128261
3/20/2026 11:53:5.312,-0.0027748,0.0055196,0.0017237,0.9999794,-0.0055685,0.0110297,0.0034168,-0.4326300,0.8605829,0.2687532,0.0128447
3/20/2026 11:53:5.332,-0.0027456,0.0051720,0.0016809,0.9999815,-0.0055085,0.0103349,0.0033334,-0.4506830,0.8489728,0.2759167,0.0121777
3/20/2026 11:53:5.352,-0.0026730,0.0051940,0.0015735,0.9999817,-0.0053622,0.0103798,0.0031193,-0.4418370,0.8585612,0.2601012,0.0120992
3/20/2026 11:53:5.372,-0.0025894,0.0052095,0.0014687,0.9999820,-0.0051940,0.0104116,0.0029104,-0.4315611,0.8682384,0.2447794,0.0120002
3/20/2026 11:53:5.393,-0.0025484,0.0052108,0.0013965,0.9999822,-0.0051112,0.0104147,0.0027664,-0.4271234,0.8733742,0.2340579,0.0119205
3/20/2026 11:53:5.413,-0.0025244,0.0052140,0.0013544,0.9999824,-0.0050628,0.0104213,0.0026825,-0.4243208,0.8764247,0.2276654,0.0118603
3/20/2026 11:53:5.432,-0.0025237,0.0052059,0.0013403,0.9999824,-0.0050613,0.0104052,0.0026543,-0.4249645,0.8766237,0.2256904,0.0118804
3/20/2026 11:53:5.452,-0.0025093,0.0052070,0.0012978,0.9999825,-0.0050320,0.0104077,0.0025695,-0.4235803,0.8789687,0.2190749,0.0118402
3/20/2026 11:53:5.472,-0.0024886,0.0052225,0.0012697,0.9999825,-0.0049904,0.0104389,0.0025134,-0.4201688,0.8817600,0.2143770,0.0118402
3/20/2026 11:53:5.492,-0.0024534,0.0048782,0.0011807,0.9999843,-0.0049183,0.0097508,0.0023375,-0.4391605,0.8731956,0.2113463,0.0111986
3/20/2026 11:53:5.512,-0.0024111,0.0048669,0.0010852,0.9999846,-0.0048327,0.0097286,0.0021469,-0.4353135,0.8786996,0.1959316,0.0111131
3/20/2026 11:53:5.532,-0.0024052,0.0048650,0.0010159,0.9999847,-0.0048203,0.0097252,0.0020085,-0.4356249,0.8811208,0.1840029,0.0110486
3/20/2026 11:53:5.552,-0.0024222,0.0048499,0.0009862,0.9999848,-0.0048538,0.0096952,0.0019489,-0.4395847,0.8801883,0.1789802,0.0110270
3/20/2026 11:53:5.572,-0.0024410,0.0048295,0.0009652,0.9999850,-0.0048912,0.0096545,0.0019067,-0.4440784,0.8786144,0.1755881,0.0109619
3/20/2026 11:53:5.592,-0.0024327,0.0048424,0.0009483,0.9999848,-0.0048745,0.0096804,0.0018730,-0.4421851,0.8802055,0.1723682,0.0110270
3/20/2026 11:53:5.613,-0.0023912,0.0048453,0.0009179,0.9999849,-0.0047912,0.0096864,0.0018125,-0.4362968,0.8840801,0.1674738,0.0110053
3/20/2026 11:53:5.632,-0.0023755,0.0048397,0.0008893,0.9999850,-0.0047596,0.0096752,0.0017557,-0.4347471,0.8857222,0.1627609,0.0109401
3/20/2026 11:53:5.652,-0.0023622,0.0048402,0.0008828,0.9999851,-0.0047329,0.0096763,0.0017428,-0.4328179,0.8868497,0.1617599,0.0109183
3/20/2026 11:53:5.672,-0.0023722,0.0044759,0.0008878,0.9999867,-0.0047522,0.0089477,0.0017544,-0.4612521,0.8703129,0.1726324,0.0103119
3/20/2026 11:53:5.693,-0.0023683,0.0044649,0.0008756,0.9999868,-0.0047443,0.0089258,0.0017301,-0.4617017,0.8704540,0.1707087,0.0102655
3/20/2026 11:53:5.713,-0.0023489,0.0044484,0.0008424,0.9999869,-0.0047053,0.0088930,0.0016639,-0.4605248,0.8721460,0.1651613,0.0102190
3/20/2026 11:53:5.733,-0.0023352,0.0044477,0.0008477,0.9999870,-0.0046779,0.0088916,0.0016747,-0.4583756,0.8730415,0.1664045,0.0101956
3/20/2026 11:53:5.752,-0.0023231,0.0044607,0.0008285,0.9999870,-0.0046536,0.0089177,0.0016364,-0.4557653,0.8751321,0.1625482,0.0101956
3/20/2026 11:53:5.772,-0.0022840,0.0044773,0.0008049,0.9999870,-0.0045752,0.0089511,0.0015894,-0.4486990,0.8795820,0.1581284,0.0101956
3/20/2026 11:53:5.792,-0.0022486,0.0044917,0.0007534,0.9999871,-0.0045038,0.0089802,0.0014865,-0.4426911,0.8843222,0.1483197,0.0101722
3/20/2026 11:53:5.812,-0.0022175,0.0045054,0.0007077,0.9999871,-0.0044413,0.0090078,0.0013954,-0.4372685,0.8884383,0.1395477,0.0101487
3/20/2026 11:53:5.832,-0.0021939,0.0045033,0.0006612,0.9999873,-0.0043937,0.0090039,0.0013027,-0.4341950,0.8912627,0.1308641,0.0100780
3/20/2026 11:53:5.852,-0.0021335,0.0048662,0.0006328,0.9999856,-0.0042731,0.0097298,0.0012448,-0.3987153,0.9094175,0.1182621,0.0107200
3/20/2026 11:53:5.872,-0.0020730,0.0048543,0.0005463,0.9999859,-0.0041513,0.0097065,0.0010725,-0.3906458,0.9147660,0.1029518,0.0106082
3/20/2026 11:53:5.893,-0.0020240,0.0048348,0.0004574,0.9999862,-0.0040524,0.0096678,0.0008951,-0.3846968,0.9189405,0.0869289,0.0105179
3/20/2026 11:53:5.913,-0.0019580,0.0048097,0.0003831,0.9999865,-0.0039197,0.0096180,0.0007475,-0.3760298,0.9236814,0.0735819,0.0103810
3/20/2026 11:53:5.932,-0.0019114,0.0047791,0.0003639,0.9999866,-0.0038263,0.0095569,0.0007095,-0.3704303,0.9261796,0.0705158,0.0103350
3/20/2026 11:53:5.953,-0.0018280,0.0047858,0.0003797,0.9999868,-0.0036597,0.0095704,0.0007418,-0.3558484,0.9316166,0.0739078,0.0102887
3/20/2026 11:53:5.972,-0.0017533,0.0048137,0.0004040,0.9999869,-0.0035104,0.0096260,0.0007910,-0.3411722,0.9367083,0.0786081,0.0102423
3/20/2026 11:53:5.993,-0.0016782,0.0048553,0.0003971,0.9999868,-0.0033603,0.0097093,0.0007779,-0.3257161,0.9423209,0.0770734,0.0102887
3/20/2026 11:53:6.012,-0.0016322,0.0048729,0.0003087,0.9999867,-0.0032674,0.0097448,0.0006014,-0.3170453,0.9465134,0.0599555,0.0103119
3/20/2026 11:53:6.032,-0.0015748,0.0048618,0.0002621,0.9999869,-0.0031521,0.0097229,0.0005089,-0.3077441,0.9500894,0.0512226,0.0102423
3/20/2026 11:53:6.052,-0.0015188,0.0048444,0.0002955,0.9999872,-0.0030405,0.0096880,0.0005762,-0.2986568,0.9525903,0.0581032,0.0101252
3/20/2026 11:53:6.073,-0.0014323,0.0048011,0.0002954,0.9999874,-0.0028675,0.0096014,0.0005770,-0.2853914,0.9566021,0.0588573,0.0100543
3/20/2026 11:53:6.092,-0.0013600,0.0047730,0.0003037,0.9999877,-0.0027229,0.0095452,0.0005944,-0.2735203,0.9599252,0.0610754,0.0099351
3/20/2026 11:53:6.113,-0.0012933,0.0048048,0.0002701,0.9999876,-0.0025892,0.0096090,0.0005277,-0.2595394,0.9642108,0.0541935,0.0099590
3/20/2026 11:53:6.133,-0.0012503,0.0048473,0.0002383,0.9999874,-0.0025029,0.0096940,0.0004645,-0.2494806,0.9672115,0.0475535,0.0100306
3/20/2026 11:53:6.153,-0.0012077,0.0049235,0.0002139,0.9999871,-0.0024175,0.0098466,0.0004159,-0.2380231,0.9703441,0.0421579,0.0101722
3/20/2026 11:53:6.173,-0.0011408,0.0050099,0.0001738,0.9999868,-0.0022832,0.0100194,0.0003362,-0.2218945,0.9744842,0.0338124,0.0102655
3/20/2026 11:53:6.193,-0.0011126,0.0051088,0.0001241,0.9999864,-0.0022265,0.0102174,0.0002368,-0.2127395,0.9768209,0.0237214,0.0104497
3/20/2026 11:53:6.213,-0.0010476,0.0051752,0.0000314,0.9999861,-0.0020956,0.0103503,0.0000519,-0.1984087,0.9801014,0.0059431,0.0105632
3/20/2026 11:53:6.233,-0.0010297,0.0052475,-0.0000937,0.9999856,-0.0020584,0.0104953,-0.0001982,-0.1925250,0.9811357,-0.0175170,0.0107200
3/20/2026 11:53:6.253,-0.0010379,0.0053508,-0.0001844,0.9999852,-0.0020737,0.0107020,-0.0003799,-0.1903093,0.9811419,-0.0338095,0.0108746
3/20/2026 11:53:6.273,-0.0010386,0.0054387,-0.0002347,0.9999846,-0.0020747,0.0108779,-0.0004807,-0.1874111,0.9813684,-0.0423462,0.0111131
3/20/2026 11:53:6.293,-0.0009986,0.0055331,-0.0002467,0.9999841,-0.0019945,0.0110667,-0.0005045,-0.1774421,0.9831542,-0.0438421,0.0112623
3/20/2026 11:53:6.313,-0.0009425,0.0056345,-0.0002376,0.9999837,-0.0018822,0.0112695,-0.0004859,-0.1648320,0.9854456,-0.0415621,0.0114304
3/20/2026 11:53:6.333,-0.0009457,0.0057264,-0.0002704,0.9999831,-0.0018883,0.0114533,-0.0005516,-0.1627631,0.9855671,-0.0465378,0.0116371
3/20/2026 11:53:6.353,-0.0009376,0.0058131,-0.0003482,0.9999825,-0.0018712,0.0116269,-0.0007074,-0.1589618,0.9855180,-0.0590377,0.0118201
3/20/2026 11:53:6.373,-0.0008942,0.0059064,-0.0004291,0.9999821,-0.0017833,0.0118136,-0.0008687,-0.1493059,0.9861921,-0.0716450,0.0119803
3/20/2026 11:53:6.393,-0.0008429,0.0060170,-0.0004841,0.9999815,-0.0016798,0.0120349,-0.0009783,-0.1382857,0.9872023,-0.0794272,0.0121777
3/20/2026 11:53:6.413,-0.0008466,0.0060829,-0.0005391,0.9999809,-0.0016865,0.0121669,-0.0010886,-0.1373142,0.9866597,-0.0874495,0.0123527
3/20/2026 11:53:6.433,-0.0008429,0.0061356,-0.0005492,0.9999806,-0.0016790,0.0122721,-0.0011088,-0.1355704,0.9868218,-0.0883369,0.0124679
3/20/2026 11:53:6.453,-0.0008120,0.0061711,-0.0005766,0.9999804,-0.0016169,0.0123433,-0.0011632,-0.1299058,0.9872261,-0.0922443,0.0125252
3/20/2026 11:53:6.473,-0.0007732,0.0062095,-0.0006609,0.9999802,-0.0015382,0.0124201,-0.0013314,-0.1228803,0.9868479,-0.1050317,0.0126011
3/20/2026 11:53:6.493,-0.0007371,0.0062498,-0.0007385,0.9999800,-0.0014649,0.0125008,-0.0014862,-0.1163246,0.9863492,-0.1165490,0.0126577
3/20/2026 11:53:6.513,-0.0007026,0.0062588,-0.0007572,0.9999799,-0.0013957,0.0125187,-0.0015233,-0.1107597,0.9866520,-0.1193746,0.0126953
3/20/2026 11:53:6.533,-0.0006504,0.0062632,-0.0007991,0.9999799,-0.0012907,0.0125275,-0.0016063,-0.1024626,0.9867385,-0.1258909,0.0126953
3/20/2026 11:53:6.553,-0.0005897,0.0062962,-0.0009575,0.9999796,-0.0011673,0.0125937,-0.0019224,-0.0922014,0.9844227,-0.1497030,0.0127702
3/20/2026 11:53:6.573,-0.0005091,0.0063228,-0.0011149,0.9999793,-0.0010041,0.0126468,-0.0022362,-0.0790511,0.9817257,-0.1731058,0.0128818
3/20/2026 11:53:6.593,-0.0008779,0.0063400,-0.0012458,0.9999787,-0.0017400,0.0126823,-0.0025027,-0.1346345,0.9723024,-0.1910539,0.0130655
3/20/2026 11:53:6.613,-0.0007597,0.0063973,-0.0013826,0.9999783,-0.0015016,0.0127969,-0.0027749,-0.1152918,0.9709147,-0.2098388,0.0131746
3/20/2026 11:53:6.633,-0.0006291,0.0064660,-0.0015194,0.9999776,-0.0012385,0.0129341,-0.0030470,-0.0942925,0.9691462,-0.2277379,0.0133722
3/20/2026 11:53:6.653,-0.0005181,0.0064888,-0.0016641,0.9999774,-0.0010146,0.0129795,-0.0033350,-0.0771133,0.9657673,-0.2476836,0.0134610
3/20/2026 11:53:6.673,-0.0004134,0.0064626,-0.0016763,0.9999776,-0.0008052,0.0129266,-0.0033579,-0.0618061,0.9661153,-0.2506018,0.0133722
3/20/2026 11:53:6.693,-0.0003484,0.0064346,-0.0016975,0.9999778,-0.0006748,0.0128705,-0.0033994,-0.0522744,0.9655991,-0.2547269,0.0133365
3/20/2026 11:53:6.713,-0.0002975,0.0064361,-0.0017150,0.9999778,-0.0005729,0.0128734,-0.0034338,-0.0446209,0.9653196,-0.2572299,0.0133365
3/20/2026 11:53:6.733,-0.0002420,0.0064169,-0.0017459,0.9999779,-0.0004615,0.0128348,-0.0034948,-0.0363590,0.9642854,-0.2623578,0.0133006
3/20/2026 11:53:6.753,-0.0001773,0.0064330,-0.0018309,0.9999776,-0.0003311,0.0128668,-0.0036641,-0.0265028,0.9614649,-0.2736472,0.0133900
3/20/2026 11:53:6.773,-0.0001541,0.0064033,-0.0019706,0.9999775,-0.0002830,0.0128073,-0.0039431,-0.0229980,0.9555110,-0.2940576,0.0134255
3/20/2026 11:53:6.793,-0.0001030,0.0063664,-0.0019967,0.9999776,-0.0001806,0.0127332,-0.0039946,-0.0154386,0.9540586,-0.2992219,0.0133722
3/20/2026 11:53:6.813,-0.0000790,0.0063131,-0.0020478,0.9999779,-0.0001321,0.0126266,-0.0040966,-0.0119024,0.9511413,-0.3085265,0.0133006
3/20/2026 11:53:6.833,-0.0000523,0.0062911,-0.0020937,0.9999779,-0.0000783,0.0125826,-0.0041881,-0.0078924,0.9488029,-0.3157698,0.0132827
3/20/2026 11:53:6.853,-0.0000277,0.0062449,-0.0020989,0.9999783,-0.0000292,0.0124900,-0.0041981,-0.0042055,0.9478852,-0.3185841,0.0131746
3/20/2026 11:53:6.873,0.0000065,0.0061427,-0.0021182,0.9999789,0.0000390,0.0122853,-0.0042362,0.0010017,0.9453707,-0.3259955,0.0129923
3/20/2026 11:53:6.893,0.0000605,0.0060255,-0.0021100,0.9999795,0.0001464,0.0120509,-0.0042192,0.0094714,0.9437634,-0.3304861,0.0128075
3/20/2026 11:53:6.913,0.0001342,0.0059261,-0.0021293,0.9999801,0.0002937,0.0118516,-0.0042570,0.0213141,0.9408789,-0.3380719,0.0126200
3/20/2026 11:53:6.933,0.0002200,0.0059092,-0.0021956,0.9999802,0.0004660,0.0118174,-0.0043886,0.0348840,0.9368141,-0.3480839,0.0126011
3/20/2026 11:53:6.953,0.0002821,0.0059454,-0.0022533,0.9999797,0.0005910,0.0118895,-0.0045032,0.0443234,0.9341746,-0.3540525,0.0127515
3/20/2026 11:53:6.973,0.0003029,0.0060132,-0.0027977,0.9999779,0.0006395,0.0120247,-0.0055916,0.0456313,0.9057278,-0.4213964,0.0132827
3/20/2026 11:53:6.993,0.0003162,0.0060726,-0.0028018,0.9999775,0.0006665,0.0121435,-0.0055996,0.0472340,0.9070018,-0.4184695,0.0134255
3/20/2026 11:53:7.013,0.0003570,0.0060812,-0.0027871,0.9999774,0.0007479,0.0121604,-0.0055698,0.0532915,0.9077781,-0.4160514,0.0134433
3/20/2026 11:53:7.033,0.0004165,0.0060755,-0.0027591,0.9999778,0.0008665,0.0121486,-0.0055130,0.0623010,0.9087384,-0.4126902,0.0133365
3/20/2026 11:53:7.053,0.0004805,0.0060475,-0.0027515,0.9999778,0.0009943,0.0120923,-0.0054970,0.0721336,0.9078466,-0.4130510,0.0133186
3/20/2026 11:53:7.073,0.0000225,0.0060119,-0.0028056,0.9999780,0.0000786,0.0120238,-0.0056108,0.0033839,0.9061760,-0.4228871,0.0132647
3/20/2026 11:53:7.093,-0.0000243,0.0059836,-0.0027836,0.9999782,-0.0000152,0.0119673,-0.0055674,-0.0036751,0.9066837,-0.4217951,0.0131927
3/20/2026 11:53:7.113,-0.0004256,0.0058805,-0.0025598,0.9999793,-0.0008211,0.0117631,-0.0051245,-0.0662145,0.9148834,-0.3982510,0.0128632
3/20/2026 11:53:7.133,-0.0006044,0.0058467,-0.0024666,0.9999797,-0.0011799,0.0116964,-0.0049402,-0.0948145,0.9172108,-0.3869555,0.0127328
3/20/2026 11:53:7.153,-0.0006491,0.0058249,-0.0024776,0.9999797,-0.0012694,0.0116531,-0.0049626,-0.1020152,0.9154183,-0.3893612,0.0127328
3/20/2026 11:53:7.173,-0.0007170,0.0058358,-0.0024618,0.9999797,-0.0014052,0.0116752,-0.0049319,-0.1124819,0.9155283,-0.3862067,0.0127328
3/20/2026 11:53:7.193,-0.0007922,0.0058744,-0.0024303,0.9999794,-0.0015559,0.0117526,-0.0048698,-0.1236612,0.9169518,-0.3793514,0.0128261
3/20/2026 11:53:7.213,-0.0008616,0.0058857,-0.0024355,0.9999793,-0.0016944,0.0117757,-0.0048811,-0.1340380,0.9156765,-0.3789068,0.0128632
3/20/2026 11:53:7.233,-0.0009468,0.0059094,-0.0024229,0.9999791,-0.0018648,0.0118235,-0.0048568,-0.1466337,0.9152511,-0.3752519,0.0129372
3/20/2026 11:53:7.253,-0.0009789,0.0059352,-0.0024165,0.9999790,-0.0019290,0.0118752,-0.0048445,-0.1509981,0.9155591,-0.3727615,0.0129556
3/20/2026 11:53:7.273,-0.0009936,0.0059437,-0.0024030,0.9999789,-0.0019586,0.0118922,-0.0048177,-0.1531509,0.9161615,-0.3703955,0.0129923
3/20/2026 11:53:7.293,-0.0010240,0.0059328,-0.0024150,0.9999789,-0.0020194,0.0118707,-0.0048420,-0.1578643,0.9145935,-0.3722869,0.0129923
3/20/2026 11:53:7.313,-0.0010376,0.0059227,-0.0024186,0.9999790,-0.0020465,0.0118504,-0.0048494,-0.1600964,0.9138422,-0.3731778,0.0129556
3/20/2026 11:53:7.333,-0.0010356,0.0059349,-0.0024190,0.9999789,-0.0020425,0.0118749,-0.0048502,-0.1595196,0.9141776,-0.3726028,0.0129923
3/20/2026 11:53:7.353,-0.0010137,0.0059496,-0.0024092,0.9999789,-0.0019988,0.0119041,-0.0048304,-0.1559976,0.9155412,-0.3707414,0.0129923
3/20/2026 11:53:7.373,-0.0009420,0.0063029,-0.0024112,0.9999768,-0.0018536,0.0126104,-0.0048342,-0.1382528,0.9250200,-0.3538701,0.0136195
3/20/2026 11:53:7.393,-0.0008629,0.0063064,-0.0024081,0.9999768,-0.0016954,0.0126170,-0.0048269,-0.1267947,0.9266700,-0.3538442,0.0136195
3/20/2026 11:53:7.413,-0.0008122,0.0063196,-0.0023999,0.9999769,-0.0015940,0.0126432,-0.0048100,-0.1192909,0.9281856,-0.3524787,0.0136020
3/20/2026 11:53:7.433,-0.0008002,0.0063412,-0.0023689,0.9999767,-0.0015703,0.0126862,-0.0047480,-0.1173954,0.9302872,-0.3475399,0.0136545
3/20/2026 11:53:7.453,-0.0007916,0.0063643,-0.0023611,0.9999767,-0.0015530,0.0127323,-0.0047322,-0.1158259,0.9312484,-0.3454864,0.0136545
3/20/2026 11:53:7.473,-0.0007916,0.0063843,-0.0023456,0.9999765,-0.0015531,0.0127724,-0.0047012,-0.1155994,0.9323604,-0.3425505,0.0137067
3/20/2026 11:53:7.493,-0.0007608,0.0064059,-0.0023327,0.9999765,-0.0014916,0.0128154,-0.0046752,-0.1109060,0.9338396,-0.3400641,0.0137241
3/20/2026 11:53:7.513,-0.0007297,0.0064203,-0.0023385,0.9999763,-0.0014294,0.0128442,-0.0046863,-0.1061936,0.9343007,-0.3403015,0.0137588
3/20/2026 11:53:7.533,-0.0007279,0.0064086,-0.0023488,0.9999764,-0.0014256,0.0128207,-0.0047069,-0.1060379,0.9336289,-0.3421885,0.0137415
3/20/2026 11:53:7.553,-0.0007469,0.0064029,-0.0023133,0.9999765,-0.0014642,0.0128094,-0.0046360,-0.1090621,0.9348921,-0.3377605,0.0137067
3/20/2026 11:53:7.573,-0.0007729,0.0064038,-0.0022944,0.9999765,-0.0015163,0.0128111,-0.0045986,-0.1128918,0.9353809,-0.3351387,0.0137241
3/20/2026 11:53:7.593,-0.0011187,0.0063764,-0.0023021,0.9999763,-0.0022080,0.0127581,-0.0046184,-0.1628190,0.9280263,-0.3350481,0.0137761
3/20/2026 11:53:7.613,-0.0011073,0.0063677,-0.0023059,0.9999765,-0.0021851,0.0127406,-0.0046257,-0.1613567,0.9279306,-0.3360193,0.0137067
3/20/2026 11:53:7.633,-0.0011165,0.0063618,-0.0023037,0.9999764,-0.0022036,0.0127287,-0.0046216,-0.1628148,0.9277045,-0.3359402,0.0137415
3/20/2026 11:53:7.653,-0.0011144,0.0063916,-0.0023289,0.9999762,-0.0021989,0.0127884,-0.0046720,-0.1616577,0.9272124,-0.3378521,0.0137934
3/20/2026 11:53:7.673,-0.0011198,0.0064290,-0.0023123,0.9999760,-0.0022098,0.0128633,-0.0046388,-0.1617429,0.9285997,-0.3339786,0.0138452
3/20/2026 11:53:7.693,-0.0011513,0.0064887,-0.0022989,0.9999757,-0.0022728,0.0129829,-0.0046126,-0.1649600,0.9296786,-0.3293717,0.0139310
3/20/2026 11:53:7.713,-0.0011558,0.0065429,-0.0022990,0.9999753,-0.0022815,0.0130913,-0.0046130,-0.1643923,0.9306185,-0.3269931,0.0140673
3/20/2026 11:53:7.733,-0.0011529,0.0065550,-0.0023044,0.9999751,-0.0022755,0.0131155,-0.0046238,-0.1636862,0.9306785,-0.3271763,0.0141011
3/20/2026 11:53:7.753,-0.0011252,0.0065311,-0.0023540,0.9999753,-0.0022196,0.0130675,-0.0047226,-0.1599908,0.9286402,-0.3347091,0.0140673
3/20/2026 11:53:7.773,-0.0010958,0.0065006,-0.0023871,0.9999754,-0.0021605,0.0130065,-0.0047884,-0.1562953,0.9271741,-0.3404703,0.0140163
3/20/2026 11:53:7.793,-0.0010824,0.0068763,-0.0023763,0.9999729,-0.0021320,0.0137578,-0.0047674,-0.1471517,0.9348641,-0.3230718,0.0147134
3/20/2026 11:53:7.813,-0.0010740,0.0068491,-0.0023556,0.9999733,-0.0021158,0.0137034,-0.0047259,-0.1466853,0.9354042,-0.3217176,0.0146159
3/20/2026 11:53:7.833,-0.0010895,0.0068173,-0.0023635,0.9999734,-0.0021467,0.0136398,-0.0047417,-0.1493035,0.9342399,-0.3238895,0.0145832
3/20/2026 11:53:7.853,-0.0010712,0.0068035,-0.0023811,0.9999735,-0.0021099,0.0136122,-0.0047766,-0.1469933,0.9336128,-0.3267418,0.0145669
3/20/2026 11:53:7.873,-0.0010552,0.0067914,-0.0023638,0.9999736,-0.0020783,0.0135878,-0.0047419,-0.1451895,0.9344203,-0.3252365,0.0145341
3/20/2026 11:53:7.893,-0.0010511,0.0067778,-0.0023515,0.9999736,-0.0020703,0.0135606,-0.0047171,-0.1449642,0.9347761,-0.3243131,0.0145341
3/20/2026 11:53:7.913,-0.0010331,0.0067544,-0.0023486,0.9999739,-0.0020345,0.0135138,-0.0047112,-0.1429876,0.9348223,-0.3250567,0.0144518
3/20/2026 11:53:7.933,-0.0010191,0.0067369,-0.0023669,0.9999740,-0.0020062,0.0134786,-0.0047474,-0.1412867,0.9340008,-0.3281471,0.0144353
3/20/2026 11:53:7.953,-0.0010268,0.0067210,-0.0023961,0.9999739,-0.0020214,0.0134470,-0.0048059,-0.1424399,0.9323266,-0.3323826,0.0144518
3/20/2026 11:53:7.973,-0.0010317,0.0066803,-0.0024349,0.9999741,-0.0020307,0.0133658,-0.0048835,-0.1435898,0.9297991,-0.3389036,0.0144023
3/20/2026 11:53:7.993,-0.0010477,0.0066342,-0.0024741,0.9999744,-0.0020626,0.0132737,-0.0049619,-0.1463808,0.9268751,-0.3456519,0.0143192
3/20/2026 11:53:8.013,-0.0010825,0.0065852,-0.0024813,0.9999747,-0.0021322,0.0131759,-0.0049769,-0.1520333,0.9248945,-0.3485057,0.0142358
3/20/2026 11:53:8.033,-0.0010558,0.0065586,-0.0024771,0.9999748,-0.0020791,0.0131225,-0.0049680,-0.1489205,0.9250682,-0.3493873,0.0142022
3/20/2026 11:53:8.053,-0.0010311,0.0065390,-0.0024855,0.9999750,-0.0020296,0.0130832,-0.0049843,-0.1458195,0.9247612,-0.3515014,0.0141349
3/20/2026 11:53:8.073,-0.0009932,0.0065183,-0.0024908,0.9999751,-0.0019539,0.0130417,-0.0049944,-0.1409151,0.9248035,-0.3533857,0.0141180
3/20/2026 11:53:8.093,-0.0009707,0.0064679,-0.0024970,0.9999754,-0.0019091,0.0129407,-0.0050064,-0.1386595,0.9238832,-0.3566697,0.0140163
3/20/2026 11:53:8.113,-0.0009982,0.0063870,-0.0024533,0.9999760,-0.0019650,0.0127790,-0.0049192,-0.1443607,0.9237271,-0.3548073,0.0138452
3/20/2026 11:53:8.133,-0.0010145,0.0063263,-0.0023976,0.9999765,-0.0019987,0.0126575,-0.0048080,-0.1483032,0.9247549,-0.3504777,0.0137241
3/20/2026 11:53:8.153,-0.0009819,0.0062872,-0.0023896,0.9999769,-0.0019338,0.0125791,-0.0047915,-0.1444599,0.9249554,-0.3515522,0.0136020
3/20/2026 11:53:8.173,-0.0009547,0.0062760,-0.0023874,0.9999770,-0.0018794,0.0125566,-0.0047867,-0.1407677,0.9253518,-0.3520063,0.0135669
3/20/2026 11:53:8.193,-0.0009113,0.0062835,-0.0023862,0.9999770,-0.0017925,0.0125714,-0.0047838,-0.1343516,0.9263833,-0.3518007,0.0135669
3/20/2026 11:53:8.213,-0.0008835,0.0062745,-0.0023815,0.9999770,-0.0017371,0.0125533,-0.0047740,-0.1305187,0.9269260,-0.3518143,0.0135669
3/20/2026 11:53:8.233,-0.0008467,0.0062431,-0.0023759,0.9999773,-0.0016636,0.0124902,-0.0047622,-0.1257411,0.9271908,-0.3528547,0.0134787
3/20/2026 11:53:8.253,-0.0008344,0.0062322,-0.0023961,0.9999775,-0.0016389,0.0124684,-0.0048025,-0.1240047,0.9261871,-0.3560902,0.0134255
3/20/2026 11:53:8.273,-0.0007875,0.0062522,-0.0023886,0.9999773,-0.0015450,0.0125083,-0.0047869,-0.1168488,0.9277522,-0.3544324,0.0134787
3/20/2026 11:53:8.293,-0.0007628,0.0066280,-0.0023889,0.9999748,-0.0014938,0.0132597,-0.0047878,-0.1076348,0.9352958,-0.3371001,0.0141854
3/20/2026 11:53:8.313,-0.0007433,0.0066528,-0.0023772,0.9999747,-0.0014550,0.0133093,-0.0047641,-0.1046404,0.9365202,-0.3346345,0.0142358
3/20/2026 11:53:8.333,-0.0007226,0.0066997,-0.0023748,0.9999745,-0.0014133,0.0134028,-0.0047592,-0.1011368,0.9377054,-0.3323852,0.0142859
3/20/2026 11:53:8.353,-0.0006956,0.0067507,-0.0023614,0.9999741,-0.0013592,0.0135048,-0.0047320,-0.0968029,0.9394853,-0.3286282,0.0143857
3/20/2026 11:53:8.373,-0.0006586,0.0067611,-0.0023692,0.9999741,-0.0012850,0.0135255,-0.0047473,-0.0915371,0.9397728,-0.3293146,0.0143857
3/20/2026 11:53:8.393,-0.0006518,0.0067742,-0.0023838,0.9999740,-0.0012713,0.0135515,-0.0047763,-0.0903907,0.9394379,-0.3305841,0.0144188
3/20/2026 11:53:8.413,-0.0006373,0.0067687,-0.0023698,0.9999741,-0.0012425,0.0135405,-0.0047482,-0.0885173,0.9401194,-0.3291508,0.0144023
3/20/2026 11:53:8.433,-0.0006115,0.0067759,-0.0023771,0.9999740,-0.0011907,0.0135547,-0.0047624,-0.0848501,0.9402145,-0.3298442,0.0144188
3/20/2026 11:53:8.453,-0.0005795,0.0068085,-0.0023969,0.9999737,-0.0011263,0.0136198,-0.0048016,-0.0800234,0.9402287,-0.3310078,0.0145012
3/20/2026 11:53:8.473,-0.0005468,0.0068317,-0.0023961,0.9999736,-0.0010608,0.0136662,-0.0047995,-0.0753088,0.9409637,-0.3300241,0.0145341
3/20/2026 11:53:8.493,-0.0005271,0.0068281,-0.0023903,0.9999737,-0.0010214,0.0136588,-0.0047876,-0.0726621,0.9413450,-0.3295296,0.0145012
3/20/2026 11:53:8.513,-0.0005212,0.0068096,-0.0024022,0.9999738,-0.0010096,0.0136218,-0.0048114,-0.0719913,0.9405940,-0.3318132,0.0144848
3/20/2026 11:53:8.533,-0.0005061,0.0068211,-0.0024240,0.9999737,-0.0009790,0.0136448,-0.0048549,-0.0697382,0.9399751,-0.3340408,0.0145177
3/20/2026 11:53:8.553,-0.0004830,0.0068410,-0.0024219,0.9999735,-0.0009329,0.0136845,-0.0048503,-0.0664096,0.9405881,-0.3329924,0.0145505
3/20/2026 11:53:8.573,-0.0004618,0.0068749,-0.0024115,0.9999732,-0.0008904,0.0137522,-0.0048292,-0.0632591,0.9417430,-0.3303308,0.0146322
3/20/2026 11:53:8.593,-0.0004365,0.0068748,-0.0023971,0.9999734,-0.0008401,0.0137517,-0.0048001,-0.0598508,0.9425538,-0.3286490,0.0145832
3/20/2026 11:53:8.613,-0.0004211,0.0068906,-0.0023957,0.9999733,-0.0008091,0.0137833,-0.0047971,-0.0576228,0.9429703,-0.3278518,0.0146159
3/20/2026 11:53:8.633,-0.0004142,0.0068744,-0.0023855,0.9999735,-0.0007956,0.0137508,-0.0047766,-0.0568295,0.9432085,-0.3273047,0.0145669
3/20/2026 11:53:8.653,-0.0003950,0.0068656,-0.0023893,0.9999736,-0.0007572,0.0137331,-0.0047839,-0.0542578,0.9430525,-0.3281890,0.0145341
3/20/2026 11:53:8.673,-0.0003698,0.0068867,-0.0023656,0.9999734,-0.0007069,0.0137752,-0.0047361,-0.0507130,0.9445431,-0.3244481,0.0145996
3/20/2026 11:53:8.693,-0.0003186,0.0069127,-0.0023463,0.9999733,-0.0006048,0.0138270,-0.0046968,-0.0436044,0.9460411,-0.3210994,0.0146159
3/20/2026 11:53:8.713,-0.0002946,0.0069098,-0.0023527,0.9999734,-0.0005566,0.0138211,-0.0047093,-0.0403240,0.9458632,-0.3220510,0.0145996
3/20/2026 11:53:8.733,-0.0002829,0.0068813,-0.0023396,0.9999735,-0.0005336,0.0137639,-0.0046830,-0.0388942,0.9460566,-0.3216586,0.0145669
3/20/2026 11:53:8.753,-0.0002959,0.0068398,-0.0023279,0.9999738,-0.0005600,0.0136811,-0.0046598,-0.0409248,0.9458800,-0.3219258,0.0144683
3/20/2026 11:53:8.773,-0.0002903,0.0068262,-0.0023352,0.9999739,-0.0005487,0.0136538,-0.0046743,-0.0402060,0.9454022,-0.3234164,0.0144518
3/20/2026 11:53:8.793,-0.0002772,0.0068096,-0.0023416,0.9999740,-0.0005225,0.0136205,-0.0046869,-0.0384698,0.9449510,-0.3249428,0.0144188
3/20/2026 11:53:8.813,-0.0002768,0.0067962,-0.0023445,0.9999741,-0.0005218,0.0135937,-0.0046927,-0.0384764,0.9446299,-0.3258739,0.0143857
3/20/2026 11:53:8.833,-0.0002624,0.0067995,-0.0023560,0.9999741,-0.0004928,0.0136003,-0.0047154,-0.0364437,0.9442599,-0.3271776,0.0143857
3/20/2026 11:53:8.853,-0.0002642,0.0068181,-0.0023614,0.9999739,-0.0004962,0.0136376,-0.0047264,-0.0365915,0.9442965,-0.3270554,0.0144518
3/20/2026 11:53:8.873,-0.0002618,0.0068158,-0.0023560,0.9999739,-0.0004914,0.0136329,-0.0047154,-0.0362734,0.9445070,-0.3264825,0.0144518
3/20/2026 11:53:8.893,-0.0002600,0.0068123,-0.0023258,0.9999740,-0.0004884,0.0136260,-0.0046550,-0.0361005,0.9457490,-0.3228860,0.0144353
3/20/2026 11:53:8.913,-0.0002452,0.0068259,-0.0023139,0.9999740,-0.0004588,0.0136530,-0.0046309,-0.0340038,0.9465184,-0.3208533,0.0144353
3/20/2026 11:53:8.933,-0.0002377,0.0068366,-0.0023068,0.9999741,-0.0004438,0.0136744,-0.0046168,-0.0329220,0.9470018,-0.3195369,0.0144023
3/20/2026 11:53:8.953,-0.0002248,0.0068301,-0.0023002,0.9999740,-0.0004183,0.0136613,-0.0046033,-0.0311833,0.9472401,-0.3190044,0.0144353
3/20/2026 11:53:8.973,-0.0002382,0.0068454,-0.0022988,0.9999739,-0.0004450,0.0136919,-0.0046007,-0.0329733,0.9474602,-0.3181697,0.0144518
3/20/2026 11:53:8.993,-0.0002718,0.0068533,-0.0022839,0.9999738,-0.0005123,0.0137079,-0.0045715,-0.0375996,0.9480335,-0.3159409,0.0144848
3/20/2026 11:53:9.013,-0.0002934,0.0068581,-0.0022493,0.9999738,-0.0005560,0.0137177,-0.0045026,-0.0406190,0.9494140,-0.3113890,0.0144683
3/20/2026 11:53:9.033,-0.0002989,0.0068501,-0.0022536,0.9999740,-0.0005670,0.0137017,-0.0045111,-0.0414166,0.9491012,-0.3122364,0.0144353
3/20/2026 11:53:9.053,-0.0002906,0.0068387,-0.0022588,0.9999740,-0.0005503,0.0136789,-0.0045215,-0.0403139,0.9487738,-0.3133736,0.0144188
3/20/2026 11:53:9.073,-0.0003334,0.0068142,-0.0022225,0.9999743,-0.0006365,0.0136299,-0.0044495,-0.0464687,0.9496809,-0.3097526,0.0143359
3/20/2026 11:53:9.093,-0.0003660,0.0068245,-0.0021744,0.9999742,-0.0007024,0.0136507,-0.0043537,-0.0510383,0.9515656,-0.3031798,0.0143691
3/20/2026 11:53:9.113,-0.0003874,0.0068488,-0.0021693,0.9999741,-0.0007450,0.0136993,-0.0043438,-0.0538428,0.9519392,-0.3015175,0.0143857
3/20/2026 11:53:9.133,-0.0003807,0.0068852,-0.0021503,0.9999739,-0.0007318,0.0137721,-0.0043058,-0.0527103,0.9532048,-0.2976951,0.0144518
3/20/2026 11:53:9.153,-0.0003870,0.0068961,-0.0020977,0.9999738,-0.0007450,0.0137939,-0.0042007,-0.0536084,0.9553394,-0.2906075,0.0144683
3/20/2026 11:53:9.173,-0.0003592,0.0074067,-0.0020613,0.9999703,-0.0006879,0.0148149,-0.0041279,-0.0466720,0.9623360,-0.2678267,0.0154099
3/20/2026 11:53:9.193,-0.0003417,0.0079223,-0.0020460,0.9999664,-0.0006510,0.0158461,-0.0040974,-0.0417259,0.9673875,-0.2498409,0.0163848
3/20/2026 11:53:9.213,-0.0003317,0.0079092,-0.0019946,0.9999666,-0.0006318,0.0158198,-0.0039943,-0.0406285,0.9688406,-0.2443301,0.0163411
3/20/2026 11:53:9.233,-0.0003239,0.0079015,-0.0019403,0.9999669,-0.0006171,0.0158044,-0.0038856,-0.0397751,0.9703796,-0.2382884,0.0162826
3/20/2026 11:53:9.253,-0.0003074,0.0079286,-0.0019297,0.9999666,-0.0005841,0.0158585,-0.0038641,-0.0376422,0.9709477,-0.2363120,0.0163411
3/20/2026 11:53:9.273,-0.0003128,0.0079499,-0.0019446,0.9999664,-0.0005947,0.0159012,-0.0038941,-0.0381915,0.9706534,-0.2374313,0.0163848
3/20/2026 11:53:9.293,-0.0003169,0.0079691,-0.0019375,0.9999663,-0.0006029,0.0159396,-0.0038798,-0.0386101,0.9709705,-0.2360627,0.0164284
3/20/2026 11:53:9.313,-0.0003198,0.0079812,-0.0019178,0.9999662,-0.0006090,0.0159637,-0.0038405,-0.0389331,0.9715870,-0.2334587,0.0164429
3/20/2026 11:53:9.333,-0.0003252,0.0080042,-0.0019277,0.9999661,-0.0006195,0.0160097,-0.0038606,-0.0394694,0.9714435,-0.2339654,0.0164719
3/20/2026 11:53:9.353,-0.0003215,0.0080229,-0.0019200,0.9999659,-0.0006123,0.0160472,-0.0038451,-0.0389479,0.9718001,-0.2325672,0.0165152
3/20/2026 11:53:9.373,-0.0003282,0.0080458,-0.0019160,0.9999656,-0.0006256,0.0160930,-0.0038371,-0.0396528,0.9720331,-0.2314721,0.0165872
3/20/2026 11:53:9.393,-0.0003259,0.0080672,-0.0019115,0.9999655,-0.0006209,0.0161359,-0.0038282,-0.0392780,0.9723055,-0.2303890,0.0166160
3/20/2026 11:53:9.413,-0.0003067,0.0080897,-0.0019272,0.9999654,-0.0005822,0.0161806,-0.0038592,-0.0368536,0.9721165,-0.2315842,0.0166303
3/20/2026 11:53:9.433,-0.0003289,0.0081113,-0.0019269,0.9999652,-0.0006265,0.0162239,-0.0038591,-0.0394204,0.9721668,-0.2309498,0.0166876
3/20/2026 11:53:9.453,-0.0003561,0.0081227,-0.0019138,0.9999651,-0.0006810,0.0162470,-0.0038333,-0.0426269,0.9724630,-0.2291260,0.0167018
3/20/2026 11:53:9.473,-0.0003821,0.0081198,-0.0018924,0.9999651,-0.0007333,0.0162413,-0.0037908,-0.0457759,0.9728803,-0.2267347,0.0167018
3/20/2026 11:53:9.493,-0.0004459,0.0081117,-0.0017986,0.9999654,-0.0008626,0.0162252,-0.0036043,-0.0535897,0.9748862,-0.2161598,0.0166446
3/20/2026 11:53:9.513,-0.0004980,0.0080955,-0.0015951,0.9999658,-0.0009701,0.0161928,-0.0031982,-0.0602401,0.9793537,-0.1929702,0.0165296
3/20/2026 11:53:9.533,-0.0005321,0.0081075,-0.0014033,0.9999661,-0.0010415,0.0162166,-0.0028151,-0.0645373,0.9832954,-0.1701911,0.0164719
3/20/2026 11:53:9.553,-0.0005618,0.0081302,-0.0012404,0.9999659,-0.0011035,0.0162619,-0.0024898,-0.0681562,0.9862626,-0.1504684,0.0165152
3/20/2026 11:53:9.573,-0.0005935,0.0081269,-0.0011445,0.9999661,-0.0011683,0.0162552,-0.0022986,-0.0721252,0.9876499,-0.1390890,0.0164719
3/20/2026 11:53:9.593,-0.0006205,0.0081272,-0.0010838,0.9999661,-0.0012233,0.0162558,-0.0021776,-0.0754578,0.9883993,-0.1318068,0.0164574
3/20/2026 11:53:9.613,-0.0006183,0.0081424,-0.0010639,0.9999661,-0.0012192,0.0162863,-0.0021378,-0.0750836,0.9887725,-0.1291950,0.0164574
3/20/2026 11:53:9.633,-0.0006580,0.0081494,-0.0010315,0.9999660,-0.0012992,0.0163004,-0.0020737,-0.0798523,0.9889160,-0.1251749,0.0164863
3/20/2026 11:53:9.653,-0.0007071,0.0081609,-0.0009701,0.9999660,-0.0013982,0.0163234,-0.0019516,-0.0857178,0.9893543,-0.1176031,0.0164863
3/20/2026 11:53:9.673,-0.0007692,0.0081884,-0.0009355,0.9999657,-0.0015231,0.0163784,-0.0018835,-0.0929298,0.9892375,-0.1130184,0.0165729
3/20/2026 11:53:9.693,-0.0008189,0.0082227,-0.0008696,0.9999654,-0.0016233,0.0164471,-0.0017527,-0.0985494,0.9896132,-0.1046602,0.0166303
3/20/2026 11:53:9.713,-0.0009025,0.0082468,-0.0007590,0.9999653,-0.0017924,0.0164951,-0.0015328,-0.1083335,0.9899307,-0.0911102,0.0166733
3/20/2026 11:53:9.733,-0.0009980,0.0082564,-0.0006328,0.9999652,-0.0019854,0.0165143,-0.0012821,-0.1196530,0.9899122,-0.0758751,0.0166876
3/20/2026 11:53:9.753,-0.0010403,0.0082623,-0.0005815,0.9999651,-0.0020709,0.0165260,-0.0011802,-0.1246157,0.9897568,-0.0696590,0.0167018
3/20/2026 11:53:9.773,-0.0010488,0.0082747,-0.0005354,0.9999650,-0.0020886,0.0165507,-0.0010880,-0.1254782,0.9900264,-0.0640538,0.0167446
3/20/2026 11:53:9.793,-0.0010956,0.0087348,-0.0005092,0.9999611,-0.0021823,0.0174710,-0.0010376,-0.1242489,0.9905692,-0.0577487,0.0176324
3/20/2026 11:53:9.813,-0.0011387,0.0087621,-0.0004600,0.9999608,-0.0022693,0.0175256,-0.0009400,-0.1287008,0.9903196,-0.0519920,0.0177133
3/20/2026 11:53:9.833,-0.0011785,0.0087830,-0.0004315,0.9999607,-0.0023494,0.0175673,-0.0008837,-0.1328326,0.9899446,-0.0486336,0.0177402
3/20/2026 11:53:9.853,-0.0011962,0.0088225,-0.0003577,0.9999602,-0.0023860,0.0176461,-0.0007365,-0.1342455,0.9901345,-0.0401458,0.0178474
3/20/2026 11:53:9.873,-0.0012018,0.0088670,-0.0002594,0.9999599,-0.0023990,0.0177348,-0.0005401,-0.1342549,0.9905229,-0.0289801,0.0179007
3/20/2026 11:53:9.893,-0.0012032,0.0089088,-0.0002213,0.9999595,-0.0024024,0.0178184,-0.0004640,-0.1338051,0.9907020,-0.0246105,0.0179937
3/20/2026 11:53:9.913,-0.0012329,0.0089351,-0.0001905,0.9999593,-0.0024623,0.0178709,-0.0004031,-0.1366571,0.9903933,-0.0211180,0.0180467
3/20/2026 11:53:9.933,-0.0012562,0.0089617,-0.0001260,0.9999590,-0.0025099,0.0179239,-0.0002746,-0.1387992,0.9902226,-0.0139277,0.0181126
3/20/2026 11:53:9.953,-0.0013062,0.0089711,-0.0000446,0.9999589,-0.0026115,0.0179426,-0.0001126,-0.1440789,0.9895540,-0.0049152,0.0181258
3/20/2026 11:53:9.973,-0.0013571,0.0090038,0.0000097,0.9999585,-0.0027143,0.0180079,-0.0000050,-0.1490451,0.9888299,0.0010650,0.0182176
3/20/2026 11:53:9.993,-0.0013823,0.0090308,0.0000111,0.9999582,-0.0027646,0.0180618,-0.0000029,-0.1513013,0.9884869,0.0012097,0.0182829
3/20/2026 11:53:10.013,-0.0014179,0.0090349,0.0000139,0.9999582,-0.0028359,0.0180700,0.0000023,-0.1550380,0.9879073,0.0015251,0.0182829
3/20/2026 11:53:10.033,-0.0014559,0.0090251,0.0000052,0.9999580,-0.0029119,0.0180505,-0.0000159,-0.1592620,0.9872362,0.0005653,0.0183220
3/20/2026 11:53:10.053,-0.0014743,0.0090584,-0.0000058,0.9999580,-0.0029484,0.0181171,-0.0000382,-0.1606410,0.9870127,-0.0006266,0.0183350
3/20/2026 11:53:10.073,-0.0015100,0.0090800,0.0000037,0.9999576,-0.0030199,0.0181602,-0.0000201,-0.1640472,0.9864524,0.0003995,0.0184129
3/20/2026 11:53:10.093,-0.0015521,0.0091069,0.0000234,0.9999573,-0.0031046,0.0182140,0.0000185,-0.1680126,0.9857817,0.0025292,0.0184775
3/20/2026 11:53:10.113,-0.0015413,0.0091321,0.0000419,0.9999570,-0.0030832,0.0182643,0.0000556,-0.1664200,0.9860446,0.0045205,0.0185419
3/20/2026 11:53:10.133,-0.0015384,0.0091252,0.0000450,0.9999571,-0.0030775,0.0182505,0.0000619,-0.1662433,0.9860728,0.0048635,0.0185162
3/20/2026 11:53:10.153,-0.0015503,0.0091070,0.0000565,0.9999573,-0.0031016,0.0182142,0.0000847,-0.1678176,0.9857991,0.0061135,0.0184904
3/20/2026 11:53:10.173,-0.0015714,0.0090836,0.0000691,0.9999575,-0.0031438,0.0181672,0.0001096,-0.1704525,0.9853375,0.0074904,0.0184387
3/20/2026 11:53:10.193,-0.0015686,0.0090635,0.0000590,0.9999576,-0.0031382,0.0181271,0.0000895,-0.1705336,0.9853310,0.0064118,0.0184129
3/20/2026 11:53:10.213,-0.0015902,0.0090549,0.0000766,0.9999577,-0.0031817,0.0181099,0.0001244,-0.1729647,0.9848927,0.0083336,0.0183870
3/20/2026 11:53:10.233,-0.0016552,0.0090292,0.0001729,0.9999578,-0.0033134,0.0180582,0.0003160,-0.1802781,0.9834353,0.0188369,0.0183740
3/20/2026 11:53:10.253,-0.0016936,0.0090001,0.0002407,0.9999580,-0.0033914,0.0179997,0.0004509,-0.1848689,0.9824119,0.0262756,0.0183220
3/20/2026 11:53:10.273,-0.0017166,0.0089842,0.0003093,0.9999581,-0.0034387,0.0179677,0.0005878,-0.1875683,0.9816698,0.0338009,0.0183090
3/20/2026 11:53:10.293,-0.0017227,0.0089640,0.0003678,0.9999583,-0.0034519,0.0179270,0.0007046,-0.1885767,0.9812329,0.0402576,0.0182699
3/20/2026 11:53:10.313,-0.0017108,0.0089646,0.0003837,0.9999582,-0.0034283,0.0179281,0.0007367,-0.1872913,0.9814059,0.0420068,0.0182829
3/20/2026 11:53:10.333,-0.0017076,0.0089706,0.0003968,0.9999582,-0.0034221,0.0179402,0.0007629,-0.1868172,0.9814352,0.0434080,0.0182829
3/20/2026 11:53:10.353,-0.0017096,0.0089877,0.0004573,0.9999581,-0.0034272,0.0179741,0.0008838,-0.1866287,0.9811615,0.0499175,0.0183090
3/20/2026 11:53:10.373,-0.0017383,0.0089917,0.0005048,0.9999580,-0.0034855,0.0179820,0.0009783,-0.1895202,0.9803331,0.0550369,0.0183220
3/20/2026 11:53:10.393,-0.0017649,0.0090073,0.0005756,0.9999577,-0.0035400,0.0180128,0.0011194,-0.1919062,0.9794154,0.0625912,0.0183999
3/20/2026 11:53:10.413,-0.0017954,0.0090243,0.0006320,0.9999573,-0.0036020,0.0180467,0.0012316,-0.1946665,0.9784725,0.0685305,0.0184775
3/20/2026 11:53:10.433,-0.0018192,0.0090324,0.0006783,0.9999573,-0.0036505,0.0180626,0.0013238,-0.1969134,0.9776677,0.0734235,0.0184904
3/20/2026 11:53:10.453,-0.0018120,0.0090445,0.0007010,0.9999571,-0.0036366,0.0180869,0.0013691,-0.1958758,0.9776967,0.0757748,0.0185162
3/20/2026 11:53:10.473,-0.0018039,0.0090565,0.0007155,0.9999571,-0.0036207,0.0181107,0.0013982,-0.1947652,0.9778033,0.0772485,0.0185290
3/20/2026 11:53:10.493,-0.0018254,0.0090721,0.0007235,0.9999569,-0.0036637,0.0181419,0.0014138,-0.1966543,0.9773699,0.0779432,0.0185676
3/20/2026 11:53:10.513,-0.0018645,0.0090951,0.0007512,0.9999567,-0.0037426,0.0181878,0.0014685,-0.2001725,0.9764355,0.0806517,0.0186061
3/20/2026 11:53:10.533,-0.0018889,0.0091147,0.0007767,0.9999564,-0.0037919,0.0182268,0.0015190,-0.2022247,0.9758025,0.0831541,0.0186700
3/20/2026 11:53:10.553,-0.0019092,0.0091358,0.0007630,0.9999562,-0.0038322,0.0182690,0.0014910,-0.2038812,0.9755993,0.0814764,0.0187211
3/20/2026 11:53:10.573,-0.0019148,0.0091740,0.0007414,0.9999558,-0.0038430,0.0183454,0.0014477,-0.2036773,0.9758561,0.0788694,0.0188100
3/20/2026 11:53:10.593,-0.0018962,0.0092004,0.0007622,0.9999555,-0.0038062,0.0183983,0.0014894,-0.2011942,0.9762074,0.0808703,0.0188606
3/20/2026 11:53:10.613,-0.0019101,0.0092403,0.0007593,0.9999552,-0.0038341,0.0184780,0.0014832,-0.2017855,0.9761400,0.0802076,0.0189237
3/20/2026 11:53:10.633,-0.0019589,0.0092276,0.0008360,0.9999552,-0.0039330,0.0184523,0.0016359,-0.2068459,0.9743823,0.0882823,0.0189237
3/20/2026 11:53:10.653,-0.0020050,0.0092268,0.0009245,0.9999549,-0.0040269,0.0184503,0.0018120,-0.2113348,0.9725438,0.0974480,0.0189866
3/20/2026 11:53:10.673,-0.0020459,0.0092268,0.0009596,0.9999548,-0.0041092,0.0184499,0.0018814,-0.2153659,0.9712942,0.1010203,0.0190117
3/20/2026 11:53:10.693,-0.0020816,0.0092476,0.0009755,0.9999545,-0.0041811,0.0184915,0.0019123,-0.2184500,0.9704642,0.1023669,0.0190743
3/20/2026 11:53:10.713,-0.0021160,0.0092466,0.0009710,0.9999545,-0.0042497,0.0184895,0.0019028,-0.2219126,0.9697345,0.1018326,0.0190743
3/20/2026 11:53:10.733,-0.0021772,0.0088845,0.0009736,0.9999576,-0.0043714,0.0177652,0.0019085,-0.2366707,0.9658082,0.1058372,0.0184129
3/20/2026 11:53:10.753,-0.0022527,0.0088929,0.0009880,0.9999573,-0.0045228,0.0177817,0.0019359,-0.2441465,0.9638082,0.1070807,0.0184775
3/20/2026 11:53:10.773,-0.0023584,0.0088647,0.0010442,0.9999574,-0.0047351,0.0177248,0.0020465,-0.2554516,0.9601837,0.1131007,0.0184646
3/20/2026 11:53:10.793,-0.0024458,0.0088550,0.0010675,0.9999572,-0.0049103,0.0177051,0.0020916,-0.2644557,0.9574657,0.1154235,0.0185033
3/20/2026 11:53:10.813,-0.0025266,0.0088681,0.0010918,0.9999569,-0.0050724,0.0177311,0.0021387,-0.2721041,0.9550570,0.1175814,0.0185676
3/20/2026 11:53:10.833,-0.0026071,0.0088827,0.0012145,0.9999564,-0.0052356,0.0177595,0.0023827,-0.2792328,0.9513714,0.1300827,0.0186700
3/20/2026 11:53:10.853,-0.0027014,0.0089122,0.0013879,0.9999556,-0.0054274,0.0178173,0.0027276,-0.2869137,0.9465473,0.1474061,0.0188480
3/20/2026 11:53:10.873,-0.0028022,0.0089410,0.0015225,0.9999548,-0.0056314,0.0178738,0.0029949,-0.2951934,0.9418789,0.1603903,0.0190117
3/20/2026 11:53:10.893,-0.0028938,0.0089464,0.0016451,0.9999545,-0.0058168,0.0178837,0.0032383,-0.3031561,0.9372278,0.1723377,0.0190743
3/20/2026 11:53:10.913,-0.0029269,0.0089563,0.0017241,0.9999541,-0.0058845,0.0179030,0.0033958,-0.3055581,0.9350063,0.1799930,0.0191616
3/20/2026 11:53:10.933,-0.0029481,0.0089731,0.0018031,0.9999536,-0.0059284,0.0179361,0.0035533,-0.3065973,0.9331848,0.1875213,0.0192609
3/20/2026 11:53:10.953,-0.0029851,0.0089876,0.0018629,0.9999534,-0.0060034,0.0179646,0.0036720,-0.3092742,0.9311808,0.1930072,0.0192980
3/20/2026 11:53:10.973,-0.0030128,0.0089919,0.0019049,0.9999532,-0.0060597,0.0179727,0.0037554,-0.3114793,0.9296224,0.1969334,0.0193474
3/20/2026 11:53:10.993,-0.0030345,0.0089849,0.0019263,0.9999532,-0.0061033,0.0179585,0.0037980,-0.3135728,0.9284653,0.1990586,0.0193597
3/20/2026 11:53:11.013,-0.0030434,0.0089706,0.0019337,0.9999533,-0.0061213,0.0179299,0.0038126,-0.3147890,0.9278505,0.2000032,0.0193350
3/20/2026 11:53:11.033,-0.0030404,0.0089301,0.0019435,0.9999536,-0.0061153,0.0178489,0.0038326,-0.3156700,0.9271658,0.2017819,0.0192609
3/20/2026 11:53:11.053,-0.0030266,0.0089168,0.0019398,0.9999538,-0.0060875,0.0178223,0.0038254,-0.3148025,0.9274653,0.2017609,0.0192237
3/20/2026 11:53:11.073,-0.0030163,0.0092683,0.0019271,0.9999506,-0.0060681,0.0185255,0.0037981,-0.3035930,0.9328508,0.1939603,0.0198702
3/20/2026 11:53:11.093,-0.0030376,0.0092794,0.0019189,0.9999504,-0.0061105,0.0185477,0.0037814,-0.3052640,0.9325371,0.1928432,0.0199181
3/20/2026 11:53:11.113,-0.0030754,0.0092829,0.0018793,0.9999504,-0.0061854,0.0185547,0.0037013,-0.3088337,0.9322052,0.1887195,0.0199181
3/20/2026 11:53:11.133,-0.0030784,0.0092826,0.0018689,0.9999504,-0.0061912,0.0185541,0.0036805,-0.3091793,0.9322963,0.1877014,0.0199181
3/20/2026 11:53:11.153,-0.0030984,0.0092739,0.0018540,0.9999505,-0.0062309,0.0185368,0.0036505,-0.3113350,0.9318607,0.1862960,0.0199062
3/20/2026 11:53:11.173,-0.0031178,0.0092734,0.0018481,0.9999505,-0.0062696,0.0185358,0.0036382,-0.3131413,0.9313915,0.1856137,0.0199062
3/20/2026 11:53:11.193,-0.0031411,0.0092910,0.0018413,0.9999502,-0.0063161,0.0185708,0.0036241,-0.3147716,0.9310600,0.1845160,0.0199660
3/20/2026 11:53:11.213,-0.0031566,0.0093095,0.0018151,0.9999501,-0.0063467,0.0186080,0.0035714,-0.3157773,0.9312961,0.1815829,0.0199898
3/20/2026 11:53:11.233,-0.0031903,0.0093374,0.0018059,0.9999497,-0.0064141,0.0186639,0.0035521,-0.3180367,0.9308293,0.1800262,0.0200613
3/20/2026 11:53:11.253,-0.0032318,0.0093292,0.0018194,0.9999496,-0.0064973,0.0186471,0.0035784,-0.3219167,0.9292608,0.1812294,0.0200850
3/20/2026 11:53:11.273,-0.0032633,0.0093270,0.0018109,0.9999496,-0.0065600,0.0186428,0.0035609,-0.3248325,0.9284337,0.1802631,0.0200731
3/20/2026 11:53:11.293,-0.0032680,0.0093545,0.0017834,0.9999493,-0.0065692,0.0186978,0.0035055,-0.3245938,0.9291201,0.1771292,0.0201443
3/20/2026 11:53:11.313,-0.0032920,0.0093887,0.0017979,0.9999489,-0.0066174,0.0187662,0.0035340,-0.3256046,0.9286318,0.1778332,0.0202270
3/20/2026 11:53:11.333,-0.0033218,0.0094271,0.0017973,0.9999484,-0.0066773,0.0188428,0.0035320,-0.3270965,0.9282701,0.1769816,0.0203093
3/20/2026 11:53:11.353,-0.0033414,0.0094591,0.0017984,0.9999481,-0.0067165,0.0189067,0.0035336,-0.3278510,0.9281034,0.1764588,0.0203679
3/20/2026 11:53:11.373,-0.0033703,0.0095087,0.0017927,0.9999474,-0.0067744,0.0190059,0.0035212,-0.3289283,0.9280063,0.1749585,0.0205079
3/20/2026 11:53:11.393,-0.0033745,0.0095647,0.0017763,0.9999470,-0.0067826,0.0191181,0.0034879,-0.3277170,0.9288935,0.1725065,0.0206007
3/20/2026 11:53:11.413,-0.0033672,0.0096397,0.0017215,0.9999464,-0.0067673,0.0192685,0.0033780,-0.3251764,0.9309254,0.1662474,0.0207046
3/20/2026 11:53:11.433,-0.0033537,0.0097098,0.0016919,0.9999458,-0.0067400,0.0194088,0.0033185,-0.3221315,0.9326428,0.1625079,0.0208309
3/20/2026 11:53:11.453,-0.0033808,0.0097416,0.0016928,0.9999454,-0.0067942,0.0194723,0.0033196,-0.3235325,0.9322464,0.1619978,0.0208994
3/20/2026 11:53:11.473,-0.0034142,0.0097745,0.0017056,0.9999449,-0.0068614,0.0195380,0.0033443,-0.3253726,0.9315113,0.1625409,0.0209905
3/20/2026 11:53:11.493,-0.0034576,0.0098050,0.0016961,0.9999445,-0.0069482,0.0195989,0.0033243,-0.3282260,0.9307762,0.1610077,0.0210699
3/20/2026 11:53:11.513,-0.0034859,0.0098208,0.0016999,0.9999442,-0.0070049,0.0196303,0.0033313,-0.3301404,0.9301007,0.1609965,0.0211264
3/20/2026 11:53:11.533,-0.0035205,0.0098427,0.0017111,0.9999439,-0.0070744,0.0196739,0.0033529,-0.3323631,0.9292139,0.1615437,0.0211940
3/20/2026 11:53:11.553,-0.0035283,0.0098714,0.0017230,0.9999434,-0.0070902,0.0197312,0.0033762,-0.3321165,0.9291903,0.1621852,0.0212726
3/20/2026 11:53:11.573,-0.0035121,0.0098938,0.0017235,0.9999434,-0.0070580,0.0197762,0.0033775,-0.3301107,0.9299373,0.1619984,0.0212838
3/20/2026 11:53:11.593,-0.0035236,0.0098914,0.0017014,0.9999434,-0.0070805,0.0197714,0.0033330,-0.3312544,0.9298851,0.1599506,0.0212726
3/20/2026 11:53:11.613,-0.0035590,0.0098726,0.0016882,0.9999435,-0.0071510,0.0197339,0.0033060,-0.3348255,0.9287994,0.1588195,0.0212614
3/20/2026 11:53:11.633,-0.0036146,0.0098467,0.0016874,0.9999436,-0.0072620,0.0196818,0.0033035,-0.3402258,0.9268330,0.1588305,0.0212502
3/20/2026 11:53:11.653,-0.0036436,0.0098345,0.0016902,0.9999436,-0.0073202,0.0196574,0.0033086,-0.3429920,0.9257654,0.1591066,0.0212502
3/20/2026 11:53:11.673,-0.0036655,0.0098286,0.0016627,0.9999436,-0.0073633,0.0196457,0.0032532,-0.3451244,0.9254085,0.1565506,0.0212502
3/20/2026 11:53:11.693,-0.0036700,0.0098386,0.0016337,0.9999435,-0.0073718,0.0196658,0.0031950,-0.3453456,0.9257993,0.1537274,0.0212614
3/20/2026 11:53:11.713,-0.0036849,0.0098328,0.0016173,0.9999436,-0.0074012,0.0196543,0.0031620,-0.3468335,0.9254915,0.1522241,0.0212389
3/20/2026 11:53:11.733,-0.0037427,0.0098266,0.0016188,0.9999434,-0.0075168,0.0196419,0.0031639,-0.3517853,0.9236323,0.1521526,0.0212726
3/20/2026 11:53:11.753,-0.0037944,0.0098353,0.0016102,0.9999432,-0.0076201,0.0196591,0.0031457,-0.3558091,0.9222804,0.1509924,0.0213174
3/20/2026 11:53:11.773,-0.0038186,0.0098614,0.0015937,0.9999428,-0.0076683,0.0197114,0.0031119,-0.3570657,0.9221157,0.1490194,0.0213844
3/20/2026 11:53:11.793,-0.0038148,0.0098763,0.0015946,0.9999427,-0.0076607,0.0197412,0.0031137,-0.3562942,0.9224283,0.1489307,0.0214067
3/20/2026 11:53:11.813,-0.0038194,0.0098937,0.0015810,0.9999425,-0.0076697,0.0197761,0.0030864,-0.3562026,0.9227019,0.1474480,0.0214400
3/20/2026 11:53:11.833,-0.0038197,0.0099250,0.0016009,0.9999422,-0.0076708,0.0198386,0.0031260,-0.3551701,0.9228728,0.1488623,0.0215067
3/20/2026 11:53:11.853,-0.0038557,0.0095428,0.0015955,0.9999458,-0.0077414,0.0190740,0.0031174,-0.3701955,0.9162354,0.1531926,0.0208309
3/20/2026 11:53:11.873,-0.0038666,0.0095500,0.0015639,0.9999457,-0.0077627,0.0190885,0.0030538,-0.3710358,0.9164125,0.1500687,0.0208423
3/20/2026 11:53:11.893,-0.0038674,0.0095697,0.0015377,0.9999455,-0.0077640,0.0191283,0.0030013,-0.3706016,0.9170287,0.1473521,0.0208766
3/20/2026 11:53:11.913,-0.0038356,0.0096024,0.0015027,0.9999455,-0.0076997,0.0191939,0.0029316,-0.3670873,0.9190017,0.1438149,0.0208880
3/20/2026 11:53:11.933,-0.0038259,0.0096380,0.0014699,0.9999450,-0.0076797,0.0192655,0.0028660,-0.3652973,0.9202498,0.1403501,0.0209678
3/20/2026 11:53:11.953,-0.0038199,0.0096476,0.0014465,0.9999450,-0.0076673,0.0192849,0.0028192,-0.3646093,0.9208679,0.1380660,0.0209678
3/20/2026 11:53:11.973,-0.0038286,0.0096719,0.0014509,0.9999449,-0.0076849,0.0193333,0.0028278,-0.3645303,0.9208869,0.1381489,0.0210019
3/20/2026 11:53:11.993,-0.0038212,0.0096734,0.0014530,0.9999448,-0.0076702,0.0193364,0.0028319,-0.3638629,0.9211201,0.1383528,0.0210132
3/20/2026 11:53:12.013,-0.0038223,0.0096631,0.0014530,0.9999449,-0.0076722,0.0193158,0.0028321,-0.3642779,0.9209374,0.1384772,0.0209905
3/20/2026 11:53:12.033,-0.0038094,0.0096649,0.0014322,0.9999450,-0.0076461,0.0193195,0.0027907,-0.3632571,0.9216247,0.1365729,0.0209791
3/20/2026 11:53:12.053,-0.0037740,0.0096889,0.0013919,0.9999449,-0.0075747,0.0193679,0.0027106,-0.3597511,0.9235668,0.1326782,0.0209905
3/20/2026 11:53:12.073,-0.0037420,0.0097232,0.0013433,0.9999447,-0.0075098,0.0194370,0.0026138,-0.3562270,0.9256078,0.1278768,0.0210246
3/20/2026 11:53:12.093,-0.0037442,0.0097240,0.0013351,0.9999447,-0.0075139,0.0194387,0.0025973,-0.3564142,0.9256441,0.1270905,0.0210359
3/20/2026 11:53:12.113,-0.0037741,0.0097125,0.0013674,0.9999447,-0.0075744,0.0194155,0.0026613,-0.3591159,0.9241794,0.1301082,0.0210246
3/20/2026 11:53:12.133,-0.0037751,0.0097136,0.0013893,0.9999446,-0.0075769,0.0194175,0.0027052,-0.3590705,0.9239083,0.1321429,0.0210472
3/20/2026 11:53:12.153,-0.0037522,0.0097123,0.0013863,0.9999448,-0.0075310,0.0194149,0.0026996,-0.3572221,0.9246480,0.1319786,0.0210132
3/20/2026 11:53:12.173,-0.0037600,0.0097273,0.0014004,0.9999447,-0.0075469,0.0194448,0.0027277,-0.3573335,0.9244455,0.1330919,0.0210359
3/20/2026 11:53:12.193,-0.0037627,0.0097294,0.0014164,0.9999445,-0.0075526,0.0194488,0.0027594,-0.3574201,0.9242020,0.1345425,0.0210699
3/20/2026 11:53:12.213,-0.0037508,0.0097413,0.0014270,0.9999444,-0.0075290,0.0194725,0.0027808,-0.3560143,0.9246129,0.1354428,0.0210812
3/20/2026 11:53:12.233,-0.0037748,0.0097348,0.0014341,0.9999444,-0.0075771,0.0194596,0.0027946,-0.3581693,0.9236876,0.1360734,0.0210812
3/20/2026 11:53:12.253,-0.0037938,0.0097494,0.0014535,0.9999442,-0.0076156,0.0194886,0.0028330,-0.3591920,0.9230617,0.1376162,0.0211264
3/20/2026 11:53:12.273,-0.0038214,0.0097500,0.0014628,0.9999440,-0.0076710,0.0194895,0.0028511,-0.3614043,0.9220887,0.1383451,0.0211602
3/20/2026 11:53:12.293,-0.0038401,0.0097475,0.0014725,0.9999440,-0.0077086,0.0194843,0.0028701,-0.3629726,0.9213461,0.1391838,0.0211602
3/20/2026 11:53:12.313,-0.0038446,0.0097589,0.0014894,0.9999439,-0.0077178,0.0195070,0.0029036,-0.3628974,0.9211633,0.1405834,0.0211827
3/20/2026 11:53:12.333,-0.0038626,0.0097426,0.0014824,0.9999439,-0.0077538,0.0194744,0.0028894,-0.3649265,0.9204429,0.1400480,0.0211827
3/20/2026 11:53:12.353,-0.0038984,0.0097244,0.0014946,0.9999440,-0.0078255,0.0194379,0.0029134,-0.3683722,0.9188879,0.1412337,0.0211715
3/20/2026 11:53:12.373,-0.0039120,0.0097091,0.0015038,0.9999440,-0.0078528,0.0194072,0.0029315,-0.3699268,0.9181140,0.1421998,0.0211602
3/20/2026 11:53:12.393,-0.0039202,0.0096975,0.0014873,0.9999442,-0.0078689,0.0193841,0.0028985,-0.3710525,0.9178797,0.1407721,0.0211377
3/20/2026 11:53:12.413,-0.0039232,0.0096940,0.0014839,0.9999442,-0.0078748,0.0193771,0.0028917,-0.3714272,0.9177716,0.1404887,0.0211264
3/20/2026 11:53:12.433,-0.0039104,0.0097032,0.0014544,0.9999442,-0.0078486,0.0193957,0.0028328,-0.3702257,0.9186797,0.1376967,0.0211377
3/20/2026 11:53:12.453,-0.0039170,0.0097051,0.0014430,0.9999442,-0.0078617,0.0193996,0.0028099,-0.3707621,0.9186295,0.1365843,0.0211377
3/20/2026 11:53:12.473,-0.0039122,0.0096994,0.0014491,0.9999443,-0.0078521,0.0193881,0.0028222,-0.3705229,0.9186279,0.1372426,0.0211151
3/20/2026 11:53:12.493,-0.0039337,0.0096834,0.0014595,0.9999443,-0.0078953,0.0193561,0.0028427,-0.3727446,0.9175707,0.1382952,0.0211038
3/20/2026 11:53:12.513,-0.0039523,0.0096749,0.0014619,0.9999443,-0.0079325,0.0193390,0.0028472,-0.3745239,0.9168106,0.1385285,0.0211038
3/20/2026 11:53:12.533,-0.0039384,0.0096853,0.0014417,0.9999443,-0.0079043,0.0193599,0.0028071,-0.3731539,0.9176579,0.1366021,0.0211038
3/20/2026 11:53:12.553,-0.0039315,0.0100599,0.0014257,0.9999407,-0.0078912,0.0201094,0.0027722,-0.3608658,0.9233908,0.1308638,0.0217820
3/20/2026 11:53:12.573,-0.0039554,0.0100452,0.0014230,0.9999408,-0.0079389,0.0200799,0.0027665,-0.3632362,0.9224868,0.1306807,0.0217711
3/20/2026 11:53:12.593,-0.0039667,0.0100393,0.0014184,0.9999406,-0.0079614,0.0200682,0.0027571,-0.3643375,0.9221094,0.1302784,0.0217930
3/20/2026 11:53:12.613,-0.0039782,0.0100429,0.0013955,0.9999406,-0.0079841,0.0200755,0.0027110,-0.3652465,0.9220519,0.1281223,0.0217930
3/20/2026 11:53:12.633,-0.0039744,0.0100548,0.0013540,0.9999405,-0.0079756,0.0200996,0.0026279,-0.3647488,0.9227774,0.1242592,0.0218149
3/20/2026 11:53:12.653,-0.0039715,0.0100740,0.0013126,0.9999405,-0.0079690,0.0201384,0.0025451,-0.3640950,0.9235553,0.1203349,0.0218258
3/20/2026 11:53:12.673,-0.0039744,0.0100730,0.0013110,0.9999406,-0.0079747,0.0201363,0.0025419,-0.3643609,0.9234688,0.1201935,0.0218039
3/20/2026 11:53:12.693,-0.0039908,0.0100747,0.0013170,0.9999405,-0.0080078,0.0201396,0.0025534,-0.3655910,0.9229238,0.1206435,0.0218258
3/20/2026 11:53:12.713,-0.0039890,0.0100829,0.0013184,0.9999402,-0.0080041,0.0201562,0.0025562,-0.3651827,0.9230789,0.1206935,0.0218694
3/20/2026 11:53:12.733,-0.0039987,0.0100882,0.0013222,0.9999402,-0.0080237,0.0201666,0.0025637,-0.3657799,0.9228089,0.1209498,0.0218803
3/20/2026 11:53:12.753,-0.0040189,0.0100879,0.0013233,0.9999401,-0.0080641,0.0201660,0.0025654,-0.3673798,0.9221711,0.1209644,0.0218912
3/20/2026 11:53:12.773,-0.0040262,0.0100971,0.0013295,0.9999400,-0.0080789,0.0201844,0.0025776,-0.3676496,0.9220062,0.1214012,0.0219021
3/20/2026 11:53:12.793,-0.0040310,0.0101011,0.0013339,0.9999399,-0.0080886,0.0201923,0.0025863,-0.3678870,0.9218671,0.1217378,0.0219348
3/20/2026 11:53:12.813,-0.0040375,0.0101174,0.0013272,0.9999398,-0.0081015,0.0202249,0.0025725,-0.3679248,0.9219573,0.1209387,0.0219456
3/20/2026 11:53:12.833,-0.0040543,0.0101359,0.0012968,0.9999396,-0.0081346,0.0202621,0.0025114,-0.3687969,0.9219940,0.1179652,0.0219890
3/20/2026 11:53:12.853,-0.0040446,0.0101336,0.0012617,0.9999397,-0.0081143,0.0202578,0.0024414,-0.3682355,0.9226086,0.1148736,0.0219673
3/20/2026 11:53:12.873,-0.0040607,0.0097826,0.0012495,0.9999431,-0.0081455,0.0195558,0.0024194,-0.3807402,0.9172308,0.1171512,0.0213397
3/20/2026 11:53:12.893,-0.0040644,0.0098003,0.0012534,0.9999429,-0.0081530,0.0195913,0.0024271,-0.3804395,0.9173335,0.1173241,0.0213732
3/20/2026 11:53:12.913,-0.0040714,0.0098157,0.0012362,0.9999428,-0.0081667,0.0196221,0.0023925,-0.3805674,0.9175050,0.1155555,0.0213955
3/20/2026 11:53:12.933,-0.0040530,0.0098303,0.0012187,0.9999428,-0.0081295,0.0196516,0.0023576,-0.3786873,0.9184938,0.1138642,0.0213955
3/20/2026 11:53:12.953,-0.0040583,0.0098474,0.0012186,0.9999425,-0.0081402,0.0196857,0.0023573,-0.3785573,0.9185709,0.1136751,0.0214512
3/20/2026 11:53:12.973,-0.0040737,0.0098578,0.0012355,0.9999422,-0.0081714,0.0197064,0.0023905,-0.3793859,0.9180567,0.1150576,0.0214956
3/20/2026 11:53:12.993,-0.0040943,0.0098664,0.0012509,0.9999422,-0.0082129,0.0197233,0.0024210,-0.3806820,0.9173622,0.1163092,0.0214956
3/20/2026 11:53:13.013,-0.0041040,0.0098784,0.0012484,0.9999419,-0.0082322,0.0197474,0.0024156,-0.3810708,0.9172504,0.1159173,0.0215510
3/20/2026 11:53:13.033,-0.0040791,0.0099019,0.0012329,0.9999419,-0.0081822,0.0197946,0.0023849,-0.3783970,0.9185508,0.1143681,0.0215510
3/20/2026 11:53:13.053,-0.0040674,0.0099134,0.0012125,0.9999419,-0.0081585,0.0198176,0.0023444,-0.3771827,0.9192877,0.1124425,0.0215620
3/20/2026 11:53:13.073,-0.0040795,0.0099132,0.0012008,0.9999418,-0.0081825,0.0198174,0.0023206,-0.3781950,0.9190086,0.1113193,0.0215841
3/20/2026 11:53:13.093,-0.0041017,0.0098852,0.0012007,0.9999419,-0.0082268,0.0197614,0.0023202,-0.3808621,0.9178858,0.1114885,0.0215510
3/20/2026 11:53:13.113,-0.0041092,0.0098816,0.0011927,0.9999420,-0.0082415,0.0197542,0.0023042,-0.3816005,0.9176667,0.1107657,0.0215399
3/20/2026 11:53:13.133,-0.0041203,0.0098928,0.0011932,0.9999418,-0.0082638,0.0197766,0.0023049,-0.3821175,0.9174643,0.1106597,0.0215731
3/20/2026 11:53:13.153,-0.0041355,0.0099024,0.0012025,0.9999416,-0.0082944,0.0197956,0.0023230,-0.3829726,0.9170232,0.1113575,0.0216172
3/20/2026 11:53:13.173,-0.0041389,0.0099274,0.0011962,0.9999414,-0.0083012,0.0198458,0.0023102,-0.3824561,0.9173380,0.1105367,0.0216503
3/20/2026 11:53:13.193,-0.0041493,0.0099508,0.0011894,0.9999411,-0.0083219,0.0198926,0.0022962,-0.3825432,0.9174069,0.1096597,0.0217053
3/20/2026 11:53:13.213,-0.0041663,0.0099780,0.0012083,0.9999408,-0.0083563,0.0199468,0.0023334,-0.3829259,0.9170792,0.1110570,0.0217711
3/20/2026 11:53:13.233,-0.0041680,0.0100191,0.0012190,0.9999403,-0.0083600,0.0200288,0.0023545,-0.3816963,0.9175211,0.1116374,0.0218476
3/20/2026 11:53:13.253,-0.0041686,0.0100541,0.0012188,0.9999400,-0.0083614,0.0200989,0.0023538,-0.3806254,0.9180083,0.1112886,0.0219130
3/20/2026 11:53:13.273,-0.0041668,0.0100847,0.0012095,0.9999398,-0.0083577,0.0201602,0.0023349,-0.3795465,0.9185896,0.1101711,0.0219456
3/20/2026 11:53:13.293,-0.0041651,0.0101093,0.0012111,0.9999394,-0.0083543,0.0202093,0.0023380,-0.3786283,0.9189773,0.1100970,0.0220107
3/20/2026 11:53:13.313,-0.0041561,0.0101489,0.0011892,0.9999392,-0.0083359,0.0202888,0.0022940,-0.3767573,0.9200175,0.1078037,0.0220540
3/20/2026 11:53:13.333,-0.0041498,0.0101704,0.0011636,0.9999390,-0.0083228,0.0203320,0.0022426,-0.3756855,0.9207411,0.1053381,0.0220864
3/20/2026 11:53:13.353,-0.0041383,0.0101790,0.0011375,0.9999389,-0.0082994,0.0203495,0.0021906,-0.3746173,0.9214444,0.1029667,0.0221080
3/20/2026 11:53:13.373,-0.0041329,0.0101661,0.0011259,0.9999391,-0.0082882,0.0203237,0.0021677,-0.3746378,0.9215367,0.1020610,0.0220648
3/20/2026 11:53:13.393,-0.0041219,0.0101643,0.0010991,0.9999391,-0.0082657,0.0203203,0.0021144,-0.3739286,0.9220820,0.0997100,0.0220648
3/20/2026 11:53:13.413,-0.0041126,0.0101515,0.0010910,0.9999394,-0.0082470,0.0202949,0.0020984,-0.3736321,0.9222661,0.0991178,0.0220215
3/20/2026 11:53:13.433,-0.0041093,0.0101632,0.0010869,0.9999393,-0.0082404,0.0203183,0.0020902,-0.3730251,0.9225606,0.0986619,0.0220432
3/20/2026 11:53:13.453,-0.0040957,0.0101611,0.0010465,0.9999394,-0.0082122,0.0203144,0.0020096,-0.3721558,0.9232869,0.0950864,0.0220215
3/20/2026 11:53:13.473,-0.0040816,0.0101612,0.0010387,0.9999395,-0.0081839,0.0203148,0.0019944,-0.3710716,0.9237902,0.0944320,0.0219999
3/20/2026 11:53:13.493,-0.0040853,0.0101641,0.0010561,0.9999394,-0.0081916,0.0203204,0.0020291,-0.3712132,0.9235756,0.0959631,0.0220215
3/20/2026 11:53:13.513,-0.0040978,0.0101610,0.0010944,0.9999393,-0.0082175,0.0203138,0.0021054,-0.3721684,0.9228283,0.0993915,0.0220324
3/20/2026 11:53:13.533,-0.0041050,0.0101725,0.0011119,0.9999391,-0.0082323,0.0203366,0.0021401,-0.3723133,0.9226124,0.1008422,0.0220648
3/20/2026 11:53:13.553,-0.0041087,0.0101747,0.0011007,0.9999391,-0.0082395,0.0203413,0.0021178,-0.3725707,0.9226204,0.0998133,0.0220648
3/20/2026 11:53:13.573,-0.0041083,0.0101748,0.0010904,0.9999391,-0.0082384,0.0203414,0.0020971,-0.3725694,0.9227210,0.0988840,0.0220648
3/20/2026 11:53:13.593,-0.0040942,0.0102026,0.0009725,0.9999390,-0.0082078,0.0203980,0.0018615,-0.3709728,0.9244533,0.0881208,0.0220864
3/20/2026 11:53:13.613,-0.0040676,0.0101995,0.0008167,0.9999394,-0.0081514,0.0203933,0.0015504,-0.3694079,0.9263026,0.0741714,0.0220215
3/20/2026 11:53:13.633,-0.0040499,0.0105594,0.0006599,0.9999357,-0.0081134,0.0211143,0.0012343,-0.3574955,0.9320962,0.0582544,0.0226724
3/20/2026 11:53:13.653,-0.0040143,0.0105530,0.0005102,0.9999362,-0.0080389,0.0211029,0.0009356,-0.3551742,0.9337096,0.0451401,0.0225986
3/20/2026 11:53:13.673,-0.0040047,0.0105585,0.0004012,0.9999361,-0.0080175,0.0211147,0.0007177,-0.3544127,0.9344150,0.0355021,0.0226092
3/20/2026 11:53:13.693,-0.0039975,0.0105579,0.0003197,0.9999362,-0.0080013,0.0211141,0.0005549,-0.3539513,0.9348354,0.0283038,0.0225986
3/20/2026 11:53:13.713,-0.0039945,0.0105655,0.0002442,0.9999362,-0.0079938,0.0211300,0.0004040,-0.3535583,0.9351627,0.0216176,0.0225986
3/20/2026 11:53:13.733,-0.0039829,0.0105935,0.0001814,0.9999359,-0.0079692,0.0211865,0.0002784,-0.3518761,0.9359094,0.0160253,0.0226408
3/20/2026 11:53:13.753,-0.0039630,0.0106012,0.0001391,0.9999359,-0.0079286,0.0212022,0.0001942,-0.3501346,0.9366187,0.0122901,0.0226513
3/20/2026 11:53:13.773,-0.0039333,0.0106045,0.0001101,0.9999361,-0.0078686,0.0212090,0.0001368,-0.3477449,0.9375387,0.0097338,0.0226092
3/20/2026 11:53:13.793,-0.0039279,0.0106100,0.0001125,0.9999360,-0.0078577,0.0212199,0.0001416,-0.3471628,0.9377521,0.0099426,0.0226303
3/20/2026 11:53:13.813,-0.0039190,0.0106338,0.0001179,0.9999357,-0.0078400,0.0212676,0.0001524,-0.3457838,0.9382566,0.0104013,0.0226724
3/20/2026 11:53:13.833,-0.0039132,0.0106459,0.0001162,0.9999356,-0.0078285,0.0212918,0.0001491,-0.3449914,0.9385499,0.0102464,0.0226934
3/20/2026 11:53:13.853,-0.0039008,0.0106397,0.0001180,0.9999358,-0.0078037,0.0212793,0.0001530,-0.3442030,0.9388375,0.0104127,0.0226618
3/20/2026 11:53:13.873,-0.0038687,0.0106492,0.0001140,0.9999359,-0.0077393,0.0212984,0.0001456,-0.3414306,0.9398531,0.0100633,0.0226513
3/20/2026 11:53:13.893,-0.0038343,0.0106449,0.0001137,0.9999360,-0.0076707,0.0212898,0.0001457,-0.3388730,0.9407785,0.0100451,0.0226303
3/20/2026 11:53:13.913,-0.0038084,0.0106459,0.0000965,0.9999360,-0.0076185,0.0212920,0.0001119,-0.3368171,0.9415314,0.0085353,0.0226303
3/20/2026 11:53:13.933,-0.0037993,0.0106532,0.0000752,0.9999360,-0.0075997,0.0213066,0.0000695,-0.3359028,0.9418732,0.0066493,0.0226303
3/20/2026 11:53:13.953,-0.0037831,0.0106370,0.0000589,0.9999362,-0.0075670,0.0212744,0.0000373,-0.3350870,0.9421728,0.0052145,0.0225881
3/20/2026 11:53:13.973,-0.0037629,0.0106304,0.0000182,0.9999364,-0.0075257,0.0212615,-0.0000436,-0.3336850,0.9426833,0.0016128,0.0225564
3/20/2026 11:53:13.993,-0.0037469,0.0106236,-0.0000096,0.9999366,-0.0074931,0.0212481,-0.0000987,-0.3326129,0.9430630,-0.0008484,0.0225247
3/20/2026 11:53:14.013,-0.0037229,0.0106116,-0.0000206,0.9999366,-0.0074451,0.0212243,-0.0001202,-0.3310531,0.9436104,-0.0018298,0.0225141
3/20/2026 11:53:14.033,-0.0037127,0.0106052,-0.0000107,0.9999369,-0.0074247,0.0212114,-0.0001001,-0.3304159,0.9438348,-0.0009483,0.0224717
3/20/2026 11:53:14.053,-0.0037023,0.0105943,-0.0000077,0.9999369,-0.0074041,0.0211894,-0.0000939,-0.3299012,0.9440153,-0.0006876,0.0224611
3/20/2026 11:53:14.073,-0.0036689,0.0105926,-0.0000159,0.9999372,-0.0073370,0.0211860,-0.0001095,-0.3272855,0.9449245,-0.0014186,0.0224186
3/20/2026 11:53:14.093,-0.0036458,0.0105681,-0.0000352,0.9999374,-0.0072904,0.0211372,-0.0001475,-0.3261188,0.9453235,-0.0031502,0.0223760
3/20/2026 11:53:14.113,-0.0036251,0.0105678,-0.0000436,0.9999375,-0.0072488,0.0211367,-0.0001638,-0.3244693,0.9458882,-0.0039021,0.0223547
3/20/2026 11:53:14.133,-0.0035969,0.0105680,-0.0001023,0.9999377,-0.0071912,0.0211376,-0.0002806,-0.3221875,0.9466316,-0.0091613,0.0223226
3/20/2026 11:53:14.153,-0.0032451,0.0104217,-0.0001244,0.9999403,-0.0064872,0.0208450,-0.0003164,-0.2972780,0.9547229,-0.0113969,0.0218476
3/20/2026 11:53:14.173,-0.0032198,0.0104242,-0.0001102,0.9999404,-0.0064370,0.0208499,-0.0002875,-0.2951038,0.9554118,-0.0101002,0.0218367
3/20/2026 11:53:14.193,-0.0031919,0.0100750,-0.0001149,0.9999441,-0.0063812,0.0201513,-0.0002941,-0.3020053,0.9532443,-0.0108727,0.0211489
3/20/2026 11:53:14.213,-0.0031937,0.0100969,-0.0001406,0.9999439,-0.0063842,0.0201953,-0.0003458,-0.3015488,0.9533583,-0.0132796,0.0211940
3/20/2026 11:53:14.233,-0.0031572,0.0101419,-0.0002110,0.9999436,-0.0063098,0.0202858,-0.0004861,-0.2971758,0.9546162,-0.0198622,0.0212502
3/20/2026 11:53:14.253,-0.0031123,0.0101958,-0.0003507,0.9999431,-0.0062171,0.0203944,-0.0007648,-0.2917962,0.9559153,-0.0328772,0.0213285
3/20/2026 11:53:14.273,-0.0030654,0.0102449,-0.0004487,0.9999427,-0.0061212,0.0204932,-0.0009602,-0.2864003,0.9571924,-0.0419227,0.0214178
3/20/2026 11:53:14.293,-0.0030433,0.0102955,-0.0004807,0.9999422,-0.0060764,0.0205946,-0.0010241,-0.2831875,0.9580207,-0.0447346,0.0215067
3/20/2026 11:53:14.313,-0.0030266,0.0103163,-0.0004898,0.9999421,-0.0060427,0.0206363,-0.0010419,-0.2812190,0.9585639,-0.0455072,0.0215288
3/20/2026 11:53:14.333,-0.0030097,0.0103382,-0.0004867,0.9999418,-0.0060091,0.0206799,-0.0010357,-0.2792373,0.9591596,-0.0451598,0.0215731
3/20/2026 11:53:14.353,-0.0030053,0.0103584,-0.0004875,0.9999416,-0.0060002,0.0207203,-0.0010372,-0.2783568,0.9594159,-0.0451521,0.0216062
3/20/2026 11:53:14.373,-0.0030042,0.0104034,-0.0005011,0.9999412,-0.0059977,0.0208105,-0.0010646,-0.2771414,0.9597167,-0.0462223,0.0216833
3/20/2026 11:53:14.393,-0.0029819,0.0104495,-0.0005662,0.9999407,-0.0059516,0.0209029,-0.0011948,-0.2740367,0.9603103,-0.0520382,0.0217820
3/20/2026 11:53:14.413,-0.0029370,0.0104739,-0.0007071,0.9999406,-0.0058589,0.0209526,-0.0014756,-0.2694287,0.9608334,-0.0648645,0.0218039
3/20/2026 11:53:14.433,-0.0029195,0.0104891,-0.0007996,0.9999403,-0.0058219,0.0209835,-0.0016604,-0.2674220,0.9607916,-0.0732450,0.0218476
3/20/2026 11:53:14.453,-0.0028998,0.0105148,-0.0008412,0.9999400,-0.0057816,0.0210350,-0.0017433,-0.2650705,0.9611580,-0.0768958,0.0219021
3/20/2026 11:53:14.473,-0.0028682,0.0105362,-0.0009209,0.9999399,-0.0057167,0.0210783,-0.0019022,-0.2617384,0.9614733,-0.0840365,0.0219348
3/20/2026 11:53:14.493,-0.0028373,0.0105364,-0.0009942,0.9999400,-0.0056534,0.0210790,-0.0020481,-0.2589524,0.9616188,-0.0907353,0.0219130
3/20/2026 11:53:14.513,-0.0028295,0.0105343,-0.0010406,0.9999399,-0.0056367,0.0210752,-0.0021408,-0.2582266,0.9614047,-0.0949736,0.0219239
3/20/2026 11:53:14.533,-0.0028249,0.0105137,-0.0011076,0.9999401,-0.0056262,0.0210344,-0.0022745,-0.2581485,0.9607885,-0.1012165,0.0218912
3/20/2026 11:53:14.553,-0.0028288,0.0104792,-0.0011898,0.9999402,-0.0056323,0.0209658,-0.0024388,-0.2590596,0.9596955,-0.1089614,0.0218694
3/20/2026 11:53:14.573,-0.0028300,0.0104628,-0.0012707,0.9999405,-0.0056331,0.0209334,-0.0026006,-0.2593239,0.9587451,-0.1164428,0.0218149
3/20/2026 11:53:14.593,-0.0028358,0.0104606,-0.0013880,0.9999403,-0.0056423,0.0209296,-0.0028352,-0.2595330,0.9573435,-0.1270272,0.0218585
3/20/2026 11:53:14.613,-0.0028363,0.0104465,-0.0014535,0.9999403,-0.0056419,0.0209019,-0.0029661,-0.2596883,0.9564791,-0.1330779,0.0218476
3/20/2026 11:53:14.633,-0.0028141,0.0104439,-0.0015118,0.9999403,-0.0055962,0.0208969,-0.0030822,-0.2576632,0.9562683,-0.1384219,0.0218585
3/20/2026 11:53:14.653,-0.0027672,0.0104473,-0.0015270,0.9999404,-0.0055022,0.0209037,-0.0031116,-0.2535245,0.9571595,-0.1398970,0.0218367
3/20/2026 11:53:14.673,-0.0027476,0.0104427,-0.0015477,0.9999405,-0.0054626,0.0208946,-0.0031527,-0.2518795,0.9573014,-0.1418825,0.0218258
3/20/2026 11:53:14.693,-0.0027032,0.0104611,-0.0015726,0.9999404,-0.0053731,0.0209313,-0.0032016,-0.2475755,0.9581031,-0.1440304,0.0218367
3/20/2026 11:53:14.713,-0.0026759,0.0104730,-0.0016067,0.9999403,-0.0053179,0.0209551,-0.0032693,-0.2448644,0.9583454,-0.1470219,0.0218585
3/20/2026 11:53:14.733,-0.0026667,0.0104651,-0.0016507,0.9999403,-0.0052986,0.0209395,-0.0033571,-0.2440967,0.9579074,-0.1510965,0.0218476
3/20/2026 11:53:14.753,-0.0026777,0.0104599,-0.0017034,0.9999402,-0.0053195,0.0209295,-0.0034626,-0.2449726,0.9569247,-0.1558315,0.0218694
3/20/2026 11:53:14.773,-0.0026519,0.0104492,-0.0017494,0.9999402,-0.0052670,0.0209083,-0.0035541,-0.2428163,0.9567564,-0.1601790,0.0218694
3/20/2026 11:53:14.793,-0.0026059,0.0104524,-0.0018083,0.9999402,-0.0051738,0.0209148,-0.0036710,-0.2385711,0.9569099,-0.1655517,0.0218694
3/20/2026 11:53:14.813,-0.0025411,0.0104471,-0.0019072,0.9999403,-0.0050420,0.0209044,-0.0038674,-0.2327088,0.9567340,-0.1746618,0.0218476
3/20/2026 11:53:14.833,-0.0024970,0.0104535,-0.0019795,0.9999402,-0.0049524,0.0209173,-0.0040111,-0.2284906,0.9565462,-0.1811392,0.0218694
3/20/2026 11:53:14.853,-0.0025150,0.0104470,-0.0020029,0.9999402,-0.0049879,0.0209047,-0.0040582,-0.2300878,0.9557630,-0.1832393,0.0218803
3/20/2026 11:53:14.873,-0.0025385,0.0104264,-0.0020136,0.9999405,-0.0050346,0.0208635,-0.0040799,-0.2324969,0.9549521,-0.1844224,0.0218258
3/20/2026 11:53:14.893,-0.0025361,0.0104276,-0.0020224,0.9999403,-0.0050298,0.0208659,-0.0040976,-0.2322361,0.9548655,-0.1851977,0.0218476
3/20/2026 11:53:14.913,-0.0024896,0.0104427,-0.0020038,0.9999403,-0.0049370,0.0208959,-0.0040593,-0.2279671,0.9562247,-0.1834810,0.0218476
3/20/2026 11:53:14.933,-0.0024615,0.0104732,-0.0020262,0.9999400,-0.0048803,0.0209570,-0.0041038,-0.2248415,0.9566566,-0.1850799,0.0219021
3/20/2026 11:53:14.953,-0.0024514,0.0105244,-0.0020700,0.9999395,-0.0048589,0.0210594,-0.0041915,-0.2228001,0.9565369,-0.1881415,0.0219999
3/20/2026 11:53:14.973,-0.0024215,0.0105545,-0.0021402,0.9999390,-0.0047976,0.0211200,-0.0043313,-0.2193754,0.9561809,-0.1938881,0.0220864
3/20/2026 11:53:14.993,-0.0024087,0.0105496,-0.0021683,0.9999391,-0.0047713,0.0211101,-0.0043872,-0.2182514,0.9559109,-0.1964703,0.0220756
3/20/2026 11:53:15.013,-0.0023789,0.0105388,-0.0021786,0.9999393,-0.0047117,0.0210886,-0.0044072,-0.2158465,0.9562095,-0.1976702,0.0220324
3/20/2026 11:53:15.033,-0.0023386,0.0105207,-0.0021839,0.9999394,-0.0046310,0.0210522,-0.0044168,-0.2126655,0.9567299,-0.1985986,0.0220107
3/20/2026 11:53:15.053,-0.0022835,0.0105157,-0.0022007,0.9999397,-0.0045205,0.0210419,-0.0044491,-0.2079037,0.9574087,-0.2003615,0.0219673
3/20/2026 11:53:15.073,-0.0022373,0.0105269,-0.0022457,0.9999396,-0.0044270,0.0210643,-0.0045382,-0.2035048,0.9575286,-0.2042663,0.0219890
3/20/2026 11:53:15.093,-0.0022179,0.0105319,-0.0022614,0.9999395,-0.0043879,0.0210744,-0.0045693,-0.2016627,0.9576289,-0.2056186,0.0219999
3/20/2026 11:53:15.113,-0.0021807,0.0105437,-0.0022710,0.9999394,-0.0043133,0.0210979,-0.0045877,-0.1981786,0.9581923,-0.2063799,0.0220107
3/20/2026 11:53:15.133,-0.0026181,0.0105526,-0.0022527,0.9999384,-0.0051884,0.0211176,-0.0045604,-0.2357907,0.9503906,-0.2028808,0.0221941
3/20/2026 11:53:15.153,-0.0025869,0.0105535,-0.0022507,0.9999384,-0.0051261,0.0211192,-0.0045557,-0.2331288,0.9510589,-0.2028249,0.0222048
3/20/2026 11:53:15.173,-0.0025677,0.0100990,-0.0022317,0.9999432,-0.0050900,0.0202100,-0.0045150,-0.2409470,0.9476755,-0.2094173,0.0213174
3/20/2026 11:53:15.193,-0.0025252,0.0101181,-0.0022170,0.9999431,-0.0050053,0.0202479,-0.0044849,-0.2368536,0.9490315,-0.2079413,0.0213285
3/20/2026 11:53:15.213,-0.0024900,0.0101277,-0.0022112,0.9999432,-0.0049350,0.0202668,-0.0044727,-0.2335609,0.9499631,-0.2074111,0.0213174
3/20/2026 11:53:15.233,-0.0028342,0.0101410,-0.0022209,0.9999421,-0.0056230,0.0202952,-0.0044992,-0.2633665,0.9423611,-0.2063825,0.0215288
3/20/2026 11:53:15.253,-0.0027879,0.0101420,-0.0022154,0.9999422,-0.0055306,0.0202969,-0.0044872,-0.2593670,0.9435301,-0.2061057,0.0215067
3/20/2026 11:53:15.273,-0.0027477,0.0101619,-0.0021897,0.9999421,-0.0054507,0.0203363,-0.0044350,-0.2555520,0.9451035,-0.2036484,0.0215177
3/20/2026 11:53:15.293,-0.0027069,0.0101744,-0.0021873,0.9999421,-0.0053690,0.0203611,-0.0044295,-0.2517303,0.9461792,-0.2034126,0.0215288
3/20/2026 11:53:15.313,-0.0026886,0.0101928,-0.0021981,0.9999421,-0.0053321,0.0203980,-0.0044509,-0.2496781,0.9465678,-0.2041332,0.0215288
3/20/2026 11:53:15.333,-0.0026620,0.0102044,-0.0021860,0.9999420,-0.0052790,0.0204209,-0.0044262,-0.2471631,0.9474770,-0.2029726,0.0215399
3/20/2026 11:53:15.353,-0.0026485,0.0102221,-0.0021904,0.9999418,-0.0052519,0.0204563,-0.0044347,-0.2455846,0.9478585,-0.2031072,0.0215841
3/20/2026 11:53:15.373,-0.0026249,0.0102381,-0.0022068,0.9999418,-0.0052043,0.0204883,-0.0044671,-0.2431072,0.9482220,-0.2043864,0.0215841
3/20/2026 11:53:15.393,-0.0026005,0.0102555,-0.0022172,0.9999415,-0.0051552,0.0205230,-0.0044877,-0.2405672,0.9487128,-0.2051132,0.0216283
3/20/2026 11:53:15.413,-0.0025999,0.0102573,-0.0022004,0.9999416,-0.0051544,0.0205266,-0.0044539,-0.2405521,0.9490449,-0.2035888,0.0216172
3/20/2026 11:53:15.433,-0.0025935,0.0102648,-0.0021804,0.9999415,-0.0051419,0.0205415,-0.0044139,-0.2399224,0.9496053,-0.2017102,0.0216283
3/20/2026 11:53:15.453,-0.0029026,0.0102856,-0.0021749,0.9999405,-0.0057601,0.0205845,-0.0044093,-0.2661360,0.9430837,-0.1994112,0.0218149
3/20/2026 11:53:15.473,-0.0028238,0.0103031,-0.0021961,0.9999405,-0.0056021,0.0206192,-0.0044502,-0.2589128,0.9446794,-0.2013577,0.0218149
3/20/2026 11:53:15.493,-0.0027503,0.0103134,-0.0022215,0.9999406,-0.0054545,0.0206395,-0.0044996,-0.2522643,0.9459621,-0.2037607,0.0217930
3/20/2026 11:53:15.513,-0.0026947,0.0103117,-0.0022088,0.9999407,-0.0053435,0.0206359,-0.0044730,-0.2475686,0.9473801,-0.2029302,0.0217820
3/20/2026 11:53:15.533,-0.0026769,0.0103220,-0.0021639,0.9999407,-0.0053089,0.0206561,-0.0043829,-0.2460230,0.9486422,-0.1988734,0.0217820
3/20/2026 11:53:15.553,-0.0026435,0.0103555,-0.0021281,0.9999406,-0.0052426,0.0207228,-0.0043109,-0.2425802,0.9502720,-0.1952898,0.0218039
3/20/2026 11:53:15.573,-0.0026217,0.0103568,-0.0020695,0.9999408,-0.0052003,0.0207250,-0.0041931,-0.2409195,0.9517307,-0.1901746,0.0217711
3/20/2026 11:53:15.593,-0.0025997,0.0103555,-0.0020296,0.9999410,-0.0051571,0.0207221,-0.0041128,-0.2392062,0.9528410,-0.1867471,0.0217273
3/20/2026 11:53:15.613,-0.0025703,0.0099717,-0.0020278,0.9999448,-0.0051000,0.0199543,-0.0041068,-0.2449011,0.9501013,-0.1932122,0.0210132
3/20/2026 11:53:15.633,-0.0025404,0.0099609,-0.0019975,0.9999452,-0.0050407,0.0199324,-0.0040455,-0.2425891,0.9511918,-0.1907476,0.0209450
3/20/2026 11:53:15.653,-0.0025360,0.0096186,-0.0019755,0.9999484,-0.0050338,0.0192477,-0.0039997,-0.2500598,0.9484332,-0.1947934,0.0203093
3/20/2026 11:53:15.673,-0.0025240,0.0096281,-0.0019091,0.9999486,-0.0050109,0.0192662,-0.0038667,-0.2490381,0.9499974,-0.1883743,0.0202858
3/20/2026 11:53:15.693,-0.0025129,0.0096365,-0.0018573,0.9999487,-0.0049899,0.0192828,-0.0037629,-0.2480570,0.9512386,-0.1833385,0.0202623
3/20/2026 11:53:15.713,-0.0024800,0.0096595,-0.0018207,0.9999486,-0.0049246,0.0193284,-0.0036891,-0.2446322,0.9528382,-0.1795955,0.0202741
3/20/2026 11:53:15.733,-0.0024579,0.0096463,-0.0018082,0.9999489,-0.0048807,0.0193019,-0.0036638,-0.2429381,0.9534349,-0.1787257,0.0202270
3/20/2026 11:53:15.753,-0.0024265,0.0096121,-0.0018021,0.9999491,-0.0048181,0.0192333,-0.0036506,-0.2408146,0.9539512,-0.1788450,0.0201798
3/20/2026 11:53:15.773,-0.0023822,0.0096180,-0.0017943,0.9999493,-0.0047298,0.0192450,-0.0036343,-0.2365730,0.9551346,-0.1781885,0.0201443
3/20/2026 11:53:15.793,-0.0023486,0.0096130,-0.0017757,0.9999493,-0.0046629,0.0192347,-0.0035964,-0.2336086,0.9561551,-0.1766195,0.0201324
3/20/2026 11:53:15.814,-0.0022992,0.0096248,-0.0017556,0.9999495,-0.0045645,0.0192580,-0.0035554,-0.2287777,0.9576768,-0.1746880,0.0200969
3/20/2026 11:53:15.834,-0.0022588,0.0096223,-0.0017510,0.9999496,-0.0044836,0.0192528,-0.0035452,-0.2250289,0.9586102,-0.1744373,0.0200731
3/20/2026 11:53:15.853,-0.0022411,0.0096050,-0.0017293,0.9999498,-0.0044487,0.0192181,-0.0035015,-0.2238063,0.9592115,-0.1726964,0.0200375
3/20/2026 11:53:15.873,-0.0022132,0.0095959,-0.0016922,0.9999502,-0.0043938,0.0191996,-0.0034268,-0.2214993,0.9603419,-0.1693564,0.0199660
3/20/2026 11:53:15.893,-0.0021874,0.0095899,-0.0016866,0.9999502,-0.0043422,0.0191876,-0.0034149,-0.2191804,0.9609368,-0.1689981,0.0199660
3/20/2026 11:53:15.913,-0.0021520,0.0095979,-0.0016989,0.9999502,-0.0042712,0.0192035,-0.0034389,-0.2155937,0.9615366,-0.1701961,0.0199540
3/20/2026 11:53:15.934,-0.0021367,0.0095865,-0.0016909,0.9999503,-0.0042408,0.0191807,-0.0034226,-0.2143968,0.9618987,-0.1696611,0.0199301
3/20/2026 11:53:15.954,-0.0021107,0.0095956,-0.0016908,0.9999502,-0.0041888,0.0191987,-0.0034219,-0.2117196,0.9625029,-0.1695964,0.0199660
3/20/2026 11:53:15.974,-0.0020667,0.0096046,-0.0017034,0.9999503,-0.0041004,0.0192165,-0.0034463,-0.2072693,0.9632522,-0.1708351,0.0199421
3/20/2026 11:53:15.993,-0.0020301,0.0096264,-0.0017123,0.9999501,-0.0040270,0.0192602,-0.0034635,-0.2032896,0.9639881,-0.1714651,0.0199779
3/20/2026 11:53:16.013,-0.0019920,0.0096360,-0.0017169,0.9999502,-0.0039508,0.0192793,-0.0034720,-0.1994344,0.9647181,-0.1718864,0.0199660
3/20/2026 11:53:16.033,-0.0019425,0.0096463,-0.0017290,0.9999501,-0.0038514,0.0192997,-0.0034954,-0.1944295,0.9655293,-0.1730620,0.0199898
3/20/2026 11:53:16.053,-0.0019008,0.0096396,-0.0017303,0.9999502,-0.0037680,0.0192862,-0.0034971,-0.1905242,0.9662398,-0.1734393,0.0199660
3/20/2026 11:53:16.073,-0.0018951,0.0096362,-0.0017308,0.9999503,-0.0037566,0.0192793,-0.0034981,-0.1900379,0.9663125,-0.1735675,0.0199421
3/20/2026 11:53:16.094,-0.0018661,0.0096435,-0.0017245,0.9999504,-0.0036988,0.0192937,-0.0034848,-0.1871225,0.9669970,-0.1729216,0.0199181
3/20/2026 11:53:16.113,-0.0018519,0.0096549,-0.0017204,0.9999501,-0.0036705,0.0193165,-0.0034764,-0.1855596,0.9673950,-0.1723792,0.0199779
3/20/2026 11:53:16.133,-0.0018381,0.0096806,-0.0017265,0.9999499,-0.0036427,0.0193679,-0.0034885,-0.1837470,0.9677037,-0.1725879,0.0200256
3/20/2026 11:53:16.154,-0.0018172,0.0096939,-0.0017185,0.9999499,-0.0036009,0.0193945,-0.0034720,-0.1815135,0.9682915,-0.1716522,0.0200137
3/20/2026 11:53:16.174,-0.0017820,0.0096997,-0.0017175,0.9999498,-0.0035305,0.0194059,-0.0034694,-0.1780129,0.9689562,-0.1715672,0.0200375
3/20/2026 11:53:16.193,-0.0017383,0.0097226,-0.0016738,0.9999498,-0.0034439,0.0194514,-0.0033812,-0.1735242,0.9705526,-0.1670843,0.0200494
3/20/2026 11:53:16.214,-0.0016889,0.0097234,-0.0016645,0.9999499,-0.0033453,0.0194529,-0.0033617,-0.1687511,0.9715264,-0.1663112,0.0200256
3/20/2026 11:53:16.234,-0.0016656,0.0097370,-0.0016800,0.9999498,-0.0032984,0.0194799,-0.0033922,-0.1662257,0.9717303,-0.1676581,0.0200375
3/20/2026 11:53:16.254,-0.0016445,0.0097635,-0.0016848,0.9999496,-0.0032560,0.0195330,-0.0034015,-0.1637440,0.9721361,-0.1677477,0.0200850
3/20/2026 11:53:16.273,-0.0015900,0.0098025,-0.0016845,0.9999492,-0.0031469,0.0196107,-0.0034000,-0.1578604,0.9731969,-0.1672360,0.0201561
3/20/2026 11:53:16.294,-0.0015806,0.0097984,-0.0016868,0.9999493,-0.0031280,0.0196025,-0.0034044,-0.1570024,0.9732817,-0.1675497,0.0201443
3/20/2026 11:53:16.314,-0.0015753,0.0098111,-0.0016784,0.9999492,-0.0031175,0.0196279,-0.0033876,-0.1563173,0.9735632,-0.1665521,0.0201561
3/20/2026 11:53:16.334,-0.0015750,0.0098276,-0.0016839,0.9999490,-0.0031167,0.0196608,-0.0033985,-0.1560259,0.9735655,-0.1668121,0.0201916
3/20/2026 11:53:16.353,-0.0015545,0.0098377,-0.0016812,0.9999489,-0.0030759,0.0196809,-0.0033929,-0.1539052,0.9739655,-0.1664466,0.0202270
3/20/2026 11:53:16.374,-0.0015393,0.0098502,-0.0016725,0.9999489,-0.0030455,0.0197059,-0.0033752,-0.1522714,0.9743924,-0.1654473,0.0202270
3/20/2026 11:53:16.393,-0.0015550,0.0098721,-0.0016631,0.9999487,-0.0030770,0.0197497,-0.0033568,-0.1534871,0.9744198,-0.1641576,0.0202623
3/20/2026 11:53:16.414,-0.0015693,0.0098936,-0.0016613,0.9999484,-0.0031055,0.0197927,-0.0033534,-0.1545466,0.9743453,-0.1636047,0.0203093
3/20/2026 11:53:16.434,-0.0015488,0.0099317,-0.0016500,0.9999480,-0.0030646,0.0198688,-0.0033306,-0.1520437,0.9750099,-0.1619827,0.0203913
3/20/2026 11:53:16.454,-0.0015376,0.0099521,-0.0016582,0.9999478,-0.0030421,0.0199097,-0.0033468,-0.1506617,0.9751430,-0.1624720,0.0204264
3/20/2026 11:53:16.474,-0.0015230,0.0099646,-0.0016450,0.9999477,-0.0030131,0.0199345,-0.0033201,-0.1491145,0.9756157,-0.1610553,0.0204497
3/20/2026 11:53:16.494,-0.0015058,0.0099758,-0.0016374,0.9999477,-0.0029787,0.0199569,-0.0033047,-0.1473237,0.9760277,-0.1602051,0.0204497
3/20/2026 11:53:16.514,-0.0014879,0.0099790,-0.0016474,0.9999476,-0.0029427,0.0199634,-0.0033244,-0.1455407,0.9761394,-0.1611512,0.0204730
3/20/2026 11:53:16.534,-0.0014644,0.0099920,-0.0016467,0.9999477,-0.0028957,0.0199892,-0.0033224,-0.1431172,0.9765341,-0.1609306,0.0204497
3/20/2026 11:53:16.554,-0.0014417,0.0100253,-0.0016311,0.9999473,-0.0028505,0.0200557,-0.0032910,-0.1405296,0.9772269,-0.1589937,0.0205311
3/20/2026 11:53:16.574,-0.0014510,0.0100499,-0.0016200,0.9999471,-0.0028693,0.0201049,-0.0032690,-0.1411150,0.9773769,-0.1575470,0.0205775
3/20/2026 11:53:16.594,-0.0014370,0.0100663,-0.0016003,0.9999470,-0.0028415,0.0201376,-0.0032293,-0.1395985,0.9779281,-0.1554635,0.0206007
3/20/2026 11:53:16.614,-0.0014360,0.0100849,-0.0015963,0.9999468,-0.0028397,0.0201748,-0.0032214,-0.1392702,0.9780777,-0.1548153,0.0206354
3/20/2026 11:53:16.634,-0.0014255,0.0100965,-0.0015844,0.9999467,-0.0028189,0.0201978,-0.0031974,-0.1381458,0.9784380,-0.1535410,0.0206469
3/20/2026 11:53:16.654,-0.0014337,0.0101041,-0.0015499,0.9999467,-0.0028359,0.0202130,-0.0031285,-0.1388931,0.9788590,-0.1501457,0.0206585
3/20/2026 11:53:16.674,-0.0014345,0.0101136,-0.0014968,0.9999467,-0.0028386,0.0202320,-0.0030226,-0.1389503,0.9796282,-0.1449873,0.0206469
3/20/2026 11:53:16.694,-0.0014198,0.0101359,-0.0014390,0.9999465,-0.0028104,0.0202764,-0.0029066,-0.1373741,0.9806859,-0.1392246,0.0206816
3/20/2026 11:53:16.714,-0.0014189,0.0101605,-0.0014295,0.9999463,-0.0028085,0.0203254,-0.0028876,-0.1369807,0.9809135,-0.1380037,0.0207276
3/20/2026 11:53:16.734,-0.0014104,0.0101809,-0.0013983,0.9999461,-0.0027922,0.0203662,-0.0028251,-0.1359699,0.9814991,-0.1348023,0.0207621
3/20/2026 11:53:16.754,-0.0014116,0.0101977,-0.0013167,0.9999461,-0.0027961,0.0203994,-0.0026620,-0.1360046,0.9825521,-0.1268626,0.0207736
3/20/2026 11:53:16.774,-0.0014026,0.0102148,-0.0012248,0.9999461,-0.0027800,0.0204335,-0.0024781,-0.1350819,0.9837880,-0.1179581,0.0207736
3/20/2026 11:53:16.794,-0.0014333,0.0102186,-0.0011425,0.9999460,-0.0028430,0.0204408,-0.0023141,-0.1380570,0.9842916,-0.1100473,0.0207851
3/20/2026 11:53:16.814,-0.0014639,0.0102254,-0.0010906,0.9999461,-0.0029053,0.0204545,-0.0022110,-0.1409336,0.9844357,-0.1049951,0.0207736
3/20/2026 11:53:16.834,-0.0015012,0.0102263,-0.0010716,0.9999461,-0.0029803,0.0204561,-0.0021737,-0.1444662,0.9841216,-0.1031221,0.0207736
3/20/2026 11:53:16.854,-0.0015169,0.0102445,-0.0010815,0.9999457,-0.0030115,0.0204927,-0.0021939,-0.1456798,0.9838649,-0.1038613,0.0208423
3/20/2026 11:53:16.874,-0.0015301,0.0102446,-0.0010854,0.9999458,-0.0030378,0.0204930,-0.0022021,-0.1469148,0.9836435,-0.1042188,0.0208194
3/20/2026 11:53:16.894,-0.0015479,0.0102567,-0.0011023,0.9999455,-0.0030729,0.0205173,-0.0022362,-0.1483856,0.9832680,-0.1056687,0.0208880
3/20/2026 11:53:16.914,-0.0015497,0.0102558,-0.0011180,0.9999455,-0.0030763,0.0205155,-0.0022676,-0.1485474,0.9830818,-0.1071631,0.0208766
3/20/2026 11:53:16.934,-0.0015542,0.0102783,-0.0011179,0.9999454,-0.0030852,0.0205605,-0.0022677,-0.1486506,0.9830920,-0.1069252,0.0208994
3/20/2026 11:53:16.954,-0.0015689,0.0102973,-0.0011134,0.9999451,-0.0031146,0.0205985,-0.0022590,-0.1497654,0.9829922,-0.1062864,0.0209564
3/20/2026 11:53:16.974,-0.0015838,0.0102957,-0.0010899,0.9999452,-0.0031449,0.0205952,-0.0022122,-0.1512146,0.9830086,-0.1040584,0.0209450
3/20/2026 11:53:16.994,-0.0016122,0.0103009,-0.0010503,0.9999451,-0.0032025,0.0206055,-0.0021338,-0.1538479,0.9829978,-0.1002307,0.0209564
3/20/2026 11:53:17.014,-0.0016498,0.0103069,-0.0009916,0.9999450,-0.0032790,0.0206174,-0.0020172,-0.1573485,0.9830039,-0.0945772,0.0209678
3/20/2026 11:53:17.034,-0.0016909,0.0102991,-0.0009375,0.9999451,-0.0033622,0.0206019,-0.0019097,-0.1613575,0.9828328,-0.0894611,0.0209564
3/20/2026 11:53:17.054,-0.0017307,0.0103046,-0.0008453,0.9999450,-0.0034438,0.0206126,-0.0017261,-0.1650935,0.9829766,-0.0806304,0.0209791
3/20/2026 11:53:17.074,-0.0017583,0.0103252,-0.0007219,0.9999450,-0.0035015,0.0206533,-0.0014801,-0.1674800,0.9834744,-0.0687641,0.0209791
3/20/2026 11:53:17.094,-0.0017726,0.0103405,-0.0006017,0.9999449,-0.0035326,0.0206835,-0.0012399,-0.1686827,0.9840060,-0.0572556,0.0210019
3/20/2026 11:53:17.114,-0.0017825,0.0103591,-0.0005495,0.9999446,-0.0035535,0.0207207,-0.0011359,-0.1693490,0.9841723,-0.0522086,0.0210586
3/20/2026 11:53:17.134,-0.0017792,0.0103681,-0.0005084,0.9999445,-0.0035478,0.0207384,-0.0010537,-0.1689385,0.9844435,-0.0482768,0.0210699
3/20/2026 11:53:17.154,-0.0017799,0.0104026,-0.0004858,0.9999442,-0.0035495,0.0208073,-0.0010086,-0.1684708,0.9846335,-0.0459836,0.0211377
3/20/2026 11:53:17.174,-0.0017966,0.0104266,-0.0004953,0.9999439,-0.0035827,0.0208554,-0.0010280,-0.1696234,0.9843990,-0.0467595,0.0211827
3/20/2026 11:53:17.194,-0.0018207,0.0104590,-0.0004983,0.9999434,-0.0036307,0.0209202,-0.0010347,-0.1713085,0.9841010,-0.0468886,0.0212726
3/20/2026 11:53:17.214,-0.0018621,0.0104965,-0.0004484,0.9999431,-0.0037147,0.0209951,-0.0009358,-0.1745248,0.9837557,-0.0420225,0.0213397
3/20/2026 11:53:17.234,-0.0019123,0.0105306,-0.0003455,0.9999426,-0.0038172,0.0210630,-0.0007311,-0.1785827,0.9833959,-0.0322599,0.0214289
3/20/2026 11:53:17.254,-0.0019667,0.0105647,-0.0002188,0.9999423,-0.0039286,0.0211308,-0.0004792,-0.1829771,0.9829064,-0.0203578,0.0214845
3/20/2026 11:53:17.274,-0.0020049,0.0105937,-0.0001128,0.9999419,-0.0040071,0.0211883,-0.0002682,-0.1859416,0.9825051,-0.0104662,0.0215620
3/20/2026 11:53:17.294,-0.0020262,0.0105883,-0.0000644,0.9999418,-0.0040509,0.0211774,-0.0001718,-0.1879518,0.9821600,-0.0059766,0.0215731
3/20/2026 11:53:17.314,-0.0020575,0.0105935,-0.0000292,0.9999416,-0.0041142,0.0211876,-0.0001019,-0.1906618,0.9816521,-0.0027022,0.0216062
3/20/2026 11:53:17.334,-0.0021213,0.0106094,-0.0000119,0.9999414,-0.0042422,0.0212193,-0.0000688,-0.1960669,0.9805899,-0.0011015,0.0216503
3/20/2026 11:53:17.354,-0.0021689,0.0106039,0.0000393,0.9999415,-0.0043384,0.0212081,0.0000326,-0.2003900,0.9797094,0.0036305,0.0216393
3/20/2026 11:53:17.374,-0.0022580,0.0106015,0.0000944,0.9999413,-0.0045177,0.0212031,0.0001409,-0.2083066,0.9780248,0.0087089,0.0216723
3/20/2026 11:53:17.394,-0.0023115,0.0106121,0.0001230,0.9999409,-0.0046254,0.0212241,0.0001970,-0.2128148,0.9770269,0.0113272,0.0217382
3/20/2026 11:53:17.414,-0.0023473,0.0106245,0.0001288,0.9999408,-0.0046970,0.0212490,0.0002078,-0.2157141,0.9763848,0.0118403,0.0217601
3/20/2026 11:53:17.434,-0.0023918,0.0106440,0.0001698,0.9999405,-0.0047869,0.0212878,0.0002886,-0.2192127,0.9755530,0.0155589,0.0218258
3/20/2026 11:53:17.454,-0.0024388,0.0106680,0.0001886,0.9999402,-0.0048814,0.0213358,0.0003252,-0.2228269,0.9747056,0.0172356,0.0218694
3/20/2026 11:53:17.474,-0.0024564,0.0107002,0.0002045,0.9999397,-0.0049169,0.0213999,0.0003564,-0.2237095,0.9744779,0.0186237,0.0219673
3/20/2026 11:53:17.494,-0.0024749,0.0107185,0.0002084,0.9999395,-0.0049539,0.0214366,0.0003636,-0.2249378,0.9741891,0.0189371,0.0219999
3/20/2026 11:53:17.514,-0.0024864,0.0107331,0.0002540,0.9999393,-0.0049779,0.0214655,0.0004545,-0.2256182,0.9739432,0.0230449,0.0220432
3/20/2026 11:53:17.534,-0.0024839,0.0107327,0.0003071,0.9999392,-0.0049742,0.0214645,0.0005609,-0.2253897,0.9738700,0.0278682,0.0220540
3/20/2026 11:53:17.554,-0.0024939,0.0107409,0.0003528,0.9999391,-0.0049952,0.0214807,0.0006521,-0.2260570,0.9735889,0.0319830,0.0220756
3/20/2026 11:53:17.574,-0.0025182,0.0107611,0.0003746,0.9999388,-0.0050441,0.0215209,0.0006951,-0.2277202,0.9731370,0.0338800,0.0221188
3/20/2026 11:53:17.594,-0.0025622,0.0107828,0.0004498,0.9999384,-0.0051339,0.0215639,0.0008444,-0.2309945,0.9721095,0.0405536,0.0221941
3/20/2026 11:53:17.614,-0.0026016,0.0107885,0.0005437,0.9999382,-0.0052146,0.0215748,0.0010313,-0.2341425,0.9709699,0.0489362,0.0222263
3/20/2026 11:53:17.634,-0.0026298,0.0108077,0.0006318,0.9999380,-0.0052730,0.0216128,0.0012068,-0.2360487,0.9700849,0.0567122,0.0222799
3/20/2026 11:53:17.654,-0.0026714,0.0108166,0.0006980,0.9999377,-0.0053576,0.0216301,0.0013382,-0.2392994,0.9689303,0.0625279,0.0223333
3/20/2026 11:53:17.674,-0.0027158,0.0108327,0.0007128,0.9999374,-0.0054468,0.0216623,0.0013666,-0.2426853,0.9680119,0.0636935,0.0223866
3/20/2026 11:53:17.694,-0.0027162,0.0108909,0.0007355,0.9999366,-0.0054480,0.0217785,0.0014117,-0.2414664,0.9682040,0.0653851,0.0225141
3/20/2026 11:53:17.714,-0.0027711,0.0109368,0.0007848,0.9999360,-0.0055591,0.0218699,0.0015088,-0.2450244,0.9670307,0.0693877,0.0226303
3/20/2026 11:53:17.734,-0.0028415,0.0110016,0.0008987,0.9999351,-0.0057025,0.0219988,0.0017348,-0.2492984,0.9652116,0.0788479,0.0227877
3/20/2026 11:53:17.754,-0.0028355,0.0110402,0.0009696,0.9999345,-0.0056921,0.0220757,0.0018765,-0.2478669,0.9650794,0.0847576,0.0228921
3/20/2026 11:53:17.774,-0.0028296,0.0110572,0.0010010,0.9999344,-0.0056810,0.0221094,0.0019394,-0.2469711,0.9650759,0.0873722,0.0229130
3/20/2026 11:53:17.794,-0.0028426,0.0106138,0.0010278,0.9999391,-0.0057067,0.0212224,0.0019952,-0.2575774,0.9617589,0.0931338,0.0220756
3/20/2026 11:53:17.814,-0.0028494,0.0106548,0.0010500,0.9999386,-0.0057208,0.0213042,0.0020392,-0.2571837,0.9617038,0.0947754,0.0221618
3/20/2026 11:53:17.834,-0.0028590,0.0106840,0.0010780,0.9999382,-0.0057408,0.0213624,0.0020947,-0.2572862,0.9614539,0.0970067,0.0222263
3/20/2026 11:53:17.854,-0.0028968,0.0107164,0.0011877,0.9999377,-0.0058187,0.0214265,0.0023133,-0.2594694,0.9598738,0.1063864,0.0223333
3/20/2026 11:53:17.874,-0.0029295,0.0107423,0.0012660,0.9999371,-0.0058859,0.0214778,0.0024689,-0.2614160,0.9585925,0.1129691,0.0224292
3/20/2026 11:53:17.894,-0.0029248,0.0107761,0.0012933,0.9999368,-0.0058771,0.0215453,0.0025235,-0.2601983,0.9586752,0.1150591,0.0224823
3/20/2026 11:53:17.914,-0.0029321,0.0108128,0.0013501,0.9999362,-0.0058930,0.0216184,0.0026367,-0.2598367,0.9582118,0.1196456,0.0225881
3/20/2026 11:53:17.934,-0.0029677,0.0108269,0.0013781,0.9999360,-0.0059649,0.0216464,0.0026918,-0.2623823,0.9572407,0.1218430,0.0226303
3/20/2026 11:53:17.954,-0.0029857,0.0108209,0.0013878,0.9999360,-0.0060011,0.0216343,0.0027108,-0.2639710,0.9566949,0.1226950,0.0226303
3/20/2026 11:53:17.974,-0.0030023,0.0107998,0.0013834,0.9999362,-0.0060340,0.0215921,0.0027018,-0.2658175,0.9562104,0.1224858,0.0225986
3/20/2026 11:53:17.994,-0.0030321,0.0107804,0.0013973,0.9999364,-0.0060940,0.0215531,0.0027291,-0.2686713,0.9552411,0.1238149,0.0225564
3/20/2026 11:53:18.014,-0.0030824,0.0107702,0.0014085,0.9999362,-0.0061949,0.0215324,0.0027505,-0.2730049,0.9538898,0.1247501,0.0225881
3/20/2026 11:53:18.034,-0.0030983,0.0107858,0.0014185,0.9999360,-0.0062269,0.0215636,0.0027701,-0.2739142,0.9535429,0.1254069,0.0226197
3/20/2026 11:53:18.054,-0.0030923,0.0107957,0.0014074,0.9999359,-0.0062146,0.0215835,0.0027479,-0.2732249,0.9538787,0.1243532,0.0226513
3/20/2026 11:53:18.074,-0.0030720,0.0107961,0.0013954,0.9999359,-0.0061737,0.0215843,0.0027243,-0.2715905,0.9544737,0.1233635,0.0226408
3/20/2026 11:53:18.094,-0.0030706,0.0107773,0.0013940,0.9999363,-0.0061708,0.0215467,0.0027216,-0.2719101,0.9543726,0.1234407,0.0225775
3/20/2026 11:53:18.114,-0.0030838,0.0107632,0.0014002,0.9999363,-0.0061975,0.0215184,0.0027340,-0.2733059,0.9538889,0.1240961,0.0225775
3/20/2026 11:53:18.134,-0.0031195,0.0107551,0.0013979,0.9999363,-0.0062687,0.0215022,0.0027286,-0.2764200,0.9530203,0.1238710,0.0225775
3/20/2026 11:53:18.154,-0.0031571,0.0107708,0.0013807,0.9999360,-0.0063437,0.0215336,0.0026933,-0.2791810,0.9524447,0.1220945,0.0226197
3/20/2026 11:53:18.174,-0.0031870,0.0107838,0.0013625,0.9999359,-0.0064031,0.0215597,0.0026562,-0.2813616,0.9520329,0.1202879,0.0226513
3/20/2026 11:53:18.194,-0.0032095,0.0107706,0.0013604,0.9999359,-0.0064479,0.0215331,0.0026515,-0.2835073,0.9514110,0.1201701,0.0226513
3/20/2026 11:53:18.214,-0.0032210,0.0107527,0.0013624,0.9999361,-0.0064710,0.0214974,0.0026554,-0.2848672,0.9509643,0.1204887,0.0226092
3/20/2026 11:53:18.234,-0.0032447,0.0107168,0.0013449,0.9999363,-0.0065179,0.0214256,0.0026202,-0.2877103,0.9502639,0.1192538,0.0225775
3/20/2026 11:53:18.254,-0.0032918,0.0107194,0.0013347,0.9999363,-0.0066119,0.0214307,0.0025988,-0.2915030,0.9492395,0.1181961,0.0225775
3/20/2026 11:53:18.274,-0.0033250,0.0107233,0.0013076,0.9999362,-0.0066777,0.0214387,0.0025439,-0.2941759,0.9487234,0.1156910,0.0225986
3/20/2026 11:53:18.294,-0.0033370,0.0107242,0.0012845,0.9999360,-0.0067012,0.0214406,0.0024973,-0.2951882,0.9486585,0.1136266,0.0226303
3/20/2026 11:53:18.314,-0.0033539,0.0107334,0.0012538,0.9999360,-0.0067344,0.0214592,0.0024355,-0.2964183,0.9486084,0.1108076,0.0226303
3/20/2026 11:53:18.334,-0.0034001,0.0107277,0.0012453,0.9999359,-0.0068266,0.0214477,0.0024176,-0.3003032,0.9474813,0.1099874,0.0226513
3/20/2026 11:53:18.354,-0.0034428,0.0107082,0.0012436,0.9999359,-0.0069119,0.0214086,0.0024133,-0.3042294,0.9462393,0.1098889,0.0226408
3/20/2026 11:53:18.374,-0.0034720,0.0102996,0.0012272,0.9999402,-0.0069690,0.0205915,0.0023829,-0.3174239,0.9416229,0.1121986,0.0218803
3/20/2026 11:53:18.394,-0.0034952,0.0103046,0.0011886,0.9999401,-0.0070146,0.0206017,0.0023052,-0.3193156,0.9414061,0.1085911,0.0218912
3/20/2026 11:53:18.414,-0.0035300,0.0103118,0.0011587,0.9999399,-0.0070836,0.0206162,0.0022444,-0.3220620,0.9407984,0.1057094,0.0219239
3/20/2026 11:53:18.434,-0.0035537,0.0103222,0.0011627,0.9999397,-0.0071310,0.0206368,0.0022520,-0.3236965,0.9402146,0.1059110,0.0219565
3/20/2026 11:53:18.454,-0.0035802,0.0103130,0.0011820,0.9999396,-0.0071845,0.0206183,0.0022900,-0.3260505,0.9392039,0.1076431,0.0219782
3/20/2026 11:53:18.474,-0.0036339,0.0103122,0.0011971,0.9999394,-0.0072921,0.0206164,0.0023192,-0.3303799,0.9375519,0.1088372,0.0220107
3/20/2026 11:53:18.494,-0.0036734,0.0102924,0.0011989,0.9999395,-0.0073711,0.0205767,0.0023220,-0.3341322,0.9361965,0.1090489,0.0219999
3/20/2026 11:53:18.514,-0.0037269,0.0102756,0.0012095,0.9999394,-0.0074784,0.0205429,0.0023424,-0.3388962,0.9343730,0.1099838,0.0220215
3/20/2026 11:53:18.534,-0.0037413,0.0102824,0.0011887,0.9999393,-0.0075066,0.0205566,0.0023003,-0.3399217,0.9342321,0.1079985,0.0220324
3/20/2026 11:53:18.554,-0.0037608,0.0102888,0.0011510,0.9999392,-0.0075450,0.0205698,0.0022245,-0.3414309,0.9340805,0.1044921,0.0220540
3/20/2026 11:53:18.574,-0.0038003,0.0102830,0.0011205,0.9999392,-0.0076233,0.0205583,0.0021627,-0.3448616,0.9331302,0.1016777,0.0220540
3/20/2026 11:53:18.594,-0.0038282,0.0102616,0.0011100,0.9999394,-0.0076787,0.0205155,0.0021413,-0.3477444,0.9321519,0.1008300,0.0220107
3/20/2026 11:53:18.614,-0.0038690,0.0102599,0.0010966,0.9999392,-0.0077601,0.0205121,0.0021138,-0.3510947,0.9310369,0.0995121,0.0220540
3/20/2026 11:53:18.634,-0.0039194,0.0102763,0.0011082,0.9999389,-0.0078611,0.0205447,0.0021357,-0.3545640,0.9296422,0.1002495,0.0221080
3/20/2026 11:53:18.654,-0.0039575,0.0102938,0.0010798,0.9999387,-0.0079368,0.0205800,0.0020781,-0.3571364,0.9289549,0.0974493,0.0221511
3/20/2026 11:53:18.674,-0.0039583,0.0103136,0.0010457,0.9999383,-0.0079377,0.0206197,0.0020097,-0.3567160,0.9294479,0.0942358,0.0222156
3/20/2026 11:53:18.694,-0.0039474,0.0103320,0.0009851,0.9999383,-0.0079148,0.0206570,0.0018886,-0.3554884,0.9304611,0.0887138,0.0222156
3/20/2026 11:53:18.714,-0.0039763,0.0103459,0.0009215,0.9999382,-0.0079713,0.0206853,0.0017607,-0.3575220,0.9302219,0.0828574,0.0222370
3/20/2026 11:53:18.734,-0.0040266,0.0103532,0.0012335,0.9999375,-0.0080784,0.0206974,0.0023834,-0.3602622,0.9263005,0.1103563,0.0223547
3/20/2026 11:53:18.754,-0.0040720,0.0103676,0.0012240,0.9999371,-0.0081690,0.0207261,0.0023635,-0.3633912,0.9252111,0.1092294,0.0224398
3/20/2026 11:53:18.774,-0.0040781,0.0103748,0.0011861,0.9999372,-0.0081804,0.0207409,0.0022876,-0.3637749,0.9254583,0.1058056,0.0224079
3/20/2026 11:53:18.794,-0.0040712,0.0103975,0.0011553,0.9999369,-0.0081660,0.0207865,0.0022259,-0.3626671,0.9262187,0.1029157,0.0224611
3/20/2026 11:53:18.814,-0.0040710,0.0104310,0.0011249,0.9999367,-0.0081651,0.0208537,0.0021648,-0.3617515,0.9269004,0.0999569,0.0225035
3/20/2026 11:53:18.834,-0.0041053,0.0104521,0.0011373,0.9999363,-0.0082340,0.0208957,0.0021888,-0.3637277,0.9260390,0.1007668,0.0225775
3/20/2026 11:53:18.854,-0.0041294,0.0104302,0.0011570,0.9999363,-0.0082826,0.0208517,0.0022277,-0.3661695,0.9248757,0.1025914,0.0225670
3/20/2026 11:53:18.874,-0.0041384,0.0104164,0.0011639,0.9999365,-0.0083007,0.0208240,0.0022415,-0.3672522,0.9243690,0.1032842,0.0225458
3/20/2026 11:53:18.894,-0.0041458,0.0104163,0.0011454,0.9999365,-0.0083150,0.0208241,0.0022043,-0.3678781,0.9243028,0.1016370,0.0225352
3/20/2026 11:53:18.914,-0.0041266,0.0104363,0.0011120,0.9999363,-0.0082759,0.0208643,0.0021378,-0.3659133,0.9254107,0.0986035,0.0225670
3/20/2026 11:53:18.934,-0.0041250,0.0104422,0.0010516,0.9999364,-0.0082716,0.0208766,0.0020169,-0.3658059,0.9260076,0.0932520,0.0225564
3/20/2026 11:53:18.954,-0.0041422,0.0107961,0.0010060,0.9999326,-0.0083056,0.0215848,0.0019224,-0.3568668,0.9301262,0.0866680,0.0232128
3/20/2026 11:53:18.974,-0.0041718,0.0107949,0.0009616,0.9999325,-0.0083640,0.0215828,0.0018331,-0.3592421,0.9295636,0.0828049,0.0232333
3/20/2026 11:53:18.994,-0.0041740,0.0107963,0.0008874,0.9999326,-0.0083666,0.0215862,0.0016847,-0.3595444,0.9299914,0.0764448,0.0232230
3/20/2026 11:53:19.014,-0.0041495,0.0108153,0.0004508,0.9999327,-0.0083084,0.0216278,0.0008119,-0.3579426,0.9329334,0.0388884,0.0232025
3/20/2026 11:53:19.034,-0.0041269,0.0108359,0.0003665,0.9999326,-0.0082614,0.0216697,0.0006436,-0.3557412,0.9340503,0.0315942,0.0232230
3/20/2026 11:53:19.054,-0.0040867,0.0108553,0.0002888,0.9999327,-0.0081792,0.0217092,0.0004889,-0.3522201,0.9355862,0.0248924,0.0232025
3/20/2026 11:53:19.074,-0.0040662,0.0105043,0.0002165,0.9999365,-0.0081365,0.0210078,0.0003476,-0.3609287,0.9323953,0.0192200,0.0225352
3/20/2026 11:53:19.094,-0.0040638,0.0105132,0.0002306,0.9999363,-0.0081321,0.0210255,0.0003758,-0.3604698,0.9325466,0.0204561,0.0225670
3/20/2026 11:53:19.114,-0.0040848,0.0105108,0.0002084,0.9999364,-0.0081736,0.0210207,0.0003309,-0.3621756,0.9319267,0.0184775,0.0225564
3/20/2026 11:53:19.134,-0.0041105,0.0105183,-0.0001724,0.9999362,-0.0082169,0.0210388,-0.0004312,-0.3639436,0.9312959,-0.0152621,0.0225881
3/20/2026 11:53:19.154,-0.0041105,0.0105419,-0.0002018,0.9999359,-0.0082164,0.0210864,-0.0004903,-0.3632257,0.9315304,-0.0178356,0.0226408
3/20/2026 11:53:19.174,-0.0041029,0.0105542,-0.0002604,0.9999359,-0.0081999,0.0211114,-0.0006074,-0.3622376,0.9318022,-0.0229901,0.0226408
3/20/2026 11:53:19.194,-0.0041076,0.0105429,-0.0002902,0.9999359,-0.0082087,0.0210890,-0.0006669,-0.3629112,0.9314710,-0.0256356,0.0226513
3/20/2026 11:53:19.214,-0.0041192,0.0105279,-0.0002941,0.9999360,-0.0082318,0.0210591,-0.0006749,-0.3642450,0.9309400,-0.0260061,0.0226303
3/20/2026 11:53:19.234,-0.0041372,0.0105379,-0.0002755,0.9999358,-0.0082681,0.0210790,-0.0006381,-0.3653366,0.9305577,-0.0243249,0.0226618
3/20/2026 11:53:19.254,-0.0041345,0.0105529,-0.0002613,0.9999356,-0.0082631,0.0211089,-0.0006099,-0.3646936,0.9308422,-0.0230510,0.0226934
3/20/2026 11:53:19.274,-0.0041593,0.0105575,-0.0002548,0.9999355,-0.0083128,0.0211180,-0.0005974,-0.3664547,0.9301650,-0.0224499,0.0227144
3/20/2026 11:53:19.294,-0.0041788,0.0105642,-0.0002488,0.9999354,-0.0083519,0.0211315,-0.0005858,-0.3677409,0.9296706,-0.0218912,0.0227354
3/20/2026 11:53:19.314,-0.0041866,0.0105664,-0.0002381,0.9999354,-0.0083676,0.0211357,-0.0005646,-0.3682742,0.9294813,-0.0209425,0.0227354
3/20/2026 11:53:19.334,-0.0042115,0.0105530,-0.0002421,0.9999354,-0.0084175,0.0211090,-0.0005730,-0.3705707,0.9285600,-0.0213003,0.0227354
3/20/2026 11:53:19.354,-0.0042352,0.0105268,-0.0002458,0.9999356,-0.0084647,0.0210566,-0.0005807,-0.3731593,0.9275146,-0.0216536,0.0227039
3/20/2026 11:53:19.374,-0.0042453,0.0105081,-0.0002441,0.9999358,-0.0084851,0.0210192,-0.0005773,-0.3745035,0.9269755,-0.0215295,0.0226618
3/20/2026 11:53:19.394,-0.0042436,0.0105048,-0.0002293,0.9999357,-0.0084820,0.0210126,-0.0005477,-0.3744829,0.9270129,-0.0202349,0.0226829
3/20/2026 11:53:19.414,-0.0042574,0.0105355,-0.0002412,0.9999354,-0.0085093,0.0210741,-0.0005721,-0.3745816,0.9269509,-0.0212235,0.0227249
3/20/2026 11:53:19.434,-0.0042620,0.0105435,-0.0002463,0.9999353,-0.0085184,0.0210901,-0.0005824,-0.3746806,0.9269012,-0.0216486,0.0227563
3/20/2026 11:53:19.454,-0.0042765,0.0105388,-0.0002582,0.9999352,-0.0085471,0.0210808,-0.0006066,-0.3759107,0.9263778,-0.0226976,0.0227668
3/20/2026 11:53:19.474,-0.0042967,0.0105520,-0.0002559,0.9999352,-0.0085875,0.0211073,-0.0006025,-0.3770273,0.9259298,-0.0224546,0.0227668
3/20/2026 11:53:19.494,-0.0043099,0.0105730,-0.0002620,0.9999347,-0.0086139,0.0211493,-0.0006151,-0.3773783,0.9257750,-0.0229402,0.0228609
3/20/2026 11:53:19.514,-0.0043492,0.0105812,-0.0002606,0.9999344,-0.0086925,0.0211656,-0.0006133,-0.3800730,0.9246761,-0.0227770,0.0229025
3/20/2026 11:53:19.534,-0.0043801,0.0105554,-0.0003239,0.9999346,-0.0087530,0.0211146,-0.0007402,-0.3831234,0.9232627,-0.0283266,0.0228713
3/20/2026 11:53:19.554,-0.0043866,0.0105416,-0.0003349,0.9999349,-0.0087657,0.0210872,-0.0007622,-0.3840235,0.9228577,-0.0293174,0.0228296
3/20/2026 11:53:19.574,-0.0044137,0.0105270,-0.0003555,0.9999348,-0.0088195,0.0210581,-0.0008040,-0.3864789,0.9217726,-0.0311326,0.0228400
3/20/2026 11:53:19.594,-0.0044228,0.0105290,-0.0003851,0.9999347,-0.0088371,0.0210624,-0.0008633,-0.3870614,0.9214379,-0.0337010,0.0228609
3/20/2026 11:53:19.614,-0.0044189,0.0105404,-0.0004329,0.9999346,-0.0088282,0.0210856,-0.0009588,-0.3863567,0.9215727,-0.0378456,0.0228817
3/20/2026 11:53:19.634,-0.0044195,0.0105360,-0.0004718,0.9999346,-0.0088286,0.0210771,-0.0010367,-0.3864849,0.9213724,-0.0412608,0.0228713
3/20/2026 11:53:19.654,-0.0044198,0.0105274,-0.0004886,0.9999347,-0.0088288,0.0210601,-0.0010703,-0.3867508,0.9211925,-0.0427569,0.0228609
3/20/2026 11:53:19.674,-0.0044377,0.0105396,-0.0004882,0.9999344,-0.0088647,0.0210844,-0.0010700,-0.3877068,0.9207954,-0.0426541,0.0229025
3/20/2026 11:53:19.694,-0.0044550,0.0105519,-0.0005140,0.9999343,-0.0088987,0.0211095,-0.0011219,-0.3885638,0.9203306,-0.0448284,0.0229338
3/20/2026 11:53:19.714,-0.0044675,0.0110491,-0.0005257,0.9999287,-0.0089228,0.0221040,-0.0011501,-0.3744842,0.9261855,-0.0440673,0.0238810
3/20/2026 11:53:19.734,-0.0044543,0.0110762,-0.0005215,0.9999285,-0.0088964,0.0221582,-0.0011416,-0.3727507,0.9269049,-0.0436384,0.0239110
3/20/2026 11:53:19.754,-0.0044252,0.0111058,-0.0005201,0.9999283,-0.0088383,0.0222173,-0.0011384,-0.3698031,0.9280931,-0.0434603,0.0239508
3/20/2026 11:53:19.774,-0.0044206,0.0111209,-0.0005398,0.9999283,-0.0088286,0.0222477,-0.0011778,-0.3690133,0.9283313,-0.0450585,0.0239508
3/20/2026 11:53:19.794,-0.0044135,0.0111414,-0.0005630,0.9999281,-0.0088140,0.0222889,-0.0012242,-0.3678878,0.9286854,-0.0469246,0.0239906
3/20/2026 11:53:19.814,-0.0043913,0.0111504,-0.0005641,0.9999280,-0.0087696,0.0223069,-0.0012260,-0.3660283,0.9294153,-0.0470156,0.0240005
3/20/2026 11:53:19.834,-0.0043779,0.0111644,-0.0005714,0.9999279,-0.0087425,0.0223349,-0.0012405,-0.3646508,0.9299272,-0.0475951,0.0240105
3/20/2026 11:53:19.854,-0.0043643,0.0111410,-0.0006021,0.9999282,-0.0087147,0.0222883,-0.0013013,-0.3642884,0.9299293,-0.0502529,0.0239707
3/20/2026 11:53:19.874,-0.0043394,0.0116080,-0.0006078,0.9999229,-0.0086641,0.0232225,-0.0013163,-0.3497395,0.9355653,-0.0489877,0.0248306
3/20/2026 11:53:19.894,-0.0042831,0.0115949,-0.0006241,0.9999234,-0.0085511,0.0231963,-0.0013476,-0.3460676,0.9368532,-0.0504299,0.0247537
3/20/2026 11:53:19.914,-0.0042572,0.0115794,-0.0006318,0.9999237,-0.0084993,0.0231653,-0.0013622,-0.3446220,0.9373473,-0.0511446,0.0247055
3/20/2026 11:53:19.934,-0.0042468,0.0115787,-0.0006081,0.9999238,-0.0084789,0.0231637,-0.0013144,-0.3439259,0.9377046,-0.0492438,0.0246958
3/20/2026 11:53:19.954,-0.0042637,0.0115945,-0.0006229,0.9999235,-0.0085124,0.0231954,-0.0013447,-0.3446985,0.9373617,-0.0503598,0.0247440
3/20/2026 11:53:19.974,-0.0042420,0.0115942,-0.0006900,0.9999235,-0.0084675,0.0231953,-0.0014784,-0.3430650,0.9376525,-0.0558045,0.0247440
3/20/2026 11:53:19.994,-0.0042124,0.0115899,-0.0007724,0.9999237,-0.0084063,0.0231874,-0.0016423,-0.3409208,0.9380114,-0.0625103,0.0247055
3/20/2026 11:53:20.014,-0.0041690,0.0115995,-0.0008272,0.9999236,-0.0083183,0.0232070,-0.0017511,-0.3374728,0.9389506,-0.0669617,0.0247151
3/20/2026 11:53:20.034,-0.0041472,0.0116187,-0.0008540,0.9999235,-0.0082741,0.0232457,-0.0018042,-0.3353664,0.9395534,-0.0690560,0.0247344
3/20/2026 11:53:20.054,-0.0041605,0.0116332,-0.0008515,0.9999232,-0.0083007,0.0232746,-0.0017998,-0.3359571,0.9393643,-0.0687586,0.0247922
3/20/2026 11:53:20.074,-0.0041813,0.0116357,-0.0008491,0.9999232,-0.0083423,0.0232796,-0.0017955,-0.3373857,0.9388698,-0.0685156,0.0247922
3/20/2026 11:53:20.094,-0.0041965,0.0116183,-0.0008540,0.9999233,-0.0083726,0.0232449,-0.0018054,-0.3389060,0.9382890,-0.0689672,0.0247729
3/20/2026 11:53:20.114,-0.0042029,0.0116090,-0.0008657,0.9999233,-0.0083851,0.0232265,-0.0018288,-0.3395772,0.9379740,-0.0699422,0.0247633
3/20/2026 11:53:20.134,-0.0041740,0.0116191,-0.0008609,0.9999234,-0.0083275,0.0232466,-0.0018188,-0.3372630,0.9388368,-0.0695637,0.0247537
3/20/2026 11:53:20.154,-0.0041608,0.0116164,-0.0008664,0.9999235,-0.0083009,0.0232412,-0.0018294,-0.3363745,0.9391198,-0.0700451,0.0247344
3/20/2026 11:53:20.174,-0.0041687,0.0116346,-0.0008576,0.9999231,-0.0083170,0.0232775,-0.0018121,-0.3364973,0.9391368,-0.0692218,0.0248018
3/20/2026 11:53:20.194,-0.0041989,0.0116359,-0.0008337,0.9999232,-0.0083779,0.0232799,-0.0017650,-0.3386696,0.9384996,-0.0672415,0.0247922
3/20/2026 11:53:20.214,-0.0042205,0.0115930,-0.0010609,0.9999233,-0.0084159,0.0231961,-0.0022195,-0.3408339,0.9362118,-0.0856725,0.0247729
3/20/2026 11:53:20.234,-0.0041474,0.0115612,-0.0013957,0.9999236,-0.0082619,0.0231350,-0.0028871,-0.3355043,0.9352486,-0.1129027,0.0247151
3/20/2026 11:53:20.254,-0.0040693,0.0115286,-0.0017043,0.9999239,-0.0080988,0.0230721,-0.0035024,-0.3296600,0.9339489,-0.1380720,0.0246765
3/20/2026 11:53:20.274,-0.0040321,0.0115352,-0.0019497,0.9999234,-0.0080187,0.0230871,-0.0039922,-0.3258510,0.9321995,-0.1575600,0.0247537
3/20/2026 11:53:20.294,-0.0040256,0.0115454,-0.0021139,0.9999230,-0.0080018,0.0231088,-0.0043206,-0.3244230,0.9304447,-0.1703593,0.0248210
3/20/2026 11:53:20.314,-0.0040002,0.0115396,-0.0022306,0.9999229,-0.0079484,0.0230980,-0.0045534,-0.3222000,0.9294656,-0.1796685,0.0248402
3/20/2026 11:53:20.334,-0.0039767,0.0111797,-0.0023367,0.9999269,-0.0079007,0.0223790,-0.0047621,-0.3288208,0.9244162,-0.1932138,0.0241886
3/20/2026 11:53:20.354,-0.0039483,0.0111906,-0.0024059,0.9999267,-0.0078423,0.0224012,-0.0048999,-0.3260858,0.9242226,-0.1986973,0.0242181
3/20/2026 11:53:20.374,-0.0039057,0.0111987,-0.0024468,0.9999267,-0.0077561,0.0224175,-0.0049808,-0.3225183,0.9247489,-0.2020436,0.0242181
3/20/2026 11:53:20.394,-0.0038576,0.0112190,-0.0025040,0.9999265,-0.0076586,0.0224582,-0.0050943,-0.3181550,0.9252732,-0.2065110,0.0242476
3/20/2026 11:53:20.414,-0.0038580,0.0112220,-0.0025398,0.9999262,-0.0076585,0.0224645,-0.0051660,-0.3179139,0.9247321,-0.2092877,0.0242967
3/20/2026 11:53:20.434,-0.0038262,0.0112225,-0.0025683,0.9999263,-0.0075943,0.0224656,-0.0052223,-0.3153869,0.9250477,-0.2117020,0.0242771
3/20/2026 11:53:20.454,-0.0038062,0.0115697,-0.0026301,0.9999223,-0.0075510,0.0231603,-0.0053481,-0.3054631,0.9285138,-0.2110789,0.0249360
3/20/2026 11:53:20.474,-0.0037886,0.0115594,-0.0026767,0.9999225,-0.0075147,0.0231400,-0.0054407,-0.3041703,0.9280617,-0.2148999,0.0249073
3/20/2026 11:53:20.494,-0.0037584,0.0115517,-0.0027162,0.9999224,-0.0074534,0.0231247,-0.0055191,-0.3019322,0.9280196,-0.2182120,0.0249169
3/20/2026 11:53:20.514,-0.0037359,0.0115442,-0.0027478,0.9999225,-0.0074078,0.0231099,-0.0055817,-0.3002896,0.9279234,-0.2208717,0.0248977
3/20/2026 11:53:20.534,-0.0037245,0.0115220,-0.0027825,0.9999228,-0.0073843,0.0230656,-0.0056505,-0.2997653,0.9273551,-0.2239493,0.0248594
3/20/2026 11:53:20.554,-0.0036969,0.0115045,-0.0028175,0.9999230,-0.0073284,0.0230308,-0.0057197,-0.2979425,0.9271842,-0.2270680,0.0248210
3/20/2026 11:53:20.574,-0.0036771,0.0114544,-0.0028329,0.9999236,-0.0072888,0.0229305,-0.0057498,-0.2975208,0.9267910,-0.2292156,0.0247247
3/20/2026 11:53:20.594,-0.0036612,0.0114248,-0.0028362,0.9999239,-0.0072571,0.0228712,-0.0057559,-0.2969863,0.9267513,-0.2300676,0.0246668
3/20/2026 11:53:20.614,-0.0036177,0.0113972,-0.0028298,0.9999245,-0.0071704,0.0228157,-0.0057418,-0.2944127,0.9275168,-0.2302908,0.0245797
3/20/2026 11:53:20.634,-0.0035976,0.0113575,-0.0028892,0.9999248,-0.0071291,0.0227367,-0.0058599,-0.2934672,0.9264616,-0.2356820,0.0245311
3/20/2026 11:53:20.654,-0.0035192,0.0113429,-0.0030215,0.9999248,-0.0069694,0.0227078,-0.0061226,-0.2871755,0.9256008,-0.2465630,0.0245214
3/20/2026 11:53:20.674,-0.0034451,0.0113320,-0.0031442,0.9999250,-0.0068185,0.0226864,-0.0063662,-0.2811331,0.9247335,-0.2565779,0.0245019
3/20/2026 11:53:20.694,-0.0034077,0.0113303,-0.0032275,0.9999247,-0.0067419,0.0226833,-0.0065320,-0.2778665,0.9238671,-0.2631725,0.0245408
3/20/2026 11:53:20.714,-0.0033571,0.0113324,-0.0032837,0.9999248,-0.0066393,0.0226876,-0.0066432,-0.2736694,0.9238222,-0.2676892,0.0245311
3/20/2026 11:53:20.734,-0.0032806,0.0113436,-0.0037109,0.9999233,-0.0064766,0.0227123,-0.0074959,-0.2650387,0.9164459,-0.2998022,0.0247633
3/20/2026 11:53:20.754,-0.0032168,0.0113440,-0.0037480,0.9999234,-0.0063481,0.0227127,-0.0075686,-0.2599933,0.9168636,-0.3029266,0.0247537
3/20/2026 11:53:20.774,-0.0031875,0.0113318,-0.0037388,0.9999237,-0.0062899,0.0226881,-0.0075495,-0.2580774,0.9174758,-0.3027115,0.0247055
3/20/2026 11:53:20.794,-0.0031525,0.0113083,-0.0037333,0.9999242,-0.0062201,0.0226407,-0.0075375,-0.2559079,0.9179699,-0.3030552,0.0246281
3/20/2026 11:53:20.814,-0.0030783,0.0113111,-0.0037698,0.9999241,-0.0060708,0.0226461,-0.0076090,-0.2499848,0.9185752,-0.3061488,0.0246475
3/20/2026 11:53:20.834,-0.0033702,0.0113199,-0.0038071,0.9999229,-0.0066537,0.0226662,-0.0076902,-0.2715824,0.9122065,-0.3067934,0.0248402
3/20/2026 11:53:20.854,-0.0033111,0.0113244,-0.0038559,0.9999230,-0.0065343,0.0226750,-0.0077865,-0.2667495,0.9123293,-0.3106445,0.0248210
3/20/2026 11:53:20.874,-0.0032693,0.0113178,-0.0038884,0.9999229,-0.0064502,0.0226618,-0.0078505,-0.2635332,0.9123079,-0.3134398,0.0248306
3/20/2026 11:53:20.894,-0.0032059,0.0113126,-0.0039557,0.9999230,-0.0063218,0.0226511,-0.0079836,-0.2584230,0.9118898,-0.3188643,0.0248210
3/20/2026 11:53:20.914,-0.0031124,0.0113025,-0.0040461,0.9999231,-0.0061329,0.0226309,-0.0081623,-0.2509634,0.9113595,-0.3262536,0.0248114
3/20/2026 11:53:20.934,-0.0030436,0.0112979,-0.0041489,0.9999229,-0.0059930,0.0226217,-0.0083663,-0.2451617,0.9100582,-0.3342004,0.0248402
3/20/2026 11:53:20.954,-0.0030055,0.0113004,-0.0038735,0.9999240,-0.0059231,0.0226246,-0.0078145,-0.2439926,0.9173797,-0.3144550,0.0246572
3/20/2026 11:53:20.974,-0.0029780,0.0113075,-0.0039107,0.9999239,-0.0058671,0.0226388,-0.0078883,-0.2415298,0.9170946,-0.3171762,0.0246668
3/20/2026 11:53:20.994,-0.0029636,0.0113120,-0.0039173,0.9999238,-0.0058382,0.0226478,-0.0079013,-0.2403120,0.9172536,-0.3176412,0.0246861
3/20/2026 11:53:21.014,-0.0029465,0.0113211,-0.0039448,0.9999236,-0.0058032,0.0226660,-0.0079559,-0.2386681,0.9170255,-0.3195334,0.0247151
3/20/2026 11:53:21.034,-0.0028981,0.0113196,-0.0039459,0.9999239,-0.0057065,0.0226626,-0.0079571,-0.2349919,0.9178296,-0.3199497,0.0246765
3/20/2026 11:53:21.054,-0.0028601,0.0113225,-0.0039442,0.9999241,-0.0056304,0.0226682,-0.0079527,-0.2320309,0.9185717,-0.3199809,0.0246475
3/20/2026 11:53:21.074,-0.0028014,0.0113378,-0.0039585,0.9999239,-0.0055127,0.0226983,-0.0079800,-0.2271778,0.9194266,-0.3210065,0.0246668
3/20/2026 11:53:21.094,-0.0027551,0.0113475,-0.0039335,0.9999241,-0.0054206,0.0227173,-0.0079291,-0.2235949,0.9209228,-0.3192280,0.0246378
3/20/2026 11:53:21.114,-0.0027264,0.0113517,-0.0038992,0.9999243,-0.0053638,0.0227252,-0.0078599,-0.2215043,0.9222682,-0.3167921,0.0246088
3/20/2026 11:53:21.134,-0.0026981,0.0113419,-0.0038905,0.9999245,-0.0053076,0.0227053,-0.0078417,-0.2195325,0.9228241,-0.3165457,0.0245797
3/20/2026 11:53:21.154,-0.0026622,0.0113381,-0.0039059,0.9999245,-0.0052354,0.0226976,-0.0078719,-0.2167193,0.9229995,-0.3179696,0.0245700
3/20/2026 11:53:21.174,-0.0026429,0.0113401,-0.0039097,0.9999245,-0.0051967,0.0227013,-0.0078789,-0.2151668,0.9232469,-0.3183057,0.0245797
3/20/2026 11:53:21.194,-0.0026268,0.0113251,-0.0039002,0.9999248,-0.0051650,0.0226712,-0.0078594,-0.2142179,0.9235537,-0.3180554,0.0245311
3/20/2026 11:53:21.214,-0.0026141,0.0113214,-0.0038765,0.9999250,-0.0051401,0.0226636,-0.0078117,-0.2134171,0.9242817,-0.3164751,0.0244922
3/20/2026 11:53:21.234,-0.0026036,0.0113184,-0.0038617,0.9999251,-0.0051194,0.0226574,-0.0077820,-0.2127250,0.9247670,-0.3155221,0.0244727
3/20/2026 11:53:21.254,-0.0025891,0.0113046,-0.0038670,0.9999253,-0.0050904,0.0226298,-0.0077920,-0.2117862,0.9247116,-0.3163148,0.0244532
3/20/2026 11:53:21.274,-0.0025498,0.0112925,-0.0038906,0.9999254,-0.0050113,0.0226053,-0.0078384,-0.2087734,0.9246256,-0.3185610,0.0244240
3/20/2026 11:53:21.294,-0.0025133,0.0112798,-0.0038882,0.9999257,-0.0049386,0.0225797,-0.0078328,-0.2061289,0.9251049,-0.3188913,0.0243849
3/20/2026 11:53:21.314,-0.0024829,0.0112761,-0.0038913,0.9999257,-0.0048777,0.0225720,-0.0078382,-0.2037786,0.9254597,-0.3193724,0.0243751
3/20/2026 11:53:21.334,-0.0024562,0.0112756,-0.0038860,0.9999258,-0.0048245,0.0225708,-0.0078270,-0.2017150,0.9259944,-0.3191324,0.0243653
3/20/2026 11:53:21.354,-0.0024428,0.0112834,-0.0038768,0.9999257,-0.0047978,0.0225863,-0.0078084,-0.2005857,0.9265136,-0.3183363,0.0243751
3/20/2026 11:53:21.374,-0.0024124,0.0112961,-0.0038963,0.9999257,-0.0047365,0.0226115,-0.0078466,-0.1978982,0.9266492,-0.3196213,0.0243849
3/20/2026 11:53:21.394,-0.0023918,0.0112911,-0.0039085,0.9999257,-0.0046950,0.0226014,-0.0078707,-0.1962819,0.9266018,-0.3207533,0.0243751
3/20/2026 11:53:21.414,-0.0023944,0.0112706,-0.0039102,0.9999259,-0.0047003,0.0225605,-0.0078740,-0.1967829,0.9262841,-0.3213629,0.0243555
3/20/2026 11:53:21.434,-0.0023520,0.0112855,-0.0039245,0.9999258,-0.0046151,0.0225899,-0.0079017,-0.1931391,0.9267358,-0.3222702,0.0243653
3/20/2026 11:53:21.454,-0.0023100,0.0112964,-0.0039143,0.9999259,-0.0045312,0.0226113,-0.0078803,-0.1897108,0.9277240,-0.3214622,0.0243458
3/20/2026 11:53:21.474,-0.0022625,0.0113148,-0.0038996,0.9999258,-0.0044365,0.0226477,-0.0078500,-0.1857600,0.9289706,-0.3201670,0.0243653
3/20/2026 11:53:21.494,-0.0022206,0.0113093,-0.0038866,0.9999260,-0.0043531,0.0226363,-0.0078231,-0.1825747,0.9298148,-0.3195481,0.0243262
3/20/2026 11:53:21.514,-0.0022116,0.0113032,-0.0038347,0.9999263,-0.0043362,0.0226239,-0.0077190,-0.1821870,0.9311374,-0.3158970,0.0242869
3/20/2026 11:53:21.534,-0.0022262,0.0113016,-0.0037836,0.9999264,-0.0043665,0.0226205,-0.0076172,-0.1836135,0.9321469,-0.3120711,0.0242673
3/20/2026 11:53:21.554,-0.0022080,0.0113009,-0.0037518,0.9999267,-0.0043309,0.0226189,-0.0075530,-0.1823225,0.9331583,-0.3097969,0.0242181
3/20/2026 11:53:21.574,-0.0021997,0.0112842,-0.0037308,0.9999270,-0.0043148,0.0225852,-0.0075109,-0.1819899,0.9335965,-0.3086701,0.0241688
3/20/2026 11:53:21.594,-0.0021778,0.0109161,-0.0037118,0.9999310,-0.0042743,0.0218489,-0.0074707,-0.1856021,0.9303148,-0.3163324,0.0234884
3/20/2026 11:53:21.614,-0.0021379,0.0109166,-0.0037202,0.9999311,-0.0041943,0.0218495,-0.0074868,-0.1822647,0.9306901,-0.3171680,0.0234783
3/20/2026 11:53:21.634,-0.0021212,0.0109045,-0.0037226,0.9999313,-0.0041608,0.0218252,-0.0074911,-0.1810477,0.9307335,-0.3177373,0.0234376
3/20/2026 11:53:21.654,-0.0020926,0.0109211,-0.0040745,0.9999298,-0.0040960,0.0218597,-0.0081943,-0.1767025,0.9221743,-0.3440504,0.0236906
3/20/2026 11:53:21.674,-0.0020447,0.0109172,-0.0040840,0.9999300,-0.0039999,0.0218516,-0.0082123,-0.1727784,0.9225233,-0.3451062,0.0236604
3/20/2026 11:53:21.694,-0.0020070,0.0109147,-0.0041111,0.9999300,-0.0039239,0.0218463,-0.0082656,-0.1695841,0.9222636,-0.3473775,0.0236704
3/20/2026 11:53:21.714,-0.0019692,0.0109134,-0.0041047,0.9999300,-0.0038485,0.0218432,-0.0082520,-0.1665298,0.9229141,-0.3471274,0.0236604
3/20/2026 11:53:21.734,-0.0019529,0.0109026,-0.0040712,0.9999303,-0.0038168,0.0218214,-0.0081845,-0.1654949,0.9238993,-0.3449951,0.0236099
3/20/2026 11:53:21.754,-0.0019249,0.0109120,-0.0040459,0.9999304,-0.0037613,0.0218400,-0.0081334,-0.1631837,0.9250564,-0.3429894,0.0235998
3/20/2026 11:53:21.774,-0.0018854,0.0109313,-0.0040343,0.9999303,-0.0036824,0.0218781,-0.0081095,-0.1597335,0.9261019,-0.3417902,0.0236200
3/20/2026 11:53:21.794,-0.0018495,0.0109478,-0.0040156,0.9999303,-0.0036107,0.0219109,-0.0080713,-0.1566427,0.9272484,-0.3401080,0.0236099
3/20/2026 11:53:21.814,-0.0018298,0.0109545,-0.0039706,0.9999304,-0.0035723,0.0219238,-0.0079808,-0.1551370,0.9287651,-0.3366420,0.0235998
3/20/2026 11:53:21.834,-0.0018195,0.0109440,-0.0039379,0.9999307,-0.0035526,0.0219026,-0.0079152,-0.1545574,0.9296342,-0.3345030,0.0235493
3/20/2026 11:53:21.854,-0.0017878,0.0109327,-0.0039421,0.9999309,-0.0034891,0.0218799,-0.0079229,-0.1520415,0.9297765,-0.3352596,0.0235189
3/20/2026 11:53:21.874,-0.0017473,0.0109398,-0.0039311,0.9999309,-0.0034084,0.0218938,-0.0078999,-0.1486418,0.9306322,-0.3344088,0.0235189
3/20/2026 11:53:21.894,-0.0016973,0.0109534,-0.0038929,0.9999309,-0.0033092,0.0219204,-0.0078227,-0.1444809,0.9323716,-0.3313737,0.0235087
3/20/2026 11:53:21.914,-0.0016619,0.0109586,-0.0038559,0.9999311,-0.0032390,0.0219304,-0.0077478,-0.1416109,0.9338034,-0.3285688,0.0234783
3/20/2026 11:53:21.934,-0.0016369,0.0109658,-0.0038316,0.9999311,-0.0031896,0.0219445,-0.0076986,-0.1395417,0.9347950,-0.3266288,0.0234783
3/20/2026 11:53:21.954,-0.0015887,0.0109758,-0.0037902,0.9999312,-0.0030940,0.0219640,-0.0076149,-0.1355552,0.9365039,-0.3233965,0.0234681
3/20/2026 11:53:21.974,-0.0015256,0.0109992,-0.0037723,0.9999312,-0.0029681,0.0220102,-0.0075777,-0.1300886,0.9378785,-0.3216533,0.0234580
3/20/2026 11:53:21.994,-0.0014819,0.0110320,-0.0037595,0.9999309,-0.0028807,0.0220755,-0.0075513,-0.1261354,0.9389873,-0.3199887,0.0235087
3/20/2026 11:53:22.014,-0.0014496,0.0110516,-0.0036851,0.9999310,-0.0028176,0.0221143,-0.0074018,-0.1234795,0.9413925,-0.3138996,0.0234884
3/20/2026 11:53:22.034,-0.0014260,0.0110621,-0.0035980,0.9999313,-0.0027722,0.0221349,-0.0072271,-0.1216777,0.9438978,-0.3070040,0.0234478
3/20/2026 11:53:22.054,-0.0014154,0.0106784,-0.0034988,0.9999357,-0.0027559,0.0213670,-0.0070276,-0.1249740,0.9428385,-0.3089287,0.0226724
3/20/2026 11:53:22.074,-0.0014006,0.0106865,-0.0034574,0.9999359,-0.0027272,0.0213830,-0.0069445,-0.1237436,0.9441309,-0.3054575,0.0226408
3/20/2026 11:53:22.094,-0.0013364,0.0106866,-0.0034618,0.9999360,-0.0025986,0.0213827,-0.0069518,-0.1181327,0.9446691,-0.3060149,0.0226197
3/20/2026 11:53:22.114,-0.0012530,0.0107228,-0.0034564,0.9999357,-0.0024318,0.0214545,-0.0069394,-0.1105389,0.9459410,-0.3049206,0.0226829
3/20/2026 11:53:22.134,-0.0011769,0.0107780,-0.0034667,0.9999352,-0.0022788,0.0215645,-0.0069584,-0.1033883,0.9468663,-0.3045569,0.0227668
3/20/2026 11:53:22.154,-0.0011203,0.0108270,-0.0034471,0.9999348,-0.0021658,0.0216621,-0.0069180,-0.0981187,0.9482744,-0.3019080,0.0228400
3/20/2026 11:53:22.174,-0.0010781,0.0108707,-0.0033933,0.9999346,-0.0020823,0.0217491,-0.0068096,-0.0942492,0.9503266,-0.2966419,0.0228713
3/20/2026 11:53:22.194,-0.0009713,0.0109419,-0.0033182,0.9999341,-0.0018699,0.0218906,-0.0066573,-0.0846439,0.9535301,-0.2891634,0.0229545
3/20/2026 11:53:22.214,-0.0007946,0.0110666,-0.0032738,0.9999330,-0.0015166,0.0221388,-0.0065649,-0.0686894,0.9566551,-0.2830066,0.0231510
3/20/2026 11:53:22.234,-0.0006050,0.0111727,-0.0033567,0.9999316,-0.0011349,0.0223498,-0.0067265,-0.0517899,0.9564254,-0.2873470,0.0233867
3/20/2026 11:53:22.254,-0.0004299,0.0112314,-0.0034162,0.9999310,-0.0007831,0.0224660,-0.0068417,-0.0365990,0.9560801,-0.2908116,0.0234884
3/20/2026 11:53:22.274,-0.0003520,0.0112065,-0.0033663,0.9999314,-0.0006284,0.0224157,-0.0067401,-0.0300659,0.9572902,-0.2875612,0.0234275
3/20/2026 11:53:22.294,-0.0003653,0.0111235,-0.0032100,0.9999328,-0.0006592,0.0222497,-0.0064277,-0.0315387,0.9603157,-0.2771266,0.0231819
3/20/2026 11:53:22.314,-0.0003763,0.0110288,-0.0030705,0.9999343,-0.0006849,0.0220602,-0.0061490,-0.0328533,0.9628405,-0.2680652,0.0229234
3/20/2026 11:53:22.334,-0.0003541,0.0109570,-0.0030362,0.9999353,-0.0006417,0.0219165,-0.0060797,-0.0311302,0.9632194,-0.2669067,0.0227563
3/20/2026 11:53:22.354,-0.0002720,0.0109214,-0.0030611,0.9999356,-0.0004771,0.0218449,-0.0061277,-0.0239738,0.9626172,-0.2698021,0.0226934
3/20/2026 11:53:22.374,-0.0001324,0.0109207,-0.0031015,0.9999356,-0.0001970,0.0218426,-0.0062055,-0.0116607,0.9618936,-0.2731754,0.0227039
3/20/2026 11:53:22.394,0.0000168,0.0109114,-0.0032077,0.9999352,0.0001036,0.0218231,-0.0064146,0.0014787,0.9594019,-0.2820385,0.0227668
3/20/2026 11:53:22.414,0.0001507,0.0108958,-0.0033293,0.9999351,0.0003740,0.0217908,-0.0066548,0.0132273,0.9562680,-0.2921926,0.0227877
3/20/2026 11:53:22.434,0.0002675,0.0108801,-0.0034008,0.9999349,0.0006089,0.0217587,-0.0067954,0.0234587,0.9541976,-0.2982562,0.0228191
3/20/2026 11:53:22.454,0.0003740,0.0108162,-0.0034312,0.9999356,0.0008223,0.0216302,-0.0068540,0.0329451,0.9526702,-0.3022152,0.0227039
3/20/2026 11:53:22.474,0.0004727,0.0107181,-0.0034615,0.9999364,0.0010195,0.0214332,-0.0069124,0.0419283,0.9507671,-0.3070568,0.0225564
3/20/2026 11:53:22.494,0.0004830,0.0106135,-0.0034519,0.9999376,0.0010393,0.0212240,-0.0068932,0.0432379,0.9500778,-0.3090027,0.0223440
3/20/2026 11:53:22.514,0.0004609,0.0105204,-0.0034319,0.9999386,0.0009939,0.0210379,-0.0068537,0.0416119,0.9498712,-0.3098599,0.0221618
3/20/2026 11:53:22.534,0.0004556,0.0104685,-0.0034741,0.9999390,0.0009840,0.0209340,-0.0069383,0.0412744,0.9482923,-0.3147033,0.0220864
3/20/2026 11:53:22.554,0.0004826,0.0104858,-0.0035525,0.9999386,0.0010397,0.0209684,-0.0070944,0.0435506,0.9462234,-0.3205692,0.0221618
3/20/2026 11:53:22.574,0.0005018,0.0105588,-0.0036410,0.9999375,0.0010804,0.0211142,-0.0072711,0.0448807,0.9444186,-0.3256674,0.0223653
3/20/2026 11:53:22.594,0.0005101,0.0106845,-0.0037090,0.9999359,0.0010995,0.0213656,-0.0074068,0.0450590,0.9437379,-0.3276102,0.0226408
3/20/2026 11:53:22.614,0.0005163,0.0108168,-0.0037936,0.9999341,0.0011147,0.0216299,-0.0075756,0.0450000,0.9426914,-0.3306174,0.0229545
3/20/2026 11:53:22.634,0.0005500,0.0109291,-0.0038966,0.9999325,0.0011850,0.0218541,-0.0077807,0.0473446,0.9408671,-0.3354513,0.0232333
3/20/2026 11:53:22.654,0.0005852,0.0110464,-0.0039440,0.9999310,0.0012574,0.0220885,-0.0078747,0.0498278,0.9406021,-0.3358345,0.0234884
3/20/2026 11:53:22.674,0.0005515,0.0111633,-0.0039452,0.9999297,0.0011911,0.0223225,-0.0078777,0.0465324,0.9418298,-0.3328535,0.0237107
3/20/2026 11:53:22.694,0.0005150,0.0112080,-0.0039435,0.9999292,0.0011182,0.0224123,-0.0078749,0.0432997,0.9424301,-0.3315879,0.0237910
3/20/2026 11:53:22.714,0.0006292,0.0112132,-0.0038485,0.9999295,0.0013446,0.0224218,-0.0076825,0.0529969,0.9445124,-0.3241722,0.0237409
3/20/2026 11:53:22.734,0.0006349,0.0112482,-0.0038069,0.9999294,0.0013553,0.0224920,-0.0075991,0.0533869,0.9458700,-0.3201244,0.0237710
3/20/2026 11:53:22.754,0.0006471,0.0112724,-0.0037229,0.9999293,0.0013780,0.0225404,-0.0074307,0.0544255,0.9481472,-0.3131371,0.0237810
3/20/2026 11:53:22.774,0.0006527,0.0112473,-0.0036949,0.9999296,0.0013884,0.0224900,-0.0073746,0.0550503,0.9486079,-0.3116288,0.0237308
3/20/2026 11:53:22.794,0.0006760,0.0112328,-0.0036826,0.9999298,0.0014346,0.0224610,-0.0073496,0.0570906,0.9486871,-0.3110200,0.0236906
3/20/2026 11:53:22.814,0.0006855,0.0112145,-0.0037027,0.9999301,0.0014539,0.0224242,-0.0073896,0.0579448,0.9479843,-0.3129987,0.0236503
3/20/2026 11:53:22.834,0.0006813,0.0111935,-0.0037497,0.9999301,0.0014464,0.0223822,-0.0074836,0.0576141,0.9466372,-0.3171100,0.0236402
3/20/2026 11:53:22.854,0.0007084,0.0111647,-0.0038568,0.9999299,0.0015028,0.0223243,-0.0076972,0.0598660,0.9434987,-0.3259237,0.0236805
3/20/2026 11:53:22.874,0.0007382,0.0111429,-0.0039243,0.9999299,0.0015638,0.0222804,-0.0078318,0.0623661,0.9413788,-0.3315364,0.0236805
3/20/2026 11:53:22.894,0.0007143,0.0111621,-0.0039298,0.9999297,0.0015162,0.0223189,-0.0078432,0.0602498,0.9415349,-0.3314845,0.0237107
3/20/2026 11:53:22.914,0.0006854,0.0111913,-0.0039180,0.9999294,0.0014584,0.0223775,-0.0078202,0.0577061,0.9422578,-0.3298791,0.0237710
3/20/2026 11:53:22.934,0.0007007,0.0112180,-0.0038993,0.9999292,0.0014888,0.0224308,-0.0077824,0.0588984,0.9429253,-0.3277543,0.0237910
3/20/2026 11:53:22.954,0.0007087,0.0112257,-0.0038349,0.9999293,0.0015033,0.0224463,-0.0076535,0.0596327,0.9446201,-0.3227023,0.0237810
3/20/2026 11:53:22.974,0.0007190,0.0112212,-0.0037529,0.9999297,0.0015222,0.0224373,-0.0074892,0.0606573,0.9466199,-0.3165936,0.0237107
3/20/2026 11:53:22.994,0.0006929,0.0112134,-0.0036638,0.9999301,0.0014679,0.0224220,-0.0073117,0.0586346,0.9489117,-0.3100460,0.0236402
3/20/2026 11:53:23.014,0.0006183,0.0112443,-0.0035537,0.9999303,0.0013165,0.0224845,-0.0070931,0.0523611,0.9522037,-0.3009426,0.0236099
3/20/2026 11:53:23.034,0.0004579,0.0112593,-0.0033295,0.9999310,0.0009907,0.0225158,-0.0066483,0.0389709,0.9582220,-0.2833584,0.0234884
3/20/2026 11:53:23.054,0.0003909,0.0112768,-0.0031566,0.9999314,0.0008529,0.0225514,-0.0063039,0.0333599,0.9624485,-0.2694065,0.0234275
3/20/2026 11:53:23.074,0.0003991,0.0113376,-0.0030888,0.9999309,0.0008681,0.0226732,-0.0061681,0.0339407,0.9642795,-0.2627032,0.0235189
3/20/2026 11:53:23.094,0.0004183,0.0114178,-0.0030246,0.9999301,0.0009056,0.0228335,-0.0060393,0.0353895,0.9660530,-0.2559087,0.0236402
3/20/2026 11:53:23.114,0.0004817,0.0114760,-0.0029832,0.9999295,0.0010318,0.0229496,-0.0059550,0.0405925,0.9670362,-0.2513828,0.0237509
3/20/2026 11:53:23.134,0.0005404,0.0115093,-0.0029210,0.9999294,0.0011480,0.0230159,-0.0058293,0.0454668,0.9682677,-0.2457445,0.0237609
3/20/2026 11:53:23.154,0.0006143,0.0114839,-0.0028269,0.9999298,0.0012934,0.0229647,-0.0056393,0.0518721,0.9697061,-0.2387038,0.0236906
3/20/2026 11:53:23.174,0.0007136,0.0114590,-0.0027665,0.9999303,0.0014905,0.0229145,-0.0055162,0.0604224,0.9702967,-0.2342508,0.0236200
3/20/2026 11:53:23.194,0.0007455,0.0114455,-0.0027452,0.9999305,0.0015538,0.0228874,-0.0054731,0.0632151,0.9704750,-0.2327705,0.0235796
3/20/2026 11:53:23.214,0.0007747,0.0114242,-0.0027321,0.9999307,0.0016117,0.0228446,-0.0054462,0.0658105,0.9704660,-0.2320880,0.0235493
3/20/2026 11:53:23.234,0.0007970,0.0114874,-0.0027520,0.9999298,0.0016572,0.0229709,-0.0054853,0.0673218,0.9702768,-0.2324453,0.0236906
3/20/2026 11:53:23.254,0.0008603,0.0115479,-0.0027769,0.9999291,0.0017845,0.0230914,-0.0055337,0.0722407,0.9697427,-0.2331962,0.0238110
3/20/2026 11:53:23.274,0.0009287,0.0114941,-0.0027688,0.9999295,0.0019210,0.0229835,-0.0055160,0.0783112,0.9692046,-0.2334733,0.0237409
3/20/2026 11:53:23.294,0.0009434,0.0113738,-0.0027776,0.9999310,0.0019499,0.0227429,-0.0055335,0.0803163,0.9683126,-0.2364746,0.0234986
3/20/2026 11:53:23.314,0.0009557,0.0113128,-0.0027912,0.9999317,0.0019743,0.0226207,-0.0055605,0.0817421,0.9676351,-0.2387476,0.0233765
3/20/2026 11:53:23.334,0.0009738,0.0113472,-0.0027816,0.9999312,0.0020107,0.0226894,-0.0055408,0.0830660,0.9678866,-0.2372669,0.0234580
3/20/2026 11:53:23.354,0.0009881,0.0114019,-0.0027811,0.9999307,0.0020395,0.0227987,-0.0055393,0.0838957,0.9680923,-0.2361332,0.0235493
3/20/2026 11:53:23.374,0.0009875,0.0114517,-0.0027405,0.9999303,0.0020376,0.0228985,-0.0054580,0.0835688,0.9691378,-0.2319230,0.0236200
3/20/2026 11:53:23.394,0.0009761,0.0114446,-0.0026867,0.9999304,0.0020135,0.0228844,-0.0053507,0.0827448,0.9701954,-0.2277588,0.0235998
3/20/2026 11:53:23.414,0.0009461,0.0114615,-0.0026093,0.9999304,0.0019519,0.0229185,-0.0051966,0.0802281,0.9719082,-0.2212649,0.0235998
3/20/2026 11:53:23.434,0.0009410,0.0114835,-0.0025273,0.9999304,0.0019400,0.0229627,-0.0050326,0.0797754,0.9735157,-0.2142500,0.0235897
3/20/2026 11:53:23.454,0.0009582,0.0114697,-0.0024908,0.9999306,0.0019734,0.0229352,-0.0049592,0.0813658,0.9739833,-0.2115096,0.0235695
3/20/2026 11:53:23.474,0.0009796,0.0114689,-0.0025010,0.9999306,0.0020163,0.0229333,-0.0049792,0.0831595,0.9736544,-0.2123239,0.0235594
3/20/2026 11:53:23.494,0.0009688,0.0114953,-0.0025043,0.9999302,0.0019949,0.0229863,-0.0049860,0.0820643,0.9737866,-0.2121439,0.0236301
3/20/2026 11:53:23.514,0.0009422,0.0114725,-0.0024927,0.9999306,0.0019414,0.0229407,-0.0049635,0.0799943,0.9740677,-0.2116434,0.0235695
3/20/2026 11:53:23.534,0.0009202,0.0114357,-0.0024889,0.9999312,0.0018973,0.0228674,-0.0049564,0.0783875,0.9741191,-0.2120081,0.0234681
3/20/2026 11:53:23.554,0.0009580,0.0114345,-0.0025289,0.9999309,0.0019737,0.0228647,-0.0050356,0.0815335,0.9731547,-0.2152264,0.0235189
3/20/2026 11:53:23.574,0.0010135,0.0115208,-0.0025683,0.9999297,0.0020860,0.0230368,-0.0051130,0.0855455,0.9724626,-0.2167913,0.0237107
3/20/2026 11:53:23.594,0.0010455,0.0115904,-0.0025444,0.9999290,0.0021498,0.0231761,-0.0050643,0.0877623,0.9729725,-0.2135939,0.0238311
3/20/2026 11:53:23.614,0.0009982,0.0116068,-0.0024762,0.9999290,0.0020537,0.0232091,-0.0049288,0.0838108,0.9745510,-0.2079091,0.0238411
3/20/2026 11:53:23.634,0.0009347,0.0115654,-0.0023635,0.9999298,0.0019240,0.0231268,-0.0047051,0.0789393,0.9766929,-0.1995983,0.0236906
3/20/2026 11:53:23.654,0.0008895,0.0115412,-0.0023148,0.9999303,0.0018323,0.0230787,-0.0046088,0.0753512,0.9776855,-0.1960957,0.0236099
3/20/2026 11:53:23.674,0.0008900,0.0115738,-0.0023473,0.9999298,0.0018342,0.0231440,-0.0046737,0.0751491,0.9772758,-0.1982037,0.0236906
3/20/2026 11:53:23.694,0.0009397,0.0116466,-0.0023805,0.9999289,0.0019348,0.0232892,-0.0047388,0.0788072,0.9766970,-0.1996309,0.0238511
3/20/2026 11:53:23.714,0.0009109,0.0116841,-0.0024000,0.9999284,0.0018777,0.0233643,-0.0047783,0.0761413,0.9767057,-0.2006203,0.0239309
3/20/2026 11:53:23.734,0.0008710,0.0116860,-0.0023887,0.9999285,0.0017978,0.0233683,-0.0047568,0.0728327,0.9771391,-0.1997362,0.0239209
3/20/2026 11:53:23.754,0.0008211,0.0116743,-0.0023945,0.9999287,0.0016980,0.0233453,-0.0047695,0.0687385,0.9772896,-0.2004498,0.0238910
3/20/2026 11:53:23.774,0.0008084,0.0116821,-0.0023898,0.9999286,0.0016725,0.0233609,-0.0047603,0.0676397,0.9774672,-0.1999565,0.0239010
3/20/2026 11:53:23.794,0.0008152,0.0117109,-0.0024047,0.9999281,0.0016866,0.0234183,-0.0047900,0.0680297,0.9772925,-0.2006772,0.0239807
3/20/2026 11:53:23.814,0.0008413,0.0117390,-0.0024093,0.9999278,0.0017390,0.0234745,-0.0047986,0.0700305,0.9771757,-0.2005575,0.0240403
3/20/2026 11:53:23.834,0.0008800,0.0117714,-0.0023896,0.9999275,0.0018162,0.0235392,-0.0047582,0.0730702,0.9773910,-0.1984125,0.0240898
3/20/2026 11:53:23.854,0.0008863,0.0118010,-0.0023701,0.9999272,0.0018285,0.0235983,-0.0047190,0.0734376,0.9777747,-0.1963759,0.0241293
3/20/2026 11:53:23.874,0.0008720,0.0118056,-0.0023702,0.9999270,0.0017999,0.0236075,-0.0047194,0.0722317,0.9778748,-0.1963255,0.0241590
3/20/2026 11:53:23.894,0.0008416,0.0118228,-0.0023396,0.9999269,0.0017384,0.0236423,-0.0046589,0.0696590,0.9785948,-0.1936488,0.0241787
3/20/2026 11:53:23.914,0.0008170,0.0118203,-0.0023284,0.9999272,0.0016889,0.0236372,-0.0046373,0.0676582,0.9788967,-0.1928303,0.0241392
3/20/2026 11:53:23.934,0.0008095,0.0118122,-0.0023332,0.9999273,0.0016739,0.0236211,-0.0046469,0.0670769,0.9788355,-0.1933436,0.0241195
3/20/2026 11:53:23.954,0.0008029,0.0117728,-0.0023016,0.9999276,0.0016599,0.0235425,-0.0045840,0.0667828,0.9792299,-0.1914389,0.0240601
3/20/2026 11:53:23.974,0.0007546,0.0117536,-0.0022369,0.9999281,0.0015616,0.0235044,-0.0044558,0.0629430,0.9804193,-0.1865906,0.0239807
3/20/2026 11:53:23.994,0.0006557,0.0117469,-0.0021012,0.9999286,0.0013607,0.0234915,-0.0041867,0.0548636,0.9828936,-0.1758124,0.0239010
3/20/2026 11:53:24.014,0.0004820,0.0117420,-0.0018113,0.9999293,0.0010066,0.0234828,-0.0036110,0.0405402,0.9874984,-0.1523263,0.0237810
3/20/2026 11:53:24.034,0.0003318,0.0117296,-0.0015134,0.9999300,0.0006990,0.0234587,-0.0030187,0.0280426,0.9913892,-0.1279101,0.0236704
3/20/2026 11:53:24.054,0.0002248,0.0117033,-0.0013456,0.9999306,0.0004810,0.0234064,-0.0026858,0.0190764,0.9932740,-0.1142055,0.0235695
3/20/2026 11:53:24.074,0.0001890,0.0116935,-0.0012909,0.9999307,0.0004081,0.0233870,-0.0025772,0.0160597,0.9938337,-0.1097122,0.0235391
3/20/2026 11:53:24.094,0.0001690,0.0116919,-0.0012927,0.9999309,0.0003682,0.0233838,-0.0025813,0.0143654,0.9938403,-0.1098856,0.0235189
3/20/2026 11:53:24.114,0.0001371,0.0116967,-0.0012615,0.9999308,0.0003037,0.0233936,-0.0025196,0.0116533,0.9941667,-0.1072223,0.0235290
3/20/2026 11:53:24.134,0.0000297,0.0116831,-0.0011007,0.9999312,0.0000852,0.0233667,-0.0022005,0.0025333,0.9955882,-0.0937961,0.0234681
3/20/2026 11:53:24.154,-0.0000933,0.0116733,-0.0009105,0.9999315,-0.0001653,0.0233473,-0.0018231,-0.0079652,0.9969403,-0.0777600,0.0234071
3/20/2026 11:53:24.174,-0.0002043,0.0116387,-0.0008123,0.9999319,-0.0003898,0.0232783,-0.0016291,-0.0175121,0.9974207,-0.0696086,0.0233459
3/20/2026 11:53:24.194,-0.0002795,0.0116227,-0.0007806,0.9999321,-0.0005408,0.0232463,-0.0015676,-0.0239881,0.9974652,-0.0669913,0.0233152
3/20/2026 11:53:24.214,-0.0003449,0.0116044,-0.0007878,0.9999322,-0.0006715,0.0232099,-0.0015836,-0.0296428,0.9972649,-0.0677053,0.0232845
3/20/2026 11:53:24.234,-0.0003947,0.0116014,-0.0007757,0.9999322,-0.0007714,0.0232040,-0.0015605,-0.0339267,0.9971976,-0.0666776,0.0232845
3/20/2026 11:53:24.254,-0.0004240,0.0116129,-0.0007303,0.9999322,-0.0008310,0.0232269,-0.0014703,-0.0364157,0.9973665,-0.0627199,0.0232948
3/20/2026 11:53:24.274,-0.0004662,0.0116162,-0.0006293,0.9999322,-0.0009178,0.0232335,-0.0012693,-0.0400443,0.9977350,-0.0540479,0.0232845
3/20/2026 11:53:24.294,-0.0005281,0.0116582,-0.0004308,0.9999318,-0.0010460,0.0233174,-0.0008738,-0.0452186,0.9982958,-0.0368867,0.0233663
3/20/2026 11:53:24.314,-0.0006352,0.0116881,-0.0002454,0.9999315,-0.0012645,0.0233770,-0.0005056,-0.0542520,0.9983073,-0.0209577,0.0234173
3/20/2026 11:53:24.334,-0.0007319,0.0117002,-0.0000932,0.9999312,-0.0014615,0.0234011,-0.0002036,-0.0624303,0.9980177,-0.0079533,0.0234681
3/20/2026 11:53:24.354,-0.0007900,0.0117003,-0.0000086,0.9999313,-0.0015797,0.0234011,-0.0000357,-0.0673667,0.9977280,-0.0007337,0.0234478
3/20/2026 11:53:24.374,-0.0007952,0.0117401,0.0000561,0.9999307,-0.0015916,0.0234807,0.0000935,-0.0675791,0.9977025,0.0047646,0.0235493
3/20/2026 11:53:24.394,-0.0008285,0.0117685,0.0001085,0.9999303,-0.0016594,0.0235374,0.0001976,-0.0702197,0.9974891,0.0091999,0.0236099
3/20/2026 11:53:24.414,-0.0008704,0.0118003,0.0001905,0.9999300,-0.0017452,0.0236009,0.0003604,-0.0735525,0.9971615,0.0160964,0.0236604
3/20/2026 11:53:24.434,-0.0009545,0.0118026,0.0002887,0.9999298,-0.0019157,0.0236053,0.0005548,-0.0805862,0.9964496,0.0243733,0.0236906
3/20/2026 11:53:24.454,-0.0010638,0.0118015,0.0003927,0.9999297,-0.0021368,0.0236027,0.0007602,-0.0897309,0.9954152,0.0331200,0.0237107
3/20/2026 11:53:24.474,-0.0011079,0.0118093,0.0004378,0.9999295,-0.0022260,0.0236183,0.0008493,-0.0933408,0.9949508,0.0368839,0.0237509
3/20/2026 11:53:24.494,-0.0011236,0.0118247,0.0004551,0.9999294,-0.0022579,0.0236490,0.0008835,-0.0945292,0.9947858,0.0382825,0.0237710
3/20/2026 11:53:24.515,-0.0011258,0.0118565,0.0005451,0.9999289,-0.0022644,0.0237124,0.0010634,-0.0944315,0.9944810,0.0457181,0.0238511
3/20/2026 11:53:24.534,-0.0011799,0.0118711,0.0006888,0.9999287,-0.0023761,0.0237412,0.0013495,-0.0987444,0.9934421,0.0576414,0.0238910
3/20/2026 11:53:24.554,-0.0012366,0.0118709,0.0008235,0.9999284,-0.0024927,0.0237404,0.0016175,-0.1033675,0.9922585,0.0688351,0.0239409
3/20/2026 11:53:24.574,-0.0012587,0.0118739,0.0009722,0.9999282,-0.0025403,0.0237459,0.0019144,-0.1050668,0.9911482,0.0811543,0.0239608
3/20/2026 11:53:24.594,-0.0012637,0.0118905,0.0010635,0.9999278,-0.0025525,0.0237789,0.0020968,-0.1052690,0.9904899,0.0885904,0.0240303
3/20/2026 11:53:24.614,-0.0012706,0.0118895,0.0011239,0.9999279,-0.0025677,0.0237767,0.0022174,-0.1057942,0.9899749,0.0935801,0.0240204
3/20/2026 11:53:24.634,-0.0012945,0.0118669,0.0011608,0.9999280,-0.0026164,0.0237315,0.0022908,-0.1079341,0.9894353,0.0967882,0.0240005
3/20/2026 11:53:24.654,-0.0013269,0.0118576,0.0011457,0.9999282,-0.0026808,0.0237128,0.0022597,-0.1107016,0.9892469,0.0955810,0.0239707
3/20/2026 11:53:24.674,-0.0013189,0.0118436,0.0011403,0.9999285,-0.0026646,0.0236849,0.0022493,-0.1101691,0.9893377,0.0952561,0.0239209
3/20/2026 11:53:24.694,-0.0013207,0.0118398,0.0011366,0.9999285,-0.0026681,0.0236772,0.0022418,-0.1103561,0.9893438,0.0949761,0.0239209
3/20/2026 11:53:24.714,-0.0013465,0.0118405,0.0011191,0.9999284,-0.0027193,0.0236786,0.0022061,-0.1124967,0.9892436,0.0934971,0.0239409
3/20/2026 11:53:24.734,-0.0013420,0.0118056,0.0010970,0.9999288,-0.0027096,0.0236090,0.0021621,-0.1124649,0.9893938,0.0919325,0.0238611
3/20/2026 11:53:24.754,-0.0013555,0.0118060,0.0010899,0.9999288,-0.0027365,0.0236097,0.0021476,-0.1135851,0.9893216,0.0913303,0.0238711
3/20/2026 11:53:24.774,-0.0014125,0.0118285,0.0011051,0.9999284,-0.0028510,0.0236545,0.0021766,-0.1180664,0.9887002,0.0923698,0.0239409
3/20/2026 11:53:24.794,-0.0014420,0.0118312,0.0010929,0.9999284,-0.0029097,0.0236599,0.0021515,-0.1204811,0.9885074,0.0913092,0.0239409
3/20/2026 11:53:24.814,-0.0014673,0.0118433,0.0010807,0.9999282,-0.0029599,0.0236841,0.0021265,-0.1224479,0.9883685,0.0901897,0.0239707
3/20/2026 11:53:24.834,-0.0015037,0.0118461,0.0010871,0.9999281,-0.0030329,0.0236895,0.0021384,-0.1254040,0.9879546,0.0906623,0.0239906
3/20/2026 11:53:24.854,-0.0015614,0.0118340,0.0011088,0.9999281,-0.0031489,0.0236652,0.0021805,-0.1302506,0.9871574,0.0924929,0.0239807
3/20/2026 11:53:24.874,-0.0016274,0.0118236,0.0011213,0.9999281,-0.0032810,0.0236442,0.0022039,-0.1357526,0.9863176,0.0935350,0.0239906
3/20/2026 11:53:24.894,-0.0016615,0.0118273,0.0011015,0.9999279,-0.0033488,0.0236517,0.0021635,-0.1385252,0.9860918,0.0918358,0.0240105
3/20/2026 11:53:24.914,-0.0017069,0.0118276,0.0010532,0.9999279,-0.0034385,0.0236522,0.0020659,-0.1422842,0.9859248,0.0877920,0.0240204
3/20/2026 11:53:24.934,-0.0017815,0.0118143,0.0010445,0.9999280,-0.0035873,0.0236255,0.0020468,-0.1485365,0.9850645,0.0870904,0.0240005
3/20/2026 11:53:24.954,-0.0018496,0.0118218,0.0010420,0.9999279,-0.0037237,0.0236404,0.0020401,-0.1539968,0.9842553,0.0867546,0.0240105
3/20/2026 11:53:24.974,-0.0018912,0.0118288,0.0010212,0.9999278,-0.0038063,0.0236544,0.0019975,-0.1573052,0.9838904,0.0849399,0.0240403
3/20/2026 11:53:24.994,-0.0019332,0.0118292,0.0010340,0.9999275,-0.0038905,0.0236551,0.0020221,-0.1606877,0.9832560,0.0859470,0.0240799
3/20/2026 11:53:25.014,-0.0019953,0.0118198,0.0010747,0.9999276,-0.0040157,0.0236361,0.0021021,-0.1657899,0.9821097,0.0892984,0.0240601
3/20/2026 11:53:25.034,-0.0020330,0.0118106,0.0010840,0.9999275,-0.0040913,0.0236175,0.0021199,-0.1689492,0.9814992,0.0900862,0.0240799
3/20/2026 11:53:25.054,-0.0020959,0.0117907,0.0007066,0.9999280,-0.0042082,0.0235792,0.0013637,-0.1747130,0.9828560,0.0589023,0.0240005
3/20/2026 11:53:25.074,-0.0021671,0.0117800,0.0007110,0.9999279,-0.0043507,0.0235576,0.0013708,-0.1806144,0.9817674,0.0592553,0.0240105
3/20/2026 11:53:25.095,-0.0022117,0.0117892,0.0006948,0.9999278,-0.0044395,0.0235761,0.0013374,-0.1840793,0.9812089,0.0578279,0.0240303
3/20/2026 11:53:25.114,-0.0022298,0.0117959,0.0006835,0.9999277,-0.0044754,0.0235894,0.0013144,-0.1854423,0.9810095,0.0568463,0.0240502
3/20/2026 11:53:25.134,-0.0022426,0.0118090,0.0006616,0.9999275,-0.0045005,0.0236157,0.0012701,-0.1862906,0.9809564,0.0549582,0.0240799
3/20/2026 11:53:25.154,-0.0022477,0.0118198,0.0006301,0.9999275,-0.0045100,0.0236375,0.0012071,-0.1865594,0.9810506,0.0523018,0.0240898
3/20/2026 11:53:25.174,-0.0023864,0.0118646,0.0007086,0.9999265,-0.0047893,0.0237265,0.0013604,-0.1968527,0.9786893,0.0584495,0.0242476
3/20/2026 11:53:25.194,-0.0023563,0.0118525,0.0006556,0.9999267,-0.0047278,0.0237027,0.0012553,-0.1946972,0.9793662,0.0541724,0.0242083
3/20/2026 11:53:25.214,-0.0023555,0.0118547,0.0006415,0.9999268,-0.0047259,0.0237071,0.0012270,-0.1946140,0.9794469,0.0530006,0.0241984
3/20/2026 11:53:25.234,-0.0023795,0.0118855,0.0006587,0.9999263,-0.0047743,0.0237687,0.0012607,-0.1960159,0.9790984,0.0542587,0.0242771
3/20/2026 11:53:25.254,-0.0023454,0.0119736,0.0006831,0.9999252,-0.0047068,0.0239448,0.0013100,-0.1919241,0.9798163,0.0559025,0.0244630
3/20/2026 11:53:25.274,-0.0023084,0.0120847,0.0006563,0.9999241,-0.0046322,0.0241672,0.0012568,-0.1873554,0.9808468,0.0532706,0.0246378
3/20/2026 11:53:25.294,-0.0023014,0.0121555,0.0006023,0.9999232,-0.0046170,0.0243090,0.0011486,-0.1858028,0.9813830,0.0486271,0.0247825
3/20/2026 11:53:25.314,-0.0023144,0.0121914,0.0005681,0.9999229,-0.0046423,0.0243809,0.0010797,-0.1863129,0.9814254,0.0457344,0.0248402
3/20/2026 11:53:25.334,-0.0023424,0.0122337,0.0005570,0.9999223,-0.0046980,0.0244657,0.0010567,-0.1878629,0.9811787,0.0446756,0.0249360
3/20/2026 11:53:25.355,-0.0023653,0.0122445,0.0005455,0.9999220,-0.0047436,0.0244872,0.0010330,-0.1894837,0.9809109,0.0437002,0.0249838
3/20/2026 11:53:25.374,-0.0023756,0.0122386,0.0004598,0.9999222,-0.0047620,0.0244759,0.0008615,-0.1904182,0.9810108,0.0368595,0.0249551
3/20/2026 11:53:25.394,-0.0024247,0.0122357,0.0003940,0.9999222,-0.0048588,0.0244703,0.0007285,-0.1942922,0.9804356,0.0315680,0.0249551
3/20/2026 11:53:25.414,-0.0024368,0.0122675,0.0003816,0.9999217,-0.0048827,0.0245340,0.0007033,-0.1947433,0.9803801,0.0304954,0.0250219
3/20/2026 11:53:25.434,-0.0024466,0.0122851,0.0003651,0.9999214,-0.0049019,0.0245693,0.0006701,-0.1952357,0.9803234,0.0291367,0.0250790
3/20/2026 11:53:25.454,-0.0025018,0.0122914,0.0003705,0.9999212,-0.0050124,0.0245819,0.0006795,-0.1993654,0.9794803,0.0295266,0.0251075
3/20/2026 11:53:25.474,-0.0025536,0.0122744,0.0003752,0.9999214,-0.0051161,0.0245478,0.0006876,-0.2035922,0.9785988,0.0299128,0.0250790
3/20/2026 11:53:25.494,-0.0025810,0.0122592,0.0003486,0.9999215,-0.0051702,0.0245174,0.0006339,-0.2059417,0.9781689,0.0278158,0.0250600
3/20/2026 11:53:25.514,-0.0025850,0.0122265,0.0003066,0.9999218,-0.0051771,0.0244523,0.0005500,-0.2067912,0.9780775,0.0245292,0.0250124
3/20/2026 11:53:25.534,-0.0025974,0.0122005,0.0002719,0.9999221,-0.0052010,0.0244005,0.0004804,-0.2081759,0.9778485,0.0217927,0.0249647
3/20/2026 11:53:25.554,-0.0026016,0.0121880,0.0002597,0.9999223,-0.0052091,0.0243756,0.0004559,-0.2087067,0.9777564,0.0208306,0.0249264
3/20/2026 11:53:25.574,-0.0026173,0.0121850,0.0002766,0.9999223,-0.0052410,0.0243693,0.0004894,-0.2099579,0.9774587,0.0221902,0.0249264
3/20/2026 11:53:25.594,-0.0026326,0.0121827,0.0002804,0.9999221,-0.0052717,0.0243648,0.0004966,-0.2111674,0.9771911,0.0224897,0.0249647
3/20/2026 11:53:25.614,-0.0026187,0.0121855,0.0002737,0.9999223,-0.0052436,0.0243704,0.0004835,-0.2100521,0.9774437,0.0219518,0.0249264
3/20/2026 11:53:25.634,-0.0026238,0.0121922,0.0002423,0.9999222,-0.0052531,0.0243840,0.0004205,-0.2103458,0.9774341,0.0194225,0.0249456
3/20/2026 11:53:25.654,-0.0026313,0.0121954,0.0002427,0.9999222,-0.0052681,0.0243903,0.0004212,-0.2108662,0.9773214,0.0194495,0.0249456
3/20/2026 11:53:25.674,-0.0026301,0.0121936,0.0002648,0.9999221,-0.0052663,0.0243868,0.0004653,-0.2107987,0.9772992,0.0212200,0.0249647
3/20/2026 11:53:25.694,-0.0026132,0.0122074,0.0002511,0.9999220,-0.0052321,0.0244144,0.0004383,-0.2092788,0.9776492,0.0201071,0.0249838
3/20/2026 11:53:25.715,-0.0025851,0.0122208,0.0002516,0.9999220,-0.0051760,0.0244411,0.0004400,-0.2069114,0.9781524,0.0201389,0.0249838
3/20/2026 11:53:25.735,-0.0025859,0.0122308,0.0002622,0.9999219,-0.0051778,0.0244612,0.0004610,-0.2068065,0.9781572,0.0209659,0.0250028
3/20/2026 11:53:25.754,-0.0025585,0.0122306,0.0002492,0.9999218,-0.0051226,0.0244609,0.0004359,-0.2047113,0.9786193,0.0199422,0.0250124
3/20/2026 11:53:25.774,-0.0025090,0.0122385,0.0001274,0.9999219,-0.0050208,0.0244773,0.0001933,-0.2008231,0.9795744,0.0101956,0.0249933
3/20/2026 11:53:25.794,-0.0024591,0.0122462,-0.0000746,0.9999220,-0.0049160,0.0244936,-0.0002094,-0.1968702,0.9804114,-0.0059735,0.0249742
3/20/2026 11:53:25.814,-0.0024313,0.0122394,-0.0001946,0.9999221,-0.0048575,0.0244806,-0.0004486,-0.1948168,0.9807158,-0.0155900,0.0249647
3/20/2026 11:53:25.834,-0.0023894,0.0122222,-0.0003628,0.9999225,-0.0047696,0.0244470,-0.0007841,-0.1917847,0.9810048,-0.0291237,0.0249073
3/20/2026 11:53:25.854,-0.0023188,0.0122279,-0.0006418,0.9999223,-0.0046216,0.0244595,-0.0013402,-0.1860653,0.9811867,-0.0515002,0.0249360
3/20/2026 11:53:25.874,-0.0022502,0.0122174,-0.0008987,0.9999223,-0.0044782,0.0244397,-0.0018522,-0.1806624,0.9808952,-0.0721503,0.0249264
3/20/2026 11:53:25.894,-0.0022013,0.0121950,-0.0011038,0.9999225,-0.0043754,0.0243955,-0.0022612,-0.1769377,0.9802148,-0.0887238,0.0248977
3/20/2026 11:53:25.914,-0.0021576,0.0125380,-0.0012707,0.9999183,-0.0042831,0.0250823,-0.0025953,-0.1687551,0.9806347,-0.0993838,0.0255686
3/20/2026 11:53:25.934,-0.0021013,0.0125323,-0.0013954,0.9999183,-0.0041672,0.0250713,-0.0028432,-0.1643705,0.9803407,-0.1091528,0.0255593
3/20/2026 11:53:25.954,-0.0020499,0.0125410,-0.0014730,0.9999182,-0.0040624,0.0250888,-0.0029972,-0.1602389,0.9803393,-0.1151445,0.0255779
3/20/2026 11:53:25.974,-0.0019871,0.0125384,-0.0015744,0.9999182,-0.0039345,0.0250839,-0.0031984,-0.1553399,0.9801645,-0.1230735,0.0255779
3/20/2026 11:53:25.994,-0.0019540,0.0125284,-0.0017006,0.9999182,-0.0038651,0.0250642,-0.0034500,-0.1527347,0.9792861,-0.1329315,0.0255872
3/20/2026 11:53:26.014,-0.0019341,0.0124921,-0.0017916,0.9999185,-0.0038231,0.0249918,-0.0036313,-0.1514867,0.9784476,-0.1403288,0.0255313
3/20/2026 11:53:26.034,-0.0018811,0.0124506,-0.0019269,0.9999190,-0.0037138,0.0249092,-0.0039003,-0.1476676,0.9774013,-0.1512649,0.0254564
3/20/2026 11:53:26.055,-0.0018580,0.0124108,-0.0020041,0.9999194,-0.0036660,0.0248297,-0.0040540,-0.1462067,0.9766032,-0.1577019,0.0254002
3/20/2026 11:53:26.075,-0.0018597,0.0123713,-0.0020154,0.9999197,-0.0036693,0.0247508,-0.0040765,-0.1467629,0.9763016,-0.1590468,0.0253438
3/20/2026 11:53:26.095,-0.0018508,0.0123393,-0.0020296,0.9999200,-0.0036513,0.0246867,-0.0041045,-0.1464128,0.9761079,-0.1605514,0.0252967
3/20/2026 11:53:26.115,-0.0018385,0.0123263,-0.0020486,0.9999202,-0.0036261,0.0246609,-0.0041423,-0.1455630,0.9759619,-0.1622030,0.0252684
3/20/2026 11:53:26.135,-0.0018267,0.0123096,-0.0020802,0.9999203,-0.0036019,0.0246275,-0.0042050,-0.1447807,0.9756315,-0.1648689,0.0252496
3/20/2026 11:53:26.155,-0.0018570,0.0122765,-0.0020910,0.9999207,-0.0036624,0.0245614,-0.0042274,-0.1474856,0.9750219,-0.1660732,0.0251834
3/20/2026 11:53:26.174,-0.0018841,0.0122218,-0.0021111,0.9999212,-0.0037164,0.0244523,-0.0042679,-0.1501897,0.9742309,-0.1682774,0.0251075
3/20/2026 11:53:26.194,-0.0018800,0.0122009,-0.0021320,0.9999214,-0.0037076,0.0244105,-0.0043097,-0.1500654,0.9739183,-0.1701868,0.0250695
3/20/2026 11:53:26.214,-0.0018936,0.0121901,-0.0021877,0.9999216,-0.0037337,0.0243891,-0.0044213,-0.1511434,0.9729668,-0.1746170,0.0250505
3/20/2026 11:53:26.234,-0.0019002,0.0121658,-0.0022100,0.9999217,-0.0037463,0.0243406,-0.0044660,-0.1518942,0.9724810,-0.1766603,0.0250219
3/20/2026 11:53:26.254,-0.0018850,0.0121457,-0.0022614,0.9999218,-0.0037148,0.0243007,-0.0045683,-0.1508326,0.9718577,-0.1809480,0.0250124
3/20/2026 11:53:26.274,-0.0018537,0.0121161,-0.0023530,0.9999221,-0.0036500,0.0242415,-0.0047507,-0.1485208,0.9707717,-0.1885310,0.0249647
3/20/2026 11:53:26.294,-0.0017843,0.0120979,-0.0024708,0.9999221,-0.0035086,0.0242053,-0.0049845,-0.1430225,0.9697018,-0.1980483,0.0249647
3/20/2026 11:53:26.314,-0.0017015,0.0121221,-0.0026005,0.9999217,-0.0033397,0.0242536,-0.0052418,-0.1359688,0.9686746,-0.2078026,0.0250219
3/20/2026 11:53:26.335,-0.0016627,0.0121452,-0.0027076,0.9999212,-0.0032595,0.0242999,-0.0054553,-0.1324484,0.9674398,-0.2156792,0.0251075
3/20/2026 11:53:26.355,-0.0016218,0.0121578,-0.0028043,0.9999208,-0.0031752,0.0243252,-0.0056477,-0.1289020,0.9662849,-0.2228849,0.0251644
3/20/2026 11:53:26.374,-0.0015892,0.0121895,-0.0028909,0.9999202,-0.0031077,0.0243888,-0.0058201,-0.1258502,0.9652747,-0.2289246,0.0252684
3/20/2026 11:53:26.395,-0.0015463,0.0121801,-0.0029110,0.9999204,-0.0030215,0.0243697,-0.0058592,-0.1225455,0.9652777,-0.2306980,0.0252307
3/20/2026 11:53:26.415,-0.0014768,0.0121777,-0.0029209,0.9999205,-0.0028821,0.0243646,-0.0058773,-0.1171106,0.9657283,-0.2316330,0.0252212
3/20/2026 11:53:26.435,-0.0014268,0.0122123,-0.0029254,0.9999201,-0.0027819,0.0244336,-0.0058853,-0.1128926,0.9662700,-0.2314682,0.0252779
3/20/2026 11:53:26.455,-0.0013870,0.0122356,-0.0030044,0.9999197,-0.0027003,0.0244802,-0.0060424,-0.1094278,0.9653195,-0.2370311,0.0253532
3/20/2026 11:53:26.475,-0.0013181,0.0122368,-0.0031166,0.9999195,-0.0025597,0.0244823,-0.0062649,-0.1038190,0.9638276,-0.2454750,0.0253814
3/20/2026 11:53:26.495,-0.0012778,0.0122133,-0.0031365,0.9999197,-0.0024788,0.0244351,-0.0063037,-0.1008215,0.9636360,-0.2474685,0.0253532
3/20/2026 11:53:26.515,-0.0012309,0.0122058,-0.0031496,0.9999198,-0.0023848,0.0244199,-0.0063288,-0.0971869,0.9636989,-0.2486747,0.0253250
3/20/2026 11:53:26.535,-0.0011821,0.0122109,-0.0032065,0.9999196,-0.0022858,0.0244299,-0.0064413,-0.0932282,0.9629973,-0.2528729,0.0253626
3/20/2026 11:53:26.555,-0.0011102,0.0122147,-0.0033726,0.9999191,-0.0021378,0.0244374,-0.0067718,-0.0872751,0.9602539,-0.2651328,0.0254377
3/20/2026 11:53:26.575,-0.0010093,0.0122103,-0.0035560,0.9999186,-0.0019315,0.0244283,-0.0071362,-0.0791099,0.9571034,-0.2787376,0.0255126
3/20/2026 11:53:26.595,-0.0009256,0.0122027,-0.0036159,0.9999186,-0.0017627,0.0244126,-0.0072539,-0.0725310,0.9562669,-0.2833601,0.0255219
3/20/2026 11:53:26.615,-0.0009104,0.0121716,-0.0036316,0.9999189,-0.0017323,0.0243503,-0.0072849,-0.0714948,0.9558030,-0.2851827,0.0254658
3/20/2026 11:53:26.635,-0.0009100,0.0121504,-0.0036619,0.9999191,-0.0017309,0.0243080,-0.0073454,-0.0715268,0.9550096,-0.2878203,0.0254471
3/20/2026 11:53:26.655,-0.0009076,0.0121202,-0.0037004,0.9999193,-0.0017253,0.0242475,-0.0074223,-0.0714351,0.9539733,-0.2912591,0.0254096
3/20/2026 11:53:26.675,-0.0008950,0.0120938,-0.0036787,0.9999197,-0.0017008,0.0241946,-0.0073785,-0.0706233,0.9543298,-0.2902879,0.0253438
3/20/2026 11:53:26.695,-0.0008747,0.0120635,-0.0036510,0.9999202,-0.0016613,0.0241338,-0.0073225,-0.0692360,0.9548295,-0.2889758,0.0252684
3/20/2026 11:53:26.715,-0.0008354,0.0120652,-0.0036324,0.9999201,-0.0015830,0.0241369,-0.0072846,-0.0661544,0.9554465,-0.2876554,0.0252779
3/20/2026 11:53:26.735,-0.0007419,0.0120815,-0.0036030,0.9999201,-0.0013966,0.0241689,-0.0072234,-0.0587450,0.9566391,-0.2852904,0.0252873
3/20/2026 11:53:26.755,-0.0007000,0.0120582,-0.0035482,0.9999207,-0.0013144,0.0241217,-0.0071128,-0.0556082,0.9578447,-0.2818530,0.0251928
3/20/2026 11:53:26.775,-0.0006745,0.0120410,-0.0034839,0.9999211,-0.0012651,0.0240872,-0.0069836,-0.0537350,0.9592117,-0.2775345,0.0251170
3/20/2026 11:53:26.795,-0.0005907,0.0120511,-0.0034690,0.9999213,-0.0010976,0.0241068,-0.0069517,-0.0470476,0.9599150,-0.2763143,0.0250980
3/20/2026 11:53:26.815,-0.0004793,0.0120795,-0.0034348,0.9999210,-0.0008755,0.0241628,-0.0068808,-0.0381372,0.9611697,-0.2733098,0.0251360
3/20/2026 11:53:26.835,-0.0003532,0.0121009,-0.0033726,0.9999210,-0.0006247,0.0242047,-0.0067533,-0.0281031,0.9629062,-0.2683691,0.0251360
3/20/2026 11:53:26.855,-0.0002171,0.0120984,-0.0033016,0.9999213,-0.0003543,0.0241986,-0.0066079,-0.0173111,0.9645786,-0.2632273,0.0250980
3/20/2026 11:53:26.875,-0.0001008,0.0121161,-0.0032638,0.9999213,-0.0001225,0.0242332,-0.0065296,-0.0080331,0.9655489,-0.2600977,0.0250980
3/20/2026 11:53:26.895,-0.0000358,0.0121422,-0.0031659,0.9999213,0.0000053,0.0242851,-0.0063322,-0.0028525,0.9676449,-0.2523001,0.0250980
3/20/2026 11:53:26.915,0.0000015,0.0121351,-0.0030256,0.9999217,0.0000765,0.0242707,-0.0060507,0.0001232,0.9702959,-0.2419211,0.0250219
3/20/2026 11:53:26.935,0.0000799,0.0121354,-0.0029164,0.9999221,0.0002305,0.0242708,-0.0058305,0.0063998,0.9722962,-0.2336648,0.0249647
3/20/2026 11:53:26.955,-0.0002520,0.0121477,-0.0028256,0.9999221,-0.0004353,0.0242973,-0.0056569,-0.0201994,0.9737992,-0.2265104,0.0249647
3/20/2026 11:53:26.975,-0.0001823,0.0121633,-0.0027844,0.9999222,-0.0002968,0.0243281,-0.0055727,-0.0146083,0.9746818,-0.2231188,0.0249551
3/20/2026 11:53:26.995,-0.0001164,0.0122054,-0.0027977,0.9999216,-0.0001645,0.0244119,-0.0055978,-0.0092950,0.9746795,-0.2234131,0.0250505
3/20/2026 11:53:27.015,-0.0000322,0.0122160,-0.0028393,0.9999213,0.0000050,0.0244328,-0.0056789,-0.0025661,0.9740346,-0.2263849,0.0250885
3/20/2026 11:53:27.035,-0.0000026,0.0122456,-0.0028395,0.9999210,0.0000643,0.0244917,-0.0056787,-0.0002094,0.9741529,-0.2258898,0.0251455
3/20/2026 11:53:27.055,0.0000233,0.0122580,-0.0028356,0.9999209,0.0001161,0.0245165,-0.0056702,0.0018495,0.9742706,-0.2253742,0.0251549
3/20/2026 11:53:27.075,0.0000695,0.0122486,-0.0028136,0.9999210,0.0002078,0.0244972,-0.0056250,0.0055274,0.9746030,-0.2238712,0.0251360
3/20/2026 11:53:27.095,0.0001680,0.0122347,-0.0028355,0.9999211,0.0004054,0.0244690,-0.0056664,0.0133786,0.9740933,-0.2257506,0.0251170
3/20/2026 11:53:27.115,0.0002994,0.0122471,-0.0028493,0.9999208,0.0006686,0.0244929,-0.0056909,0.0238065,0.9737113,-0.2265383,0.0251644
3/20/2026 11:53:27.135,0.0003881,0.0122634,-0.0028244,0.9999207,0.0008453,0.0245251,-0.0056388,0.0308223,0.9740266,-0.2243263,0.0251834
3/20/2026 11:53:27.155,0.0004477,0.0122409,-0.0027834,0.9999210,0.0009635,0.0244798,-0.0055554,0.0356407,0.9744899,-0.2215831,0.0251360
3/20/2026 11:53:27.175,0.0005251,0.0122202,-0.0027377,0.9999214,0.0011171,0.0244381,-0.0054622,0.0418960,0.9749548,-0.2184213,0.0250695
3/20/2026 11:53:27.195,0.0005666,0.0122132,-0.0026979,0.9999216,0.0011989,0.0244239,-0.0053815,0.0452502,0.9754599,-0.2154774,0.0250505
3/20/2026 11:53:27.215,0.0006283,0.0122289,-0.0026961,0.9999214,0.0013224,0.0244550,-0.0053765,0.0501087,0.9753214,-0.2150290,0.0250790
3/20/2026 11:53:27.235,0.0006731,0.0122290,-0.0026475,0.9999214,0.0014108,0.0244550,-0.0052782,0.0537143,0.9759467,-0.2112884,0.0250790
3/20/2026 11:53:27.255,0.0007126,0.0121910,-0.0025425,0.9999222,0.0014871,0.0243790,-0.0050673,0.0571279,0.9773379,-0.2038311,0.0249551
3/20/2026 11:53:27.275,0.0007355,0.0121628,-0.0025417,0.9999226,0.0015327,0.0243223,-0.0050651,0.0590874,0.9771454,-0.2041947,0.0248881
3/20/2026 11:53:27.295,0.0007560,0.0121396,-0.0025435,0.9999228,0.0015736,0.0242759,-0.0050682,0.0608362,0.9769351,-0.2046865,0.0248594
3/20/2026 11:53:27.315,0.0007927,0.0121396,-0.0025111,0.9999228,0.0016463,0.0242757,-0.0050026,0.0638181,0.9772726,-0.2021523,0.0248594
3/20/2026 11:53:27.335,0.0008029,0.0121255,-0.0024439,0.9999231,0.0016650,0.0242477,-0.0048679,0.0647755,0.9782292,-0.1971591,0.0248018
3/20/2026 11:53:27.355,0.0008163,0.0121181,-0.0024043,0.9999233,0.0016907,0.0242328,-0.0047885,0.0659273,0.9787458,-0.1941914,0.0247729
3/20/2026 11:53:27.375,0.0008703,0.0121219,-0.0023981,0.9999232,0.0017987,0.0242401,-0.0047747,0.0702589,0.9785633,-0.1935911,0.0247825
3/20/2026 11:53:27.395,0.0009051,0.0121349,-0.0024017,0.9999231,0.0018684,0.0242660,-0.0047812,0.0729757,0.9783555,-0.1936365,0.0248114
3/20/2026 11:53:27.415,0.0009151,0.0121462,-0.0024101,0.9999229,0.0018886,0.0242886,-0.0047976,0.0736972,0.9782100,-0.1940977,0.0248306
3/20/2026 11:53:27.435,0.0009048,0.0121579,-0.0024125,0.9999228,0.0018682,0.0243120,-0.0048027,0.0728052,0.9782724,-0.1941201,0.0248594
3/20/2026 11:53:27.455,0.0009284,0.0121474,-0.0023801,0.9999229,0.0019144,0.0242910,-0.0047374,0.0747883,0.9785913,-0.1917441,0.0248402
3/20/2026 11:53:27.475,0.0009785,0.0121665,-0.0023576,0.9999227,0.0020143,0.0243291,-0.0046911,0.0787141,0.9786914,-0.1896505,0.0248690
3/20/2026 11:53:27.495,0.0010260,0.0122083,-0.0023878,0.9999221,0.0021101,0.0244123,-0.0047503,0.0821990,0.9780831,-0.1913032,0.0249647
3/20/2026 11:53:27.515,0.0010634,0.0122497,-0.0024010,0.9999215,0.0021854,0.0244948,-0.0047756,0.0848798,0.9777858,-0.1916520,0.0250600
3/20/2026 11:53:27.535,0.0010679,0.0122591,-0.0024224,0.9999213,0.0021949,0.0245137,-0.0048183,0.0851447,0.9774680,-0.1931494,0.0250885
3/20/2026 11:53:27.555,0.0010655,0.0122801,-0.0024396,0.9999211,0.0021908,0.0245555,-0.0048528,0.0847977,0.9772984,-0.1941573,0.0251265
3/20/2026 11:53:27.575,0.0010720,0.0122780,-0.0024341,0.9999211,0.0022037,0.0245514,-0.0048415,0.0853341,0.9773317,-0.1937542,0.0251265
3/20/2026 11:53:27.595,0.0011033,0.0122649,-0.0023742,0.9999213,0.0022647,0.0245252,-0.0047209,0.0879764,0.9779686,-0.1893079,0.0250980
3/20/2026 11:53:27.615,0.0011672,0.0122396,-0.0022403,0.9999219,0.0023890,0.0244746,-0.0044517,0.0933925,0.9793591,-0.1792584,0.0250028
3/20/2026 11:53:27.635,0.0012644,0.0122590,-0.0021385,0.9999217,0.0025810,0.0245133,-0.0042458,0.1010852,0.9800768,-0.1709711,0.0250219
3/20/2026 11:53:27.655,0.0013455,0.0123174,-0.0021065,0.9999211,0.0027428,0.0246297,-0.0041795,0.1070577,0.9800248,-0.1676013,0.0251265
3/20/2026 11:53:27.675,0.0013796,0.0123737,-0.0021097,0.9999201,0.0028113,0.0247422,-0.0041849,0.1092545,0.9798738,-0.1670648,0.0252779
3/20/2026 11:53:27.695,0.0014034,0.0124042,-0.0021016,0.9999198,0.0028587,0.0248032,-0.0041681,0.1108617,0.9798714,-0.1660170,0.0253250
3/20/2026 11:53:27.715,0.0014553,0.0124036,-0.0020677,0.9999200,0.0029617,0.0248017,-0.0040989,0.1149670,0.9798482,-0.1633402,0.0253061
3/20/2026 11:53:27.735,0.0014866,0.0123887,-0.0020547,0.9999201,0.0030239,0.0247719,-0.0040723,0.1175606,0.9796829,-0.1624839,0.0252873
3/20/2026 11:53:27.755,0.0015096,0.0123973,-0.0020518,0.9999198,0.0030697,0.0247891,-0.0040660,0.1192728,0.9795361,-0.1621201,0.0253250
3/20/2026 11:53:27.775,0.0015196,0.0124318,-0.0020310,0.9999195,0.0030895,0.0248581,-0.0040240,0.1197679,0.9798118,-0.1600761,0.0253720
3/20/2026 11:53:27.795,0.0015373,0.0124879,-0.0019961,0.9999188,0.0031242,0.0249703,-0.0039536,0.1206721,0.9802483,-0.1566889,0.0254845
3/20/2026 11:53:27.815,0.0015702,0.0125048,-0.0019586,0.9999186,0.0031891,0.0250041,-0.0038776,0.1231104,0.9804397,-0.1535638,0.0255126
3/20/2026 11:53:27.835,0.0015595,0.0125090,-0.0018970,0.9999187,0.0031663,0.0250127,-0.0037548,0.1223391,0.9812685,-0.1488126,0.0255032
3/20/2026 11:53:27.855,0.0015311,0.0125266,-0.0018081,0.9999186,0.0031072,0.0250483,-0.0035776,0.1200951,0.9825792,-0.1418277,0.0255126
3/20/2026 11:53:27.875,0.0014872,0.0125437,-0.0017372,0.9999188,0.0030177,0.0250829,-0.0034369,0.1166380,0.9837844,-0.1362493,0.0254939
3/20/2026 11:53:27.895,0.0014430,0.0125499,-0.0017019,0.9999188,0.0029286,0.0250956,-0.0033673,0.1132088,0.9845594,-0.1335161,0.0254939
3/20/2026 11:53:27.915,0.0014267,0.0125759,-0.0017038,0.9999183,0.0028959,0.0251477,-0.0033715,0.1117124,0.9847440,-0.1334148,0.0255593
3/20/2026 11:53:27.935,0.0014253,0.0126292,-0.0017252,0.9999177,0.0028940,0.0252542,-0.0034141,0.1111270,0.9846615,-0.1345090,0.0256617
3/20/2026 11:53:27.955,0.0013823,0.0126717,-0.0017504,0.9999172,0.0028087,0.0253392,-0.0034655,0.1074319,0.9848606,-0.1360437,0.0257359
3/20/2026 11:53:27.975,0.0013546,0.0126943,-0.0017715,0.9999170,0.0027539,0.0253844,-0.0035083,0.1050977,0.9849182,-0.1374434,0.0257729
3/20/2026 11:53:27.995,0.0013440,0.0127172,-0.0017556,0.9999166,0.0027325,0.0254305,-0.0034768,0.1041226,0.9852207,-0.1360097,0.0258284
3/20/2026 11:53:28.015,0.0013392,0.0127560,-0.0017559,0.9999161,0.0027230,0.0255079,-0.0034773,0.1034486,0.9853438,-0.1356321,0.0259021
3/20/2026 11:53:28.035,0.0013377,0.0127966,-0.0017415,0.9999157,0.0027197,0.0255893,-0.0034485,0.1030292,0.9855930,-0.1341318,0.0259665
3/20/2026 11:53:28.055,0.0012955,0.0128228,-0.0017558,0.9999154,0.0026358,0.0256418,-0.0034781,0.0995989,0.9858291,-0.1349863,0.0260215
3/20/2026 11:53:28.075,0.0012311,0.0128454,-0.0017705,0.9999151,0.0025075,0.0256872,-0.0035090,0.0945193,0.9861997,-0.1359270,0.0260581
3/20/2026 11:53:28.095,0.0011841,0.0128770,-0.0017731,0.9999148,0.0024137,0.0257505,-0.0035153,0.0907206,0.9865682,-0.1358422,0.0261130
3/20/2026 11:53:28.115,0.0011534,0.0129124,-0.0017032,0.9999145,0.0023505,0.0258217,-0.0033763,0.0882104,0.9875482,-0.1302593,0.0261495
3/20/2026 11:53:28.135,0.0011383,0.0129576,-0.0016380,0.9999141,0.0023188,0.0259122,-0.0032462,0.0868247,0.9883578,-0.1249413,0.0262223
3/20/2026 11:53:28.155,0.0011359,0.0130104,-0.0015918,0.9999135,0.0023131,0.0260179,-0.0031539,0.0863409,0.9888913,-0.1209932,0.0263131
3/20/2026 11:53:28.175,0.0011112,0.0130545,-0.0015313,0.9999130,0.0022621,0.0261064,-0.0030333,0.0842369,0.9896607,-0.1160862,0.0263764
3/20/2026 11:53:28.195,0.0010533,0.0130831,-0.0014872,0.9999127,0.0021454,0.0261639,-0.0029465,0.0797395,0.9904376,-0.1125833,0.0264306
3/20/2026 11:53:28.215,0.0009745,0.0131072,-0.0014012,0.9999126,0.0019856,0.0262124,-0.0027766,0.0737279,0.9916283,-0.1060073,0.0264396
3/20/2026 11:53:28.235,0.0008877,0.0131554,-0.0012442,0.9999123,0.0018080,0.0263093,-0.0024649,0.0670290,0.9933180,-0.0939488,0.0264937
3/20/2026 11:53:28.255,0.0008106,0.0131988,-0.0010439,0.9999119,0.0016486,0.0263966,-0.0020663,0.0611085,0.9950237,-0.0786985,0.0265476
3/20/2026 11:53:28.275,0.0007456,0.0132375,-0.0008881,0.9999117,0.0015147,0.0264744,-0.0017563,0.0561127,0.9961852,-0.0668325,0.0265745
3/20/2026 11:53:28.295,0.0007219,0.0132588,-0.0008206,0.9999114,0.0014653,0.0265171,-0.0016219,0.0542599,0.9966200,-0.0616812,0.0266194
3/20/2026 11:53:28.315,0.0006933,0.0132884,-0.0007466,0.9999112,0.0014063,0.0265765,-0.0014747,0.0520212,0.9970733,-0.0560230,0.0266552
3/20/2026 11:53:28.335,0.0006514,0.0133182,-0.0006674,0.9999109,0.0013206,0.0266363,-0.0013172,0.0487946,0.9975572,-0.0499864,0.0266999
3/20/2026 11:53:28.355,0.0006030,0.0133588,-0.0005677,0.9999105,0.0012211,0.0267178,-0.0011192,0.0450535,0.9980837,-0.0424148,0.0267623
3/20/2026 11:53:28.375,0.0004746,0.0133705,-0.0004391,0.9999104,0.0009609,0.0267413,-0.0008655,0.0354549,0.9988327,-0.0328042,0.0267712
3/20/2026 11:53:28.395,0.0003892,0.0133778,-0.0003350,0.9999104,0.0007873,0.0267562,-0.0006594,0.0290711,0.9992641,-0.0250199,0.0267712
3/20/2026 11:53:28.415,0.0003279,0.0133934,-0.0002927,0.9999101,0.0006636,0.0267874,-0.0005765,0.0244687,0.9994620,-0.0218390,0.0268157
3/20/2026 11:53:28.435,0.0002527,0.0134033,-0.0002315,0.9999100,0.0005116,0.0268073,-0.0004562,0.0188481,0.9996732,-0.0172665,0.0268335
3/20/2026 11:53:28.455,0.0001614,0.0134360,-0.0001692,0.9999098,0.0003273,0.0268728,-0.0003340,0.0120085,0.9998487,-0.0125881,0.0268690
3/20/2026 11:53:28.475,0.0001344,0.0134616,-0.0001389,0.9999093,0.0002725,0.0269239,-0.0002742,0.0099807,0.9998969,-0.0103193,0.0269310
3/20/2026 11:53:28.495,0.0000836,0.0134804,-0.0000770,0.9999091,0.0001693,0.0269617,-0.0001517,0.0062025,0.9999645,-0.0057122,0.0269664
3/20/2026 11:53:28.515,0.0000239,0.0135190,0.0000390,0.9999086,0.0000467,0.0270389,0.0000786,0.0017676,0.9999943,0.0028818,0.0270459
3/20/2026 11:53:28.535,0.0000021,0.0135344,0.0001434,0.9999084,0.0000003,0.0270696,0.0002868,0.0001546,0.9999439,0.0105949,0.0270723
3/20/2026 11:53:28.555,-0.0000074,0.0135395,0.0002740,0.9999082,-0.0000222,0.0270798,0.0005478,-0.0005442,0.9997951,0.0202339,0.0270987
3/20/2026 11:53:28.575,-0.0000768,0.0135434,0.0004565,0.9999082,-0.0001660,0.0270876,0.0009108,-0.0056696,0.9994164,0.0336859,0.0270987
3/20/2026 11:53:28.595,-0.0001617,0.0135538,0.0006221,0.9999079,-0.0003402,0.0271083,0.0012397,-0.0119141,0.9988775,0.0458473,0.0271515
3/20/2026 11:53:28.615,-0.0002336,0.0135639,0.0007305,0.9999077,-0.0004870,0.0271282,0.0014544,-0.0171972,0.9984055,0.0537673,0.0271778
3/20/2026 11:53:28.635,-0.0002752,0.0135882,0.0008027,0.9999073,-0.0005722,0.0271768,0.0015977,-0.0202142,0.9980559,0.0589565,0.0272304
3/20/2026 11:53:28.655,-0.0002664,0.0136134,0.0008392,0.9999069,-0.0005556,0.0272271,0.0016710,-0.0195285,0.9979149,0.0615184,0.0272916
3/20/2026 11:53:28.675,-0.0002607,0.0136287,0.0008981,0.9999065,-0.0005459,0.0272577,0.0017890,-0.0190869,0.9976539,0.0657449,0.0273440
3/20/2026 11:53:28.695,-0.0002841,0.0136521,0.0009372,0.9999063,-0.0005937,0.0273045,0.0018665,-0.0207567,0.9974369,0.0684744,0.0273788
3/20/2026 11:53:28.715,-0.0003191,0.0136714,0.0009984,0.9999059,-0.0006654,0.0273429,0.0019879,-0.0232699,0.9970739,0.0728155,0.0274310
3/20/2026 11:53:28.735,-0.0004026,0.0136953,0.0010761,0.9999055,-0.0008345,0.0273906,0.0021410,-0.0292911,0.9964995,0.0782998,0.0275005
3/20/2026 11:53:28.755,-0.0004791,0.0137169,0.0011446,0.9999052,-0.0009896,0.0274336,0.0022759,-0.0347886,0.9959332,0.0831065,0.0275351
3/20/2026 11:53:28.775,-0.0004964,0.0137484,0.0011775,0.9999047,-0.0010250,0.0274965,0.0023412,-0.0359490,0.9957080,0.0852821,0.0276129
3/20/2026 11:53:28.795,-0.0005242,0.0137574,0.0011658,0.9999046,-0.0010804,0.0275145,0.0023170,-0.0379397,0.9957113,0.0843770,0.0276302
3/20/2026 11:53:28.815,-0.0005876,0.0137612,0.0011715,0.9999045,-0.0012074,0.0275218,0.0023266,-0.0425088,0.9954953,0.0847473,0.0276388
3/20/2026 11:53:28.835,-0.0006432,0.0137665,0.0012134,0.9999043,-0.0013197,0.0275323,0.0024089,-0.0464927,0.9950606,0.0877092,0.0276647
3/20/2026 11:53:28.855,-0.0006920,0.0137789,0.0012617,0.9999040,-0.0014186,0.0275570,0.0025042,-0.0499504,0.9945906,0.0910743,0.0277164
3/20/2026 11:53:28.875,-0.0007763,0.0137798,0.0012819,0.9999039,-0.0015878,0.0275584,0.0025422,-0.0560080,0.9941378,0.0924823,0.0277336
3/20/2026 11:53:28.895,-0.0008249,0.0137821,0.0012763,0.9999039,-0.0016849,0.0275630,0.0025297,-0.0594958,0.9939753,0.0920507,0.0277336
3/20/2026 11:53:28.915,-0.0009042,0.0137848,0.0012841,0.9999038,-0.0018437,0.0275681,0.0025431,-0.0651749,0.9935719,0.0925579,0.0277422
3/20/2026 11:53:28.935,-0.0009919,0.0137798,0.0013334,0.9999037,-0.0020205,0.0275578,0.0026392,-0.0714678,0.9928058,0.0960675,0.0277508
3/20/2026 11:53:28.955,-0.0010775,0.0137780,0.0014172,0.9999035,-0.0021938,0.0275538,0.0028045,-0.0775583,0.9917552,0.1020122,0.0277851
3/20/2026 11:53:28.975,-0.0011190,0.0137780,0.0014611,0.9999035,-0.0022781,0.0275537,0.0028911,-0.0805032,0.9911967,0.1051109,0.0277851
3/20/2026 11:53:28.995,-0.0011535,0.0137917,0.0014723,0.9999031,-0.0023473,0.0275808,0.0029126,-0.0828756,0.9909291,0.1057878,0.0278365
3/20/2026 11:53:29.015,-0.0012072,0.0138010,0.0014661,0.9999029,-0.0024546,0.0275993,0.0028987,-0.0866548,0.9906638,0.1052429,0.0278708
3/20/2026 11:53:29.035,-0.0013154,0.0137825,0.0014825,0.9999029,-0.0026715,0.0275621,0.0029284,-0.0944701,0.9898182,0.1064676,0.0278708
3/20/2026 11:53:29.055,-0.0014330,0.0137436,0.0014850,0.9999034,-0.0029066,0.0274838,0.0029304,-0.1031141,0.9889132,0.1068558,0.0277937
3/20/2026 11:53:29.075,-0.0014978,0.0137249,0.0014686,0.9999036,-0.0030357,0.0274463,0.0028958,-0.1078791,0.9885210,0.1057749,0.0277765
3/20/2026 11:53:29.095,-0.0015442,0.0137262,0.0014500,0.9999035,-0.0031278,0.0274489,0.0028574,-0.1111814,0.9883009,0.1044024,0.0277851
3/20/2026 11:53:29.115,-0.0016089,0.0137235,0.0014529,0.9999035,-0.0032573,0.0274432,0.0028614,-0.1157995,0.9877524,0.1045736,0.0277851
3/20/2026 11:53:29.135,-0.0016981,0.0137185,0.0014395,0.9999035,-0.0034354,0.0274330,0.0028321,-0.1221853,0.9870883,0.1035735,0.0277851
3/20/2026 11:53:29.155,-0.0018132,0.0137117,0.0014493,0.9999033,-0.0036659,0.0274190,0.0028487,-0.1303852,0.9859708,0.1042169,0.0278108
3/20/2026 11:53:29.175,-0.0019068,0.0136931,0.0014818,0.9999032,-0.0038539,0.0273816,0.0029112,-0.1371380,0.9848021,0.1065731,0.0278280
3/20/2026 11:53:29.195,-0.0019698,0.0136875,0.0014661,0.9999033,-0.0039794,0.0273702,0.0028780,-0.1416537,0.9842860,0.1054286,0.0278108
3/20/2026 11:53:29.215,-0.0020333,0.0136786,0.0017793,0.9999028,-0.0041148,0.0273509,0.0035027,-0.1458277,0.9810446,0.1276154,0.0278879
3/20/2026 11:53:29.235,-0.0021063,0.0136786,0.0013725,0.9999033,-0.0042497,0.0273525,0.0026871,-0.1514470,0.9835269,0.0986847,0.0278194
3/20/2026 11:53:29.255,-0.0021667,0.0136820,0.0013264,0.9999031,-0.0043693,0.0273593,0.0025932,-0.1557010,0.9831949,0.0953141,0.0278451
3/20/2026 11:53:29.275,-0.0022307,0.0136857,0.0012974,0.9999030,-0.0044966,0.0273666,0.0025334,-0.1601750,0.9826832,0.0931554,0.0278537
3/20/2026 11:53:29.295,-0.0023008,0.0136850,0.0012800,0.9999029,-0.0046361,0.0273652,0.0024968,-0.1650946,0.9819918,0.0918479,0.0278708
3/20/2026 11:53:29.315,-0.0023554,0.0136999,0.0012466,0.9999026,-0.0047446,0.0273950,0.0024285,-0.1687669,0.9816006,0.0893197,0.0279135
3/20/2026 11:53:29.335,-0.0024056,0.0137147,0.0012378,0.9999022,-0.0048447,0.0274246,0.0024093,-0.1720862,0.9810945,0.0885436,0.0279647
3/20/2026 11:53:29.355,-0.0024284,0.0137344,0.0012029,0.9999019,-0.0048895,0.0274641,0.0023389,-0.1734699,0.9810835,0.0859262,0.0280158
3/20/2026 11:53:29.375,-0.0024371,0.0137626,0.0011870,0.9999017,-0.0049064,0.0275206,0.0023067,-0.1737435,0.9811484,0.0846219,0.0280499
3/20/2026 11:53:29.395,-0.0024636,0.0137736,0.0011709,0.9999014,-0.0049589,0.0275426,0.0022738,-0.1754541,0.9809493,0.0833928,0.0280923
3/20/2026 11:53:29.415,-0.0024821,0.0137775,0.0011470,0.9999014,-0.0049953,0.0275505,0.0022254,-0.1767074,0.9808702,0.0816586,0.0280923
3/20/2026 11:53:29.435,-0.0025069,0.0134216,0.0011029,0.9999062,-0.0050429,0.0268387,0.0021384,-0.1830068,0.9798088,0.0805177,0.0273962
3/20/2026 11:53:29.455,-0.0025453,0.0134377,0.0010236,0.9999059,-0.0051177,0.0268712,0.0019786,-0.1855904,0.9797888,0.0746340,0.0274397
3/20/2026 11:53:29.475,-0.0025655,0.0134613,0.0009475,0.9999056,-0.0051561,0.0269187,0.0018257,-0.1867715,0.9799790,0.0689757,0.0274831
3/20/2026 11:53:29.495,-0.0025821,0.0135005,0.0008430,0.9999052,-0.0051865,0.0269977,0.0016162,-0.1875044,0.9803542,0.0612186,0.0275438
3/20/2026 11:53:29.515,-0.0025802,0.0135387,0.0007036,0.9999048,-0.0051790,0.0270749,0.0013373,-0.1869680,0.9810420,0.0509854,0.0276043
3/20/2026 11:53:29.535,-0.0026006,0.0139603,0.0006287,0.9998990,-0.0052183,0.0279184,0.0011847,-0.1829563,0.9821256,0.0442316,0.0284214
3/20/2026 11:53:29.555,-0.0026304,0.0139653,0.0006080,0.9998989,-0.0052773,0.0279286,0.0011425,-0.1849304,0.9818215,0.0427472,0.0284466
3/20/2026 11:53:29.575,-0.0026784,0.0139645,0.0006073,0.9998987,-0.0053732,0.0279270,0.0011397,-0.1881925,0.9812047,0.0426718,0.0284633
3/20/2026 11:53:29.595,-0.0027032,0.0139552,0.0006079,0.9998987,-0.0054228,0.0279084,0.0011403,-0.1899951,0.9808548,0.0427282,0.0284717
3/20/2026 11:53:29.615,-0.0027159,0.0139602,0.0006086,0.9998986,-0.0054484,0.0279183,0.0011413,-0.1907941,0.9806985,0.0427556,0.0284801
3/20/2026 11:53:29.635,-0.0027541,0.0139549,0.0005931,0.9998986,-0.0055243,0.0279077,0.0011092,-0.1934570,0.9802238,0.0416614,0.0284884
3/20/2026 11:53:29.655,-0.0027921,0.0139497,0.0005948,0.9998986,-0.0056003,0.0278973,0.0011116,-0.1960930,0.9796952,0.0417724,0.0284884
3/20/2026 11:53:29.675,-0.0028478,0.0139535,0.0006290,0.9998984,-0.0057127,0.0279046,0.0011785,-0.1997778,0.9788471,0.0441271,0.0285052
3/20/2026 11:53:29.695,-0.0028624,0.0139549,0.0006427,0.9998983,-0.0057422,0.0279074,0.0012055,-0.2007305,0.9786090,0.0450734,0.0285219
3/20/2026 11:53:29.715,-0.0028847,0.0139411,0.0006148,0.9998985,-0.0057861,0.0278798,0.0011491,-0.2024427,0.9783432,0.0431447,0.0284968
3/20/2026 11:53:29.735,-0.0029238,0.0139045,0.0005892,0.9998989,-0.0058635,0.0278068,0.0010969,-0.2056014,0.9777585,0.0414294,0.0284466
3/20/2026 11:53:29.755,-0.0029609,0.0138574,0.0005585,0.9998994,-0.0059368,0.0277127,0.0010348,-0.2087940,0.9771664,0.0393810,0.0283626
3/20/2026 11:53:29.775,-0.0030101,0.0138475,0.0005753,0.9998994,-0.0060356,0.0276927,0.0010671,-0.2122415,0.9763750,0.0405642,0.0283710
3/20/2026 11:53:29.795,-0.0030550,0.0138530,0.0006013,0.9998991,-0.0061260,0.0277036,0.0011178,-0.2151604,0.9756601,0.0423469,0.0284046
3/20/2026 11:53:29.815,-0.0030464,0.0138657,0.0006029,0.9998990,-0.0061089,0.0277291,0.0011213,-0.2143927,0.9758254,0.0424331,0.0284214
3/20/2026 11:53:29.835,-0.0030473,0.0138731,0.0005838,0.9998989,-0.0061103,0.0277438,0.0010829,-0.2143632,0.9758904,0.0410657,0.0284382
3/20/2026 11:53:29.855,-0.0030584,0.0138799,0.0005715,0.9998988,-0.0061321,0.0277576,0.0010579,-0.2150111,0.9757850,0.0401742,0.0284549
3/20/2026 11:53:29.875,-0.0030467,0.0138786,0.0005696,0.9998987,-0.0061086,0.0277550,0.0010546,-0.2142463,0.9759580,0.0400578,0.0284633
3/20/2026 11:53:29.895,-0.0030596,0.0138929,0.0005715,0.9998986,-0.0061346,0.0277836,0.0010579,-0.2149026,0.9758101,0.0401428,0.0284884
3/20/2026 11:53:29.915,-0.0030635,0.0139047,0.0005446,0.9998984,-0.0061415,0.0278074,0.0010040,-0.2150022,0.9758652,0.0382248,0.0285052
3/20/2026 11:53:29.935,-0.0030683,0.0139013,0.0005230,0.9998986,-0.0061505,0.0278007,0.0009606,-0.2153860,0.9758386,0.0367122,0.0284884
3/20/2026 11:53:29.955,-0.0030830,0.0138973,0.0005293,0.9998984,-0.0061801,0.0277926,0.0009729,-0.2164259,0.9755916,0.0371597,0.0285052
3/20/2026 11:53:29.975,-0.0031031,0.0138880,0.0005314,0.9998985,-0.0062203,0.0277740,0.0009766,-0.2179073,0.9752557,0.0373181,0.0284968
3/20/2026 11:53:29.995,-0.0031169,0.0138758,0.0005422,0.9998986,-0.0062482,0.0277496,0.0009978,-0.2190045,0.9749798,0.0380972,0.0284801
3/20/2026 11:53:30.015,-0.0031310,0.0138791,0.0005187,0.9998987,-0.0062758,0.0277563,0.0009504,-0.2199144,0.9748386,0.0364330,0.0284717
3/20/2026 11:53:30.035,-0.0031182,0.0139166,0.0004998,0.9998981,-0.0062497,0.0278314,0.0009127,-0.2185084,0.9752064,0.0350231,0.0285470
3/20/2026 11:53:30.055,-0.0031321,0.0139356,0.0004928,0.9998979,-0.0062774,0.0278695,0.0008982,-0.2191549,0.9750807,0.0344797,0.0285803
3/20/2026 11:53:30.075,-0.0031300,0.0139294,0.0004797,0.9998980,-0.0062728,0.0278571,0.0008721,-0.2191147,0.9751210,0.0335815,0.0285720
3/20/2026 11:53:30.095,-0.0031246,0.0139322,0.0004592,0.9998980,-0.0062613,0.0278628,0.0008314,-0.2187199,0.9752579,0.0321475,0.0285720
3/20/2026 11:53:30.115,-0.0031321,0.0139419,0.0004613,0.9998977,-0.0062765,0.0278823,0.0008352,-0.2190760,0.9751742,0.0322660,0.0286054
3/20/2026 11:53:30.135,-0.0031571,0.0139370,0.0004395,0.9998977,-0.0063259,0.0278726,0.0007910,-0.2208267,0.9748284,0.0307437,0.0286054
3/20/2026 11:53:30.155,-0.0031661,0.0139462,0.0004064,0.9998976,-0.0063428,0.0278911,0.0007244,-0.2212971,0.9747926,0.0284059,0.0286220
3/20/2026 11:53:30.175,-0.0031576,0.0139566,0.0003755,0.9998975,-0.0063251,0.0279121,0.0006628,-0.2205920,0.9750134,0.0262321,0.0286304
3/20/2026 11:53:30.195,-0.0031503,0.0139641,0.0003555,0.9998975,-0.0063100,0.0279272,0.0006230,-0.2200049,0.9751827,0.0248263,0.0286304
3/20/2026 11:53:30.215,-0.0031687,0.0139668,0.0003276,0.9998974,-0.0063460,0.0279329,0.0005667,-0.2211951,0.9749615,0.0228703,0.0286553
3/20/2026 11:53:30.235,-0.0031953,0.0139742,0.0002978,0.9998973,-0.0063983,0.0279478,0.0005063,-0.2228578,0.9746296,0.0207726,0.0286636
3/20/2026 11:53:30.255,-0.0032210,0.0139664,0.0002528,0.9998972,-0.0064485,0.0279326,0.0004156,-0.2246911,0.9742705,0.0176349,0.0286803
3/20/2026 11:53:30.275,-0.0032444,0.0139710,0.0002417,0.9998971,-0.0064949,0.0279418,0.0003926,-0.2261728,0.9739416,0.0168464,0.0286969
3/20/2026 11:53:30.295,-0.0032931,0.0139714,0.0001986,0.9998969,-0.0065912,0.0279428,0.0003052,-0.2293962,0.9732348,0.0138347,0.0287135
3/20/2026 11:53:30.315,-0.0032939,0.0139896,0.0001487,0.9998966,-0.0065914,0.0279795,0.0002053,-0.2291763,0.9733299,0.0103490,0.0287550
3/20/2026 11:53:30.335,-0.0032967,0.0139923,0.0001311,0.9998966,-0.0065965,0.0279851,0.0001700,-0.2293224,0.9733078,0.0091227,0.0287550
3/20/2026 11:53:30.355,-0.0033070,0.0139920,0.0001392,0.9998967,-0.0066173,0.0279845,0.0001859,-0.2300012,0.9731421,0.0096822,0.0287467
3/20/2026 11:53:30.375,-0.0033088,0.0140087,0.0000507,0.9998963,-0.0066185,0.0280184,0.0000087,-0.2298724,0.9732144,0.0035243,0.0287964
3/20/2026 11:53:30.395,-0.0033073,0.0140087,-0.0001048,0.9998963,-0.0066110,0.0280196,-0.0003022,-0.2297651,0.9732189,-0.0072788,0.0287964
3/20/2026 11:53:30.415,-0.0033001,0.0139785,-0.0002718,0.9998969,-0.0065920,0.0279601,-0.0006358,-0.2297293,0.9730706,-0.0189206,0.0287218
3/20/2026 11:53:30.435,-0.0032948,0.0140064,-0.0004473,0.9998963,-0.0065765,0.0280171,-0.0009867,-0.2288756,0.9729598,-0.0310685,0.0288047
3/20/2026 11:53:30.455,-0.0032542,0.0140246,-0.0007165,0.9998960,-0.0064876,0.0280553,-0.0015241,-0.2257472,0.9729171,-0.0497044,0.0288378
3/20/2026 11:53:30.475,-0.0031975,0.0140417,-0.0009720,0.9998958,-0.0063670,0.0280909,-0.0020337,-0.2215256,0.9728264,-0.0673425,0.0288791
3/20/2026 11:53:30.495,-0.0031509,0.0140458,-0.0011721,0.9998957,-0.0062684,0.0281002,-0.0024325,-0.2181720,0.9725302,-0.0811543,0.0288874
3/20/2026 11:53:30.515,-0.0031319,0.0140246,-0.0013327,0.9998958,-0.0062258,0.0280588,-0.0027529,-0.2170158,0.9717906,-0.0923425,0.0288791
3/20/2026 11:53:30.535,-0.0031397,0.0140284,-0.0014804,0.9998955,-0.0062373,0.0280674,-0.0030486,-0.2172615,0.9707235,-0.1024369,0.0289121
3/20/2026 11:53:30.555,-0.0031226,0.0140191,-0.0016129,0.9998955,-0.0061994,0.0280495,-0.0033132,-0.2160542,0.9699824,-0.1116000,0.0289121
3/20/2026 11:53:30.575,-0.0030761,0.0140411,-0.0017114,0.9998952,-0.0061034,0.0280940,-0.0035090,-0.2124988,0.9699826,-0.1182292,0.0289533
3/20/2026 11:53:30.595,-0.0030314,0.0140420,-0.0018467,0.9998951,-0.0060103,0.0280965,-0.0037782,-0.2092947,0.9695045,-0.1275023,0.0289698
3/20/2026 11:53:30.615,-0.0029568,0.0140220,-0.0020172,0.9998953,-0.0058564,0.0280571,-0.0041170,-0.2043158,0.9689300,-0.1393907,0.0289451
3/20/2026 11:53:30.635,-0.0029227,0.0140164,-0.0021350,0.9998952,-0.0057849,0.0280465,-0.0043516,-0.2018952,0.9682387,-0.1474861,0.0289615
3/20/2026 11:53:30.655,-0.0028869,0.0139906,-0.0022539,0.9998954,-0.0057102,0.0279954,-0.0045883,-0.1996186,0.9674000,-0.1558509,0.0289286
3/20/2026 11:53:30.675,-0.0028343,0.0140049,-0.0024094,0.9998949,-0.0056005,0.0280246,-0.0048979,-0.1955939,0.9664859,-0.1662776,0.0289945
3/20/2026 11:53:30.695,-0.0028054,0.0140110,-0.0025894,0.9998945,-0.0055378,0.0280377,-0.0052569,-0.1931883,0.9648235,-0.1783087,0.0290520
3/20/2026 11:53:30.715,-0.0027786,0.0140361,-0.0026103,0.9998942,-0.0054833,0.0280878,-0.0052982,-0.1910369,0.9650362,-0.1794714,0.0290930
3/20/2026 11:53:30.735,-0.0027531,0.0140517,-0.0025910,0.9998941,-0.0054328,0.0281188,-0.0052590,-0.1891963,0.9656598,-0.1780620,0.0291094
3/20/2026 11:53:30.755,-0.0027168,0.0140191,-0.0025653,0.9998947,-0.0053612,0.0280533,-0.0052064,-0.1872582,0.9662665,-0.1768147,0.0290191
3/20/2026 11:53:30.775,-0.0027170,0.0140133,-0.0025009,0.9998949,-0.0053633,0.0280413,-0.0050774,-0.1874858,0.9669892,-0.1725721,0.0289945
3/20/2026 11:53:30.795,-0.0026986,0.0139963,-0.0025048,0.9998953,-0.0053266,0.0280073,-0.0050846,-0.1864670,0.9670971,-0.1730699,0.0289451
3/20/2026 11:53:30.815,-0.0026812,0.0139669,-0.0025351,0.9998957,-0.0052911,0.0279485,-0.0051447,-0.1856031,0.9668273,-0.1754891,0.0288874
3/20/2026 11:53:30.835,-0.0026610,0.0139347,-0.0025559,0.9998961,-0.0052502,0.0278842,-0.0051856,-0.1845991,0.9666870,-0.1773109,0.0288295
3/20/2026 11:53:30.855,-0.0026164,0.0139415,-0.0026360,0.9998958,-0.0051588,0.0278979,-0.0053445,-0.1813472,0.9662986,-0.1827028,0.0288708
3/20/2026 11:53:30.875,-0.0025418,0.0139171,-0.0027918,0.9998959,-0.0050054,0.0278494,-0.0056538,-0.1762674,0.9651155,-0.1936021,0.0288543
3/20/2026 11:53:30.895,-0.0024812,0.0139097,-0.0029324,0.9998958,-0.0048803,0.0278350,-0.0059334,-0.1719412,0.9639193,-0.2032135,0.0288708
3/20/2026 11:53:30.915,-0.0024278,0.0139024,-0.0030431,0.9998957,-0.0047704,0.0278205,-0.0061532,-0.1681613,0.9629599,-0.2107840,0.0288874
3/20/2026 11:53:30.935,-0.0023921,0.0139085,-0.0030964,0.9998955,-0.0046976,0.0278328,-0.0062588,-0.1655629,0.9626324,-0.2143081,0.0289121
3/20/2026 11:53:30.955,-0.0023560,0.0138909,-0.0031197,0.9998959,-0.0046249,0.0277975,-0.0063042,-0.1632666,0.9626049,-0.2161845,0.0288626
3/20/2026 11:53:30.975,-0.0023058,0.0138823,-0.0031610,0.9998959,-0.0045233,0.0277801,-0.0063854,-0.1598657,0.9625029,-0.2191602,0.0288543
3/20/2026 11:53:30.995,-0.0021982,0.0138736,-0.0032258,0.9998961,-0.0043065,0.0277624,-0.0065120,-0.1525254,0.9626218,-0.2238197,0.0288295
3/20/2026 11:53:31.015,-0.0021139,0.0138806,-0.0033187,0.9998958,-0.0041352,0.0277761,-0.0066955,-0.1465182,0.9620917,-0.2300259,0.0288708
3/20/2026 11:53:31.035,-0.0020833,0.0138913,-0.0033655,0.9998955,-0.0040727,0.0277975,-0.0067883,-0.1442313,0.9617214,-0.2330011,0.0289121
3/20/2026 11:53:31.055,-0.0020303,0.0138862,-0.0034002,0.9998958,-0.0039658,0.0277870,-0.0068561,-0.1406062,0.9616563,-0.2354721,0.0288791
3/20/2026 11:53:31.075,-0.0020181,0.0138871,-0.0034351,0.9998956,-0.0039404,0.0277890,-0.0069256,-0.1396888,0.9612255,-0.2377659,0.0288956
3/20/2026 11:53:31.095,-0.0019802,0.0139004,-0.0034830,0.9998954,-0.0038632,0.0278155,-0.0070205,-0.1368833,0.9608815,-0.2407693,0.0289286
3/20/2026 11:53:31.115,-0.0019371,0.0138946,-0.0031673,0.9998966,-0.0037857,0.0278024,-0.0063879,-0.1346862,0.9661054,-0.2202274,0.0287633
3/20/2026 11:53:31.135,-0.0018986,0.0138794,-0.0032415,0.9998966,-0.0037068,0.0277720,-0.0065351,-0.1320410,0.9652687,-0.2254359,0.0287633
3/20/2026 11:53:31.155,-0.0018801,0.0138757,-0.0033167,0.9998963,-0.0036678,0.0277647,-0.0066851,-0.1306541,0.9642632,-0.2304907,0.0287964
3/20/2026 11:53:31.175,-0.0018715,0.0138678,-0.0033663,0.9998964,-0.0036493,0.0277491,-0.0067839,-0.1300317,0.9635288,-0.2338888,0.0287881
3/20/2026 11:53:31.195,-0.0018551,0.0138569,-0.0034165,0.9998965,-0.0036150,0.0277274,-0.0068838,-0.1288953,0.9628251,-0.2373898,0.0287799
3/20/2026 11:53:31.215,-0.0018391,0.0142427,-0.0034182,0.9998910,-0.0035805,0.0284990,-0.0068881,-0.1245843,0.9648124,-0.2315512,0.0295241
3/20/2026 11:53:31.235,-0.0018132,0.0142516,-0.0034346,0.9998908,-0.0035281,0.0285165,-0.0069203,-0.1227506,0.9648144,-0.2325197,0.0295564
3/20/2026 11:53:31.255,-0.0017854,0.0142464,-0.0034022,0.9998911,-0.0034735,0.0285058,-0.0068546,-0.1210006,0.9655022,-0.2305739,0.0295161
3/20/2026 11:53:31.275,-0.0017719,0.0142850,-0.0033788,0.9998907,-0.0034469,0.0285829,-0.0068075,-0.1198403,0.9661358,-0.2285168,0.0295725
3/20/2026 11:53:31.295,-0.0017114,0.0142780,-0.0034018,0.9998908,-0.0033253,0.0285687,-0.0068517,-0.1158133,0.9662264,-0.2302040,0.0295564
3/20/2026 11:53:31.315,-0.0016399,0.0142655,-0.0034454,0.9998909,-0.0031811,0.0285432,-0.0069369,-0.1110487,0.9660392,-0.2333165,0.0295483
3/20/2026 11:53:31.335,-0.0015874,0.0142523,-0.0035102,0.9998910,-0.0030744,0.0285166,-0.0070651,-0.1075196,0.9653546,-0.2377603,0.0295322
3/20/2026 11:53:31.355,-0.0015245,0.0142541,-0.0035011,0.9998911,-0.0029489,0.0285199,-0.0070450,-0.1033089,0.9659387,-0.2372544,0.0295161
3/20/2026 11:53:31.375,-0.0014396,0.0142821,-0.0034464,0.9998910,-0.0027804,0.0285750,-0.0069332,-0.0975164,0.9674655,-0.2334547,0.0295322
3/20/2026 11:53:31.395,-0.0013831,0.0142837,-0.0034037,0.9998912,-0.0026687,0.0285778,-0.0068463,-0.0937797,0.9684758,-0.2307812,0.0294999
3/20/2026 11:53:31.415,-0.0013371,0.0138946,-0.0033731,0.9998968,-0.0025801,0.0277991,-0.0067827,-0.0931072,0.9675534,-0.2348857,0.0287301
3/20/2026 11:53:31.435,-0.0013101,0.0139115,-0.0033194,0.9998969,-0.0025277,0.0278324,-0.0066745,-0.0912242,0.9686384,-0.2311228,0.0287218
3/20/2026 11:53:31.455,-0.0012721,0.0139349,-0.0033138,0.9998965,-0.0024515,0.0278791,-0.0066624,-0.0884606,0.9690562,-0.2304445,0.0287716
3/20/2026 11:53:31.475,-0.0012163,0.0139495,-0.0032878,0.9998966,-0.0023407,0.0279078,-0.0066089,-0.0845647,0.9698444,-0.2285838,0.0287633
3/20/2026 11:53:31.495,-0.0011509,0.0139612,-0.0032250,0.9998966,-0.0022116,0.0279306,-0.0064816,-0.0800656,0.9712141,-0.2243495,0.0287550
3/20/2026 11:53:31.515,-0.0010675,0.0139773,-0.0031723,0.9998966,-0.0020462,0.0279621,-0.0063739,-0.0742770,0.9725041,-0.2207233,0.0287550
3/20/2026 11:53:31.535,-0.0010120,0.0139714,-0.0031334,0.9998970,-0.0019362,0.0279500,-0.0062944,-0.0705000,0.9733344,-0.2182884,0.0287052
3/20/2026 11:53:31.555,-0.0010027,0.0139662,-0.0030800,0.9998972,-0.0019191,0.0279394,-0.0061874,-0.0699376,0.9741442,-0.2148296,0.0286803
3/20/2026 11:53:31.575,-0.0009969,0.0139559,-0.0030266,0.9998976,-0.0019091,0.0279187,-0.0060804,-0.0696380,0.9749098,-0.2114267,0.0286220
3/20/2026 11:53:31.595,-0.0009659,0.0139477,-0.0030086,0.9998977,-0.0018476,0.0279020,-0.0060435,-0.0675378,0.9752856,-0.2103729,0.0286054
3/20/2026 11:53:31.615,-0.0009167,0.0139435,-0.0030174,0.9998978,-0.0017491,0.0278933,-0.0060598,-0.0641269,0.9753645,-0.2110729,0.0285970
3/20/2026 11:53:31.635,-0.0008437,0.0139560,-0.0030267,0.9998976,-0.0016028,0.0279179,-0.0060764,-0.0589798,0.9755797,-0.2115790,0.0286220
3/20/2026 11:53:31.655,-0.0007786,0.0139455,-0.0030199,0.9998978,-0.0014728,0.0278965,-0.0060610,-0.0544861,0.9758942,-0.2113335,0.0285887
3/20/2026 11:53:31.675,-0.0007121,0.0139267,-0.0030128,0.9998982,-0.0013402,0.0278585,-0.0060448,-0.0499153,0.9761727,-0.2111758,0.0285386
3/20/2026 11:53:31.695,-0.0006374,0.0139189,-0.0030238,0.9998984,-0.0011904,0.0278425,-0.0060648,-0.0447018,0.9762291,-0.2120810,0.0285135
3/20/2026 11:53:31.715,-0.0005711,0.0139265,-0.0030370,0.9998982,-0.0010575,0.0278573,-0.0060894,-0.0400356,0.9762539,-0.2128977,0.0285386
3/20/2026 11:53:31.735,-0.0005164,0.0139309,-0.0030177,0.9998983,-0.0009486,0.0278656,-0.0060492,-0.0362051,0.9766921,-0.2115694,0.0285219
3/20/2026 11:53:31.755,-0.0004619,0.0139274,-0.0029884,0.9998984,-0.0008405,0.0278583,-0.0059892,-0.0324116,0.9772312,-0.2096871,0.0285135
3/20/2026 11:53:31.775,-0.0003963,0.0139374,-0.0029644,0.9998984,-0.0007099,0.0278780,-0.0059392,-0.0278026,0.9777427,-0.2079568,0.0285052
3/20/2026 11:53:31.795,-0.0003335,0.0139429,-0.0029291,0.9998985,-0.0005853,0.0278885,-0.0058670,-0.0234020,0.9783695,-0.2055366,0.0284968
3/20/2026 11:53:31.815,-0.0002995,0.0139487,-0.0028663,0.9998986,-0.0005189,0.0279000,-0.0057404,-0.0210262,0.9793170,-0.2012366,0.0284884
3/20/2026 11:53:31.835,-0.0002467,0.0139548,-0.0028322,0.9998985,-0.0004142,0.0279117,-0.0056707,-0.0173206,0.9798728,-0.1988700,0.0284968
3/20/2026 11:53:31.855,-0.0002146,0.0139460,-0.0027911,0.9998989,-0.0003514,0.0278940,-0.0055877,-0.0150886,0.9804434,-0.1962224,0.0284466
3/20/2026 11:53:31.875,-0.0001882,0.0139296,-0.0026957,0.9998993,-0.0003013,0.0278610,-0.0053961,-0.0132636,0.9816986,-0.1899792,0.0283794
3/20/2026 11:53:31.895,-0.0001493,0.0139083,-0.0026066,0.9998999,-0.0002261,0.0278183,-0.0052169,-0.0105506,0.9828326,-0.1841977,0.0283037
3/20/2026 11:53:31.915,-0.0001132,0.0138914,-0.0025420,0.9999002,-0.0001558,0.0277842,-0.0050866,-0.0080177,0.9836348,-0.1799951,0.0282531
3/20/2026 11:53:31.935,-0.0000846,0.0138951,-0.0024528,0.9999005,-0.0001010,0.0277915,-0.0049074,-0.0059948,0.9847575,-0.1738294,0.0282109
3/20/2026 11:53:31.955,-0.0001040,0.0138912,-0.0023292,0.9999008,-0.0001433,0.0277836,-0.0046609,-0.0073842,0.9862051,-0.1653630,0.0281771
3/20/2026 11:53:31.975,-0.0001230,0.0138969,-0.0021962,0.9999011,-0.0001850,0.0277952,-0.0043955,-0.0087430,0.9877033,-0.1560948,0.0281347
3/20/2026 11:53:31.995,-0.0001032,0.0138946,-0.0021058,0.9999012,-0.0001479,0.0277905,-0.0042141,-0.0073440,0.9886828,-0.1498412,0.0281093
3/20/2026 11:53:32.015,-0.0000836,0.0138979,-0.0020635,0.9999013,-0.0001099,0.0277969,-0.0041289,-0.0059515,0.9891392,-0.1468606,0.0281008
3/20/2026 11:53:32.035,-0.0000238,0.0139302,-0.0020525,0.9999008,0.0000096,0.0278614,-0.0041053,-0.0016903,0.9893174,-0.1457675,0.0281686
3/20/2026 11:53:32.055,-0.0000033,0.0139337,-0.0019764,0.9999009,0.0000485,0.0278682,-0.0039524,-0.0002322,0.9900898,-0.1404349,0.0281517
3/20/2026 11:53:32.075,0.0000191,0.0139200,-0.0018683,0.9999014,0.0000903,0.0278407,-0.0037357,0.0013616,0.9911116,-0.1330258,0.0280923
3/20/2026 11:53:32.095,0.0000241,0.0139261,-0.0017739,0.9999015,0.0000976,0.0278529,-0.0035468,0.0017168,0.9919829,-0.1263603,0.0280753
3/20/2026 11:53:32.115,0.0000607,0.0139485,-0.0017472,0.9999012,0.0001701,0.0278976,-0.0034923,0.0043153,0.9922368,-0.1242878,0.0281178
3/20/2026 11:53:32.135,0.0000551,0.0139825,-0.0017047,0.9999006,0.0001578,0.0279657,-0.0034074,0.0039108,0.9926429,-0.1210164,0.0282024
3/20/2026 11:53:32.155,0.0000568,0.0139838,-0.0016524,0.9999008,0.0001599,0.0279684,-0.0033029,0.0040364,0.9930828,-0.1173475,0.0281686
3/20/2026 11:53:32.175,0.0000767,0.0139924,-0.0016300,0.9999008,0.0001990,0.0279855,-0.0032575,0.0054450,0.9932687,-0.1157052,0.0281686
3/20/2026 11:53:32.195,-0.0002440,0.0140339,-0.0015964,0.9999002,-0.0004432,0.0280695,-0.0031994,-0.0172745,0.9934438,-0.1130090,0.0282616
3/20/2026 11:53:32.215,-0.0002239,0.0140582,-0.0015839,0.9998998,-0.0004032,0.0281181,-0.0031739,-0.0158247,0.9935881,-0.1119471,0.0283121
3/20/2026 11:53:32.235,-0.0002400,0.0140658,-0.0015458,0.9998999,-0.0004364,0.0281333,-0.0030981,-0.0169572,0.9938725,-0.1092242,0.0283037
3/20/2026 11:53:32.255,-0.0002485,0.0140808,-0.0015235,0.9998997,-0.0004540,0.0281632,-0.0030536,-0.0175406,0.9940449,-0.1075503,0.0283290
3/20/2026 11:53:32.275,-0.0002494,0.0141035,-0.0015057,0.9998994,-0.0004563,0.0282086,-0.0030181,-0.0175814,0.9941958,-0.1061396,0.0283710
3/20/2026 11:53:32.295,-0.0002703,0.0141165,-0.0014839,0.9998993,-0.0004986,0.0282347,-0.0029751,-0.0190379,0.9943405,-0.1045207,0.0283878
3/20/2026 11:53:32.315,-0.0002921,0.0141285,-0.0014442,0.9998990,-0.0005434,0.0282588,-0.0028963,-0.0205653,0.9946059,-0.1016664,0.0284214
3/20/2026 11:53:32.335,-0.0002790,0.0141136,-0.0014193,0.9998993,-0.0005179,0.0282289,-0.0028462,-0.0196644,0.9947892,-0.1000391,0.0283878
3/20/2026 11:53:32.355,-0.0002411,0.0141178,-0.0014121,0.9998993,-0.0004423,0.0282373,-0.0028308,-0.0169894,0.9948911,-0.0995138,0.0283878
3/20/2026 11:53:32.375,-0.0002263,0.0141531,-0.0013937,0.9998989,-0.0004131,0.0283077,-0.0027934,-0.0159091,0.9950609,-0.0979837,0.0284466
3/20/2026 11:53:32.395,-0.0002418,0.0141784,-0.0013894,0.9998984,-0.0004442,0.0283584,-0.0027855,-0.0169731,0.9950892,-0.0975162,0.0285052
3/20/2026 11:53:32.415,-0.0002804,0.0141806,-0.0013498,0.9998986,-0.0005224,0.0283630,-0.0027072,-0.0196777,0.9953079,-0.0947362,0.0284801
3/20/2026 11:53:32.435,-0.0002709,0.0141585,-0.0012921,0.9998988,-0.0005051,0.0283186,-0.0025915,-0.0190504,0.9956812,-0.0908630,0.0284549
3/20/2026 11:53:32.455,-0.0002030,0.0141470,-0.0012422,0.9998991,-0.0003707,0.0282955,-0.0024899,-0.0142899,0.9960653,-0.0874622,0.0284130
3/20/2026 11:53:32.475,-0.0001593,0.0141612,-0.0012304,0.9998990,-0.0002838,0.0283237,-0.0024651,-0.0112078,0.9961841,-0.0865549,0.0284298
3/20/2026 11:53:32.495,-0.0001455,0.0141673,-0.0012189,0.9998988,-0.0002565,0.0283359,-0.0024417,-0.0102329,0.9962671,-0.0857161,0.0284549
3/20/2026 11:53:32.515,-0.0001707,0.0141800,-0.0011744,0.9998989,-0.0003080,0.0283614,-0.0023533,-0.0119945,0.9965164,-0.0825301,0.0284466
3/20/2026 11:53:32.535,-0.0002032,0.0142008,-0.0011527,0.9998985,-0.0003736,0.0284030,-0.0023109,-0.0142616,0.9966205,-0.0808964,0.0284968
3/20/2026 11:53:32.555,-0.0002301,0.0142050,-0.0010788,0.9998985,-0.0004295,0.0284115,-0.0021639,-0.0161506,0.9969984,-0.0757175,0.0284968
3/20/2026 11:53:32.575,-0.0002534,0.0142052,-0.0009933,0.9998986,-0.0004786,0.0284119,-0.0019935,-0.0177932,0.9974065,-0.0697406,0.0284801
3/20/2026 11:53:32.595,-0.0002603,0.0142024,-0.0009715,0.9998987,-0.0004930,0.0284062,-0.0019501,-0.0182830,0.9975019,-0.0682312,0.0284717
3/20/2026 11:53:32.615,-0.0002339,0.0142316,-0.0010063,0.9998981,-0.0004392,0.0284646,-0.0020190,-0.0163936,0.9973755,-0.0705216,0.0285470
3/20/2026 11:53:32.635,-0.0002372,0.0142478,-0.0009957,0.9998980,-0.0004459,0.0284969,-0.0019979,-0.0166026,0.9974297,-0.0697021,0.0285720
3/20/2026 11:53:32.655,-0.0002608,0.0142683,-0.0009704,0.9998977,-0.0004939,0.0285381,-0.0019480,-0.0182349,0.9975295,-0.0678401,0.0286137
3/20/2026 11:53:32.675,-0.0003210,0.0142674,-0.0009144,0.9998976,-0.0006159,0.0285363,-0.0018377,-0.0224494,0.9977011,-0.0639415,0.0286220
3/20/2026 11:53:32.695,-0.0003550,0.0142485,-0.0008978,0.9998980,-0.0006844,0.0284986,-0.0018056,-0.0248595,0.9977123,-0.0628685,0.0285637
3/20/2026 11:53:32.715,-0.0003646,0.0142673,-0.0008905,0.9998978,-0.0007037,0.0285362,-0.0017913,-0.0254964,0.9977332,-0.0622761,0.0285887
3/20/2026 11:53:32.735,-0.0003632,0.0142812,-0.0008849,0.9998976,-0.0007011,0.0285639,-0.0017800,-0.0253767,0.9977645,-0.0618239,0.0286220
3/20/2026 11:53:32.755,-0.0003495,0.0142946,-0.0008760,0.9998974,-0.0006738,0.0285908,-0.0017618,-0.0243946,0.9978305,-0.0611482,0.0286553
3/20/2026 11:53:32.775,-0.0003588,0.0143040,-0.0008564,0.9998972,-0.0006931,0.0286096,-0.0017230,-0.0250327,0.9978995,-0.0597487,0.0286720
3/20/2026 11:53:32.795,-0.0003757,0.0143197,-0.0008588,0.9998971,-0.0007268,0.0286410,-0.0017281,-0.0261839,0.9978643,-0.0598435,0.0286969
3/20/2026 11:53:32.815,-0.0003810,0.0143165,-0.0008641,0.9998972,-0.0007372,0.0286346,-0.0017388,-0.0265540,0.9978317,-0.0602229,0.0286803
3/20/2026 11:53:32.835,-0.0003487,0.0139239,-0.0008546,0.9999027,-0.0006735,0.0278493,-0.0017187,-0.0249864,0.9978102,-0.0612402,0.0279050
3/20/2026 11:53:32.855,-0.0003351,0.0139316,-0.0008642,0.9999025,-0.0006461,0.0278647,-0.0017375,-0.0240027,0.9977941,-0.0618938,0.0279306
3/20/2026 11:53:32.875,-0.0003329,0.0139372,-0.0008688,0.9999024,-0.0006414,0.0278758,-0.0017468,-0.0238301,0.9977791,-0.0622014,0.0279391
3/20/2026 11:53:32.895,-0.0003164,0.0139423,-0.0008378,0.9999024,-0.0006095,0.0278859,-0.0016842,-0.0226502,0.9979436,-0.0599642,0.0279391
3/20/2026 11:53:32.915,-0.0003282,0.0139363,-0.0008051,0.9999025,-0.0006339,0.0278741,-0.0016191,-0.0235038,0.9980597,-0.0576560,0.0279221
3/20/2026 11:53:32.935,-0.0002799,0.0139340,-0.0007740,0.9999024,-0.0005381,0.0278693,-0.0015556,-0.0200495,0.9982603,-0.0554476,0.0279391
3/20/2026 11:53:32.955,-0.0002153,0.0139505,-0.0006870,0.9999024,-0.0004114,0.0279021,-0.0013799,-0.0154142,0.9986711,-0.0491798,0.0279477
3/20/2026 11:53:32.975,-0.0001657,0.0139884,-0.0006229,0.9999020,-0.0003139,0.0279780,-0.0012504,-0.0118311,0.9989400,-0.0444838,0.0280073
3/20/2026 11:53:32.995,-0.0001527,0.0140224,-0.0005728,0.9999014,-0.0002893,0.0280460,-0.0011497,-0.0108801,0.9991077,-0.0408094,0.0280838
3/20/2026 11:53:33.015,-0.0001478,0.0140562,-0.0004591,0.9999011,-0.0002827,0.0281135,-0.0009222,-0.0105111,0.9994119,-0.0326408,0.0281262
3/20/2026 11:53:33.035,-0.0001192,0.0140877,-0.0004025,0.9999007,-0.0002270,0.0281764,-0.0008083,-0.0084554,0.9995564,-0.0285579,0.0281855
3/20/2026 11:53:33.055,-0.0000972,0.0141097,-0.0003667,0.9999004,-0.0001841,0.0282204,-0.0007361,-0.0068893,0.9996387,-0.0259800,0.0282278
3/20/2026 11:53:33.075,-0.0001061,0.0141013,-0.0003131,0.9999006,-0.0002034,0.0282035,-0.0006292,-0.0075251,0.9997253,-0.0221986,0.0282024
3/20/2026 11:53:33.095,-0.0000893,0.0140959,-0.0002784,0.9999006,-0.0001707,0.0281927,-0.0005593,-0.0063340,0.9997849,-0.0197472,0.0282024
3/20/2026 11:53:33.115,-0.0000546,0.0141291,-0.0002641,0.9999001,-0.0001018,0.0282592,-0.0005296,-0.0038671,0.9998179,-0.0186869,0.0282700
3/20/2026 11:53:33.135,-0.0000194,0.0141985,-0.0002893,0.9998992,-0.0000307,0.0283980,-0.0005791,-0.0013696,0.9997915,-0.0203697,0.0283962
3/20/2026 11:53:33.155,-0.0000025,0.0142533,-0.0002740,0.9998983,0.0000028,0.0285076,-0.0005480,-0.0001771,0.9998153,-0.0192186,0.0285219
3/20/2026 11:53:33.175,-0.0000000,0.0142763,-0.0002233,0.9998981,0.0000063,0.0285535,-0.0004465,-0.0000026,0.9998778,-0.0156373,0.0285553
3/20/2026 11:53:33.195,-0.0000249,0.0142487,-0.0001291,0.9998984,-0.0000462,0.0284983,-0.0002589,-0.0017491,0.9999574,-0.0090611,0.0285135
3/20/2026 11:53:33.215,-0.0000987,0.0142038,0.0001264,0.9998991,-0.0002010,0.0284085,0.0002500,-0.0069508,0.9999363,0.0088980,0.0284046
3/20/2026 11:53:33.235,-0.0001497,0.0141794,0.0003166,0.9998993,-0.0003083,0.0283597,0.0006289,-0.0105536,0.9996952,0.0223200,0.0283794
3/20/2026 11:53:33.255,-0.0001413,0.0141920,0.0004203,0.9998991,-0.0002945,0.0283849,0.0008365,-0.0099506,0.9995123,0.0296005,0.0284130
3/20/2026 11:53:33.275,-0.0001745,0.0142162,0.0004746,0.9998989,-0.0003624,0.0284332,0.0009442,-0.0122661,0.9993680,0.0333645,0.0284466
3/20/2026 11:53:33.295,-0.0002141,0.0142308,0.0005149,0.9998985,-0.0004428,0.0284624,0.0010235,-0.0150334,0.9992332,0.0361514,0.0284968
3/20/2026 11:53:33.315,-0.0003085,0.0142305,0.0006338,0.9998985,-0.0006349,0.0284616,0.0012588,-0.0216504,0.9987754,0.0444865,0.0284968
3/20/2026 11:53:33.335,-0.0003299,0.0142395,0.0007644,0.9998983,-0.0006814,0.0284795,0.0015192,-0.0231256,0.9982954,0.0535870,0.0285219
3/20/2026 11:53:33.355,-0.0003693,0.0142419,0.0008658,0.9998981,-0.0007631,0.0284841,0.0017209,-0.0258721,0.9978231,0.0606602,0.0285470
3/20/2026 11:53:33.375,-0.0004502,0.0142303,0.0009775,0.9998980,-0.0009281,0.0284607,0.0019420,-0.0315457,0.9971527,0.0684945,0.0285637
3/20/2026 11:53:33.395,-0.0005094,0.0142488,0.0010392,0.9998978,-0.0010483,0.0284975,0.0020636,-0.0356314,0.9967178,0.0726921,0.0285970
3/20/2026 11:53:33.415,-0.0005621,0.0142664,0.0010392,0.9998975,-0.0011537,0.0285325,0.0020622,-0.0392636,0.9965883,0.0725967,0.0286387
3/20/2026 11:53:33.435,-0.0006434,0.0142798,0.0010875,0.9998972,-0.0013177,0.0285592,0.0021564,-0.0448793,0.9961081,0.0758588,0.0286803
3/20/2026 11:53:33.455,-0.0007214,0.0143213,0.0011704,0.9998965,-0.0014762,0.0286419,0.0023199,-0.0501423,0.9954236,0.0813492,0.0287716
3/20/2026 11:53:33.475,-0.0008428,0.0143592,0.0013485,0.9998956,-0.0017242,0.0287170,0.0026725,-0.0583404,0.9939234,0.0933419,0.0289039
3/20/2026 11:53:33.495,-0.0009367,0.0143874,0.0015023,0.9998949,-0.0019165,0.0287731,0.0029774,-0.0646192,0.9925138,0.1036371,0.0290027
3/20/2026 11:53:33.515,-0.0009598,0.0144161,0.0015202,0.9998944,-0.0019633,0.0288303,0.0030123,-0.0660678,0.9923135,0.1046376,0.0290684
3/20/2026 11:53:33.535,-0.0009856,0.0144610,0.0015070,0.9998937,-0.0020146,0.0289200,0.0029852,-0.0676340,0.9923361,0.1034147,0.0291585
3/20/2026 11:53:33.555,-0.0010224,0.0144955,0.0014998,0.9998932,-0.0020880,0.0289890,0.0029696,-0.0699825,0.9922515,0.1026618,0.0292320
3/20/2026 11:53:33.575,-0.0011268,0.0145064,0.0015333,0.9998930,-0.0022978,0.0290104,0.0030335,-0.0770145,0.9915071,0.1047986,0.0292646
3/20/2026 11:53:33.595,-0.0012320,0.0145227,0.0016039,0.9998924,-0.0025103,0.0290424,0.0031717,-0.0840216,0.9904419,0.1093858,0.0293459
3/20/2026 11:53:33.615,-0.0013039,0.0145610,0.0016583,0.9998918,-0.0026559,0.0291188,0.0032782,-0.0886233,0.9896683,0.1127065,0.0294271
3/20/2026 11:53:33.635,-0.0013719,0.0145892,0.0016659,0.9998912,-0.0027920,0.0291750,0.0032915,-0.0930196,0.9892359,0.1129590,0.0295080
3/20/2026 11:53:33.655,-0.0014167,0.0146192,0.0016616,0.9998907,-0.0028817,0.0292348,0.0032814,-0.0958458,0.9890284,0.1124118,0.0295645
3/20/2026 11:53:33.675,-0.0014502,0.0146605,0.0016697,0.9998901,-0.0029490,0.0293172,0.0032966,-0.0978102,0.9888124,0.1126193,0.0296531
3/20/2026 11:53:33.695,-0.0014860,0.0146880,0.0016559,0.9998897,-0.0030203,0.0293721,0.0032679,-0.1000299,0.9887207,0.1114694,0.0297093
3/20/2026 11:53:33.715,-0.0015220,0.0147330,0.0016428,0.9998890,-0.0030920,0.0294620,0.0032404,-0.1021301,0.9886438,0.1102394,0.0297974
3/20/2026 11:53:33.735,-0.0015621,0.0147820,0.0016664,0.9998881,-0.0031730,0.0295599,0.0032862,-0.1044335,0.9882722,0.1114081,0.0299172
3/20/2026 11:53:33.755,-0.0015916,0.0148450,0.0017043,0.9998870,-0.0032335,0.0296857,0.0033609,-0.1059170,0.9878863,0.1134127,0.0300603
3/20/2026 11:53:33.775,-0.0016160,0.0148884,0.0017671,0.9998863,-0.0032842,0.0297723,0.0034857,-0.1071606,0.9873116,0.1171850,0.0301633
3/20/2026 11:53:33.795,-0.0016583,0.0148973,0.0017664,0.9998861,-0.0033689,0.0297900,0.0034829,-0.1098746,0.9870315,0.1170312,0.0301870
3/20/2026 11:53:33.815,-0.0016893,0.0149245,0.0017716,0.9998856,-0.0034312,0.0298442,0.0034925,-0.1117000,0.9868137,0.1171407,0.0302501
3/20/2026 11:53:33.835,-0.0017010,0.0149495,0.0017569,0.9998853,-0.0034541,0.0298943,0.0034626,-0.1122905,0.9868835,0.1159823,0.0302895
3/20/2026 11:53:33.855,-0.0017222,0.0149799,0.0017322,0.9998848,-0.0034960,0.0299550,0.0034125,-0.1134702,0.9869645,0.1141302,0.0303602
3/20/2026 11:53:33.875,-0.0017470,0.0150167,0.0017113,0.9998842,-0.0035449,0.0300287,0.0033698,-0.1148212,0.9869978,0.1124779,0.0304387
3/20/2026 11:53:33.895,-0.0017736,0.0150361,0.0017127,0.9998838,-0.0035983,0.0300673,0.0033716,-0.1164021,0.9868212,0.1124032,0.0304856
3/20/2026 11:53:33.915,-0.0017938,0.0150446,0.0017227,0.9998837,-0.0036390,0.0300842,0.0033910,-0.1176364,0.9866099,0.1129715,0.0305091
3/20/2026 11:53:33.935,-0.0018321,0.0150435,0.0017893,0.9998835,-0.0037176,0.0300818,0.0035231,-0.1200582,0.9858180,0.1172557,0.0305247
3/20/2026 11:53:33.955,-0.0018962,0.0150421,0.0018830,0.9998833,-0.0038487,0.0300782,0.0037086,-0.1241190,0.9845825,0.1232546,0.0305559
3/20/2026 11:53:33.975,-0.0019695,0.0146871,0.0019400,0.9998883,-0.0039955,0.0293678,0.0038217,-0.1317812,0.9827428,0.1298083,0.0298933
3/20/2026 11:53:33.995,-0.0020313,0.0146927,0.0019404,0.9998882,-0.0041192,0.0293786,0.0038207,-0.1357923,0.9822089,0.1297154,0.0299092
3/20/2026 11:53:34.015,-0.0021008,0.0147021,0.0019152,0.9998878,-0.0042574,0.0293973,0.0037683,-0.1402905,0.9818148,0.1279000,0.0299570
3/20/2026 11:53:34.035,-0.0021192,0.0146994,0.0018702,0.9998879,-0.0042929,0.0293920,0.0036778,-0.1415769,0.9820107,0.1249442,0.0299491
3/20/2026 11:53:34.055,-0.0021611,0.0146958,0.0018368,0.9998880,-0.0043758,0.0293848,0.0036096,-0.1443942,0.9818807,0.1227214,0.0299332
3/20/2026 11:53:34.075,-0.0021917,0.0143390,0.0018364,0.9998931,-0.0044356,0.0286711,0.0036096,-0.1498962,0.9806919,0.1255976,0.0292483
3/20/2026 11:53:34.095,-0.0022126,0.0143540,0.0018607,0.9998928,-0.0044782,0.0287009,0.0036576,-0.1511107,0.9803146,0.1270784,0.0292890
3/20/2026 11:53:34.115,-0.0022517,0.0143488,0.0018767,0.9998927,-0.0045567,0.0286903,0.0036885,-0.1537481,0.9797651,0.1281478,0.0293053
3/20/2026 11:53:34.135,-0.0023029,0.0143526,0.0019016,0.9998925,-0.0046599,0.0286975,0.0037367,-0.1570868,0.9790293,0.1297127,0.0293215
3/20/2026 11:53:34.155,-0.0023757,0.0143416,0.0019244,0.9998925,-0.0048062,0.0286753,0.0037802,-0.1620120,0.9780237,0.1312316,0.0293215
3/20/2026 11:53:34.175,-0.0024317,0.0143100,0.0019094,0.9998928,-0.0049175,0.0286119,0.0037488,-0.1660957,0.9774470,0.1304206,0.0292890
3/20/2026 11:53:34.195,-0.0025136,0.0142917,0.0018383,0.9998930,-0.0050793,0.0285755,0.0036045,-0.1718475,0.9770738,0.1256798,0.0292646
3/20/2026 11:53:34.215,-0.0025901,0.0142784,0.0017570,0.9998931,-0.0052298,0.0285490,0.0034397,-0.1771910,0.9768088,0.1201998,0.0292483
3/20/2026 11:53:34.235,-0.0026543,0.0142705,0.0017161,0.9998932,-0.0053571,0.0285331,0.0033560,-0.1815992,0.9763388,0.1174065,0.0292320
3/20/2026 11:53:34.255,-0.0027176,0.0142768,0.0016778,0.9998929,-0.0054825,0.0285456,0.0032778,-0.1857590,0.9758793,0.1146873,0.0292727
3/20/2026 11:53:34.275,-0.0027648,0.0142891,0.0016658,0.9998927,-0.0055767,0.0285703,0.0032522,-0.1887365,0.9754222,0.1137103,0.0292971
3/20/2026 11:53:34.295,-0.0028384,0.0142895,0.0016467,0.9998925,-0.0057233,0.0285710,0.0032121,-0.1935976,0.9746305,0.1123176,0.0293297
3/20/2026 11:53:34.315,-0.0029276,0.0142578,0.0015774,0.9998928,-0.0058995,0.0285077,0.0030710,-0.1999644,0.9738613,0.1077419,0.0292890
3/20/2026 11:53:34.335,-0.0030352,0.0142489,0.0015078,0.9998928,-0.0061127,0.0284900,0.0029288,-0.2072299,0.9728609,0.1029442,0.0292890
3/20/2026 11:53:34.355,-0.0031002,0.0142296,0.0014298,0.9998929,-0.0062404,0.0284517,0.0027710,-0.2118566,0.9724045,0.0977050,0.0292727
3/20/2026 11:53:34.375,-0.0031174,0.0142585,0.0013499,0.9998927,-0.0062727,0.0285100,0.0026108,-0.2126816,0.9727715,0.0920986,0.0293053
3/20/2026 11:53:34.395,-0.0031306,0.0142771,0.0012805,0.9998922,-0.0062971,0.0285476,0.0024714,-0.2133681,0.9730659,0.0872739,0.0293622
3/20/2026 11:53:34.415,-0.0031321,0.0142749,0.0012312,0.9998925,-0.0062987,0.0285434,0.0023728,-0.2135578,0.9733168,0.0839495,0.0293297
3/20/2026 11:53:34.435,-0.0031724,0.0142785,0.0012131,0.9998923,-0.0063788,0.0285507,0.0023354,-0.2161477,0.9728559,0.0826541,0.0293540
3/20/2026 11:53:34.455,-0.0031788,0.0142901,0.0011983,0.9998921,-0.0063912,0.0285739,0.0023056,-0.2164153,0.9728866,0.0815841,0.0293865
3/20/2026 11:53:34.475,-0.0031962,0.0142940,0.0011542,0.9998920,-0.0064248,0.0285820,0.0022169,-0.2175424,0.9728841,0.0785609,0.0293946
3/20/2026 11:53:34.495,-0.0032230,0.0142999,0.0011263,0.9998919,-0.0064777,0.0285939,0.0021602,-0.2192280,0.9726613,0.0766102,0.0294027
3/20/2026 11:53:34.515,-0.0032470,0.0142879,0.0011237,0.9998919,-0.0065254,0.0285699,0.0021544,-0.2209540,0.9722821,0.0764659,0.0294109
3/20/2026 11:53:34.535,-0.0032717,0.0142787,0.0011320,0.9998920,-0.0065750,0.0285514,0.0021704,-0.2226790,0.9718425,0.0770475,0.0293946
3/20/2026 11:53:34.555,-0.0032813,0.0142715,0.0011081,0.9998921,-0.0065937,0.0285372,0.0021224,-0.2234373,0.9717934,0.0754549,0.0293865
3/20/2026 11:53:34.575,-0.0032808,0.0142869,0.0010927,0.9998919,-0.0065922,0.0285682,0.0020914,-0.2231928,0.9719360,0.0743330,0.0294109
3/20/2026 11:53:34.595,-0.0032907,0.0142960,0.0010915,0.9998918,-0.0066119,0.0285863,0.0020887,-0.2236971,0.9718303,0.0741981,0.0294271
3/20/2026 11:53:34.615,-0.0033167,0.0143013,0.0010575,0.9998916,-0.0066629,0.0285971,0.0020199,-0.2253337,0.9716290,0.0718450,0.0294433
3/20/2026 11:53:34.635,-0.0033056,0.0143238,0.0013646,0.9998910,-0.0066496,0.0286400,0.0026343,-0.2239046,0.9702180,0.0924319,0.0295241
3/20/2026 11:53:34.655,-0.0033243,0.0143179,0.0013411,0.9998911,-0.0066864,0.0286282,0.0025868,-0.2252283,0.9700600,0.0908620,0.0295161
3/20/2026 11:53:34.675,-0.0033344,0.0143091,0.0013101,0.9998911,-0.0067056,0.0286109,0.0025246,-0.2260476,0.9700587,0.0888179,0.0295161
3/20/2026 11:53:34.695,-0.0033700,0.0142962,0.0013012,0.9998912,-0.0067764,0.0285851,0.0025059,-0.2285402,0.9695268,0.0882446,0.0294999
3/20/2026 11:53:34.715,-0.0033913,0.0143053,0.0012783,0.9998911,-0.0068184,0.0286034,0.0024595,-0.2298035,0.9693743,0.0866251,0.0295161
3/20/2026 11:53:34.735,-0.0034102,0.0143068,0.0012291,0.9998910,-0.0068548,0.0286067,0.0023604,-0.2310597,0.9693690,0.0832778,0.0295241
3/20/2026 11:53:34.755,-0.0034383,0.0143039,0.0011285,0.9998910,-0.0069082,0.0286015,0.0021584,-0.2330324,0.9694566,0.0764838,0.0295322
3/20/2026 11:53:34.776,-0.0034536,0.0143179,0.0010533,0.9998910,-0.0069367,0.0286301,0.0020075,-0.2338855,0.9696440,0.0713304,0.0295241
3/20/2026 11:53:34.795,-0.0035044,0.0143273,0.0010389,0.9998907,-0.0070378,0.0286488,0.0019772,-0.2370025,0.9689649,0.0702617,0.0295725
3/20/2026 11:53:34.815,-0.0035377,0.0143462,0.0010547,0.9998902,-0.0071050,0.0286865,0.0020078,-0.2388149,0.9684513,0.0712005,0.0296370
3/20/2026 11:53:34.835,-0.0035850,0.0143479,0.0010452,0.9998901,-0.0071992,0.0286899,0.0019874,-0.2418035,0.9677607,0.0705000,0.0296531
3/20/2026 11:53:34.855,-0.0036094,0.0147315,0.0010284,0.9998844,-0.0072484,0.0294572,0.0019503,-0.2374302,0.9690462,0.0676482,0.0304152
3/20/2026 11:53:34.875,-0.0036207,0.0147530,0.0010187,0.9998841,-0.0072707,0.0295003,0.0019303,-0.2378126,0.9690040,0.0669067,0.0304543
3/20/2026 11:53:34.895,-0.0036322,0.0147766,0.0010348,0.9998837,-0.0072943,0.0295474,0.0019620,-0.2381539,0.9688547,0.0678475,0.0305013
3/20/2026 11:53:34.915,-0.0036661,0.0147958,0.0010468,0.9998833,-0.0073623,0.0295856,0.0019849,-0.2399399,0.9683672,0.0685113,0.0305559
3/20/2026 11:53:34.935,-0.0036701,0.0147885,0.0010547,0.9998833,-0.0073706,0.0295709,0.0020006,-0.2402901,0.9682419,0.0690520,0.0305559
3/20/2026 11:53:34.955,-0.0036473,0.0148030,0.0010166,0.9998831,-0.0073240,0.0296002,0.0019250,-0.2387071,0.9688098,0.0665319,0.0305793
3/20/2026 11:53:34.975,-0.0036584,0.0148134,0.0009999,0.9998831,-0.0073456,0.0296212,0.0018912,-0.2392459,0.9687546,0.0653890,0.0305793
3/20/2026 11:53:34.995,-0.0036691,0.0148135,0.0009670,0.9998831,-0.0073660,0.0296215,0.0018252,-0.2399398,0.9687259,0.0632379,0.0305871
3/20/2026 11:53:35.015,-0.0036915,0.0148065,0.0009311,0.9998832,-0.0074098,0.0296079,0.0017527,-0.2414633,0.9684969,0.0609034,0.0305715
3/20/2026 11:53:35.035,-0.0036891,0.0148071,0.0008421,0.9998832,-0.0074024,0.0296096,0.0015748,-0.2413874,0.9688633,0.0551007,0.0305637
3/20/2026 11:53:35.055,-0.0037084,0.0147941,0.0007788,0.9998834,-0.0074391,0.0295841,0.0014478,-0.2428298,0.9687275,0.0509978,0.0305481
3/20/2026 11:53:35.075,-0.0038065,0.0147872,0.0007533,0.9998832,-0.0076344,0.0295703,0.0013939,-0.2489887,0.9672522,0.0492740,0.0305715
3/20/2026 11:53:35.095,-0.0039109,0.0147707,0.0007496,0.9998829,-0.0078430,0.0295373,0.0013835,-0.2556444,0.9655284,0.0489996,0.0306027
3/20/2026 11:53:35.115,-0.0040410,0.0147696,0.0006692,0.9998825,-0.0081009,0.0295355,0.0012188,-0.2636503,0.9636298,0.0436590,0.0306572
3/20/2026 11:53:35.135,-0.0041484,0.0147679,0.0006205,0.9998821,-0.0083143,0.0295325,0.0011185,-0.2702200,0.9619497,0.0404209,0.0307116
3/20/2026 11:53:35.155,-0.0041753,0.0147619,0.0006005,0.9998822,-0.0083675,0.0295206,0.0010775,-0.2719584,0.9615138,0.0391109,0.0307038
3/20/2026 11:53:35.175,-0.0041868,0.0148100,0.0005100,0.9998814,-0.0083877,0.0296176,0.0008960,-0.2718868,0.9617590,0.0331216,0.0307969
3/20/2026 11:53:35.195,-0.0042584,0.0148412,0.0004222,0.9998807,-0.0085285,0.0296806,0.0007179,-0.2757007,0.9608549,0.0273320,0.0308974
3/20/2026 11:53:35.215,-0.0043327,0.0148738,0.0003555,0.9998799,-0.0086750,0.0297466,0.0005820,-0.2795977,0.9598432,0.0229388,0.0309975
3/20/2026 11:53:35.235,-0.0043655,0.0148829,0.0002991,0.9998796,-0.0087389,0.0297651,0.0004683,-0.2814119,0.9593933,0.0192828,0.0310360
3/20/2026 11:53:35.255,-0.0044302,0.0149338,0.0002327,0.9998787,-0.0088663,0.0298674,0.0003330,-0.2843729,0.9585974,0.0149347,0.0311510
3/20/2026 11:53:35.275,-0.0045330,0.0149609,0.0001430,0.9998779,-0.0090692,0.0299225,0.0001504,-0.2899581,0.9569956,0.0091484,0.0312579
3/20/2026 11:53:35.295,-0.0045863,0.0150162,-0.0000127,0.9998767,-0.0091711,0.0300346,-0.0001631,-0.2921003,0.9563873,-0.0008091,0.0314025
3/20/2026 11:53:35.315,-0.0046426,0.0150940,-0.0001819,0.9998752,-0.0092787,0.0301919,-0.0005040,-0.2939687,0.9557456,-0.0115209,0.0315918
3/20/2026 11:53:35.335,-0.0046974,0.0151726,-0.0002344,0.9998738,-0.0093867,0.0303496,-0.0006113,-0.2957176,0.9551615,-0.0147543,0.0317799
3/20/2026 11:53:35.355,-0.0047341,0.0152574,-0.0002150,0.9998724,-0.0094606,0.0305190,-0.0005744,-0.2963189,0.9549942,-0.0134550,0.0319520
3/20/2026 11:53:35.375,-0.0047253,0.0153159,-0.0002195,0.9998715,-0.0094427,0.0306361,-0.0005837,-0.2947805,0.9554670,-0.0136915,0.0320637
3/20/2026 11:53:35.395,-0.0047277,0.0148812,-0.0002070,0.9998780,-0.0094483,0.0297664,-0.0005546,-0.3027589,0.9529750,-0.0132546,0.0312427
3/20/2026 11:53:35.415,-0.0047508,0.0148984,-0.0001928,0.9998777,-0.0094948,0.0298008,-0.0005272,-0.3037831,0.9526614,-0.0123289,0.0312808
3/20/2026 11:53:35.435,-0.0047448,0.0149301,-0.0002060,0.9998773,-0.0094824,0.0298643,-0.0005536,-0.3028472,0.9529485,-0.0131453,0.0313341
3/20/2026 11:53:35.455,-0.0047334,0.0149568,-0.0002729,0.9998769,-0.0094575,0.0299184,-0.0006873,-0.3016741,0.9532525,-0.0173901,0.0313874
3/20/2026 11:53:35.475,-0.0047770,0.0150223,-0.0003175,0.9998757,-0.0095434,0.0300497,-0.0007784,-0.3029788,0.9527845,-0.0201362,0.0315389
3/20/2026 11:53:35.495,-0.0048019,0.0151102,-0.0002950,0.9998742,-0.0095939,0.0302255,-0.0007350,-0.3028156,0.9528677,-0.0186007,0.0317198
3/20/2026 11:53:35.515,-0.0047950,0.0151595,-0.0002934,0.9998736,-0.0095800,0.0303239,-0.0007322,-0.3015265,0.9532793,-0.0184517,0.0318024
3/20/2026 11:53:35.535,-0.0047888,0.0151914,-0.0002911,0.9998730,-0.0095678,0.0303879,-0.0007277,-0.3005985,0.9535757,-0.0182743,0.0318698
3/20/2026 11:53:35.555,-0.0047776,0.0152383,-0.0002650,0.9998724,-0.0095461,0.0304813,-0.0006755,-0.2991270,0.9540691,-0.0165887,0.0319520
3/20/2026 11:53:35.575,-0.0047794,0.0152630,-0.0002764,0.9998720,-0.0095493,0.0305308,-0.0006987,-0.2987846,0.9541642,-0.0172800,0.0319967
3/20/2026 11:53:35.595,-0.0047897,0.0152933,-0.0003047,0.9998715,-0.0095690,0.0305918,-0.0007558,-0.2988212,0.9541199,-0.0190070,0.0320637
3/20/2026 11:53:35.615,-0.0048137,0.0153331,-0.0002817,0.9998708,-0.0096176,0.0306711,-0.0007111,-0.2994819,0.9539410,-0.0175285,0.0321528
3/20/2026 11:53:35.635,-0.0048240,0.0153508,-0.0003044,0.9998705,-0.0096375,0.0307068,-0.0007569,-0.2997400,0.9538333,-0.0189164,0.0321899
3/20/2026 11:53:35.656,-0.0048168,0.0153588,-0.0003470,0.9998704,-0.0096219,0.0307232,-0.0008420,-0.2991806,0.9539530,-0.0215551,0.0322047
3/20/2026 11:53:35.675,-0.0048117,0.0153590,-0.0003427,0.9998704,-0.0096119,0.0307236,-0.0008332,-0.2988896,0.9540502,-0.0212900,0.0321973
3/20/2026 11:53:35.695,-0.0047822,0.0153603,-0.0003224,0.9998705,-0.0095533,0.0307260,-0.0007916,-0.2971995,0.9546052,-0.0200355,0.0321899
3/20/2026 11:53:35.715,-0.0047540,0.0149390,-0.0004010,0.9998770,-0.0094949,0.0298839,-0.0009439,-0.3031417,0.9526024,-0.0255690,0.0313646
3/20/2026 11:53:35.735,-0.0046826,0.0149326,-0.0005947,0.9998773,-0.0093463,0.0298729,-0.0013291,-0.2989970,0.9534982,-0.0379719,0.0313265
3/20/2026 11:53:35.755,-0.0046002,0.0149414,-0.0007939,0.9998775,-0.0091757,0.0298922,-0.0017252,-0.2938721,0.9544982,-0.0507183,0.0313037
3/20/2026 11:53:35.775,-0.0045544,0.0149563,-0.0009988,0.9998772,-0.0090779,0.0299237,-0.0021337,-0.2907132,0.9546838,-0.0637560,0.0313417
3/20/2026 11:53:35.795,-0.0045135,0.0149381,-0.0012078,0.9998775,-0.0089899,0.0298892,-0.0025503,-0.2883677,0.9544050,-0.0771698,0.0313113
3/20/2026 11:53:35.815,-0.0044735,0.0149316,-0.0013778,0.9998775,-0.0089048,0.0298774,-0.0028891,-0.2858811,0.9542111,-0.0880520,0.0313113
3/20/2026 11:53:35.835,-0.0044492,0.0149113,-0.0015252,0.9998778,-0.0088519,0.0298380,-0.0031829,-0.2845585,0.9536827,-0.0975488,0.0312732
3/20/2026 11:53:35.855,-0.0044396,0.0149005,-0.0016498,0.9998777,-0.0088291,0.0298177,-0.0034317,-0.2839522,0.9530144,-0.1055213,0.0312808
3/20/2026 11:53:35.876,-0.0044284,0.0148771,-0.0017473,0.9998780,-0.0088038,0.0297715,-0.0036261,-0.2835024,0.9524249,-0.1118627,0.0312427
3/20/2026 11:53:35.895,-0.0043736,0.0148426,-0.0018621,0.9998784,-0.0086909,0.0297034,-0.0038537,-0.2806238,0.9523523,-0.1194791,0.0311892
3/20/2026 11:53:35.915,-0.0042863,0.0148147,-0.0020198,0.9998789,-0.0085119,0.0296485,-0.0041663,-0.2755767,0.9524676,-0.1298573,0.0311203
3/20/2026 11:53:35.935,-0.0042250,0.0148229,-0.0021897,0.9998788,-0.0083841,0.0296660,-0.0045042,-0.2713870,0.9521377,-0.1406516,0.0311357
3/20/2026 11:53:35.955,-0.0041932,0.0147955,-0.0023334,0.9998791,-0.0083163,0.0296123,-0.0047905,-0.2695834,0.9512200,-0.1500174,0.0311050
3/20/2026 11:53:35.975,-0.0041633,0.0147467,-0.0024483,0.9998796,-0.0082534,0.0295155,-0.0050190,-0.2682960,0.9503283,-0.1577768,0.0310360
3/20/2026 11:53:35.995,-0.0041082,0.0146906,-0.0025716,0.9998803,-0.0081399,0.0294039,-0.0052634,-0.2655674,0.9496525,-0.1662348,0.0309513
3/20/2026 11:53:36.015,-0.0040250,0.0146976,-0.0027028,0.9998803,-0.0079696,0.0294185,-0.0055236,-0.2600682,0.9496657,-0.1746409,0.0309513
3/20/2026 11:53:36.035,-0.0039824,0.0147304,-0.0027619,0.9998797,-0.0078826,0.0294845,-0.0056407,-0.2568116,0.9499082,-0.1781071,0.0310206
3/20/2026 11:53:36.056,-0.0039382,0.0147600,-0.0027942,0.9998793,-0.0077930,0.0295436,-0.0057042,-0.2535888,0.9504312,-0.1799256,0.0310743
3/20/2026 11:53:36.076,-0.0038883,0.0147902,-0.0028286,0.9998789,-0.0076920,0.0296041,-0.0057718,-0.2500140,0.9510061,-0.1818804,0.0311203
3/20/2026 11:53:36.095,-0.0038102,0.0148041,-0.0028742,0.9998791,-0.0075344,0.0296317,-0.0058607,-0.2449582,0.9517617,-0.1847841,0.0310974
3/20/2026 11:53:36.115,-0.0037729,0.0147899,-0.0029060,0.9998793,-0.0074590,0.0296034,-0.0059231,-0.2428205,0.9518709,-0.1870290,0.0310743
3/20/2026 11:53:36.135,-0.0037117,0.0148087,-0.0029272,0.9998791,-0.0073359,0.0296407,-0.0059638,-0.2387738,0.9526428,-0.1883051,0.0310974
3/20/2026 11:53:36.155,-0.0036269,0.0148251,-0.0029778,0.9998791,-0.0071648,0.0296733,-0.0060626,-0.2332426,0.9533767,-0.1914959,0.0311050
3/20/2026 11:53:36.175,-0.0035485,0.0148311,-0.0030105,0.9998791,-0.0070069,0.0296851,-0.0061258,-0.2282859,0.9541352,-0.1936790,0.0310974
3/20/2026 11:53:36.195,-0.0034933,0.0148204,-0.0030427,0.9998795,-0.0068957,0.0296636,-0.0061884,-0.2249754,0.9544567,-0.1959549,0.0310513
3/20/2026 11:53:36.215,-0.0034385,0.0147936,-0.0030560,0.9998800,-0.0067858,0.0296097,-0.0062131,-0.2219489,0.9548973,-0.1972557,0.0309898
3/20/2026 11:53:36.236,-0.0033729,0.0147864,-0.0030635,0.9998803,-0.0066545,0.0295950,-0.0062261,-0.2179943,0.9556554,-0.1979930,0.0309513
3/20/2026 11:53:36.255,-0.0032969,0.0147746,-0.0031330,0.9998805,-0.0065006,0.0295713,-0.0063628,-0.2132730,0.9557409,-0.2026675,0.0309205
3/20/2026 11:53:36.275,-0.0032506,0.0147492,-0.0032301,0.9998806,-0.0064051,0.0295207,-0.0065556,-0.2104641,0.9549683,-0.2091421,0.0309051
3/20/2026 11:53:36.295,-0.0032323,0.0147033,-0.0032885,0.9998813,-0.0063672,0.0294292,-0.0066715,-0.2097625,0.9541779,-0.2134108,0.0308201
3/20/2026 11:53:36.316,-0.0031988,0.0146396,-0.0033514,0.9998820,-0.0062987,0.0293020,-0.0067958,-0.2083193,0.9533976,-0.2182569,0.0307271
3/20/2026 11:53:36.335,-0.0032006,0.0147204,-0.0034100,0.9998807,-0.0063001,0.0294641,-0.0069137,-0.2072198,0.9530564,-0.2207792,0.0308896
3/20/2026 11:53:36.356,-0.0031774,0.0147566,-0.0034721,0.9998800,-0.0062516,0.0295367,-0.0070374,-0.2051382,0.9527155,-0.2241681,0.0309898
3/20/2026 11:53:36.376,-0.0031718,0.0147536,-0.0035253,0.9998799,-0.0062388,0.0295309,-0.0071436,-0.2046712,0.9520299,-0.2274835,0.0309975
3/20/2026 11:53:36.396,-0.0031490,0.0146999,-0.0035619,0.9998806,-0.0061926,0.0294235,-0.0072156,-0.2038244,0.9514744,-0.2305471,0.0309051
3/20/2026 11:53:36.416,-0.0030465,0.0146818,-0.0036462,0.9998809,-0.0059852,0.0293872,-0.0073812,-0.1974181,0.9514185,-0.2362813,0.0308665
3/20/2026 11:53:36.436,-0.0029116,0.0151359,-0.0038673,0.9998738,-0.0057055,0.0302957,-0.0078220,-0.1832242,0.9524724,-0.2433625,0.0317799
3/20/2026 11:53:36.456,-0.0028766,0.0151593,-0.0040517,0.9998727,-0.0056298,0.0303431,-0.0081898,-0.1803215,0.9502518,-0.2539795,0.0319072
3/20/2026 11:53:36.476,-0.0028196,0.0151416,-0.0042101,0.9998724,-0.0055110,0.0303081,-0.0085048,-0.1765908,0.9483088,-0.2636782,0.0319445
3/20/2026 11:53:36.496,-0.0027907,0.0150694,-0.0042506,0.9998735,-0.0054527,0.0301638,-0.0085844,-0.1754710,0.9475129,-0.2672625,0.0318099
3/20/2026 11:53:36.516,-0.0026594,0.0150192,-0.0043318,0.9998743,-0.0051880,0.0300626,-0.0087425,-0.1677208,0.9472250,-0.2731935,0.0317123
3/20/2026 11:53:36.536,-0.0024694,0.0149748,-0.0044514,0.9998749,-0.0048049,0.0299726,-0.0089760,-0.1561297,0.9467903,-0.2814455,0.0316370
3/20/2026 11:53:36.556,-0.0023368,0.0149735,-0.0045607,0.9998748,-0.0045364,0.0299693,-0.0091904,-0.1476528,0.9461259,-0.2881743,0.0316521
3/20/2026 11:53:36.576,-0.0022639,0.0149570,-0.0050426,0.9998728,-0.0043764,0.0299378,-0.0101518,-0.1419762,0.9379973,-0.3162337,0.0318997
3/20/2026 11:53:36.596,-0.0021860,0.0149283,-0.0051136,0.9998730,-0.0042188,0.0298798,-0.0102914,-0.1372214,0.9370879,-0.3209929,0.0318773
3/20/2026 11:53:36.616,-0.0020976,0.0148917,-0.0052199,0.9998732,-0.0040392,0.0298063,-0.0105012,-0.1317679,0.9354762,-0.3279048,0.0318474
3/20/2026 11:53:36.636,-0.0020159,0.0148653,-0.0053074,0.9998733,-0.0038736,0.0297528,-0.0106736,-0.1266892,0.9341871,-0.3335328,0.0318324
3/20/2026 11:53:36.656,-0.0019284,0.0148439,-0.0058368,0.9998710,-0.0036831,0.0297110,-0.0117297,-0.1200285,0.9239112,-0.3632923,0.0321306
3/20/2026 11:53:36.676,-0.0018460,0.0148313,-0.0059081,0.9998708,-0.0035163,0.0296851,-0.0118697,-0.1148664,0.9228543,-0.3676215,0.0321528
3/20/2026 11:53:36.696,-0.0017988,0.0148105,-0.0059517,0.9998709,-0.0034208,0.0296432,-0.0119555,-0.1119841,0.9220451,-0.3705299,0.0321380
3/20/2026 11:53:36.716,-0.0017254,0.0147864,-0.0060022,0.9998711,-0.0032729,0.0295943,-0.0120543,-0.1074945,0.9212017,-0.3739417,0.0321083
3/20/2026 11:53:36.736,-0.0016265,0.0147690,-0.0060965,0.9998710,-0.0030725,0.0295585,-0.0122398,-0.1012734,0.9195916,-0.3795985,0.0321306
3/20/2026 11:53:36.756,-0.0015379,0.0147616,-0.0062461,0.9998702,-0.0028911,0.0295430,-0.0125364,-0.0955104,0.9167388,-0.3879017,0.0322195
3/20/2026 11:53:36.776,-0.0015055,0.0147969,-0.0064052,0.9998689,-0.0028211,0.0296137,-0.0128537,-0.0929679,0.9137345,-0.3955328,0.0323893
3/20/2026 11:53:36.796,-0.0014551,0.0143688,-0.0064007,0.9998751,-0.0027259,0.0287568,-0.0128420,-0.0921106,0.9095851,-0.4051797,0.0316069
3/20/2026 11:53:36.816,-0.0013930,0.0143641,-0.0063884,0.9998754,-0.0026021,0.0287464,-0.0128157,-0.0882631,0.9101412,-0.4047871,0.0315691
3/20/2026 11:53:36.836,-0.0012923,0.0143676,-0.0063792,0.9998755,-0.0024010,0.0287522,-0.0127943,-0.0819306,0.9108900,-0.4044338,0.0315540
3/20/2026 11:53:36.856,-0.0011934,0.0144002,-0.0063284,0.9998755,-0.0022043,0.0288161,-0.0126899,-0.0756554,0.9128721,-0.4011742,0.0315540
3/20/2026 11:53:36.876,-0.0011181,0.0144225,-0.0062856,0.9998755,-0.0020545,0.0288596,-0.0126023,-0.0708867,0.9144155,-0.3985216,0.0315616
3/20/2026 11:53:36.896,-0.0010721,0.0144366,-0.0061935,0.9998760,-0.0019651,0.0288870,-0.0124168,-0.0680886,0.9168645,-0.3933490,0.0314935
3/20/2026 11:53:36.916,-0.0009940,0.0144561,-0.0061188,0.9998763,-0.0018109,0.0289248,-0.0122651,-0.0631957,0.9190638,-0.3890091,0.0314556
3/20/2026 11:53:36.936,-0.0009319,0.0144706,-0.0060659,0.9998765,-0.0016880,0.0289530,-0.0121575,-0.0592877,0.9206274,-0.3859148,0.0314329
3/20/2026 11:53:36.956,-0.0008993,0.0144850,-0.0059541,0.9998769,-0.0016259,0.0289813,-0.0119331,-0.0573300,0.9233893,-0.3795595,0.0313798
3/20/2026 11:53:36.976,-0.0008689,0.0145038,-0.0058121,0.9998775,-0.0015690,0.0290182,-0.0116483,-0.0555241,0.9268098,-0.3714035,0.0313113
3/20/2026 11:53:36.996,-0.0008548,0.0145183,-0.0056777,0.9998780,-0.0015446,0.0290468,-0.0113791,-0.0547541,0.9299193,-0.3636650,0.0312427
3/20/2026 11:53:37.016,-0.0008337,0.0145199,-0.0055852,0.9998785,-0.0015051,0.0290497,-0.0111935,-0.0535162,0.9319947,-0.3584992,0.0311739
3/20/2026 11:53:37.036,-0.0007851,0.0145190,-0.0054499,0.9998794,-0.0014117,0.0290472,-0.0109215,-0.0505584,0.9350206,-0.3509708,0.0310667
3/20/2026 11:53:37.056,-0.0007765,0.0145099,-0.0053456,0.9998801,-0.0013976,0.0290288,-0.0107127,-0.0501494,0.9371651,-0.3452630,0.0309744
3/20/2026 11:53:37.076,-0.0007484,0.0144857,-0.0052704,0.9998810,-0.0013438,0.0289800,-0.0105614,-0.0484908,0.9386281,-0.3415054,0.0308588
3/20/2026 11:53:37.096,-0.0006750,0.0144860,-0.0052208,0.9998811,-0.0011986,0.0289796,-0.0104601,-0.0437937,0.9398635,-0.3387311,0.0308356
3/20/2026 11:53:37.116,-0.0005751,0.0144952,-0.0051531,0.9998814,-0.0010006,0.0289970,-0.0103219,-0.0373563,0.9415720,-0.3347341,0.0307969
3/20/2026 11:53:37.136,-0.0005083,0.0144987,-0.0050657,0.9998819,-0.0008696,0.0290032,-0.0101451,-0.0330779,0.9435217,-0.3296553,0.0307349
3/20/2026 11:53:37.156,-0.0004280,0.0145015,-0.0049832,0.9998823,-0.0007113,0.0290078,-0.0099778,-0.0278983,0.9453524,-0.3248549,0.0306883
3/20/2026 11:53:37.176,-0.0003586,0.0145145,-0.0048919,0.9998826,-0.0005751,0.0290331,-0.0097932,-0.0234057,0.9473657,-0.3192965,0.0306417
3/20/2026 11:53:37.196,-0.0003062,0.0145324,-0.0048054,0.9998828,-0.0004727,0.0290685,-0.0096187,-0.0200015,0.9492500,-0.3138857,0.0306261
3/20/2026 11:53:37.216,-0.0002561,0.0145723,-0.0046946,0.9998828,-0.0003754,0.0291477,-0.0093956,-0.0167265,0.9516935,-0.3065935,0.0306261
3/20/2026 11:53:37.236,-0.0001727,0.0149469,-0.0045831,0.9998778,-0.0002084,0.0298962,-0.0091703,-0.0110459,0.9560078,-0.2931331,0.0312656
3/20/2026 11:53:37.256,-0.0000647,0.0149546,-0.0044655,0.9998782,0.0000041,0.0299106,-0.0089320,-0.0041477,0.9581851,-0.2861191,0.0312121
3/20/2026 11:53:37.276,0.0000134,0.0149684,-0.0043658,0.9998784,0.0001574,0.0299375,-0.0087302,0.0008575,0.9599995,-0.2800003,0.0311892
3/20/2026 11:53:37.296,0.0000759,0.0149777,-0.0042869,0.9998786,0.0002802,0.0299555,-0.0085707,0.0048715,0.9613835,-0.2751691,0.0311663
3/20/2026 11:53:37.316,0.0001485,0.0149742,-0.0042146,0.9998789,0.0004231,0.0299479,-0.0084238,0.0095444,0.9625554,-0.2709169,0.0311203
3/20/2026 11:53:37.336,0.0001956,0.0149496,-0.0041185,0.9998797,0.0005143,0.0298985,-0.0082302,0.0126123,0.9640076,-0.2655752,0.0310206
3/20/2026 11:53:37.356,0.0002030,0.0149276,-0.0039668,0.9998807,0.0005244,0.0298544,-0.0079267,0.0131429,0.9663744,-0.2568030,0.0308896
3/20/2026 11:53:37.376,0.0002443,0.0149336,-0.0038626,0.9998809,0.0006039,0.0298662,-0.0077171,0.0158351,0.9680179,-0.2503808,0.0308665
3/20/2026 11:53:37.396,0.0002950,0.0149588,-0.0038268,0.9998808,0.0007045,0.0299162,-0.0076439,0.0191039,0.9686238,-0.2477959,0.0308819
3/20/2026 11:53:37.416,0.0003518,0.0149798,-0.0037568,0.9998806,0.0008162,0.0299579,-0.0075023,0.0227766,0.9697095,-0.2431973,0.0309128
3/20/2026 11:53:37.436,0.0004086,0.0153669,-0.0036670,0.9998751,0.0009297,0.0307318,-0.0073206,0.0258531,0.9723640,-0.2320341,0.0316144
3/20/2026 11:53:37.456,0.0003986,0.0153587,-0.0035735,0.9998755,0.0009068,0.0307155,-0.0071339,0.0252686,0.9736729,-0.2265447,0.0315616
3/20/2026 11:53:37.476,0.0004129,0.0153561,-0.0034916,0.9998758,0.0009329,0.0307104,-0.0069696,0.0262088,0.9747770,-0.2216372,0.0315162
3/20/2026 11:53:37.496,0.0004296,0.0153686,-0.0034710,0.9998758,0.0009659,0.0307353,-0.0069280,0.0272587,0.9750694,-0.2202193,0.0315238
3/20/2026 11:53:37.516,0.0004492,0.0153813,-0.0034365,0.9998757,0.0010040,0.0307606,-0.0068583,0.0284887,0.9755431,-0.2179542,0.0315313
3/20/2026 11:53:37.536,0.0004827,0.0153849,-0.0034339,0.9998756,0.0010709,0.0307675,-0.0068521,0.0306062,0.9755274,-0.2177372,0.0315465
3/20/2026 11:53:37.556,0.0005228,0.0153642,-0.0034135,0.9998760,0.0011503,0.0307259,-0.0068102,0.0331983,0.9756587,-0.2167674,0.0315011
3/20/2026 11:53:37.576,0.0000727,0.0153678,-0.0034078,0.9998761,0.0002502,0.0307361,-0.0068125,0.0046196,0.9762747,-0.2164863,0.0314784
3/20/2026 11:53:37.596,0.0001269,0.0153670,-0.0033980,0.9998761,0.0003581,0.0307342,-0.0067913,0.0080609,0.9763824,-0.2158994,0.0314859
3/20/2026 11:53:37.616,0.0001664,0.0153556,-0.0033886,0.9998763,0.0004368,0.0307110,-0.0067713,0.0105810,0.9764508,-0.2154804,0.0314632
3/20/2026 11:53:37.636,0.0001999,0.0153546,-0.0033721,0.9998764,0.0005033,0.0307088,-0.0067373,0.0127155,0.9766439,-0.2144878,0.0314405
3/20/2026 11:53:37.656,0.0002587,0.0153358,-0.0033823,0.9998766,0.0006210,0.0306709,-0.0067558,0.0164695,0.9763998,-0.2153422,0.0314177
3/20/2026 11:53:37.676,0.0003148,0.0153231,-0.0033857,0.9998768,0.0007334,0.0306450,-0.0067610,0.0200591,0.9762517,-0.2157084,0.0313949
3/20/2026 11:53:37.696,0.0003877,0.0153148,-0.0033577,0.9998770,0.0008781,0.0306281,-0.0067028,0.0247175,0.9765005,-0.2140931,0.0313646
3/20/2026 11:53:37.716,0.0004379,0.0153050,-0.0033456,0.9998772,0.0009781,0.0306081,-0.0066771,0.0279419,0.9765495,-0.2134722,0.0313417
3/20/2026 11:53:37.736,0.0004517,0.0152954,-0.0033112,0.9998773,0.0010046,0.0305889,-0.0066078,0.0288525,0.9769533,-0.2114939,0.0313265
3/20/2026 11:53:37.756,0.0004797,0.0153224,-0.0032816,0.9998770,0.0010598,0.0306426,-0.0065477,0.0305987,0.9773678,-0.2093227,0.0313646
3/20/2026 11:53:37.776,0.0005311,0.0153290,-0.0032708,0.9998771,0.0011623,0.0306556,-0.0065246,0.0338617,0.9774237,-0.2085580,0.0313569
3/20/2026 11:53:37.796,0.0005516,0.0153249,-0.0032824,0.9998770,0.0012036,0.0306472,-0.0065472,0.0351727,0.9772168,-0.2093086,0.0313722
3/20/2026 11:53:37.816,0.0005740,0.0153251,-0.0032783,0.9998771,0.0012483,0.0306476,-0.0065383,0.0365997,0.9772207,-0.2090460,0.0313569
3/20/2026 11:53:37.836,0.0005729,0.0153271,-0.0032705,0.9998771,0.0012458,0.0306516,-0.0065226,0.0365281,0.9773313,-0.2085407,0.0313569
3/20/2026 11:53:37.856,0.0005722,0.0153271,-0.0032301,0.9998772,0.0012433,0.0306516,-0.0064420,0.0365076,0.9778541,-0.2060788,0.0313493
3/20/2026 11:53:37.876,0.0006054,0.0153313,-0.0031970,0.9998771,0.0013087,0.0306597,-0.0063747,0.0386277,0.9782115,-0.2039854,0.0313569
3/20/2026 11:53:37.896,0.0006291,0.0153492,-0.0031793,0.9998769,0.0013556,0.0306955,-0.0063386,0.0401005,0.9784269,-0.2026648,0.0313798
3/20/2026 11:53:37.916,0.0006451,0.0153689,-0.0031394,0.9998767,0.0013865,0.0307349,-0.0062582,0.0410881,0.9789408,-0.1999667,0.0314025
3/20/2026 11:53:37.936,0.0006402,0.0153715,-0.0030748,0.9998769,0.0013747,0.0307401,-0.0061292,0.0408040,0.9797580,-0.1959831,0.0313798
3/20/2026 11:53:37.956,0.0006476,0.0153796,-0.0030648,0.9998767,0.0013893,0.0307564,-0.0061090,0.0412609,0.9798815,-0.1952685,0.0314025
3/20/2026 11:53:37.976,0.0006911,0.0153785,-0.0030414,0.9998769,0.0014756,0.0307538,-0.0060608,0.0440427,0.9800476,-0.1938219,0.0313798
3/20/2026 11:53:37.996,0.0007225,0.0153903,-0.0030494,0.9998767,0.0015387,0.0307774,-0.0060759,0.0460025,0.9798920,-0.1941531,0.0314101
3/20/2026 11:53:38.016,0.0007153,0.0153873,-0.0030502,0.9998766,0.0015243,0.0307714,-0.0060777,0.0455535,0.9798951,-0.1942430,0.0314177
3/20/2026 11:53:38.036,0.0007031,0.0154207,-0.0030549,0.9998761,0.0015003,0.0308382,-0.0060874,0.0446824,0.9799571,-0.1941329,0.0314784
3/20/2026 11:53:38.056,0.0007014,0.0154543,-0.0030380,0.9998757,0.0014965,0.0309054,-0.0060537,0.0444870,0.9802487,-0.1927001,0.0315313
3/20/2026 11:53:38.076,0.0007038,0.0154765,-0.0030317,0.9998753,0.0015012,0.0309499,-0.0060409,0.0445813,0.9803727,-0.1920467,0.0315842
3/20/2026 11:53:38.096,0.0007492,0.0154984,-0.0030135,0.9998750,0.0015917,0.0309935,-0.0060032,0.0474007,0.9805125,-0.1906526,0.0316220
3/20/2026 11:53:38.116,0.0008008,0.0155075,-0.0028852,0.9998752,0.0016909,0.0310115,-0.0057449,0.0507025,0.9818646,-0.1826776,0.0315918
3/20/2026 11:53:38.136,0.0008434,0.0155424,-0.0027608,0.9998750,0.0017724,0.0310813,-0.0054948,0.0533521,0.9831849,-0.1746453,0.0316220
3/20/2026 11:53:38.156,0.0008462,0.0155623,-0.0026922,0.9998748,0.0017760,0.0311211,-0.0053573,0.0535035,0.9839530,-0.1702169,0.0316446
3/20/2026 11:53:38.176,0.0008749,0.0155659,-0.0026593,0.9998749,0.0018323,0.0311283,-0.0052908,0.0553177,0.9842089,-0.1681449,0.0316295
3/20/2026 11:53:38.196,0.0009414,0.0156098,-0.0026366,0.9998743,0.0019649,0.0312158,-0.0052432,0.0593621,0.9842945,-0.1662544,0.0317123
3/20/2026 11:53:38.216,0.0009425,0.0156735,-0.0025668,0.9998734,0.0019653,0.0313435,-0.0051035,0.0592402,0.9851207,-0.1613313,0.0318249
3/20/2026 11:53:38.236,0.0009000,0.0157001,-0.0023688,0.9998736,0.0018742,0.0313971,-0.0047087,0.0565922,0.9872242,-0.1489488,0.0318024
3/20/2026 11:53:38.256,0.0007645,0.0157135,-0.0019945,0.9998742,0.0015914,0.0314253,-0.0039645,0.0482074,0.9908873,-0.1257718,0.0317198
3/20/2026 11:53:38.276,0.0006622,0.0157303,-0.0016937,0.9998746,0.0013775,0.0314597,-0.0033662,0.0418167,0.9933836,-0.1069591,0.0316747
3/20/2026 11:53:38.296,0.0006373,0.0157313,-0.0016207,0.9998747,0.0013255,0.0314617,-0.0032210,0.0402683,0.9939278,-0.1024015,0.0316596
3/20/2026 11:53:38.316,0.0006023,0.0157237,-0.0016234,0.9998748,0.0012554,0.0314468,-0.0032275,0.0380722,0.9939911,-0.1026262,0.0316446
3/20/2026 11:53:38.336,0.0005420,0.0157101,-0.0016527,0.9998751,0.0011357,0.0314196,-0.0032880,0.0342879,0.9939272,-0.1045615,0.0316069
3/20/2026 11:53:38.356,0.0004530,0.0157062,-0.0016485,0.9998752,0.0009578,0.0314121,-0.0032823,0.0286756,0.9941280,-0.1043416,0.0315993
3/20/2026 11:53:38.376,0.0003667,0.0157012,-0.0016015,0.9998754,0.0007837,0.0314024,-0.0031910,0.0232307,0.9945701,-0.1014434,0.0315691
3/20/2026 11:53:38.396,0.0002874,0.0157073,-0.0015547,0.9998753,0.0006236,0.0314150,-0.0031000,0.0182073,0.9949721,-0.0984831,0.0315842
3/20/2026 11:53:38.416,0.0002348,0.0157027,-0.0014790,0.9998756,0.0005159,0.0314060,-0.0029503,0.0148830,0.9954831,-0.0937648,0.0315465
3/20/2026 11:53:38.436,0.0001564,0.0157067,-0.0013546,0.9998757,0.0003554,0.0314142,-0.0027040,0.0099225,0.9962525,-0.0859212,0.0315389
3/20/2026 11:53:38.456,0.0000558,0.0157274,-0.0011321,0.9998755,0.0001472,0.0314560,-0.0022622,0.0035387,0.9974129,-0.0717990,0.0315540
3/20/2026 11:53:38.476,-0.0000616,0.0157373,-0.0009396,0.9998757,-0.0000936,0.0314761,-0.0018810,-0.0039071,0.9982145,-0.0596016,0.0315313
3/20/2026 11:53:38.496,-0.0001542,0.0157643,-0.0007066,0.9998755,-0.0002862,0.0315301,-0.0014179,-0.0097743,0.9989493,-0.0447747,0.0315616
3/20/2026 11:53:38.516,-0.0002385,0.0157710,-0.0004327,0.9998755,-0.0004633,0.0315434,-0.0008728,-0.0151154,0.9995097,-0.0274223,0.0315616
3/20/2026 11:53:38.536,-0.0003008,0.0157868,-0.0001690,0.9998754,-0.0005962,0.0315750,-0.0003476,-0.0190499,0.9997612,-0.0107057,0.0315767
3/20/2026 11:53:38.556,-0.0003594,0.0158015,0.0000275,0.9998750,-0.0007196,0.0316043,0.0000436,-0.0227400,0.9997399,0.0017403,0.0316220
3/20/2026 11:53:38.576,-0.0004291,0.0158047,0.0001642,0.9998750,-0.0008633,0.0316106,0.0003147,-0.0271378,0.9995778,0.0103830,0.0316220
3/20/2026 11:53:38.596,-0.0004915,0.0157902,0.0002621,0.9998752,-0.0009912,0.0315814,0.0005087,-0.0311101,0.9993782,0.0165904,0.0315918
3/20/2026 11:53:38.616,-0.0005721,0.0157955,0.0003334,0.9998749,-0.0011546,0.0315919,0.0006487,-0.0361869,0.9991225,0.0210893,0.0316295
3/20/2026 11:53:38.636,-0.0006429,0.0157805,0.0003837,0.9998752,-0.0012977,0.0315617,0.0007470,-0.0406943,0.9988765,0.0242881,0.0315918
3/20/2026 11:53:38.656,-0.0006985,0.0157765,0.0004690,0.9998751,-0.0014115,0.0315537,0.0009159,-0.0442092,0.9985811,0.0296876,0.0316069
3/20/2026 11:53:38.676,-0.0006836,0.0157965,0.0005028,0.9998749,-0.0013829,0.0315936,0.0009839,-0.0432117,0.9985602,0.0317838,0.0316370
3/20/2026 11:53:38.696,-0.0006774,0.0158240,0.0005090,0.9998744,-0.0013707,0.0316486,0.0009964,-0.0427465,0.9985695,0.0321196,0.0317048
3/20/2026 11:53:38.716,-0.0006568,0.0158769,0.0005020,0.9998735,-0.0013293,0.0317545,0.0009830,-0.0413115,0.9986473,0.0315758,0.0318099
3/20/2026 11:53:38.736,-0.0006488,0.0159343,0.0005180,0.9998727,-0.0013139,0.0318693,0.0010152,-0.0406592,0.9986457,0.0324637,0.0319147
3/20/2026 11:53:38.756,-0.0006706,0.0160067,0.0005650,0.9998715,-0.0013591,0.0320140,0.0011084,-0.0418312,0.9985028,0.0352466,0.0320637
3/20/2026 11:53:38.776,-0.0006803,0.0160570,0.0006336,0.9998707,-0.0013808,0.0321145,0.0012451,-0.0422969,0.9983283,0.0393921,0.0321677
3/20/2026 11:53:38.796,-0.0006746,0.0160895,0.0006475,0.9998700,-0.0013699,0.0321796,0.0012731,-0.0418594,0.9983155,0.0401754,0.0322491
3/20/2026 11:53:38.816,-0.0006827,0.0161060,0.0006539,0.9998698,-0.0013864,0.0322124,0.0012856,-0.0423182,0.9982817,0.0405303,0.0322713
3/20/2026 11:53:38.836,-0.0007009,0.0161222,0.0006595,0.9998695,-0.0014229,0.0322448,0.0012962,-0.0433984,0.9982230,0.0408334,0.0323082
3/20/2026 11:53:38.856,-0.0007279,0.0161454,0.0006761,0.9998691,-0.0014775,0.0322911,0.0013285,-0.0449997,0.9981123,0.0417962,0.0323598
3/20/2026 11:53:38.876,-0.0007419,0.0161606,0.0007161,0.9998689,-0.0015067,0.0323216,0.0014081,-0.0458119,0.9979706,0.0442242,0.0323893
3/20/2026 11:53:38.896,-0.0007757,0.0165212,0.0008031,0.9998628,-0.0015776,0.0330427,0.0015803,-0.0468422,0.9977244,0.0484969,0.0331244
3/20/2026 11:53:38.916,-0.0008263,0.0165181,0.0008941,0.9998628,-0.0016820,0.0330363,0.0017607,-0.0498914,0.9972946,0.0539840,0.0331244
3/20/2026 11:53:38.936,-0.0008709,0.0165136,0.0009117,0.9998629,-0.0017717,0.0330271,0.0017943,-0.0525852,0.9970981,0.0550459,0.0331172
3/20/2026 11:53:38.956,-0.0009249,0.0165005,0.0009330,0.9998629,-0.0018804,0.0330008,0.0018352,-0.0558783,0.9968454,0.0563640,0.0331172
3/20/2026 11:53:38.976,-0.0009388,0.0164798,0.0009379,0.9998633,-0.0019082,0.0329593,0.0018446,-0.0567816,0.9967736,0.0567297,0.0330740
3/20/2026 11:53:38.996,-0.0009679,0.0164859,0.0009767,0.9998631,-0.0019678,0.0329714,0.0019211,-0.0585087,0.9965397,0.0590369,0.0330884
3/20/2026 11:53:39.016,-0.0010493,0.0164809,0.0010720,0.9998630,-0.0021337,0.0329611,0.0021092,-0.0634061,0.9958832,0.0647791,0.0331028
3/20/2026 11:53:39.036,-0.0011372,0.0164692,0.0011575,0.9998630,-0.0023123,0.0329373,0.0022772,-0.0687201,0.9951811,0.0699444,0.0331028
3/20/2026 11:53:39.056,-0.0011841,0.0164424,0.0011790,0.9998635,-0.0024066,0.0328836,0.0023187,-0.0716458,0.9948760,0.0713350,0.0330452
3/20/2026 11:53:39.076,-0.0011761,0.0164154,0.0011512,0.9998639,-0.0023897,0.0328297,0.0022635,-0.0712890,0.9950119,0.0697792,0.0329946
3/20/2026 11:53:39.096,-0.0011708,0.0164151,0.0011504,0.9998639,-0.0023790,0.0328291,0.0022620,-0.0709703,0.9950380,0.0697319,0.0330018
3/20/2026 11:53:39.116,-0.0012138,0.0164303,0.0011554,0.9998637,-0.0024653,0.0328593,0.0022707,-0.0734967,0.9948385,0.0699611,0.0330235
3/20/2026 11:53:39.136,-0.0012779,0.0164145,0.0011762,0.9998637,-0.0025941,0.0328276,0.0023101,-0.0774196,0.9944488,0.0712583,0.0330235
3/20/2026 11:53:39.156,-0.0013516,0.0163677,0.0011982,0.9998643,-0.0027420,0.0327337,0.0023519,-0.0820764,0.9939662,0.0727651,0.0329440
3/20/2026 11:53:39.176,-0.0014867,0.0161721,0.0014587,0.9998670,-0.0030201,0.0323414,0.0028689,-0.0911751,0.9918085,0.0894582,0.0326167
3/20/2026 11:53:39.196,-0.0016651,0.0160092,0.0014855,0.9998693,-0.0033773,0.0320149,0.0029173,-0.1030131,0.9904253,0.0919028,0.0323303
3/20/2026 11:53:39.216,-0.0017449,0.0159651,0.0014950,0.9998699,-0.0035370,0.0319265,0.0029339,-0.1081781,0.9898016,0.0926845,0.0322639
3/20/2026 11:53:39.236,-0.0019149,0.0159080,0.0015061,0.9998704,-0.0038773,0.0318118,0.0029509,-0.1189865,0.9884756,0.0935855,0.0321973
3/20/2026 11:53:39.256,-0.0020849,0.0158196,0.0015145,0.9998714,-0.0042172,0.0316343,0.0029627,-0.1300776,0.9869909,0.0944923,0.0320712
3/20/2026 11:53:39.276,-0.0021341,0.0157747,0.0014231,0.9998721,-0.0043126,0.0315448,0.0027786,-0.1335332,0.9870358,0.0890454,0.0319818
3/20/2026 11:53:39.296,-0.0020694,0.0157839,0.0012812,0.9998726,-0.0041788,0.0315641,0.0024967,-0.1295786,0.9883189,0.0802199,0.0319296
3/20/2026 11:53:39.316,-0.0019937,0.0158382,0.0011440,0.9998718,-0.0040232,0.0316733,0.0022245,-0.1245770,0.9896320,0.0714789,0.0320265
3/20/2026 11:53:39.336,-0.0020506,0.0158826,0.0006571,0.9998714,-0.0041215,0.0317641,0.0012488,-0.1279363,0.9909348,0.0409945,0.0320712
3/20/2026 11:53:39.356,-0.0021526,0.0159236,0.0006655,0.9998707,-0.0043259,0.0318459,0.0012622,-0.1338508,0.9901372,0.0413786,0.0321603
3/20/2026 11:53:39.376,-0.0022158,0.0163066,0.0006671,0.9998643,-0.0044527,0.0326118,0.0012618,-0.1345350,0.9900805,0.0405058,0.0329512
3/20/2026 11:53:39.396,-0.0022573,0.0163334,0.0006647,0.9998638,-0.0045357,0.0326656,0.0012554,-0.1367871,0.9897813,0.0402772,0.0330091
3/20/2026 11:53:39.416,-0.0022899,0.0163939,0.0006585,0.9998627,-0.0046008,0.0327864,0.0012418,-0.1382299,0.9896021,0.0397506,0.0331388
3/20/2026 11:53:39.436,-0.0023449,0.0164597,0.0006640,0.9998615,-0.0047109,0.0329181,0.0012507,-0.1409237,0.9892158,0.0399079,0.0332824
3/20/2026 11:53:39.456,-0.0024425,0.0165228,0.0006951,0.9998603,-0.0049074,0.0330441,0.0013092,-0.1461118,0.9883939,0.0415785,0.0334325
3/20/2026 11:53:39.476,-0.0025085,0.0165435,0.0006742,0.9998598,-0.0050386,0.0330854,0.0012652,-0.1497955,0.9878970,0.0402584,0.0334895
3/20/2026 11:53:39.496,-0.0025247,0.0165742,0.0006479,0.9998592,-0.0050701,0.0331470,0.0012120,-0.1504748,0.9878594,0.0386164,0.0335606
3/20/2026 11:53:39.516,-0.0025159,0.0166135,0.0005930,0.9998586,-0.0050508,0.0332259,0.0011023,-0.1496366,0.9881118,0.0352704,0.0336316
3/20/2026 11:53:39.536,-0.0025542,0.0166289,0.0005804,0.9998583,-0.0051270,0.0332568,0.0010757,-0.1517297,0.9878206,0.0344776,0.0336670
3/20/2026 11:53:39.556,-0.0026339,0.0166207,0.0006035,0.9998581,-0.0052871,0.0332401,0.0011193,-0.1564172,0.9870406,0.0358407,0.0336883
3/20/2026 11:53:39.576,-0.0027010,0.0166182,0.0006194,0.9998581,-0.0054218,0.0332349,0.0011489,-0.1603165,0.9863807,0.0367663,0.0336953
3/20/2026 11:53:39.596,-0.0027208,0.0166284,0.0005700,0.9998579,-0.0054598,0.0332556,0.0010493,-0.1613843,0.9863124,0.0338068,0.0337166
3/20/2026 11:53:39.616,-0.0026887,0.0166632,0.0005011,0.9998574,-0.0053933,0.0333256,0.0009125,-0.1592240,0.9867963,0.0296772,0.0337802
3/20/2026 11:53:39.636,-0.0026861,0.0166865,0.0004753,0.9998571,-0.0053873,0.0333724,0.0008608,-0.1588657,0.9869000,0.0281087,0.0338084
3/20/2026 11:53:39.656,-0.0027397,0.0166992,0.0004856,0.9998567,-0.0054948,0.0333977,0.0008796,-0.1618299,0.9864017,0.0286835,0.0338577
3/20/2026 11:53:39.676,-0.0027629,0.0167021,0.0005135,0.9998566,-0.0055423,0.0334033,0.0009346,-0.1631315,0.9861384,0.0303180,0.0338718
3/20/2026 11:53:39.696,-0.0027794,0.0167015,0.0005051,0.9998565,-0.0055750,0.0334021,0.0009172,-0.1640879,0.9859950,0.0298174,0.0338859
3/20/2026 11:53:39.716,-0.0027763,0.0167241,0.0005032,0.9998560,-0.0055686,0.0334473,0.0009134,-0.1636909,0.9860654,0.0296687,0.0339421
3/20/2026 11:53:39.736,-0.0027848,0.0167669,0.0004807,0.9998554,-0.0055850,0.0335330,0.0008679,-0.1637819,0.9860913,0.0282717,0.0340123
3/20/2026 11:53:39.756,-0.0028083,0.0167875,0.0004558,0.9998550,-0.0056311,0.0335744,0.0008172,-0.1649323,0.9859415,0.0267702,0.0340543
3/20/2026 11:53:39.776,-0.0028355,0.0167904,0.0004189,0.9998549,-0.0056843,0.0335803,0.0007424,-0.1664685,0.9857400,0.0245923,0.0340753
3/20/2026 11:53:39.796,-0.0028160,0.0168093,0.0003754,0.9998546,-0.0056439,0.0336184,0.0006560,-0.1651852,0.9860168,0.0220188,0.0341033
3/20/2026 11:53:39.816,-0.0028233,0.0168161,0.0003421,0.9998544,-0.0056574,0.0336322,0.0005891,-0.1655446,0.9859984,0.0200568,0.0341243
3/20/2026 11:53:39.836,-0.0024448,0.0168516,0.0002180,0.9998550,-0.0048963,0.0337040,0.0003535,-0.1435644,0.9895583,0.0127987,0.0340613
3/20/2026 11:53:39.856,-0.0027711,0.0168684,0.0000194,0.9998538,-0.0055420,0.0337386,-0.0000548,-0.1621029,0.9867732,0.0011327,0.0341941
3/20/2026 11:53:39.876,-0.0027429,0.0168703,-0.0001662,0.9998540,-0.0054794,0.0337435,-0.0004249,-0.1604731,0.9869923,-0.0097229,0.0341801
3/20/2026 11:53:39.896,-0.0027171,0.0168824,-0.0002743,0.9998537,-0.0054241,0.0337682,-0.0006403,-0.1588767,0.9871681,-0.0160391,0.0342150
3/20/2026 11:53:39.916,-0.0026835,0.0169136,-0.0003717,0.9998531,-0.0053536,0.0338312,-0.0008341,-0.1566618,0.9874138,-0.0217015,0.0342776
3/20/2026 11:53:39.936,-0.0026253,0.0169210,-0.0004678,0.9998533,-0.0052340,0.0338465,-0.0010243,-0.1532576,0.9878089,-0.0273087,0.0342567
3/20/2026 11:53:39.956,-0.0026014,0.0169320,-0.0005793,0.9998531,-0.0051825,0.0338690,-0.0012466,-0.1517713,0.9878377,-0.0337979,0.0342846
3/20/2026 11:53:39.976,-0.0026496,0.0169198,-0.0006336,0.9998531,-0.0052771,0.0338449,-0.0013568,-0.1546088,0.9872837,-0.0369728,0.0342846
3/20/2026 11:53:39.996,-0.0027483,0.0169187,-0.0006486,0.9998528,-0.0054739,0.0338430,-0.0013899,-0.1602246,0.9863561,-0.0378104,0.0343193
3/20/2026 11:53:40.016,-0.0027965,0.0169230,-0.0006715,0.9998526,-0.0055694,0.0338517,-0.0014374,-0.1629110,0.9858651,-0.0391175,0.0343402
3/20/2026 11:53:40.036,-0.0028216,0.0169326,-0.0007243,0.9998524,-0.0056178,0.0338712,-0.0015440,-0.1642230,0.9855220,-0.0421564,0.0343610
3/20/2026 11:53:40.056,-0.0028332,0.0169088,-0.0009171,0.9998526,-0.0056347,0.0338249,-0.0019297,-0.1650200,0.9848429,-0.0534133,0.0343402
3/20/2026 11:53:40.076,-0.0028821,0.0172523,-0.0011056,0.9998464,-0.0057252,0.0345132,-0.0023103,-0.1644431,0.9843674,-0.0630803,0.0350548
3/20/2026 11:53:40.096,-0.0029289,0.0172202,-0.0011859,0.9998467,-0.0058161,0.0344495,-0.0024723,-0.1672919,0.9835780,-0.0677330,0.0350208
3/20/2026 11:53:40.116,-0.0029633,0.0172549,-0.0011631,0.9998461,-0.0058857,0.0345188,-0.0024281,-0.1688894,0.9834034,-0.0662877,0.0350888
3/20/2026 11:53:40.136,-0.0030721,0.0173421,-0.0011809,0.9998442,-0.0061023,0.0346938,-0.0024681,-0.1740398,0.9824634,-0.0669009,0.0353056
3/20/2026 11:53:40.156,-0.0031461,0.0174330,-0.0011832,0.9998425,-0.0062499,0.0348757,-0.0024758,-0.1772026,0.9819154,-0.0666436,0.0355009
3/20/2026 11:53:40.176,-0.0032147,0.0175047,-0.0012256,0.9998407,-0.0063855,0.0350196,-0.0025634,-0.1802004,0.9812277,-0.0687014,0.0356951
3/20/2026 11:53:40.196,-0.0032865,0.0175717,-0.0012808,0.9998394,-0.0065270,0.0351541,-0.0026767,-0.1833758,0.9804419,-0.0714624,0.0358484
3/20/2026 11:53:40.216,-0.0033699,0.0176175,-0.0013577,0.9998382,-0.0066908,0.0352466,-0.0028338,-0.1873368,0.9793916,-0.0754787,0.0359812
3/20/2026 11:53:40.236,-0.0034278,0.0176805,-0.0013660,0.9998369,-0.0068063,0.0353729,-0.0028528,-0.1897860,0.9789083,-0.0756300,0.0361267
3/20/2026 11:53:40.256,-0.0034212,0.0177365,-0.0013514,0.9998360,-0.0067934,0.0354848,-0.0028237,-0.1888708,0.9791640,-0.0746036,0.0362256
3/20/2026 11:53:40.276,-0.0034063,0.0177892,-0.0013548,0.9998351,-0.0067633,0.0355900,-0.0028304,-0.1875398,0.9794207,-0.0745920,0.0363176
3/20/2026 11:53:40.296,-0.0034243,0.0178206,-0.0013395,0.9998345,-0.0067997,0.0356528,-0.0028006,-0.1881885,0.9793703,-0.0736129,0.0363897
3/20/2026 11:53:40.316,-0.0034209,0.0178624,-0.0013560,0.9998336,-0.0067923,0.0357366,-0.0028338,-0.1875742,0.9794325,-0.0743501,0.0364814
3/20/2026 11:53:40.336,-0.0034202,0.0179217,-0.0014522,0.9998325,-0.0067872,0.0358559,-0.0030267,-0.1868661,0.9791759,-0.0793449,0.0366118
3/20/2026 11:53:40.356,-0.0034608,0.0179371,-0.0018727,0.9998314,-0.0068534,0.0358896,-0.0038690,-0.1884616,0.9767715,-0.1019795,0.0367289
3/20/2026 11:53:40.376,-0.0034714,0.0179338,-0.0018691,0.9998314,-0.0068747,0.0358831,-0.0038622,-0.1890547,0.9766763,-0.1017930,0.0367224
3/20/2026 11:53:40.396,-0.0035024,0.0179749,-0.0018794,0.9998305,-0.0069360,0.0359655,-0.0038841,-0.1902511,0.9764129,-0.1020900,0.0368261
3/20/2026 11:53:40.416,-0.0035183,0.0180242,-0.0018776,0.9998295,-0.0069677,0.0360641,-0.0038815,-0.1905868,0.9763868,-0.1017129,0.0369296
3/20/2026 11:53:40.436,-0.0035114,0.0180586,-0.0018701,0.9998291,-0.0069542,0.0361329,-0.0038665,-0.1898930,0.9765822,-0.1011326,0.0369812
3/20/2026 11:53:40.456,-0.0035089,0.0180954,-0.0022993,0.9998274,-0.0069335,0.0362094,-0.0047249,-0.1889037,0.9741630,-0.1237815,0.0371613
3/20/2026 11:53:40.476,-0.0035819,0.0181506,-0.0027137,0.9998252,-0.0070640,0.0363232,-0.0055566,-0.1915578,0.9706926,-0.1451257,0.0373979
3/20/2026 11:53:40.496,-0.0036331,0.0181760,-0.0027089,0.9998246,-0.0071665,0.0363742,-0.0055490,-0.1939471,0.9702953,-0.1446083,0.0374616
3/20/2026 11:53:40.516,-0.0036864,0.0182117,-0.0027116,0.9998236,-0.0072729,0.0364460,-0.0055567,-0.1963179,0.9698488,-0.1444042,0.0375633
3/20/2026 11:53:40.536,-0.0037065,0.0182213,-0.0023545,0.9998243,-0.0073259,0.0364627,-0.0048435,-0.1977538,0.9721689,-0.1256225,0.0374934
3/20/2026 11:53:40.556,-0.0037021,0.0182459,-0.0023867,0.9998236,-0.0073159,0.0365122,-0.0049077,-0.1972357,0.9720753,-0.1271520,0.0375633
3/20/2026 11:53:40.576,-0.0037343,0.0183185,-0.0024473,0.9998223,-0.0073777,0.0366579,-0.0050307,-0.1980566,0.9715587,-0.1297973,0.0377090
3/20/2026 11:53:40.596,-0.0037843,0.0183740,-0.0024758,0.9998209,-0.0074762,0.0367694,-0.0050900,-0.1999892,0.9710224,-0.1308426,0.0378479
3/20/2026 11:53:40.616,-0.0038135,0.0184004,-0.0025218,0.9998202,-0.0075329,0.0368229,-0.0051831,-0.2011361,0.9704917,-0.1330046,0.0379234
3/20/2026 11:53:40.636,-0.0038028,0.0184219,-0.0022350,0.9998205,-0.0075220,0.0368636,-0.0046094,-0.2007554,0.9725105,-0.1179858,0.0378919
3/20/2026 11:53:40.656,-0.0037846,0.0184606,-0.0023864,0.9998196,-0.0074798,0.0369421,-0.0049119,-0.1992414,0.9718637,-0.1256339,0.0379862
3/20/2026 11:53:40.676,-0.0037490,0.0184854,-0.0024687,0.9998190,-0.0074053,0.0369921,-0.0050753,-0.1970788,0.9717601,-0.1297780,0.0380489
3/20/2026 11:53:40.696,-0.0037456,0.0185329,-0.0025993,0.9998178,-0.0073935,0.0370881,-0.0053367,-0.1962527,0.9710489,-0.1361946,0.0381741
3/20/2026 11:53:40.716,-0.0038291,0.0186136,-0.0026953,0.9998158,-0.0075565,0.0372507,-0.0055324,-0.1994988,0.9697834,-0.1404292,0.0383920
3/20/2026 11:53:40.736,-0.0038673,0.0186974,-0.0026750,0.9998141,-0.0076332,0.0374184,-0.0054939,-0.2005887,0.9698005,-0.1387488,0.0385655
3/20/2026 11:53:40.756,-0.0038604,0.0187592,-0.0026605,0.9998130,-0.0076196,0.0375418,-0.0054650,-0.1996458,0.9701598,-0.1375916,0.0386767
3/20/2026 11:53:40.776,-0.0038372,0.0188029,-0.0026885,0.9998123,-0.0075719,0.0376293,-0.0055205,-0.1980196,0.9703292,-0.1387428,0.0387506
3/20/2026 11:53:40.796,-0.0038550,0.0188496,-0.0026912,0.9998112,-0.0076072,0.0377230,-0.0055269,-0.1984337,0.9702752,-0.1385283,0.0388612
3/20/2026 11:53:40.816,-0.0038577,0.0188686,-0.0026946,0.9998109,-0.0076123,0.0377610,-0.0055340,-0.1983744,0.9702821,-0.1385647,0.0388980
3/20/2026 11:53:40.836,-0.0038524,0.0188875,-0.0026892,0.9998105,-0.0076018,0.0377986,-0.0055230,-0.1979331,0.9704289,-0.1381676,0.0389409
3/20/2026 11:53:40.856,-0.0038406,0.0188912,-0.0027878,0.9998102,-0.0075745,0.0378068,-0.0057198,-0.1971752,0.9698647,-0.1431240,0.0389653
3/20/2026 11:53:40.876,-0.0038066,0.0188899,-0.0029489,0.9998099,-0.0075005,0.0378051,-0.0060408,-0.1952730,0.9690122,-0.1512740,0.0389959
3/20/2026 11:53:40.896,-0.0038084,0.0188836,-0.0030050,0.9998099,-0.0075020,0.0377929,-0.0061529,-0.1953360,0.9685494,-0.1541289,0.0389959
3/20/2026 11:53:40.916,-0.0038079,0.0188683,-0.0030677,0.9998100,-0.0074987,0.0377628,-0.0062781,-0.1953618,0.9680204,-0.1573854,0.0389898
3/20/2026 11:53:40.936,-0.0037626,0.0189068,-0.0033006,0.9998087,-0.0073990,0.0378412,-0.0067425,-0.1923813,0.9667003,-0.1687600,0.0391180
3/20/2026 11:53:40.956,-0.0037508,0.0189522,-0.0035118,0.9998072,-0.0073671,0.0379336,-0.0071648,-0.1910131,0.9651576,-0.1788431,0.0392762
3/20/2026 11:53:40.976,-0.0037578,0.0189733,-0.0036140,0.9998063,-0.0073771,0.0379766,-0.0073695,-0.1909786,0.9642574,-0.1836705,0.0393611
3/20/2026 11:53:40.996,-0.0037113,0.0189677,-0.0037262,0.9998062,-0.0072798,0.0379659,-0.0075920,-0.1885490,0.9636453,-0.1893068,0.0393732
3/20/2026 11:53:41.016,-0.0036689,0.0189212,-0.0038112,0.9998069,-0.0071922,0.0378732,-0.0077600,-0.1867429,0.9630668,-0.1939833,0.0393065
3/20/2026 11:53:41.036,-0.0036691,0.0188840,-0.0038303,0.9998076,-0.0071923,0.0377989,-0.0077981,-0.1870601,0.9627435,-0.1952781,0.0392337
3/20/2026 11:53:41.056,-0.0036601,0.0189089,-0.0038521,0.9998070,-0.0071733,0.0378487,-0.0078415,-0.1863490,0.9627095,-0.1961237,0.0392944
3/20/2026 11:53:41.076,-0.0036274,0.0189277,-0.0038782,0.9998066,-0.0071066,0.0378863,-0.0078925,-0.1845197,0.9628260,-0.1972785,0.0393308
3/20/2026 11:53:41.096,-0.0035662,0.0189482,-0.0038924,0.9998066,-0.0069836,0.0379268,-0.0079187,-0.1813037,0.9633120,-0.1978862,0.0393368
3/20/2026 11:53:41.116,-0.0035131,0.0189130,-0.0039338,0.9998072,-0.0068761,0.0378563,-0.0079992,-0.1789229,0.9632479,-0.2003499,0.0392762
3/20/2026 11:53:41.136,-0.0034560,0.0188580,-0.0036359,0.9998095,-0.0067736,0.0377438,-0.0074010,-0.1771060,0.9663936,-0.1863247,0.0390387
3/20/2026 11:53:41.156,-0.0033857,0.0188136,-0.0036794,0.9998105,-0.0066318,0.0376547,-0.0074851,-0.1739241,0.9664498,-0.1890110,0.0389409
3/20/2026 11:53:41.176,-0.0033305,0.0187367,-0.0037381,0.9998120,-0.0065198,0.0375008,-0.0075998,-0.1717300,0.9661049,-0.1927434,0.0387813
3/20/2026 11:53:41.196,-0.0033067,0.0186636,-0.0037843,0.9998131,-0.0064709,0.0373548,-0.0076909,-0.1710792,0.9656073,-0.1957918,0.0386705
3/20/2026 11:53:41.216,-0.0032489,0.0185602,-0.0038265,0.9998151,-0.0063546,0.0371477,-0.0077725,-0.1689757,0.9653180,-0.1990185,0.0384603
3/20/2026 11:53:41.236,-0.0032158,0.0184354,-0.0038396,0.9998174,-0.0062889,0.0368978,-0.0077965,-0.1683340,0.9650223,-0.2009863,0.0382178
3/20/2026 11:53:41.256,-0.0032036,0.0183882,-0.0038253,0.9998186,-0.0062654,0.0368033,-0.0077672,-0.1681398,0.9651016,-0.2007680,0.0380990
3/20/2026 11:53:41.276,-0.0031343,0.0183784,-0.0038425,0.9998188,-0.0061262,0.0367831,-0.0077991,-0.1646533,0.9654750,-0.2018597,0.0380740
3/20/2026 11:53:41.296,-0.0030737,0.0183692,-0.0038609,0.9998191,-0.0060045,0.0367643,-0.0078336,-0.1616008,0.9657543,-0.2029871,0.0380427
3/20/2026 11:53:41.316,-0.0029957,0.0183532,-0.0035521,0.9998207,-0.0058599,0.0367300,-0.0072130,-0.1582301,0.9694130,-0.1876210,0.0378731
3/20/2026 11:53:41.336,-0.0029608,0.0183364,-0.0035991,0.9998209,-0.0057887,0.0366965,-0.0073058,-0.1564973,0.9691848,-0.1902349,0.0378479
3/20/2026 11:53:41.356,-0.0029010,0.0183258,-0.0036684,0.9998211,-0.0056665,0.0366752,-0.0074420,-0.1533840,0.9689443,-0.1939595,0.0378290
3/20/2026 11:53:41.376,-0.0028160,0.0183124,-0.0037590,0.9998213,-0.0054933,0.0366481,-0.0076200,-0.1489545,0.9686468,-0.1988366,0.0378101
3/20/2026 11:53:41.396,-0.0027975,0.0183197,-0.0037917,0.9998211,-0.0054551,0.0366628,-0.0076847,-0.1478917,0.9684774,-0.2004485,0.0378353
3/20/2026 11:53:41.416,-0.0027796,0.0183617,-0.0038292,0.9998201,-0.0054177,0.0367470,-0.0077592,-0.1465925,0.9683644,-0.2019436,0.0379360
3/20/2026 11:53:41.436,-0.0027460,0.0183955,-0.0038636,0.9998195,-0.0053489,0.0368144,-0.0078269,-0.1445538,0.9683692,-0.2033843,0.0380050
3/20/2026 11:53:41.456,-0.0027345,0.0184132,-0.0042781,0.9998176,-0.0053105,0.0368519,-0.0086557,-0.1431653,0.9640207,-0.2239817,0.0381990
3/20/2026 11:53:41.476,-0.0026798,0.0184093,-0.0044043,0.9998173,-0.0051966,0.0368443,-0.0089059,-0.1401771,0.9629514,-0.2303802,0.0382302
3/20/2026 11:53:41.496,-0.0025754,0.0183535,-0.0045785,0.9998178,-0.0049818,0.0367326,-0.0092501,-0.1349055,0.9613957,-0.2398312,0.0381803
3/20/2026 11:53:41.516,-0.0024705,0.0182874,-0.0047685,0.9998183,-0.0047657,0.0366004,-0.0096259,-0.1296179,0.9594814,-0.2501891,0.0381303
3/20/2026 11:53:41.536,-0.0023913,0.0182253,-0.0049892,0.9998186,-0.0046000,0.0364763,-0.0100640,-0.1255523,0.9568806,-0.2619468,0.0380990
3/20/2026 11:53:41.556,-0.0023685,0.0182292,-0.0051870,0.9998176,-0.0045471,0.0364847,-0.0104588,-0.1240050,0.9543964,-0.2715702,0.0382053
3/20/2026 11:53:41.576,-0.0023483,0.0182478,-0.0053616,0.9998164,-0.0045002,0.0365225,-0.0108072,-0.1225421,0.9522117,-0.2797790,0.0383299
3/20/2026 11:53:41.596,-0.0023022,0.0182310,-0.0055008,0.9998160,-0.0044030,0.0364891,-0.0110838,-0.1200232,0.9504496,-0.2867750,0.0383672
3/20/2026 11:53:41.616,-0.0022196,0.0181671,-0.0056300,0.9998165,-0.0042339,0.0363609,-0.0113389,-0.1159156,0.9487453,-0.2940171,0.0383112
3/20/2026 11:53:41.636,-0.0021263,0.0181647,-0.0056954,0.9998165,-0.0040449,0.0363553,-0.0114662,-0.1110034,0.9483004,-0.2973292,0.0383174
3/20/2026 11:53:41.656,-0.0020961,0.0181453,-0.0057207,0.9998168,-0.0039838,0.0363162,-0.0115157,-0.1095087,0.9479885,-0.2988739,0.0382863
3/20/2026 11:53:41.676,-0.0020613,0.0180994,-0.0057307,0.9998177,-0.0039145,0.0362241,-0.0115342,-0.1079432,0.9477843,-0.3000888,0.0381865
3/20/2026 11:53:41.696,-0.0019855,0.0180351,-0.0057894,0.9998186,-0.0037615,0.0360948,-0.0116486,-0.1042515,0.9469578,-0.3039778,0.0380928
3/20/2026 11:53:41.716,-0.0019032,0.0179618,-0.0058535,0.9998196,-0.0035954,0.0359474,-0.0117735,-0.1002344,0.9459987,-0.3082851,0.0379862
3/20/2026 11:53:41.736,-0.0018384,0.0179120,-0.0058774,0.9998206,-0.0034657,0.0358471,-0.0118189,-0.0970611,0.9456707,-0.3102999,0.0378794
3/20/2026 11:53:41.756,-0.0017757,0.0178583,-0.0058848,0.9998216,-0.0033405,0.0357390,-0.0118312,-0.0940174,0.9455561,-0.3115836,0.0377785
3/20/2026 11:53:41.776,-0.0017374,0.0178539,-0.0058776,0.9998218,-0.0032644,0.0357297,-0.0118154,-0.0920416,0.9458219,-0.3113669,0.0377533
3/20/2026 11:53:41.796,-0.0017167,0.0177913,-0.0058599,0.9998230,-0.0032243,0.0356041,-0.0117792,-0.0912649,0.9458426,-0.3115324,0.0376267
3/20/2026 11:53:41.816,-0.0016978,0.0177469,-0.0058370,0.9998239,-0.0031878,0.0355149,-0.0117326,-0.0905048,0.9460395,-0.3111563,0.0375316
3/20/2026 11:53:41.836,-0.0016920,0.0176843,-0.0062053,0.9998229,-0.0031640,0.0353910,-0.0124687,-0.0899168,0.9397730,-0.3297601,0.0376394
3/20/2026 11:53:41.856,-0.0016438,0.0176397,-0.0062394,0.9998236,-0.0030669,0.0353013,-0.0125351,-0.0875153,0.9391438,-0.3321897,0.0375697
3/20/2026 11:53:41.876,-0.0015680,0.0176145,-0.0062860,0.9998239,-0.0029140,0.0352500,-0.0126254,-0.0835467,0.9385322,-0.3349287,0.0375379
3/20/2026 11:53:41.896,-0.0015134,0.0176215,-0.0063047,0.9998237,-0.0028040,0.0352632,-0.0126608,-0.0805984,0.9384877,-0.3357749,0.0375570
3/20/2026 11:53:41.916,-0.0014949,0.0176118,-0.0062942,0.9998240,-0.0027676,0.0352437,-0.0126393,-0.0796756,0.9386754,-0.3354703,0.0375252
3/20/2026 11:53:41.936,-0.0015067,0.0175711,-0.0063176,0.9998245,-0.0027909,0.0351625,-0.0126863,-0.0804321,0.9379753,-0.3372430,0.0374743
3/20/2026 11:53:41.956,-0.0015083,0.0175158,-0.0063552,0.9998252,-0.0027934,0.0350520,-0.0127614,-0.0806829,0.9369737,-0.3399568,0.0373979
3/20/2026 11:53:41.976,-0.0013960,0.0174586,-0.0063411,0.9998265,-0.0025701,0.0349360,-0.0127292,-0.0749457,0.9372786,-0.3404289,0.0372574
3/20/2026 11:53:41.996,-0.0012675,0.0174478,-0.0063538,0.9998268,-0.0023127,0.0349129,-0.0127499,-0.0680989,0.9374546,-0.3413814,0.0372254
3/20/2026 11:53:42.016,-0.0011611,0.0174730,-0.0063065,0.9998268,-0.0021014,0.0349617,-0.0126518,-0.0623817,0.9387762,-0.3388331,0.0372254
3/20/2026 11:53:42.036,-0.0010540,0.0175141,-0.0062595,0.9998264,-0.0018883,0.0350426,-0.0125541,-0.0565762,0.9401577,-0.3360098,0.0372638
3/20/2026 11:53:42.056,-0.0009735,0.0175578,-0.0061900,0.9998261,-0.0017293,0.0351288,-0.0124124,-0.0522204,0.9418195,-0.3320379,0.0372958
3/20/2026 11:53:42.076,-0.0008827,0.0171989,-0.0061382,0.9998329,-0.0015539,0.0344096,-0.0123050,-0.0482785,0.9407175,-0.3357378,0.0365597
3/20/2026 11:53:42.096,-0.0008159,0.0168656,-0.0060958,0.9998388,-0.0014259,0.0337422,-0.0122175,-0.0454493,0.9394853,-0.3395611,0.0359149
3/20/2026 11:53:42.116,-0.0007705,0.0169148,-0.0060312,0.9998384,-0.0013367,0.0338400,-0.0120869,-0.0428659,0.9410485,-0.3355447,0.0359613
3/20/2026 11:53:42.136,-0.0007061,0.0169836,-0.0059437,0.9998378,-0.0012101,0.0339767,-0.0119097,-0.0392120,0.9431430,-0.3300664,0.0360210
3/20/2026 11:53:42.156,-0.0006273,0.0169958,-0.0058802,0.9998381,-0.0010545,0.0340001,-0.0117802,-0.0348578,0.9444625,-0.3267654,0.0359878
3/20/2026 11:53:42.176,-0.0005818,0.0170126,-0.0057565,0.9998385,-0.0009676,0.0340330,-0.0115312,-0.0323786,0.9467463,-0.3203482,0.0359414
3/20/2026 11:53:42.196,-0.0005535,0.0170146,-0.0055375,0.9998397,-0.0009184,0.0340365,-0.0110923,-0.0309185,0.9504519,-0.3093301,0.0358085
3/20/2026 11:53:42.216,-0.0005381,0.0169904,-0.0053183,0.9998414,-0.0008952,0.0339878,-0.0106535,-0.0302085,0.9539032,-0.2985905,0.0356216
3/20/2026 11:53:42.236,-0.0005128,0.0169844,-0.0051181,0.9998425,-0.0008517,0.0339752,-0.0102523,-0.0288983,0.9570713,-0.2884085,0.0354942
3/20/2026 11:53:42.256,-0.0004716,0.0169764,-0.0049685,0.9998434,-0.0007743,0.0339588,-0.0099517,-0.0266514,0.9593993,-0.2807893,0.0354000
3/20/2026 11:53:42.276,-0.0004259,0.0169809,-0.0048127,0.9998440,-0.0006883,0.0339671,-0.0096384,-0.0241254,0.9618255,-0.2725978,0.0353258
3/20/2026 11:53:42.296,-0.0003843,0.0169679,-0.0047120,0.9998448,-0.0006086,0.0339406,-0.0094357,-0.0218187,0.9633074,-0.2675122,0.0352380
3/20/2026 11:53:42.316,-0.0003452,0.0169715,-0.0046220,0.9998451,-0.0005335,0.0339475,-0.0092544,-0.0196239,0.9646733,-0.2627174,0.0351974
3/20/2026 11:53:42.336,-0.0003027,0.0169511,-0.0045128,0.9998461,-0.0004523,0.0339063,-0.0090346,-0.0172536,0.9661976,-0.2572249,0.0350888
3/20/2026 11:53:42.356,-0.0002351,0.0169521,-0.0044801,0.9998462,-0.0003182,0.0339077,-0.0089669,-0.0134059,0.9667204,-0.2554837,0.0350752
3/20/2026 11:53:42.376,-0.0001361,0.0169818,-0.0044566,0.9998458,-0.0001208,0.0339661,-0.0089166,-0.0077522,0.9672174,-0.2538316,0.0351228
3/20/2026 11:53:42.396,-0.0000746,0.0169946,-0.0044020,0.9998458,0.0000005,0.0339912,-0.0088053,-0.0042468,0.9680435,-0.2507465,0.0351228
3/20/2026 11:53:42.416,-0.0000315,0.0169918,-0.0043199,0.9998463,0.0000839,0.0339853,-0.0086397,-0.0017944,0.9691674,-0.2463970,0.0350684
3/20/2026 11:53:42.436,-0.0000047,0.0169828,-0.0042416,0.9998468,0.0001348,0.0339671,-0.0084822,-0.0002661,0.9701974,-0.2423157,0.0350140
3/20/2026 11:53:42.456,0.0000405,0.0169861,-0.0042208,0.9998468,0.0002243,0.0339733,-0.0084390,0.0023127,0.9704849,-0.2411509,0.0350140
3/20/2026 11:53:42.476,0.0000621,0.0169939,-0.0042160,0.9998468,0.0002675,0.0339887,-0.0084286,0.0035483,0.9705718,-0.2407858,0.0350140
3/20/2026 11:53:42.496,0.0000953,0.0170055,-0.0042210,0.9998465,0.0003341,0.0340116,-0.0084376,0.0054380,0.9705347,-0.2409004,0.0350480
3/20/2026 11:53:42.516,0.0001185,0.0169726,-0.0042151,0.9998470,0.0003801,0.0339454,-0.0084249,0.0067765,0.9704969,-0.2410182,0.0349867
3/20/2026 11:53:42.536,0.0001363,0.0169562,-0.0041776,0.9998475,0.0004143,0.0339127,-0.0083495,0.0078073,0.9709347,-0.2392168,0.0349322
3/20/2026 11:53:42.556,0.0001709,0.0169652,-0.0041536,0.9998475,0.0004826,0.0339303,-0.0083003,0.0097813,0.9712656,-0.2377974,0.0349322
3/20/2026 11:53:42.576,0.0002184,0.0169984,-0.0041108,0.9998471,0.0005765,0.0339964,-0.0082131,0.0124863,0.9719052,-0.2350414,0.0349799
3/20/2026 11:53:42.596,0.0002521,0.0170047,-0.0040282,0.9998472,0.0006410,0.0340087,-0.0080467,0.0144223,0.9729688,-0.2304856,0.0349595
3/20/2026 11:53:42.616,0.0002875,0.0169918,-0.0039287,0.9998478,0.0007083,0.0339828,-0.0078466,0.0164804,0.9741642,-0.2252387,0.0348912
3/20/2026 11:53:42.636,0.0003317,0.0169905,-0.0038490,0.9998482,0.0007940,0.0339798,-0.0076855,0.0190343,0.9751113,-0.2208973,0.0348502
3/20/2026 11:53:42.656,0.0003979,0.0170044,-0.0038370,0.9998479,0.0009262,0.0340072,-0.0076593,0.0228216,0.9752207,-0.2200538,0.0348844
3/20/2026 11:53:42.676,0.0004703,0.0170083,-0.0038530,0.9998478,0.0010716,0.0340144,-0.0076889,0.0269602,0.9749334,-0.2208573,0.0348980
3/20/2026 11:53:42.696,0.0005189,0.0170049,-0.0038264,0.9998479,0.0011678,0.0340071,-0.0076340,0.0297587,0.9751741,-0.2194304,0.0348775
3/20/2026 11:53:42.716,0.0005742,0.0169885,-0.0037868,0.9998482,0.0012769,0.0339740,-0.0075529,0.0329714,0.9755157,-0.2174442,0.0348502
3/20/2026 11:53:42.736,0.0006472,0.0169708,-0.0037622,0.9998487,0.0014219,0.0339382,-0.0075013,0.0372071,0.9756219,-0.2162810,0.0347954
3/20/2026 11:53:42.756,0.0007089,0.0169521,-0.0037454,0.9998490,0.0015445,0.0339004,-0.0074656,0.0407963,0.9756392,-0.2155546,0.0347543
3/20/2026 11:53:42.776,0.0007610,0.0169411,-0.0037278,0.9998493,0.0016481,0.0338779,-0.0074288,0.0438302,0.9756962,-0.2146991,0.0347268
3/20/2026 11:53:42.796,0.0007640,0.0169737,-0.0036989,0.9998487,0.0016533,0.0339432,-0.0073708,0.0439349,0.9761261,-0.2127149,0.0347885
3/20/2026 11:53:42.816,0.0007259,0.0169759,-0.0036094,0.9998490,0.0015740,0.0339481,-0.0071932,0.0417866,0.9772807,-0.2077893,0.0347543
3/20/2026 11:53:42.836,0.0007114,0.0169744,-0.0035438,0.9998494,0.0015430,0.0339451,-0.0070625,0.0409937,0.9780714,-0.2041956,0.0347131
3/20/2026 11:53:42.856,0.0007260,0.0169915,-0.0035519,0.9998490,0.0015725,0.0339793,-0.0070781,0.0417873,0.9779871,-0.2044382,0.0347611
3/20/2026 11:53:42.876,0.0007364,0.0170285,-0.0035307,0.9998485,0.0015929,0.0340533,-0.0070353,0.0423090,0.9782976,-0.2028394,0.0348160
3/20/2026 11:53:42.896,0.0007187,0.0170247,-0.0035008,0.9998487,0.0015565,0.0340458,-0.0069762,0.0413175,0.9786689,-0.2012465,0.0347954
3/20/2026 11:53:42.916,0.0007279,0.0170238,-0.0035059,0.9998487,0.0015750,0.0340441,-0.0069860,0.0418439,0.9785882,-0.2015296,0.0347954
3/20/2026 11:53:42.936,0.0007193,0.0170223,-0.0035048,0.9998487,0.0015576,0.0340410,-0.0069841,0.0413507,0.9786172,-0.2014909,0.0347885
3/20/2026 11:53:42.956,0.0007093,0.0170499,-0.0034852,0.9998484,0.0015373,0.0340964,-0.0069452,0.0407272,0.9789280,-0.2001029,0.0348228
3/20/2026 11:53:42.976,0.0006882,0.0170624,-0.0034539,0.9998482,0.0014941,0.0341215,-0.0068834,0.0395036,0.9793552,-0.1982497,0.0348433
3/20/2026 11:53:42.996,0.0007332,0.0170841,-0.0034417,0.9998478,0.0015839,0.0341646,-0.0068573,0.0420373,0.9794388,-0.1973131,0.0348912
3/20/2026 11:53:43.016,0.0008081,0.0171273,-0.0033596,0.9998475,0.0017309,0.0342506,-0.0066906,0.0462477,0.9802494,-0.1922819,0.0349322
3/20/2026 11:53:43.036,0.0008524,0.0171564,-0.0032780,0.9998471,0.0018170,0.0343088,-0.0065258,0.0487425,0.9810649,-0.1874459,0.0349799
3/20/2026 11:53:43.056,0.0008907,0.0172002,-0.0032688,0.9998463,0.0018935,0.0343962,-0.0065060,0.0508056,0.9811476,-0.1864619,0.0350684
3/20/2026 11:53:43.076,0.0008788,0.0172347,-0.0032333,0.9998459,0.0018688,0.0344653,-0.0064354,0.0500544,0.9816214,-0.1841575,0.0351092
3/20/2026 11:53:43.096,0.0008159,0.0172474,-0.0031591,0.9998459,0.0017406,0.0344912,-0.0062891,0.0464830,0.9825730,-0.1799711,0.0351092
3/20/2026 11:53:43.116,0.0007518,0.0172395,-0.0030039,0.9998466,0.0016069,0.0344761,-0.0059811,0.0429200,0.9842482,-0.1715034,0.0350344
3/20/2026 11:53:43.136,0.0006566,0.0172549,-0.0027419,0.9998471,0.0014076,0.0345078,-0.0054603,0.0375551,0.9869120,-0.1568259,0.0349731
3/20/2026 11:53:43.156,0.0006295,0.0172787,-0.0025670,0.9998473,0.0013475,0.0345557,-0.0051114,0.0360141,0.9885023,-0.1468540,0.0349527
3/20/2026 11:53:43.176,0.0006405,0.0173133,-0.0025148,0.9998467,0.0013679,0.0346250,-0.0050067,0.0365871,0.9889522,-0.1436486,0.0350208
3/20/2026 11:53:43.196,0.0006285,0.0173445,-0.0024997,0.9998462,0.0013435,0.0346876,-0.0049769,0.0358428,0.9891376,-0.1425561,0.0350752
3/20/2026 11:53:43.216,0.0005583,0.0173916,-0.0024450,0.9998456,0.0012014,0.0347821,-0.0048699,0.0317711,0.9897618,-0.1391481,0.0351499
3/20/2026 11:53:43.236,0.0004755,0.0174099,-0.0023712,0.9998455,0.0010334,0.0348192,-0.0047252,0.0270523,0.9904891,-0.1349052,0.0351567
3/20/2026 11:53:43.256,0.0004309,0.0174202,-0.0023197,0.9998455,0.0009425,0.0348400,-0.0046236,0.0245113,0.9909527,-0.1319544,0.0351567
3/20/2026 11:53:43.276,0.0003622,0.0174352,-0.0022590,0.9998453,0.0008031,0.0348705,-0.0045047,0.0205983,0.9915001,-0.1284647,0.0351838
3/20/2026 11:53:43.296,0.0003415,0.0174590,-0.0022445,0.9998450,0.0007614,0.0349182,-0.0044763,0.0193993,0.9916511,-0.1274828,0.0352109
3/20/2026 11:53:43.316,0.0003084,0.0174885,-0.0022503,0.9998446,0.0006954,0.0349773,-0.0044890,0.0174858,0.9916717,-0.1275986,0.0352650
3/20/2026 11:53:43.336,0.0002477,0.0178659,-0.0022407,0.9998378,0.0005755,0.0357325,-0.0044719,0.0137581,0.9921326,-0.1244330,0.0360276
3/20/2026 11:53:43.356,0.0001777,0.0178765,-0.0021690,0.9998378,0.0004328,0.0357540,-0.0043309,0.0098656,0.9926714,-0.1204408,0.0360276
3/20/2026 11:53:43.376,0.0001184,0.0178943,-0.0020838,0.9998376,0.0003114,0.0357900,-0.0041626,0.0065744,0.9932666,-0.1156641,0.0360408
3/20/2026 11:53:43.396,0.0001037,0.0179095,-0.0020383,0.9998375,0.0002803,0.0358205,-0.0040722,0.0057520,0.9935694,-0.1130787,0.0360606
3/20/2026 11:53:43.416,0.0000922,0.0179170,-0.0020305,0.9998374,0.0002572,0.0358355,-0.0040571,0.0051142,0.9936265,-0.1126066,0.0360673
3/20/2026 11:53:43.436,0.0000734,0.0179205,-0.0020413,0.9998373,0.0002200,0.0358426,-0.0040793,0.0040712,0.9935666,-0.1131760,0.0360805
3/20/2026 11:53:43.456,0.0000503,0.0179426,-0.0020476,0.9998370,0.0001741,0.0358868,-0.0040927,0.0027867,0.9935475,-0.1133828,0.0361135
3/20/2026 11:53:43.476,-0.0000124,0.0179484,-0.0020023,0.9998370,0.0000472,0.0358988,-0.0040044,-0.0006844,0.9938347,-0.1108697,0.0361135
3/20/2026 11:53:43.496,-0.0001087,0.0179361,-0.0019309,0.9998374,-0.0001482,0.0358745,-0.0038650,-0.0060281,0.9942372,-0.1070330,0.0360673
3/20/2026 11:53:43.516,-0.0001611,0.0179586,-0.0019401,0.9998369,-0.0002525,0.0359196,-0.0038855,-0.0089182,0.9941753,-0.1074052,0.0361267
3/20/2026 11:53:43.536,-0.0001607,0.0179689,-0.0019597,0.9998366,-0.0002509,0.0359404,-0.0039245,-0.0088897,0.9940664,-0.1084113,0.0361531
3/20/2026 11:53:43.556,-0.0001423,0.0179874,-0.0019643,0.9998363,-0.0002139,0.0359773,-0.0039330,-0.0078637,0.9940594,-0.1085540,0.0361926
3/20/2026 11:53:43.576,-0.0001213,0.0180055,-0.0019609,0.9998360,-0.0001720,0.0360134,-0.0039255,-0.0066990,0.9940997,-0.1082630,0.0362256
3/20/2026 11:53:43.596,-0.0001251,0.0180193,-0.0019579,0.9998357,-0.0001796,0.0360409,-0.0039196,-0.0069030,0.9941253,-0.1080148,0.0362519
3/20/2026 11:53:43.616,-0.0001496,0.0180572,-0.0019368,0.9998350,-0.0002291,0.0361169,-0.0038784,-0.0082358,0.9942629,-0.1066459,0.0363307
3/20/2026 11:53:43.636,-0.0001964,0.0180619,-0.0018948,0.9998351,-0.0003244,0.0361264,-0.0037962,-0.0108158,0.9944839,-0.1043299,0.0363176
3/20/2026 11:53:43.656,-0.0002322,0.0180604,-0.0018532,0.9998350,-0.0003975,0.0361236,-0.0037141,-0.0127905,0.9946954,-0.1020656,0.0363307
3/20/2026 11:53:43.676,-0.0002281,0.0180579,-0.0018460,0.9998353,-0.0003895,0.0361185,-0.0036997,-0.0125660,0.9947368,-0.1016897,0.0363045
3/20/2026 11:53:43.696,-0.0002352,0.0180391,-0.0018503,0.9998355,-0.0004035,0.0360810,-0.0037086,-0.0129668,0.9946969,-0.1020295,0.0362782
3/20/2026 11:53:43.716,-0.0002612,0.0180473,-0.0018589,0.9998353,-0.0004552,0.0360975,-0.0037265,-0.0143955,0.9946344,-0.1024465,0.0362979
3/20/2026 11:53:43.736,-0.0002760,0.0180684,-0.0018464,0.9998350,-0.0004852,0.0361398,-0.0037022,-0.0151948,0.9947043,-0.1016480,0.0363307
3/20/2026 11:53:43.756,-0.0002872,0.0181021,-0.0018012,0.9998344,-0.0005091,0.0362071,-0.0036123,-0.0157852,0.9949619,-0.0990024,0.0364028
3/20/2026 11:53:43.776,-0.0003213,0.0181057,-0.0017599,0.9998344,-0.0005787,0.0362145,-0.0035308,-0.0176584,0.9951540,-0.0967296,0.0363963
3/20/2026 11:53:43.796,-0.0003460,0.0181082,-0.0017524,0.9998344,-0.0006284,0.0362196,-0.0035167,-0.0190157,0.9951703,-0.0963035,0.0363963
3/20/2026 11:53:43.816,-0.0003258,0.0181411,-0.0017417,0.9998338,-0.0005883,0.0362854,-0.0034947,-0.0178738,0.9952638,-0.0955542,0.0364617
3/20/2026 11:53:43.836,-0.0003213,0.0181684,-0.0017306,0.9998334,-0.0005797,0.0363399,-0.0034724,-0.0176034,0.9953396,-0.0948111,0.0365075
3/20/2026 11:53:43.856,-0.0003352,0.0181817,-0.0017048,0.9998331,-0.0006083,0.0363665,-0.0034213,-0.0183539,0.9954650,-0.0933408,0.0365401
3/20/2026 11:53:43.876,-0.0003692,0.0181996,-0.0016989,0.9998327,-0.0006765,0.0364024,-0.0034106,-0.0201955,0.9954685,-0.0929229,0.0365793
3/20/2026 11:53:43.896,-0.0003660,0.0182080,-0.0017070,0.9998326,-0.0006698,0.0364192,-0.0034267,-0.0200116,0.9954348,-0.0933214,0.0365923
3/20/2026 11:53:43.916,-0.0003808,0.0182510,-0.0016821,0.9998319,-0.0007001,0.0365052,-0.0033775,-0.0207729,0.9955648,-0.0917559,0.0366704
3/20/2026 11:53:43.936,-0.0003880,0.0182684,-0.0016425,0.9998316,-0.0007159,0.0365401,-0.0032986,-0.0211491,0.9957597,-0.0895277,0.0367029
3/20/2026 11:53:43.956,-0.0003407,0.0182827,-0.0016133,0.9998314,-0.0006222,0.0365686,-0.0032385,-0.0185579,0.9959579,-0.0878834,0.0367224
3/20/2026 11:53:43.976,-0.0003226,0.0183049,-0.0015936,0.9998312,-0.0005868,0.0366128,-0.0031985,-0.0175566,0.9960782,-0.0867175,0.0367483
3/20/2026 11:53:43.996,-0.0003392,0.0183324,-0.0015480,0.9998307,-0.0006216,0.0366679,-0.0031080,-0.0184360,0.9962844,-0.0841283,0.0368067
3/20/2026 11:53:44.016,-0.0003796,0.0183292,-0.0015290,0.9998308,-0.0007030,0.0366615,-0.0030714,-0.0206345,0.9963266,-0.0831114,0.0367937
3/20/2026 11:53:44.036,-0.0004452,0.0183295,-0.0015017,0.9998308,-0.0008352,0.0366623,-0.0030192,-0.0242019,0.9963687,-0.0816312,0.0367937
3/20/2026 11:53:44.056,-0.0004464,0.0183551,-0.0015044,0.9998303,-0.0008375,0.0367136,-0.0030246,-0.0242326,0.9963655,-0.0816611,0.0368455
3/20/2026 11:53:44.076,-0.0004320,0.0183868,-0.0015160,0.9998297,-0.0008081,0.0367770,-0.0030475,-0.0234092,0.9963450,-0.0821509,0.0369102
3/20/2026 11:53:44.096,-0.0004384,0.0184323,-0.0015332,0.9998288,-0.0008200,0.0368681,-0.0030820,-0.0236931,0.9962788,-0.0828697,0.0370070
3/20/2026 11:53:44.116,-0.0004682,0.0184492,-0.0015031,0.9998286,-0.0008808,0.0369019,-0.0030231,-0.0252872,0.9963787,-0.0811799,0.0370327
3/20/2026 11:53:44.136,-0.0005636,0.0184449,-0.0014683,0.9998286,-0.0010728,0.0368935,-0.0029569,-0.0304445,0.9963845,-0.0793161,0.0370327
3/20/2026 11:53:44.156,-0.0006272,0.0184644,-0.0014112,0.9998284,-0.0012021,0.0369326,-0.0028451,-0.0338506,0.9965206,-0.0761626,0.0370520
3/20/2026 11:53:44.176,-0.0006662,0.0184954,-0.0013707,0.9998278,-0.0012816,0.0369948,-0.0027656,-0.0359006,0.9966223,-0.0738593,0.0371163
3/20/2026 11:53:44.196,-0.0006862,0.0185213,-0.0013870,0.9998272,-0.0013208,0.0370467,-0.0027989,-0.0369208,0.9965280,-0.0746249,0.0371805
3/20/2026 11:53:44.216,-0.0006842,0.0185343,-0.0014353,0.9998268,-0.0013150,0.0370727,-0.0028955,-0.0367827,0.9963403,-0.0771563,0.0372190
3/20/2026 11:53:44.236,-0.0007127,0.0185293,-0.0014396,0.9998269,-0.0013717,0.0370628,-0.0029051,-0.0383176,0.9962633,-0.0774020,0.0372126
3/20/2026 11:53:44.256,-0.0007489,0.0185368,-0.0014507,0.9998268,-0.0014437,0.0370778,-0.0029286,-0.0402425,0.9961442,-0.0779573,0.0372190
3/20/2026 11:53:44.276,-0.0007939,0.0185179,-0.0014573,0.9998271,-0.0015335,0.0370402,-0.0029436,-0.0426992,0.9960084,-0.0783842,0.0371869
3/20/2026 11:53:44.296,-0.0008320,0.0185296,-0.0014507,0.9998269,-0.0016100,0.0370638,-0.0029317,-0.0447202,0.9959520,-0.0779719,0.0372126
3/20/2026 11:53:44.316,-0.0008811,0.0185447,-0.0014592,0.9998266,-0.0017077,0.0370941,-0.0029506,-0.0473118,0.9958022,-0.0783557,0.0372510
3/20/2026 11:53:44.336,-0.0009184,0.0185380,-0.0015340,0.9998266,-0.0017795,0.0370810,-0.0031016,-0.0493106,0.9953812,-0.0823688,0.0372510
3/20/2026 11:53:44.356,-0.0009182,0.0185358,-0.0016106,0.9998264,-0.0017763,0.0370767,-0.0032546,-0.0492888,0.9950356,-0.0864572,0.0372638
3/20/2026 11:53:44.376,-0.0008873,0.0185570,-0.0016804,0.9998260,-0.0017119,0.0371192,-0.0033932,-0.0475658,0.9947978,-0.0900830,0.0373149
3/20/2026 11:53:44.396,-0.0008912,0.0185872,-0.0017098,0.9998253,-0.0017186,0.0371796,-0.0034521,-0.0476916,0.9946629,-0.0914947,0.0373852
3/20/2026 11:53:44.416,-0.0009486,0.0189845,-0.0016857,0.9998179,-0.0018329,0.0379744,-0.0034068,-0.0497117,0.9948495,-0.0883354,0.0381678
3/20/2026 11:53:44.436,-0.0009923,0.0189718,-0.0017146,0.9998180,-0.0019191,0.0379493,-0.0034663,-0.0520197,0.9945924,-0.0898889,0.0381616
3/20/2026 11:53:44.456,-0.0010134,0.0189714,-0.0017469,0.9998180,-0.0019602,0.0379486,-0.0035316,-0.0531190,0.9943816,-0.0915619,0.0381616
3/20/2026 11:53:44.476,-0.0010199,0.0189579,-0.0017982,0.9998180,-0.0019713,0.0379217,-0.0036343,-0.0534819,0.9941070,-0.0942910,0.0381553
3/20/2026 11:53:44.496,-0.0010735,0.0189713,-0.0018197,0.9998178,-0.0020776,0.0379487,-0.0036795,-0.0562376,0.9938559,-0.0953295,0.0381803
3/20/2026 11:53:44.516,-0.0011499,0.0189653,-0.0018233,0.9998178,-0.0022302,0.0379371,-0.0036896,-0.0602424,0.9936025,-0.0955242,0.0381741
3/20/2026 11:53:44.536,-0.0012052,0.0189231,-0.0018049,0.9998185,-0.0023417,0.0378529,-0.0036549,-0.0632769,0.9934869,-0.0947616,0.0381053
3/20/2026 11:53:44.556,-0.0012175,0.0189255,-0.0018105,0.9998185,-0.0023660,0.0378577,-0.0036664,-0.0639060,0.9934206,-0.0950337,0.0381053
3/20/2026 11:53:44.576,-0.0012233,0.0189697,-0.0018245,0.9998176,-0.0023769,0.0379461,-0.0036947,-0.0640569,0.9933623,-0.0955408,0.0381990
3/20/2026 11:53:44.596,-0.0012429,0.0190197,-0.0018475,0.9998165,-0.0024151,0.0380463,-0.0037417,-0.0649068,0.9932164,-0.0964796,0.0383112
3/20/2026 11:53:44.616,-0.0013151,0.0190614,-0.0018085,0.9998159,-0.0025609,0.0381299,-0.0036665,-0.0685252,0.9931892,-0.0942308,0.0383796
3/20/2026 11:53:44.636,-0.0013537,0.0190804,-0.0018194,0.9998153,-0.0026375,0.0381681,-0.0036897,-0.0704526,0.9930111,-0.0946854,0.0384355
3/20/2026 11:53:44.656,-0.0013643,0.0190821,-0.0018401,0.9998152,-0.0026578,0.0381715,-0.0037315,-0.0709848,0.9928720,-0.0957410,0.0384479
3/20/2026 11:53:44.676,-0.0013678,0.0191213,-0.0018331,0.9998145,-0.0026649,0.0382500,-0.0037179,-0.0710253,0.9929222,-0.0951888,0.0385222
3/20/2026 11:53:44.696,-0.0013638,0.0191588,-0.0018714,0.9998137,-0.0026555,0.0383250,-0.0037944,-0.0706720,0.9927746,-0.0969744,0.0386026
3/20/2026 11:53:44.716,-0.0013946,0.0191630,-0.0018981,0.9998137,-0.0027159,0.0383337,-0.0038489,-0.0722313,0.9925311,-0.0983092,0.0386088
3/20/2026 11:53:44.736,-0.0014246,0.0191381,-0.0019064,0.9998141,-0.0027757,0.0382839,-0.0038667,-0.0738689,0.9923566,-0.0988522,0.0385655
3/20/2026 11:53:44.756,-0.0014625,0.0191126,-0.0019219,0.9998145,-0.0028511,0.0382332,-0.0038991,-0.0759184,0.9921105,-0.0997652,0.0385222
3/20/2026 11:53:44.776,-0.0014537,0.0191001,-0.0019642,0.9998146,-0.0028317,0.0382083,-0.0039833,-0.0754919,0.9919151,-0.1020074,0.0385161
3/20/2026 11:53:44.796,-0.0014746,0.0191142,-0.0019907,0.9998143,-0.0028726,0.0382367,-0.0040371,-0.0765083,0.9917051,-0.1032836,0.0385470
3/20/2026 11:53:44.816,-0.0014780,0.0191465,-0.0020216,0.9998136,-0.0028780,0.0383014,-0.0040991,-0.0765409,0.9915546,-0.1046947,0.0386150
3/20/2026 11:53:44.836,-0.0014859,0.0191728,-0.0020751,0.9998130,-0.0028917,0.0383542,-0.0042065,-0.0768239,0.9912556,-0.1072871,0.0386828
3/20/2026 11:53:44.856,-0.0015517,0.0191883,-0.0021546,0.9998123,-0.0030200,0.0383856,-0.0043679,-0.0801013,0.9905618,-0.1112252,0.0387506
3/20/2026 11:53:44.876,-0.0016156,0.0191973,-0.0022008,0.9998119,-0.0031460,0.0384041,-0.0044629,-0.0833176,0.9900383,-0.1135002,0.0387936
3/20/2026 11:53:44.896,-0.0016760,0.0192205,-0.0022242,0.9998115,-0.0032659,0.0384510,-0.0045119,-0.0862979,0.9896653,-0.1145218,0.0388366
3/20/2026 11:53:44.916,-0.0017086,0.0192742,-0.0022861,0.9998100,-0.0033285,0.0385586,-0.0046371,-0.0876929,0.9892139,-0.1173276,0.0389837
3/20/2026 11:53:44.936,-0.0017509,0.0193293,-0.0023786,0.9998088,-0.0034093,0.0386694,-0.0048241,-0.0895452,0.9885261,-0.1216460,0.0391058
3/20/2026 11:53:44.956,-0.0018146,0.0193903,-0.0024560,0.9998074,-0.0035332,0.0387920,-0.0049814,-0.0924417,0.9878260,-0.1251178,0.0392519
3/20/2026 11:53:44.976,-0.0018884,0.0194357,-0.0025239,0.9998061,-0.0036780,0.0388834,-0.0051203,-0.0959105,0.9871019,-0.1281841,0.0393853
3/20/2026 11:53:44.996,-0.0019281,0.0194834,-0.0025844,0.9998050,-0.0037547,0.0389793,-0.0052429,-0.0976309,0.9865813,-0.1308644,0.0395002
3/20/2026 11:53:45.016,-0.0019223,0.0195286,-0.0026208,0.9998040,-0.0037415,0.0390699,-0.0053157,-0.0970988,0.9864315,-0.1323804,0.0396026
3/20/2026 11:53:45.036,-0.0019387,0.0195803,-0.0026598,0.9998028,-0.0037724,0.0391734,-0.0053945,-0.0976408,0.9861647,-0.1339601,0.0397229
3/20/2026 11:53:45.056,-0.0019675,0.0195980,-0.0027633,0.9998021,-0.0038260,0.0392095,-0.0056026,-0.0989240,0.9853487,-0.1389314,0.0397888
3/20/2026 11:53:45.076,-0.0019786,0.0196009,-0.0028179,0.9998019,-0.0038459,0.0392156,-0.0057124,-0.0994197,0.9849193,-0.1415971,0.0398068
3/20/2026 11:53:45.096,-0.0019793,0.0196054,-0.0028563,0.9998016,-0.0038459,0.0392248,-0.0057891,-0.0994079,0.9846520,-0.1434516,0.0398367
3/20/2026 11:53:45.116,-0.0019992,0.0196328,-0.0028645,0.9998012,-0.0038852,0.0392796,-0.0058065,-0.1002559,0.9845374,-0.1436489,0.0398846
3/20/2026 11:53:45.136,-0.0019884,0.0196519,-0.0028711,0.9998007,-0.0038632,0.0393178,-0.0058192,-0.0996213,0.9845736,-0.1438419,0.0399264
3/20/2026 11:53:45.156,-0.0019428,0.0196810,-0.0029019,0.9998001,-0.0037706,0.0393759,-0.0058793,-0.0971949,0.9846196,-0.1451809,0.0399921
3/20/2026 11:53:45.176,-0.0019438,0.0197104,-0.0029028,0.9997995,-0.0037724,0.0394347,-0.0058812,-0.0971046,0.9846532,-0.1450136,0.0400457
3/20/2026 11:53:45.196,-0.0019340,0.0197665,-0.0028972,0.9997985,-0.0037528,0.0395467,-0.0058698,-0.0963591,0.9848242,-0.1443477,0.0401468
3/20/2026 11:53:45.216,-0.0019046,0.0198357,-0.0029093,0.9997972,-0.0036931,0.0396850,-0.0058930,-0.0945776,0.9849797,-0.1444648,0.0402831
3/20/2026 11:53:45.236,-0.0019158,0.0199161,-0.0028742,0.9997956,-0.0037164,0.0398459,-0.0058237,-0.0947795,0.9852905,-0.1421950,0.0404367
3/20/2026 11:53:45.256,-0.0019149,0.0199741,-0.0028555,0.9997945,-0.0037149,0.0399618,-0.0057865,-0.0944799,0.9855067,-0.1408899,0.0405427
3/20/2026 11:53:45.276,-0.0018656,0.0199873,-0.0029155,0.9997944,-0.0036138,0.0399881,-0.0059044,-0.0919689,0.9853347,-0.1437263,0.0405604
3/20/2026 11:53:45.296,-0.0017846,0.0199581,-0.0030372,0.9997946,-0.0034472,0.0399297,-0.0061446,-0.0880564,0.9847775,-0.1498646,0.0405369
3/20/2026 11:53:45.316,-0.0017082,0.0199399,-0.0032259,0.9997945,-0.0032871,0.0398934,-0.0065188,-0.0842681,0.9836532,-0.1591389,0.0405427
3/20/2026 11:53:45.336,-0.0017141,0.0199330,-0.0033512,0.9997942,-0.0032940,0.0398802,-0.0067694,-0.0845015,0.9826333,-0.1652010,0.0405780
3/20/2026 11:53:45.356,-0.0017309,0.0199398,-0.0034159,0.9997939,-0.0033249,0.0398940,-0.0068996,-0.0852503,0.9820532,-0.1682377,0.0406074
3/20/2026 11:53:45.376,-0.0016986,0.0199377,-0.0034843,0.9997938,-0.0032577,0.0398897,-0.0070350,-0.0836317,0.9816197,-0.1715472,0.0406191
3/20/2026 11:53:45.396,-0.0017121,0.0199113,-0.0035251,0.9997940,-0.0032831,0.0398372,-0.0071170,-0.0843669,0.9811769,-0.1737070,0.0405956
3/20/2026 11:53:45.416,-0.0017411,0.0198947,-0.0035608,0.9997942,-0.0033399,0.0398044,-0.0071896,-0.0858302,0.9807247,-0.1755343,0.0405721
3/20/2026 11:53:45.436,-0.0017736,0.0198447,-0.0036324,0.9997948,-0.0034023,0.0397048,-0.0073337,-0.0875755,0.9798785,-0.1793562,0.0405133
3/20/2026 11:53:45.456,-0.0017915,0.0197784,-0.0037444,0.9997957,-0.0034342,0.0395727,-0.0075583,-0.0886483,0.9786787,-0.1852822,0.0404250
3/20/2026 11:53:45.477,-0.0018251,0.0197061,-0.0038509,0.9997967,-0.0034978,0.0394288,-0.0077723,-0.0905254,0.9774067,-0.1910010,0.0403305
3/20/2026 11:53:45.496,-0.0018421,0.0196597,-0.0039358,0.9997973,-0.0035286,0.0393364,-0.0079425,-0.0914893,0.9764317,-0.1954761,0.0402713
3/20/2026 11:53:45.517,-0.0018483,0.0195817,-0.0040705,0.9997982,-0.0035365,0.0391808,-0.0082119,-0.0920231,0.9749161,-0.2026580,0.0401765
3/20/2026 11:53:45.536,-0.0018593,0.0195008,-0.0041883,0.9997994,-0.0035545,0.0390195,-0.0084476,-0.0928160,0.9734834,-0.2090817,0.0400635
3/20/2026 11:53:45.556,-0.0018216,0.0194190,-0.0043213,0.9998004,-0.0034747,0.0388560,-0.0087118,-0.0911854,0.9720567,-0.2163123,0.0399622
3/20/2026 11:53:45.576,-0.0017962,0.0193401,-0.0044201,0.9998015,-0.0034208,0.0386982,-0.0089081,-0.0901737,0.9708923,-0.2218941,0.0398487
3/20/2026 11:53:45.597,-0.0017646,0.0192694,-0.0044849,0.9998026,-0.0033558,0.0385568,-0.0090362,-0.0888410,0.9701162,-0.2257918,0.0397349
3/20/2026 11:53:45.616,-0.0013464,0.0192080,-0.0045362,0.9998042,-0.0025180,0.0384303,-0.0091225,-0.0680610,0.9709721,-0.2293056,0.0395785
3/20/2026 11:53:45.636,-0.0013219,0.0191476,-0.0045478,0.9998054,-0.0024691,0.0383093,-0.0091445,-0.0670164,0.9707471,-0.2305625,0.0394579
3/20/2026 11:53:45.656,-0.0013093,0.0190591,-0.0045833,0.9998069,-0.0024434,0.0381322,-0.0092149,-0.0666446,0.9701198,-0.2332939,0.0393004
3/20/2026 11:53:45.676,-0.0011879,0.0190155,-0.0047483,0.9998072,-0.0021948,0.0380442,-0.0095402,-0.0604993,0.9684319,-0.2418253,0.0392762
3/20/2026 11:53:45.696,-0.0010514,0.0189634,-0.0049782,0.9998073,-0.0019136,0.0379391,-0.0099945,-0.0535496,0.9658398,-0.2535467,0.0392640
3/20/2026 11:53:45.716,-0.0009770,0.0189288,-0.0051004,0.9998073,-0.0017606,0.0378694,-0.0102361,-0.0497775,0.9643646,-0.2598518,0.0392640
3/20/2026 11:53:45.736,-0.0009283,0.0188961,-0.0051840,0.9998075,-0.0016603,0.0378035,-0.0104013,-0.0473234,0.9632868,-0.2642709,0.0392458
3/20/2026 11:53:45.756,-0.0008910,0.0188651,-0.0052505,0.9998078,-0.0015835,0.0377413,-0.0105329,-0.0454513,0.9623874,-0.2678520,0.0392154
3/20/2026 11:53:45.776,-0.0008533,0.0188428,-0.0052619,0.9998083,-0.0015079,0.0376964,-0.0105541,-0.0435739,0.9622366,-0.2687044,0.0391607
3/20/2026 11:53:45.796,-0.0008856,0.0188083,-0.0052029,0.9998092,-0.0015751,0.0376275,-0.0104372,-0.0453332,0.9628128,-0.2663387,0.0390692
3/20/2026 11:53:45.816,-0.0009136,0.0187836,-0.0051798,0.9998098,-0.0016323,0.0375785,-0.0103922,-0.0468378,0.9629589,-0.2655492,0.0390081
3/20/2026 11:53:45.837,-0.0009046,0.0187980,-0.0051650,0.9998095,-0.0016147,0.0376071,-0.0103622,-0.0463542,0.9632274,-0.2646588,0.0390387
3/20/2026 11:53:45.856,-0.0009055,0.0188271,-0.0051293,0.9998090,-0.0016174,0.0376653,-0.0102909,-0.0463521,0.9637966,-0.2625787,0.0390875
3/20/2026 11:53:45.877,-0.0008597,0.0188143,-0.0051255,0.9998095,-0.0015263,0.0376392,-0.0102817,-0.0440463,0.9639009,-0.2625930,0.0390387
3/20/2026 11:53:45.897,-0.0007657,0.0187600,-0.0051707,0.9998105,-0.0013371,0.0375297,-0.0103684,-0.0393166,0.9633057,-0.2655116,0.0389409
3/20/2026 11:53:45.916,-0.0007452,0.0187257,-0.0051820,0.9998110,-0.0012961,0.0374609,-0.0103902,-0.0383268,0.9630689,-0.2665134,0.0388857
3/20/2026 11:53:45.936,-0.0007850,0.0186885,-0.0051412,0.9998118,-0.0013775,0.0373868,-0.0103100,-0.0404663,0.9633913,-0.2650277,0.0388059
3/20/2026 11:53:45.956,-0.0007390,0.0186591,-0.0051071,0.9998126,-0.0012872,0.0373275,-0.0102400,-0.0381741,0.9638214,-0.2638010,0.0387198
3/20/2026 11:53:45.976,-0.0006361,0.0186143,-0.0051320,0.9998134,-0.0010809,0.0372368,-0.0102860,-0.0329267,0.9635088,-0.2656436,0.0386335
3/20/2026 11:53:45.996,-0.0005575,0.0185750,-0.0051498,0.9998140,-0.0009234,0.0371573,-0.0103186,-0.0289080,0.9632475,-0.2670554,0.0385717
3/20/2026 11:53:46.016,-0.0005811,0.0185030,-0.0051048,0.9998156,-0.0009730,0.0370136,-0.0102294,-0.0302587,0.9635439,-0.2658337,0.0384107
3/20/2026 11:53:46.036,-0.0005813,0.0183989,-0.0050235,0.9998178,-0.0009776,0.0368052,-0.0100667,-0.0304660,0.9642413,-0.2632688,0.0381741
3/20/2026 11:53:46.056,-0.0005354,0.0183138,-0.0049807,0.9998197,-0.0008882,0.0366346,-0.0099794,-0.0282005,0.9645665,-0.2623285,0.0379799
3/20/2026 11:53:46.076,-0.0004999,0.0182879,-0.0049346,0.9998205,-0.0008191,0.0365823,-0.0098860,-0.0263802,0.9651341,-0.2604232,0.0378982
3/20/2026 11:53:46.096,-0.0004706,0.0182764,-0.0048422,0.9998212,-0.0007640,0.0365589,-0.0097000,-0.0248821,0.9663492,-0.2560275,0.0378227
3/20/2026 11:53:46.116,-0.0004446,0.0182251,-0.0047533,0.9998225,-0.0007158,0.0364561,-0.0095213,-0.0235991,0.9673615,-0.2522994,0.0376837
3/20/2026 11:53:46.136,-0.0004733,0.0182122,-0.0046473,0.9998232,-0.0007772,0.0364305,-0.0093104,-0.0251744,0.9686434,-0.2471761,0.0376077
3/20/2026 11:53:46.156,-0.0004540,0.0181900,-0.0045345,0.9998242,-0.0007429,0.0363857,-0.0090841,-0.0242115,0.9700204,-0.2418142,0.0375061
3/20/2026 11:53:46.176,-0.0004416,0.0181736,-0.0044366,0.9998249,-0.0007217,0.0363527,-0.0088877,-0.0235972,0.9712007,-0.2370914,0.0374298
3/20/2026 11:53:46.197,-0.0004086,0.0185454,-0.0043393,0.9998184,-0.0006561,0.0370962,-0.0086924,-0.0214483,0.9734767,-0.2277783,0.0381115
3/20/2026 11:53:46.217,-0.0003407,0.0185504,-0.0042556,0.9998187,-0.0005234,0.0371054,-0.0085225,-0.0178974,0.9745246,-0.2235654,0.0380803
3/20/2026 11:53:46.236,-0.0002844,0.0185509,-0.0042241,0.9998189,-0.0004120,0.0371060,-0.0084573,-0.0149470,0.9749333,-0.2219945,0.0380677
3/20/2026 11:53:46.256,-0.0002615,0.0185465,-0.0041698,0.9998192,-0.0003682,0.0370970,-0.0083478,-0.0137544,0.9755535,-0.2193313,0.0380301
3/20/2026 11:53:46.276,-0.0002390,0.0185152,-0.0040651,0.9998202,-0.0003273,0.0370341,-0.0081377,-0.0126057,0.9766579,-0.2144309,0.0379234
3/20/2026 11:53:46.297,-0.0002044,0.0185010,-0.0038475,0.9998215,-0.0002664,0.0370053,-0.0077013,-0.0108177,0.9789953,-0.2035957,0.0377911
3/20/2026 11:53:46.316,-0.0001400,0.0185171,-0.0036868,0.9998218,-0.0001435,0.0370371,-0.0073776,-0.0074165,0.9807224,-0.1952653,0.0377596
3/20/2026 11:53:46.336,-0.0000616,0.0185637,-0.0036251,0.9998211,0.0000114,0.0371298,-0.0072513,-0.0032567,0.9814565,-0.1916575,0.0378353
3/20/2026 11:53:46.356,0.0000103,0.0186246,-0.0036009,0.9998200,0.0001547,0.0372511,-0.0072002,0.0005434,0.9818175,-0.1898263,0.0379485
3/20/2026 11:53:46.376,0.0000061,0.0186546,-0.0035585,0.9998196,0.0001449,0.0373112,-0.0071155,0.0003189,0.9822882,-0.1873759,0.0379862
3/20/2026 11:53:46.396,-0.0001458,0.0186756,-0.0034078,0.9998198,-0.0001643,0.0373542,-0.0068199,-0.0076814,0.9837274,-0.1795032,0.0379674
3/20/2026 11:53:46.416,-0.0000597,0.0186903,-0.0033007,0.9998199,0.0000039,0.0373829,-0.0066024,-0.0031470,0.9847572,-0.1739063,0.0379611
3/20/2026 11:53:46.436,0.0000395,0.0187222,-0.0032083,0.9998195,0.0001990,0.0374462,-0.0064139,0.0020772,0.9856312,-0.1688989,0.0379988
3/20/2026 11:53:46.456,0.0001253,0.0187755,-0.0030998,0.9998189,0.0003670,0.0375522,-0.0061939,0.0065846,0.9866222,-0.1628910,0.0380677
3/20/2026 11:53:46.476,0.0002522,0.0188567,-0.0031041,0.9998174,0.0006214,0.0377139,-0.0061977,0.0131977,0.9866340,-0.1624166,0.0382178
3/20/2026 11:53:46.497,0.0003158,0.0189056,-0.0030606,0.9998166,0.0007472,0.0378113,-0.0061082,0.0164865,0.9870137,-0.1597881,0.0383050
3/20/2026 11:53:46.516,0.0003682,0.0189313,-0.0030366,0.9998161,0.0008513,0.0378625,-0.0060581,0.0192017,0.9871970,-0.1583457,0.0383610
3/20/2026 11:53:46.537,0.0004150,0.0189428,-0.0030173,0.9998160,0.0009441,0.0378852,-0.0060178,0.0216278,0.9873198,-0.1572635,0.0383672
3/20/2026 11:53:46.557,0.0004836,0.0189236,-0.0030165,0.9998162,0.0010812,0.0378464,-0.0060136,0.0252288,0.9872182,-0.1573648,0.0383485
3/20/2026 11:53:46.577,0.0005866,0.0189106,-0.0030384,0.9998164,0.0012879,0.0378197,-0.0060535,0.0306116,0.9868743,-0.1585626,0.0383299
3/20/2026 11:53:46.597,0.0006771,0.0189440,-0.0030609,0.9998156,0.0014699,0.0378860,-0.0060951,0.0352632,0.9865828,-0.1594080,0.0384107
3/20/2026 11:53:46.617,0.0007612,0.0189877,-0.0030723,0.9998146,0.0016389,0.0379729,-0.0061146,0.0395460,0.9863891,-0.1596016,0.0385099
3/20/2026 11:53:46.637,0.0008211,0.0190151,-0.0030687,0.9998143,0.0017586,0.0380272,-0.0061051,0.0425903,0.9863309,-0.1591776,0.0385470
3/20/2026 11:53:46.657,0.0008066,0.0190102,-0.0030464,0.9998143,0.0017288,0.0380176,-0.0060611,0.0418611,0.9865363,-0.1580941,0.0385470
3/20/2026 11:53:46.677,0.0008300,0.0190245,-0.0030134,0.9998142,0.0017743,0.0380462,-0.0059941,0.0430498,0.9867712,-0.1562991,0.0385594
3/20/2026 11:53:46.697,0.0008631,0.0190624,-0.0029836,0.9998135,0.0018397,0.0381218,-0.0059332,0.0446898,0.9869847,-0.1544801,0.0386273
3/20/2026 11:53:46.717,0.0009131,0.0190865,-0.0029664,0.9998130,0.0019390,0.0381697,-0.0058968,0.0472185,0.9870351,-0.1534020,0.0386828
3/20/2026 11:53:46.737,0.0009469,0.0190976,-0.0029574,0.9998127,0.0020064,0.0381918,-0.0058775,0.0489403,0.9870371,-0.1528484,0.0387075
3/20/2026 11:53:46.757,0.0009880,0.0190811,-0.0029757,0.9998131,0.0020891,0.0381584,-0.0059126,0.0510925,0.9867668,-0.1538861,0.0386705
3/20/2026 11:53:46.777,0.0010280,0.0190914,-0.0029474,0.9998128,0.0021682,0.0381791,-0.0058544,0.0531426,0.9868956,-0.1523582,0.0386952
3/20/2026 11:53:46.797,0.0010522,0.0190862,-0.0029208,0.9998131,0.0022156,0.0381685,-0.0058003,0.0544161,0.9870281,-0.1510445,0.0386705
3/20/2026 11:53:46.817,0.0010597,0.0190718,-0.0029054,0.9998133,0.0022298,0.0381397,-0.0057694,0.0548470,0.9871060,-0.1503782,0.0386458
3/20/2026 11:53:46.837,0.0010842,0.0190820,-0.0028942,0.9998131,0.0022785,0.0381600,-0.0057460,0.0560876,0.9871361,-0.1497219,0.0386643
3/20/2026 11:53:46.857,0.0011122,0.0190810,-0.0029196,0.9998130,0.0023353,0.0381577,-0.0057957,0.0575198,0.9868588,-0.1510005,0.0386767
3/20/2026 11:53:46.877,0.0011148,0.0190475,-0.0029083,0.9998137,0.0023399,0.0380907,-0.0057731,0.0577591,0.9868929,-0.1506862,0.0386026
3/20/2026 11:53:46.897,0.0011322,0.0190298,-0.0029168,0.9998140,0.0023751,0.0380552,-0.0057895,0.0587096,0.9867514,-0.1512447,0.0385779
3/20/2026 11:53:46.917,0.0011329,0.0190168,-0.0029188,0.9998143,0.0023764,0.0380293,-0.0057934,0.0587829,0.9867163,-0.1514447,0.0385470
3/20/2026 11:53:46.937,0.0011220,0.0190300,-0.0028877,0.9998140,0.0023536,0.0380558,-0.0057316,0.0581954,0.9870065,-0.1497713,0.0385717
3/20/2026 11:53:46.957,0.0011150,0.0190555,-0.0028535,0.9998137,0.0023383,0.0381068,-0.0056635,0.0577699,0.9873213,-0.1478494,0.0386026
3/20/2026 11:53:46.977,0.0011153,0.0190744,-0.0028557,0.9998133,0.0023391,0.0381446,-0.0056679,0.0577302,0.9873282,-0.1478184,0.0386520
3/20/2026 11:53:46.997,0.0011029,0.0190804,-0.0028677,0.9998132,0.0023147,0.0381567,-0.0056923,0.0570653,0.9872819,-0.1483844,0.0386582
3/20/2026 11:53:47.017,0.0010796,0.0190608,-0.0028696,0.9998136,0.0022681,0.0381177,-0.0056970,0.0559187,0.9873095,-0.1486373,0.0386211
3/20/2026 11:53:47.037,0.0010805,0.0190568,-0.0028763,0.9998136,0.0022703,0.0381097,-0.0057104,0.0559775,0.9872501,-0.1490090,0.0386150
3/20/2026 11:53:47.057,0.0010839,0.0190702,-0.0028721,0.9998134,0.0022770,0.0381364,-0.0057019,0.0561154,0.9872898,-0.1486941,0.0386335
3/20/2026 11:53:47.077,0.0010826,0.0190743,-0.0028620,0.9998134,0.0022739,0.0381447,-0.0056817,0.0560395,0.9873757,-0.1481513,0.0386335
3/20/2026 11:53:47.097,0.0010590,0.0190808,-0.0028698,0.9998132,0.0022271,0.0381578,-0.0056982,0.0547994,0.9873919,-0.1485069,0.0386582
3/20/2026 11:53:47.117,0.0010696,0.0190973,-0.0028673,0.9998129,0.0022482,0.0381908,-0.0056928,0.0552997,0.9874024,-0.1482512,0.0386890
3/20/2026 11:53:47.137,0.0010943,0.0191418,-0.0028824,0.9998119,0.0022986,0.0382796,-0.0057219,0.0564419,0.9872755,-0.1486651,0.0387936
3/20/2026 11:53:47.157,0.0011337,0.0191952,-0.0029059,0.9998109,0.0023785,0.0383861,-0.0057672,0.0582968,0.9870527,-0.1494269,0.0388918
3/20/2026 11:53:47.177,0.0011428,0.0192635,-0.0028812,0.9998096,0.0023961,0.0385227,-0.0057174,0.0585704,0.9873010,-0.1476695,0.0390265
3/20/2026 11:53:47.197,0.0011249,0.0193054,-0.0028666,0.9998088,0.0023600,0.0386067,-0.0056888,0.0575406,0.9875158,-0.1466343,0.0391058
3/20/2026 11:53:47.217,0.0011233,0.0193471,-0.0028466,0.9998081,0.0023562,0.0386902,-0.0056487,0.0573450,0.9877204,-0.1453273,0.0391850
3/20/2026 11:53:47.237,0.0011164,0.0193613,-0.0028296,0.9998080,0.0023420,0.0387187,-0.0056150,0.0569649,0.9878817,-0.1443767,0.0391972
3/20/2026 11:53:47.257,0.0011167,0.0193843,-0.0028119,0.9998076,0.0023419,0.0387647,-0.0055795,0.0569177,0.9880376,-0.1433249,0.0392337
3/20/2026 11:53:47.277,0.0011098,0.0194174,-0.0028192,0.9998069,0.0023286,0.0388308,-0.0055943,0.0564710,0.9880444,-0.1434543,0.0393065
3/20/2026 11:53:47.297,0.0010943,0.0194670,-0.0028337,0.9998058,0.0022986,0.0389302,-0.0056237,0.0555429,0.9880436,-0.1438225,0.0394156
3/20/2026 11:53:47.317,0.0010273,0.0195131,-0.0027978,0.9998052,0.0021634,0.0390229,-0.0055545,0.0520435,0.9885350,-0.1417389,0.0394820
3/20/2026 11:53:47.337,0.0009418,0.0195190,-0.0027238,0.9998053,0.0019896,0.0390354,-0.0054097,0.0477329,0.9892747,-0.1380474,0.0394700
3/20/2026 11:53:47.357,0.0009059,0.0194998,-0.0026645,0.9998059,0.0019153,0.0389972,-0.0052926,0.0459790,0.9897455,-0.1352396,0.0394095
3/20/2026 11:53:47.377,0.0008827,0.0194696,-0.0025970,0.9998066,0.0018661,0.0389370,-0.0051586,0.0448916,0.9902219,-0.1320809,0.0393308
3/20/2026 11:53:47.397,0.0007626,0.0194736,-0.0024120,0.9998072,0.0016189,0.0389460,-0.0047933,0.0388351,0.9916680,-0.1228262,0.0392701
3/20/2026 11:53:47.417,0.0006694,0.0194647,-0.0022595,0.9998077,0.0014266,0.0389288,-0.0044922,0.0341428,0.9927505,-0.1152425,0.0392215
3/20/2026 11:53:47.437,0.0006908,0.0194667,-0.0022219,0.9998077,0.0014679,0.0389328,-0.0044160,0.0352377,0.9929323,-0.1133308,0.0392215
3/20/2026 11:53:47.457,0.0006978,0.0194917,-0.0022087,0.9998074,0.0014814,0.0389828,-0.0043894,0.0355486,0.9930130,-0.1125229,0.0392580
3/20/2026 11:53:47.477,0.0006614,0.0194817,-0.0021437,0.9998077,0.0014061,0.0389630,-0.0042607,0.0337265,0.9934352,-0.1093118,0.0392276
3/20/2026 11:53:47.497,0.0006526,0.0194636,-0.0021266,0.9998081,0.0013877,0.0389268,-0.0042271,0.0333119,0.9935321,-0.1085556,0.0391850
3/20/2026 11:53:47.517,0.0006604,0.0194761,-0.0021312,0.9998078,0.0014035,0.0389517,-0.0042358,0.0336856,0.9935023,-0.1087133,0.0392154
3/20/2026 11:53:47.537,0.0006058,0.0194928,-0.0021112,0.9998076,0.0012937,0.0389855,-0.0041980,0.0308831,0.9937117,-0.1076256,0.0392337
3/20/2026 11:53:47.557,0.0005381,0.0194897,-0.0020716,0.9998077,0.0011567,0.0389795,-0.0041214,0.0274431,0.9940240,-0.1056556,0.0392215
3/20/2026 11:53:47.577,0.0004855,0.0194664,-0.0020510,0.9998082,0.0010507,0.0389332,-0.0040824,0.0247974,0.9941894,-0.1047504,0.0391728
3/20/2026 11:53:47.597,0.0004159,0.0194548,-0.0020510,0.9998085,0.0009115,0.0389103,-0.0040850,0.0212572,0.9942643,-0.1048175,0.0391363
3/20/2026 11:53:47.617,0.0003494,0.0194533,-0.0020763,0.9998085,0.0007795,0.0389074,-0.0041383,0.0178579,0.9941935,-0.1061148,0.0391424
3/20/2026 11:53:47.637,0.0002868,0.0194695,-0.0020505,0.9998084,0.0006534,0.0389402,-0.0040890,0.0146505,0.9943933,-0.1047256,0.0391546
3/20/2026 11:53:47.657,0.0002233,0.0194796,-0.0020272,0.9998081,0.0005254,0.0389608,-0.0040450,0.0113994,0.9945637,-0.1035041,0.0391789
3/20/2026 11:53:47.677,0.0001636,0.0194663,-0.0020095,0.9998084,0.0004054,0.0389342,-0.0040118,0.0083600,0.9946795,-0.1026786,0.0391546
3/20/2026 11:53:47.697,0.0001161,0.0194458,-0.0019895,0.9998090,0.0003096,0.0388936,-0.0039737,0.0059414,0.9947895,-0.1017765,0.0390875
3/20/2026 11:53:47.717,0.0000281,0.0194609,-0.0019556,0.9998087,0.0001322,0.0389240,-0.0039094,0.0014351,0.9949878,-0.0999852,0.0391241
3/20/2026 11:53:47.737,-0.0000498,0.0194819,-0.0018852,0.9998084,-0.0000262,0.0389663,-0.0037717,-0.0025465,0.9953473,-0.0963184,0.0391546
3/20/2026 11:53:47.757,-0.0000833,0.0195092,-0.0018332,0.9998080,-0.0000950,0.0390211,-0.0036690,-0.0042497,0.9956052,-0.0935530,0.0391911
3/20/2026 11:53:47.777,-0.0001686,0.0195221,-0.0017383,0.9998080,-0.0002693,0.0390473,-0.0034826,-0.0086028,0.9960220,-0.0886907,0.0391972
3/20/2026 11:53:47.797,-0.0002470,0.0195292,-0.0016414,0.9998078,-0.0004298,0.0390617,-0.0032918,-0.0126035,0.9964073,-0.0837464,0.0392093
3/20/2026 11:53:47.817,-0.0002822,0.0195311,-0.0016114,0.9998079,-0.0005014,0.0390655,-0.0032333,-0.0144003,0.9965103,-0.0822187,0.0392033
3/20/2026 11:53:47.837,-0.0003256,0.0195641,-0.0015937,0.9998073,-0.0005887,0.0391318,-0.0031996,-0.0165853,0.9965613,-0.0811823,0.0392640
3/20/2026 11:53:47.857,-0.0003635,0.0196089,-0.0015093,0.9998065,-0.0006676,0.0392215,-0.0030323,-0.0184784,0.9968806,-0.0767310,0.0393490
3/20/2026 11:53:47.877,-0.0003985,0.0196594,-0.0013851,0.9998057,-0.0007423,0.0393225,-0.0027853,-0.0202149,0.9973236,-0.0702640,0.0394276
3/20/2026 11:53:47.897,-0.0003836,0.0196905,-0.0013489,0.9998051,-0.0007138,0.0393845,-0.0027124,-0.0194301,0.9974734,-0.0683314,0.0394881
3/20/2026 11:53:47.917,-0.0003662,0.0197414,-0.0013272,0.9998041,-0.0006799,0.0394862,-0.0026683,-0.0185069,0.9975769,-0.0670660,0.0395846
3/20/2026 11:53:47.937,-0.0003774,0.0197874,-0.0013161,0.9998033,-0.0007025,0.0395784,-0.0026467,-0.0190257,0.9976146,-0.0663556,0.0396688
3/20/2026 11:53:47.957,-0.0004223,0.0198155,-0.0012920,0.9998028,-0.0007933,0.0396347,-0.0026003,-0.0212638,0.9976555,-0.0650506,0.0397229
3/20/2026 11:53:47.977,-0.0004521,0.0198607,-0.0012191,0.9998019,-0.0008556,0.0397252,-0.0024557,-0.0227155,0.9978638,-0.0612513,0.0398068
3/20/2026 11:53:47.997,-0.0004542,0.0198826,-0.0011489,0.9998016,-0.0008624,0.0397688,-0.0023154,-0.0227980,0.9980752,-0.0576732,0.0398427
3/20/2026 11:53:48.017,-0.0004506,0.0198999,-0.0011276,0.9998012,-0.0008562,0.0398034,-0.0022727,-0.0226020,0.9981433,-0.0565599,0.0398786
3/20/2026 11:53:48.037,-0.0004285,0.0199353,-0.0011483,0.9998004,-0.0008111,0.0398741,-0.0023133,-0.0214547,0.9981152,-0.0574950,0.0399563
3/20/2026 11:53:48.057,-0.0004197,0.0200120,-0.0011928,0.9997990,-0.0007915,0.0400277,-0.0024019,-0.0209310,0.9980097,-0.0594848,0.0400992
3/20/2026 11:53:48.077,-0.0004158,0.0200486,-0.0012030,0.9997982,-0.0007833,0.0401009,-0.0024222,-0.0206995,0.9979908,-0.0598831,0.0401824
3/20/2026 11:53:48.097,-0.0004168,0.0200682,-0.0011513,0.9997979,-0.0007871,0.0401400,-0.0023189,-0.0207285,0.9981438,-0.0572649,0.0402121
3/20/2026 11:53:48.117,-0.0004188,0.0197414,-0.0011114,0.9998044,-0.0007935,0.0394862,-0.0022390,-0.0211754,0.9981950,-0.0561978,0.0395605
3/20/2026 11:53:48.137,-0.0004216,0.0197581,-0.0011161,0.9998040,-0.0007990,0.0395197,-0.0022485,-0.0213007,0.9981818,-0.0563874,0.0396026
3/20/2026 11:53:48.157,-0.0004751,0.0197571,-0.0011275,0.9998040,-0.0009054,0.0395179,-0.0022734,-0.0240002,0.9980879,-0.0569606,0.0395966
3/20/2026 11:53:48.177,-0.0005288,0.0197636,-0.0011392,0.9998038,-0.0010124,0.0395309,-0.0022988,-0.0267032,0.9979870,-0.0575231,0.0396207
3/20/2026 11:53:48.197,-0.0005917,0.0197902,-0.0011828,0.9998032,-0.0011363,0.0395845,-0.0023886,-0.0298317,0.9977744,-0.0596356,0.0396808
3/20/2026 11:53:48.217,-0.0006458,0.0198185,-0.0012553,0.9998026,-0.0012415,0.0396412,-0.0025357,-0.0325015,0.9974729,-0.0631793,0.0397409
3/20/2026 11:53:48.237,-0.0007125,0.0198082,-0.0013073,0.9998027,-0.0013730,0.0396209,-0.0026423,-0.0358695,0.9971872,-0.0658114,0.0397289
3/20/2026 11:53:48.257,-0.0007332,0.0198161,-0.0009752,0.9998028,-0.0014275,0.0396362,-0.0019791,-0.0369308,0.9981099,-0.0491192,0.0397229
3/20/2026 11:53:48.277,-0.0008039,0.0198496,-0.0009643,0.9998021,-0.0015692,0.0397034,-0.0019600,-0.0404197,0.9980059,-0.0484810,0.0397948
3/20/2026 11:53:48.297,-0.0008910,0.0198799,-0.0009577,0.9998015,-0.0017436,0.0397641,-0.0019504,-0.0447228,0.9978423,-0.0480702,0.0398487
3/20/2026 11:53:48.317,-0.0009462,0.0199008,-0.0010039,0.9998009,-0.0018520,0.0398063,-0.0020451,-0.0474304,0.9976060,-0.0503253,0.0399085
3/20/2026 11:53:48.337,-0.0009799,0.0199265,-0.0010159,0.9998004,-0.0019189,0.0398577,-0.0020704,-0.0490524,0.9975007,-0.0508545,0.0399622
3/20/2026 11:53:48.357,-0.0010225,0.0199419,-0.0010167,0.9998001,-0.0020041,0.0398886,-0.0020737,-0.0511409,0.9973961,-0.0508494,0.0399861
3/20/2026 11:53:48.377,-0.0010568,0.0199639,-0.0010317,0.9997996,-0.0020720,0.0399326,-0.0021052,-0.0527916,0.9972748,-0.0515368,0.0400397
3/20/2026 11:53:48.397,-0.0011056,0.0199986,-0.0010593,0.9997989,-0.0021683,0.0400023,-0.0021624,-0.0551211,0.9970820,-0.0528133,0.0401111
3/20/2026 11:53:48.417,-0.0011641,0.0200412,-0.0010742,0.9997979,-0.0022846,0.0400877,-0.0021946,-0.0579041,0.9968912,-0.0534333,0.0402061
3/20/2026 11:53:48.437,-0.0012352,0.0200712,-0.0010879,0.9997971,-0.0024261,0.0401478,-0.0022249,-0.0613328,0.9966546,-0.0540193,0.0402891
3/20/2026 11:53:48.457,-0.0012850,0.0201127,-0.0011007,0.9997963,-0.0025253,0.0402310,-0.0022526,-0.0636664,0.9964802,-0.0545317,0.0403659
3/20/2026 11:53:48.477,-0.0013211,0.0201363,-0.0011569,0.9997957,-0.0025951,0.0402785,-0.0023666,-0.0653602,0.9962189,-0.0572365,0.0404250
3/20/2026 11:53:48.497,-0.0013456,0.0201964,-0.0012183,0.9997943,-0.0026415,0.0403989,-0.0024904,-0.0663590,0.9959855,-0.0600791,0.0405663
3/20/2026 11:53:48.517,-0.0013578,0.0206149,-0.0013268,0.9997858,-0.0026604,0.0412364,-0.0027091,-0.0655896,0.9957864,-0.0640908,0.0413982
3/20/2026 11:53:48.537,-0.0013893,0.0206132,-0.0015107,0.9997854,-0.0027158,0.0412335,-0.0030781,-0.0670687,0.9950795,-0.0729299,0.0414385
3/20/2026 11:53:48.557,-0.0013929,0.0206212,-0.0017194,0.9997849,-0.0027142,0.0412503,-0.0034955,-0.0671597,0.9942921,-0.0829026,0.0414788
3/20/2026 11:53:48.577,-0.0013823,0.0206278,-0.0018533,0.9997846,-0.0026875,0.0412637,-0.0037628,-0.0665930,0.9937774,-0.0892851,0.0415075
3/20/2026 11:53:48.597,-0.0013641,0.0206531,-0.0019085,0.9997839,-0.0026487,0.0413144,-0.0038725,-0.0656245,0.9936113,-0.0918150,0.0415821
3/20/2026 11:53:48.617,-0.0013651,0.0206731,-0.0018808,0.9997836,-0.0026518,0.0413543,-0.0038173,-0.0656186,0.9937405,-0.0904103,0.0416108
3/20/2026 11:53:48.637,-0.0013687,0.0206779,-0.0018808,0.9997835,-0.0026590,0.0413640,-0.0038173,-0.0657753,0.9937325,-0.0903846,0.0416165
3/20/2026 11:53:48.657,-0.0013805,0.0206961,-0.0018539,0.9997831,-0.0026836,0.0414003,-0.0037641,-0.0662901,0.9938212,-0.0890230,0.0416566
3/20/2026 11:53:48.677,-0.0014187,0.0207199,-0.0018319,0.9997826,-0.0027609,0.0414480,-0.0037218,-0.0680469,0.9938054,-0.0878652,0.0417081
3/20/2026 11:53:48.697,-0.0013388,0.0208016,-0.0017260,0.9997813,-0.0026051,0.0416109,-0.0035070,-0.0640061,0.9945317,-0.0825224,0.0418280
3/20/2026 11:53:48.717,-0.0013466,0.0208025,-0.0017396,0.9997811,-0.0026203,0.0416127,-0.0035345,-0.0643742,0.9944547,-0.0831606,0.0418508
3/20/2026 11:53:48.737,-0.0013546,0.0208132,-0.0017494,0.9997809,-0.0026358,0.0416343,-0.0035545,-0.0647181,0.9943970,-0.0835832,0.0418679
3/20/2026 11:53:48.757,-0.0013535,0.0208137,-0.0017644,0.9997809,-0.0026329,0.0416353,-0.0035844,-0.0646593,0.9943410,-0.0842914,0.0418679
3/20/2026 11:53:48.777,-0.0013384,0.0207955,-0.0017422,0.9997814,-0.0026037,0.0415986,-0.0035392,-0.0640027,0.9944660,-0.0833123,0.0418223
3/20/2026 11:53:48.797,-0.0013359,0.0207601,-0.0017603,0.9997820,-0.0025981,0.0415279,-0.0035753,-0.0639862,0.9943826,-0.0843153,0.0417652
3/20/2026 11:53:48.817,-0.0013012,0.0207749,-0.0018260,0.9997815,-0.0025260,0.0415575,-0.0037054,-0.0622737,0.9942259,-0.0873892,0.0418052
3/20/2026 11:53:48.837,-0.0012646,0.0208113,-0.0018708,0.9997807,-0.0024508,0.0416304,-0.0037934,-0.0604098,0.9941651,-0.0893675,0.0418849
3/20/2026 11:53:48.857,-0.0012493,0.0208424,-0.0018359,0.9997802,-0.0024215,0.0416924,-0.0037231,-0.0596032,0.9943719,-0.0875904,0.0419305
3/20/2026 11:53:48.877,-0.0012346,0.0208751,-0.0018070,0.9997795,-0.0023932,0.0417577,-0.0036647,-0.0588190,0.9945496,-0.0860893,0.0419986
3/20/2026 11:53:48.897,-0.0012303,0.0209067,-0.0018199,0.9997791,-0.0023839,0.0418210,-0.0036904,-0.0585229,0.9945253,-0.0865710,0.0420384
3/20/2026 11:53:48.917,-0.0012341,0.0209427,-0.0017846,0.9997783,-0.0023929,0.0418929,-0.0036200,-0.0586140,0.9946761,-0.0847575,0.0421177
3/20/2026 11:53:48.937,-0.0012823,0.0209775,-0.0017481,0.9997776,-0.0024907,0.0419626,-0.0035493,-0.0608033,0.9947019,-0.0828925,0.0421856
3/20/2026 11:53:48.957,-0.0012682,0.0209987,-0.0017481,0.9997772,-0.0024625,0.0420050,-0.0035487,-0.0600795,0.9947525,-0.0828120,0.0422195
3/20/2026 11:53:48.977,-0.0012382,0.0210239,-0.0017810,0.9997765,-0.0024009,0.0420552,-0.0036132,-0.0585828,0.9947198,-0.0842649,0.0422815
3/20/2026 11:53:48.997,-0.0012133,0.0210417,-0.0018083,0.9997761,-0.0023501,0.0420909,-0.0036669,-0.0573577,0.9946873,-0.0854832,0.0423266
3/20/2026 11:53:49.017,-0.0011914,0.0210406,-0.0018403,0.9997762,-0.0023048,0.0420886,-0.0037300,-0.0563173,0.9946156,-0.0869955,0.0423097
3/20/2026 11:53:49.037,-0.0011967,0.0210188,-0.0018708,0.9997765,-0.0023142,0.0420453,-0.0037910,-0.0566185,0.9944647,-0.0885120,0.0422815
3/20/2026 11:53:49.057,-0.0012049,0.0210006,-0.0018998,0.9997768,-0.0023294,0.0420089,-0.0038493,-0.0570477,0.9943113,-0.0899487,0.0422533
3/20/2026 11:53:49.077,-0.0012219,0.0210082,-0.0019198,0.9997767,-0.0023625,0.0420241,-0.0038901,-0.0578235,0.9941843,-0.0908526,0.0422646
3/20/2026 11:53:49.097,-0.0012297,0.0209982,-0.0019645,0.9997768,-0.0023764,0.0420042,-0.0039798,-0.0582105,0.9939640,-0.0929904,0.0422533
3/20/2026 11:53:49.117,-0.0012171,0.0209938,-0.0019882,0.9997769,-0.0023501,0.0419955,-0.0040266,-0.0576192,0.9938916,-0.0941251,0.0422477
3/20/2026 11:53:49.137,-0.0012182,0.0209845,-0.0020105,0.9997770,-0.0023515,0.0419769,-0.0040712,-0.0576920,0.9937837,-0.0952131,0.0422364
3/20/2026 11:53:49.157,-0.0012195,0.0209848,-0.0020178,0.9997770,-0.0023538,0.0419775,-0.0040858,-0.0577505,0.9937478,-0.0955522,0.0422421
3/20/2026 11:53:49.177,-0.0012381,0.0210153,-0.0020082,0.9997764,-0.0023913,0.0420388,-0.0040676,-0.0585482,0.9937576,-0.0949625,0.0422985
3/20/2026 11:53:49.197,-0.0012663,0.0210787,-0.0020147,0.9997749,-0.0024470,0.0421656,-0.0040818,-0.0596937,0.9936883,-0.0949747,0.0424335
3/20/2026 11:53:49.217,-0.0012681,0.0211158,-0.0020177,0.9997742,-0.0024504,0.0422399,-0.0040881,-0.0596746,0.9936916,-0.0949530,0.0425065
3/20/2026 11:53:49.237,-0.0012556,0.0211013,-0.0020244,0.9997745,-0.0024251,0.0422108,-0.0041010,-0.0591258,0.9936879,-0.0953334,0.0424785
3/20/2026 11:53:49.257,-0.0012452,0.0210803,-0.0020506,0.9997749,-0.0024035,0.0421688,-0.0041528,-0.0586924,0.9935864,-0.0966510,0.0424392
3/20/2026 11:53:49.277,-0.0012323,0.0210618,-0.0021748,0.9997750,-0.0023724,0.0421320,-0.0044005,-0.0581001,0.9930310,-0.1025363,0.0424279
3/20/2026 11:53:49.297,-0.0011818,0.0210494,-0.0023048,0.9997750,-0.0022660,0.0421074,-0.0046584,-0.0557233,0.9925143,-0.1086754,0.0424279
3/20/2026 11:53:49.317,-0.0011369,0.0210406,-0.0024118,0.9997751,-0.0021718,0.0420897,-0.0048704,-0.0536058,0.9920658,-0.1137180,0.0424223
3/20/2026 11:53:49.337,-0.0011212,0.0210552,-0.0024928,0.9997746,-0.0021369,0.0421191,-0.0050318,-0.0528073,0.9916786,-0.1174093,0.0424672
3/20/2026 11:53:49.357,-0.0011058,0.0210657,-0.0025980,0.9997742,-0.0021016,0.0421403,-0.0052415,-0.0520263,0.9911365,-0.1222362,0.0425065
3/20/2026 11:53:49.377,-0.0010898,0.0210270,-0.0027117,0.9997746,-0.0020650,0.0420630,-0.0054680,-0.0513328,0.9904792,-0.1277343,0.0424616
3/20/2026 11:53:49.397,-0.0010525,0.0209695,-0.0028180,0.9997756,-0.0019864,0.0419479,-0.0056790,-0.0496835,0.9898666,-0.1330246,0.0423717
3/20/2026 11:53:49.417,-0.0014584,0.0209084,-0.0029192,0.9997761,-0.0027942,0.0418282,-0.0058981,-0.0689194,0.9880388,-0.1379473,0.0423210
3/20/2026 11:53:49.437,-0.0014351,0.0208659,-0.0030078,0.9997766,-0.0027440,0.0417434,-0.0060742,-0.0679146,0.9874845,-0.1423447,0.0422759
3/20/2026 11:53:49.457,-0.0013785,0.0208331,-0.0031056,0.9997772,-0.0026270,0.0416778,-0.0062673,-0.0653051,0.9869598,-0.1471248,0.0422195
3/20/2026 11:53:49.477,-0.0013730,0.0208033,-0.0031649,0.9997776,-0.0026137,0.0416182,-0.0063855,-0.0651108,0.9865270,-0.1500833,0.0421799
3/20/2026 11:53:49.497,-0.0013327,0.0207632,-0.0032663,0.9997782,-0.0025291,0.0415380,-0.0065866,-0.0632766,0.9858717,-0.1550902,0.0421290
3/20/2026 11:53:49.517,-0.0012919,0.0207246,-0.0033948,0.9997787,-0.0024426,0.0414609,-0.0068418,-0.0614017,0.9849856,-0.1613479,0.0420780
3/20/2026 11:53:49.537,-0.0012936,0.0206890,-0.0034521,0.9997792,-0.0024438,0.0413897,-0.0069564,-0.0615563,0.9844926,-0.1642712,0.0420327
3/20/2026 11:53:49.557,-0.0012858,0.0206874,-0.0034948,0.9997792,-0.0024264,0.0413865,-0.0070414,-0.0611705,0.9841822,-0.1662633,0.0420327
3/20/2026 11:53:49.577,-0.0012785,0.0206645,-0.0035316,0.9997793,-0.0024104,0.0413409,-0.0071146,-0.0608708,0.9838805,-0.1681480,0.0420213
3/20/2026 11:53:49.597,-0.0012648,0.0206475,-0.0035834,0.9997796,-0.0023811,0.0413069,-0.0072176,-0.0602455,0.9834821,-0.1706852,0.0419930
3/20/2026 11:53:49.617,-0.0012856,0.0206142,-0.0036387,0.9997800,-0.0024207,0.0412406,-0.0073288,-0.0613020,0.9829245,-0.1734980,0.0419532
3/20/2026 11:53:49.637,-0.0013046,0.0205444,-0.0036823,0.9997813,-0.0024573,0.0411012,-0.0074166,-0.0623826,0.9823974,-0.1760791,0.0418337
3/20/2026 11:53:49.657,-0.0013226,0.0204731,-0.0037408,0.9997824,-0.0024914,0.0409588,-0.0075343,-0.0634195,0.9817333,-0.1793817,0.0417252
3/20/2026 11:53:49.677,-0.0013129,0.0204261,-0.0037823,0.9997833,-0.0024708,0.0408647,-0.0076167,-0.0630764,0.9813268,-0.1817120,0.0416337
3/20/2026 11:53:49.697,-0.0013231,0.0203919,-0.0038296,0.9997838,-0.0024894,0.0407966,-0.0077116,-0.0636391,0.9808266,-0.1841993,0.0415936
3/20/2026 11:53:49.717,-0.0012925,0.0203375,-0.0039118,0.9997846,-0.0024253,0.0406877,-0.0078747,-0.0622856,0.9800926,-0.1885173,0.0415075
3/20/2026 11:53:49.737,-0.0012571,0.0202663,-0.0039610,0.9997860,-0.0023531,0.0405450,-0.0079714,-0.0607635,0.9796169,-0.1914645,0.0413810
3/20/2026 11:53:49.757,-0.0012464,0.0202011,-0.0039930,0.9997872,-0.0023310,0.0404146,-0.0080348,-0.0604200,0.9792266,-0.1935575,0.0412598
3/20/2026 11:53:49.777,-0.0012614,0.0201842,-0.0039939,0.9997874,-0.0023610,0.0403810,-0.0080371,-0.0611896,0.9791421,-0.1937434,0.0412367
3/20/2026 11:53:49.797,-0.0012489,0.0201870,-0.0039898,0.9997875,-0.0023362,0.0403865,-0.0080284,-0.0605823,0.9792210,-0.1935351,0.0412309
3/20/2026 11:53:49.817,-0.0012111,0.0201837,-0.0040204,0.9997874,-0.0022593,0.0403796,-0.0080881,-0.0587449,0.9790391,-0.1950167,0.0412367
3/20/2026 11:53:49.837,-0.0011632,0.0201666,-0.0040708,0.9997877,-0.0021616,0.0403451,-0.0081869,-0.0564468,0.9786658,-0.1975525,0.0412135
3/20/2026 11:53:49.857,-0.0011075,0.0201581,-0.0041248,0.9997876,-0.0020482,0.0403278,-0.0082926,-0.0537456,0.9782841,-0.2001792,0.0412251
3/20/2026 11:53:49.877,-0.0010587,0.0201496,-0.0041774,0.9997876,-0.0019485,0.0403105,-0.0083958,-0.0513784,0.9778850,-0.2027341,0.0412193
3/20/2026 11:53:49.897,-0.0010431,0.0201317,-0.0041936,0.9997880,-0.0019170,0.0402746,-0.0084275,-0.0506616,0.9777285,-0.2036673,0.0411846
3/20/2026 11:53:49.917,-0.0009857,0.0201388,-0.0041920,0.9997878,-0.0018022,0.0402883,-0.0084219,-0.0478641,0.9778936,-0.2035513,0.0412019
3/20/2026 11:53:49.937,-0.0009224,0.0201584,-0.0041789,0.9997877,-0.0016759,0.0403269,-0.0083933,-0.0447591,0.9781998,-0.2027847,0.0412077
3/20/2026 11:53:49.957,-0.0008611,0.0201688,-0.0041612,0.9997876,-0.0015540,0.0403471,-0.0083556,-0.0417769,0.9785171,-0.2018890,0.0412193
3/20/2026 11:53:49.977,-0.0007896,0.0201819,-0.0041198,0.9997874,-0.0014125,0.0403728,-0.0082698,-0.0383032,0.9790753,-0.1998613,0.0412367
3/20/2026 11:53:49.997,-0.0007533,0.0201596,-0.0040928,0.9997880,-0.0013412,0.0403278,-0.0082144,-0.0365931,0.9793507,-0.1988293,0.0411846
3/20/2026 11:53:50.017,-0.0006950,0.0201319,-0.0040802,0.9997888,-0.0012254,0.0402719,-0.0081868,-0.0338153,0.9795127,-0.1985232,0.0411092
3/20/2026 11:53:50.037,-0.0006809,0.0201147,-0.0040585,0.9997892,-0.0011982,0.0402372,-0.0081428,-0.0331632,0.9797067,-0.1976738,0.0410686
3/20/2026 11:53:50.057,-0.0006234,0.0200837,-0.0040517,0.9997898,-0.0010837,0.0401748,-0.0081269,-0.0304112,0.9797975,-0.1976661,0.0410047
3/20/2026 11:53:50.077,-0.0005299,0.0200533,-0.0040272,0.9997905,-0.0008981,0.0401133,-0.0080741,-0.0259003,0.9800957,-0.1968286,0.0409349
3/20/2026 11:53:50.097,-0.0004665,0.0200447,-0.0039948,0.9997910,-0.0007727,0.0400955,-0.0080066,-0.0228181,0.9804585,-0.1953983,0.0408883
3/20/2026 11:53:50.117,-0.0003793,0.0200393,-0.0039491,0.9997913,-0.0006001,0.0400840,-0.0079118,-0.0185656,0.9809612,-0.1933141,0.0408591
3/20/2026 11:53:50.137,-0.0003343,0.0200321,-0.0038364,0.9997919,-0.0005148,0.0400691,-0.0076847,-0.0163891,0.9820188,-0.1880702,0.0408007
3/20/2026 11:53:50.157,-0.0003166,0.0200131,-0.0037399,0.9997926,-0.0004834,0.0400310,-0.0074909,-0.0155494,0.9828652,-0.1836692,0.0407305
3/20/2026 11:53:50.177,-0.0003057,0.0200160,-0.0036595,0.9997928,-0.0004647,0.0400367,-0.0073298,-0.0150213,0.9835837,-0.1798264,0.0407129
3/20/2026 11:53:50.197,-0.0003291,0.0200101,-0.0035430,0.9997934,-0.0005163,0.0400250,-0.0070978,-0.0161933,0.9845549,-0.1743253,0.0406602
3/20/2026 11:53:50.217,-0.0003070,0.0200046,-0.0034124,0.9997940,-0.0004773,0.0400137,-0.0068357,-0.0151243,0.9856486,-0.1681314,0.0405956
3/20/2026 11:53:50.237,-0.0002192,0.0200258,-0.0033697,0.9997938,-0.0003033,0.0400554,-0.0067468,-0.0107913,0.9860792,-0.1659253,0.0406191
3/20/2026 11:53:50.257,-0.0001652,0.0200546,-0.0033307,0.9997932,-0.0001968,0.0401127,-0.0066668,-0.0081278,0.9864545,-0.1638333,0.0406719
3/20/2026 11:53:50.277,-0.0001381,0.0195993,-0.0032196,0.9998027,-0.0001500,0.0392017,-0.0064433,-0.0069539,0.9867508,-0.1620940,0.0397289
3/20/2026 11:53:50.297,-0.0001245,0.0196126,-0.0030192,0.9998031,-0.0001306,0.0392282,-0.0060422,-0.0062754,0.9883377,-0.1521488,0.0396928
3/20/2026 11:53:50.317,-0.0001349,0.0196329,-0.0028327,0.9998032,-0.0001585,0.0392690,-0.0056696,-0.0068006,0.9897281,-0.1428006,0.0396808
3/20/2026 11:53:50.337,-0.0001287,0.0196343,-0.0027214,0.9998035,-0.0001504,0.0392718,-0.0054468,-0.0064906,0.9905096,-0.1372896,0.0396508
3/20/2026 11:53:50.357,-0.0001026,0.0196402,-0.0026336,0.9998036,-0.0001017,0.0392834,-0.0052703,-0.0051772,0.9911155,-0.1329032,0.0396387
3/20/2026 11:53:50.377,-0.0000428,0.0196555,-0.0025724,0.9998035,0.0000155,0.0393137,-0.0051455,-0.0021594,0.9915420,-0.1297676,0.0396508
3/20/2026 11:53:50.397,0.0000263,0.0196856,-0.0025269,0.9998031,0.0001521,0.0393734,-0.0050518,0.0013245,0.9918609,-0.1273188,0.0396928
3/20/2026 11:53:50.417,0.0000115,0.0193287,-0.0025566,0.9998099,0.0001218,0.0386596,-0.0051117,0.0005905,0.9913656,-0.1311255,0.0389959
3/20/2026 11:53:50.437,-0.0000026,0.0193291,-0.0025876,0.9998099,0.0000949,0.0386606,-0.0051744,-0.0001324,0.9911577,-0.1326891,0.0390020
3/20/2026 11:53:50.457,0.0000482,0.0193050,-0.0026016,0.9998102,0.0001968,0.0386120,-0.0052004,0.0024740,0.9910381,-0.1335565,0.0389653
3/20/2026 11:53:50.477,0.0001036,0.0193057,-0.0026115,0.9998102,0.0003080,0.0386130,-0.0052180,0.0053190,0.9909607,-0.1340466,0.0389653
3/20/2026 11:53:50.497,0.0001159,0.0193214,-0.0025793,0.9998100,0.0003313,0.0386445,-0.0051531,0.0059433,0.9911896,-0.1323168,0.0389898
3/20/2026 11:53:50.517,0.0001736,0.0193555,-0.0025451,0.9998094,0.0004456,0.0387124,-0.0050826,0.0088913,0.9914261,-0.1303659,0.0390448
3/20/2026 11:53:50.537,0.0001849,0.0193458,-0.0025745,0.9998096,0.0004694,0.0386930,-0.0051409,0.0094750,0.9912166,-0.1319087,0.0390326
3/20/2026 11:53:50.557,0.0002113,0.0193465,-0.0025847,0.9998095,0.0005225,0.0386942,-0.0051603,0.0108249,0.9911351,-0.1324165,0.0390387
3/20/2026 11:53:50.577,0.0002543,0.0193445,-0.0025833,0.9998095,0.0006085,0.0386899,-0.0051558,0.0130315,0.9911166,-0.1323553,0.0390387
3/20/2026 11:53:50.597,0.0002597,0.0193582,-0.0025632,0.9998092,0.0006185,0.0387175,-0.0051153,0.0132960,0.9912601,-0.1312502,0.0390692
3/20/2026 11:53:50.617,0.0002720,0.0193968,-0.0025818,0.9998084,0.0006441,0.0387945,-0.0051521,0.0139000,0.9911619,-0.1319276,0.0391546
3/20/2026 11:53:50.637,0.0003000,0.0194365,-0.0026102,0.9998077,0.0007013,0.0388738,-0.0052078,0.0152935,0.9909868,-0.1330837,0.0392276
3/20/2026 11:53:50.657,0.0003230,0.0194581,-0.0026198,0.9998072,0.0007478,0.0389168,-0.0052261,0.0164478,0.9909236,-0.1334164,0.0392762
3/20/2026 11:53:50.677,0.0003585,0.0194771,-0.0026307,0.9998067,0.0008194,0.0389547,-0.0052464,0.0182400,0.9908367,-0.1338281,0.0393247
3/20/2026 11:53:50.697,0.0004004,0.0194800,-0.0026226,0.9998066,0.0009028,0.0389603,-0.0052286,0.0203646,0.9908532,-0.1333988,0.0393308
3/20/2026 11:53:50.717,0.0004341,0.0195068,-0.0026630,0.9998060,0.0009720,0.0390137,-0.0053080,0.0220446,0.9905694,-0.1352271,0.0393974
3/20/2026 11:53:50.737,0.0004464,0.0195289,-0.0026848,0.9998055,0.0009974,0.0390577,-0.0053511,0.0226386,0.9904280,-0.1361612,0.0394458
3/20/2026 11:53:50.757,0.0004411,0.0198750,-0.0026510,0.9997988,0.0009874,0.0397502,-0.0052834,0.0219947,0.9909818,-0.1321793,0.0401171
3/20/2026 11:53:50.777,0.0004513,0.0198779,-0.0026550,0.9997988,0.0010080,0.0397559,-0.0052909,0.0224986,0.9909472,-0.1323540,0.0401230
3/20/2026 11:53:50.797,0.0004641,0.0202498,-0.0026879,0.9997912,0.0010369,0.0404997,-0.0053560,0.0227141,0.9910492,-0.1315509,0.0408708
3/20/2026 11:53:50.817,0.0004889,0.0198853,-0.0027407,0.9997984,0.0010866,0.0397705,-0.0054609,0.0243488,0.9903414,-0.1364957,0.0401646
3/20/2026 11:53:50.837,0.0004899,0.0198945,-0.0027771,0.9997982,0.0010900,0.0397887,-0.0055336,0.0243790,0.9901028,-0.1382101,0.0401824
3/20/2026 11:53:50.857,0.0004874,0.0199091,-0.0027699,0.9997978,0.0010850,0.0398179,-0.0055193,0.0242427,0.9901689,-0.1377599,0.0402180
3/20/2026 11:53:50.877,0.0005392,0.0199834,-0.0027462,0.9997964,0.0011879,0.0399664,-0.0054698,0.0267214,0.9903350,-0.1360972,0.0403600
3/20/2026 11:53:50.897,0.0005844,0.0200439,-0.0027120,0.9997952,0.0012773,0.0400871,-0.0053994,0.0288823,0.9905572,-0.1340235,0.0404780
3/20/2026 11:53:50.917,0.0006069,0.0200972,-0.0026887,0.9997942,0.0013216,0.0401937,-0.0053519,0.0299188,0.9907255,-0.1325436,0.0405721
3/20/2026 11:53:50.937,0.0006005,0.0201439,-0.0026839,0.9997934,0.0013089,0.0402871,-0.0053425,0.0295378,0.9908080,-0.1320122,0.0406602
3/20/2026 11:53:50.957,0.0006342,0.0202053,-0.0027119,0.9997920,0.0013776,0.0404098,-0.0053970,0.0310914,0.9906337,-0.1329591,0.0407948
3/20/2026 11:53:50.977,0.0006812,0.0202551,-0.0027518,0.9997907,0.0014736,0.0405091,-0.0054749,0.0333067,0.9903474,-0.1345458,0.0409174
3/20/2026 11:53:50.997,0.0006981,0.0202769,-0.0027580,0.9997904,0.0015078,0.0405525,-0.0054866,0.0340957,0.9902999,-0.1346987,0.0409523
3/20/2026 11:53:51.017,0.0007210,0.0202797,-0.0027931,0.9997901,0.0015549,0.0405581,-0.0055558,0.0351970,0.9900346,-0.1363547,0.0409756
3/20/2026 11:53:51.037,0.0007549,0.0202996,-0.0028237,0.9997895,0.0016241,0.0405977,-0.0056156,0.0368084,0.9897925,-0.1376804,0.0410338
3/20/2026 11:53:51.057,0.0007702,0.0203284,-0.0028421,0.9997890,0.0016557,0.0406551,-0.0056516,0.0374985,0.9896714,-0.1383629,0.0410860
3/20/2026 11:53:51.077,0.0007467,0.0203355,-0.0028229,0.9997889,0.0016078,0.0406694,-0.0056142,0.0363440,0.9898480,-0.1374051,0.0410918
3/20/2026 11:53:51.097,0.0007244,0.0203493,-0.0028236,0.9997887,0.0015634,0.0406973,-0.0056166,0.0352374,0.9898949,-0.1373556,0.0411150
3/20/2026 11:53:51.117,0.0006628,0.0203740,-0.0028190,0.9997883,0.0014403,0.0407469,-0.0056099,0.0322097,0.9900490,-0.1369872,0.0411556
3/20/2026 11:53:51.137,0.0005714,0.0203998,-0.0028179,0.9997878,0.0012576,0.0407990,-0.0056113,0.0277373,0.9902129,-0.1367816,0.0412019
3/20/2026 11:53:51.157,0.0004926,0.0204342,-0.0028357,0.9997870,0.0011008,0.0408684,-0.0056501,0.0238687,0.9902259,-0.1374150,0.0412771
3/20/2026 11:53:51.177,0.0004244,0.0204449,-0.0028477,0.9997869,0.0009651,0.0408901,-0.0056769,0.0205574,0.9902291,-0.1379265,0.0412944
3/20/2026 11:53:51.197,0.0003876,0.0204577,-0.0028543,0.9997865,0.0008918,0.0409159,-0.0056915,0.0187597,0.9902324,-0.1381586,0.0413291
3/20/2026 11:53:51.217,0.0003392,0.0204729,-0.0028880,0.9997861,0.0007964,0.0409466,-0.0057610,0.0164018,0.9900630,-0.1396649,0.0413694
3/20/2026 11:53:51.237,0.0002853,0.0204512,-0.0028868,0.9997867,0.0006886,0.0409035,-0.0057606,0.0138124,0.9900899,-0.1397544,0.0413118
3/20/2026 11:53:51.257,0.0002022,0.0204697,-0.0028650,0.9997863,0.0005217,0.0409409,-0.0057205,0.0097834,0.9902995,-0.1386049,0.0413521
3/20/2026 11:53:51.277,0.0001227,0.0204876,-0.0028243,0.9997861,0.0003610,0.0409772,-0.0056424,0.0059320,0.9906141,-0.1365594,0.0413694
3/20/2026 11:53:51.297,0.0000933,0.0205347,-0.0027915,0.9997852,0.0003013,0.0410715,-0.0055780,0.0045038,0.9908763,-0.1347000,0.0414558
3/20/2026 11:53:51.317,0.0000808,0.0205945,-0.0027916,0.9997840,0.0002765,0.0411912,-0.0055787,0.0038870,0.9909300,-0.1343225,0.0415707
3/20/2026 11:53:51.337,0.0000081,0.0206233,-0.0027859,0.9997835,0.0001311,0.0412493,-0.0055702,0.0003893,0.9909990,-0.1338684,0.0416165
3/20/2026 11:53:51.357,-0.0000670,0.0206416,-0.0026981,0.9997833,-0.0000227,0.0412863,-0.0053979,-0.0032206,0.9915597,-0.1296106,0.0416337
3/20/2026 11:53:51.377,-0.0001382,0.0206595,-0.0025898,0.9997832,-0.0001693,0.0413225,-0.0051842,-0.0066367,0.9922125,-0.1243799,0.0416509
3/20/2026 11:53:51.397,-0.0001597,0.0206690,-0.0025094,0.9997832,-0.0002156,0.0413415,-0.0050243,-0.0076709,0.9926812,-0.1205205,0.0416509
3/20/2026 11:53:51.417,-0.0001437,0.0206396,-0.0024696,0.9997839,-0.0001853,0.0412826,-0.0049441,-0.0069111,0.9928936,-0.1188048,0.0415764
3/20/2026 11:53:51.437,-0.0001402,0.0206364,-0.0024570,0.9997842,-0.0001789,0.0412762,-0.0049187,-0.0067458,0.9929643,-0.1182223,0.0415535
3/20/2026 11:53:51.457,-0.0002498,0.0206625,-0.0023496,0.9997838,-0.0004024,0.0413289,-0.0047085,-0.0120105,0.9935250,-0.1129770,0.0415936
3/20/2026 11:53:51.477,-0.0004345,0.0206783,-0.0021611,0.9997838,-0.0007794,0.0413613,-0.0043392,-0.0208922,0.9943661,-0.1039206,0.0415879
3/20/2026 11:53:51.497,-0.0005256,0.0206965,-0.0019924,0.9997836,-0.0009686,0.0413980,-0.0040057,-0.0252719,0.9950803,-0.0957945,0.0416051
3/20/2026 11:53:51.517,-0.0005679,0.0207221,-0.0018853,0.9997833,-0.0010575,0.0414493,-0.0037934,-0.0272847,0.9955159,-0.0905742,0.0416337
3/20/2026 11:53:51.537,-0.0005474,0.0207691,-0.0018730,0.9997824,-0.0010168,0.0415432,-0.0037680,-0.0262419,0.9956152,-0.0897874,0.0417252
3/20/2026 11:53:51.557,-0.0004856,0.0207761,-0.0018837,0.9997822,-0.0008926,0.0415569,-0.0037868,-0.0232689,0.9956453,-0.0902716,0.0417424
3/20/2026 11:53:51.577,-0.0004603,0.0207789,-0.0018785,0.9997822,-0.0008422,0.0415625,-0.0037753,-0.0220549,0.9956962,-0.0900146,0.0417424
3/20/2026 11:53:51.597,-0.0004949,0.0208051,-0.0018357,0.9997818,-0.0009131,0.0416149,-0.0036912,-0.0236870,0.9958504,-0.0878684,0.0417823
3/20/2026 11:53:51.617,-0.0005615,0.0208334,-0.0017015,0.9997813,-0.0010519,0.0416718,-0.0034257,-0.0268548,0.9963220,-0.0813715,0.0418337
3/20/2026 11:53:51.637,-0.0005662,0.0208564,-0.0015983,0.9997811,-0.0010654,0.0417176,-0.0032196,-0.0270563,0.9967114,-0.0763834,0.0418508
3/20/2026 11:53:51.657,-0.0005210,0.0208499,-0.0016007,0.9997811,-0.0009751,0.0417044,-0.0032223,-0.0249078,0.9967567,-0.0765215,0.0418451
3/20/2026 11:53:51.677,-0.0005214,0.0208216,-0.0016095,0.9997817,-0.0009755,0.0416478,-0.0032401,-0.0249580,0.9967151,-0.0770466,0.0417938
3/20/2026 11:53:51.697,-0.0005928,0.0207976,-0.0016210,0.9997822,-0.0011180,0.0416000,-0.0032660,-0.0284071,0.9965739,-0.0776757,0.0417424
3/20/2026 11:53:51.717,-0.0006710,0.0207850,-0.0016266,0.9997824,-0.0012741,0.0415752,-0.0032803,-0.0321687,0.9964359,-0.0779780,0.0417252
3/20/2026 11:53:51.737,-0.0007143,0.0207917,-0.0016364,0.9997823,-0.0013602,0.0415888,-0.0033019,-0.0342289,0.9963329,-0.0784174,0.0417310
3/20/2026 11:53:51.757,-0.0007582,0.0208009,-0.0016219,0.9997820,-0.0014485,0.0416073,-0.0032746,-0.0363138,0.9963164,-0.0776848,0.0417595
3/20/2026 11:53:51.777,-0.0007682,0.0208057,-0.0016359,0.9997819,-0.0014681,0.0416169,-0.0033031,-0.0367855,0.9962483,-0.0783338,0.0417709
3/20/2026 11:53:51.797,-0.0008077,0.0208022,-0.0016341,0.9997820,-0.0015471,0.0416101,-0.0033010,-0.0386806,0.9961829,-0.0782523,0.0417652
3/20/2026 11:53:51.817,-0.0008639,0.0207791,-0.0016050,0.9997824,-0.0016607,0.0415640,-0.0032452,-0.0414163,0.9961748,-0.0769443,0.0417195
3/20/2026 11:53:51.837,-0.0009003,0.0207992,-0.0015944,0.9997819,-0.0017338,0.0416043,-0.0032256,-0.0431164,0.9961475,-0.0763617,0.0417709
3/20/2026 11:53:51.857,-0.0009056,0.0208345,-0.0015717,0.9997813,-0.0017453,0.0416749,-0.0031804,-0.0433013,0.9962316,-0.0751519,0.0418280
3/20/2026 11:53:51.877,-0.0009292,0.0208654,-0.0015617,0.9997806,-0.0017928,0.0417368,-0.0031614,-0.0443648,0.9962291,-0.0745621,0.0418963
3/20/2026 11:53:51.897,-0.0009459,0.0208974,-0.0016087,0.9997799,-0.0018241,0.0418010,-0.0032562,-0.0450821,0.9960365,-0.0766737,0.0419589
3/20/2026 11:53:51.917,-0.0009590,0.0209078,-0.0016878,0.9997795,-0.0018470,0.0418218,-0.0034149,-0.0456704,0.9957176,-0.0803780,0.0419986
3/20/2026 11:53:51.937,-0.0009867,0.0209141,-0.0017283,0.9997792,-0.0019008,0.0418346,-0.0034971,-0.0469689,0.9955031,-0.0822652,0.0420270
3/20/2026 11:53:51.957,-0.0010307,0.0209065,-0.0017478,0.9997792,-0.0019880,0.0418196,-0.0035380,-0.0490723,0.9953230,-0.0832115,0.0420270
3/20/2026 11:53:51.977,-0.0010637,0.0208920,-0.0017223,0.9997796,-0.0020550,0.0417906,-0.0034884,-0.0506773,0.9953384,-0.0820560,0.0419873
3/20/2026 11:53:51.997,-0.0010997,0.0208979,-0.0017198,0.9997795,-0.0021270,0.0418027,-0.0034848,-0.0523716,0.9952632,-0.0819050,0.0419986
3/20/2026 11:53:52.017,-0.0011092,0.0209115,-0.0017187,0.9997793,-0.0021461,0.0418299,-0.0034830,-0.0527912,0.9952499,-0.0817971,0.0420213
3/20/2026 11:53:52.037,-0.0011245,0.0209176,-0.0017209,0.9997792,-0.0021765,0.0418421,-0.0034880,-0.0535011,0.9952057,-0.0818740,0.0420327
3/20/2026 11:53:52.057,-0.0011542,0.0209521,-0.0017469,0.9997783,-0.0022347,0.0419113,-0.0035415,-0.0548153,0.9950438,-0.0829649,0.0421120
3/20/2026 11:53:52.077,-0.0011651,0.0209789,-0.0017804,0.9997777,-0.0022550,0.0419650,-0.0036090,-0.0552536,0.9948959,-0.0844353,0.0421686
3/20/2026 11:53:52.097,-0.0011599,0.0210029,-0.0018078,0.9997771,-0.0022432,0.0420132,-0.0036636,-0.0549368,0.9948114,-0.0856282,0.0422308
3/20/2026 11:53:52.117,-0.0011670,0.0210418,-0.0018479,0.9997762,-0.0022557,0.0420910,-0.0037441,-0.0551637,0.9946491,-0.0873512,0.0423154
3/20/2026 11:53:52.137,-0.0011890,0.0210877,-0.0018465,0.9997751,-0.0022995,0.0421829,-0.0037423,-0.0560783,0.9946207,-0.0870914,0.0424167
3/20/2026 11:53:52.156,-0.0011913,0.0211114,-0.0018421,0.9997746,-0.0023044,0.0422304,-0.0037337,-0.0561290,0.9946443,-0.0867878,0.0424616
3/20/2026 11:53:52.177,-0.0011905,0.0211178,-0.0018557,0.9997745,-0.0023022,0.0422431,-0.0037609,-0.0560716,0.9945940,-0.0874002,0.0424785
3/20/2026 11:53:52.196,-0.0011949,0.0211322,-0.0018566,0.9997742,-0.0023107,0.0422720,-0.0037629,-0.0562362,0.9945862,-0.0873823,0.0425009
3/20/2026 11:53:52.217,-0.0012370,0.0211579,-0.0018878,0.9997737,-0.0023935,0.0423236,-0.0038271,-0.0581333,0.9943587,-0.0887208,0.0425514
3/20/2026 11:53:52.236,-0.0012247,0.0211728,-0.0020046,0.9997731,-0.0023640,0.0423536,-0.0040601,-0.0574922,0.9939014,-0.0940996,0.0426074
3/20/2026 11:53:52.256,-0.0012069,0.0211888,-0.0021326,0.9997726,-0.0023229,0.0423859,-0.0043154,-0.0565816,0.9933792,-0.0999806,0.0426521
3/20/2026 11:53:52.276,-0.0011817,0.0211987,-0.0022490,0.9997721,-0.0022675,0.0424059,-0.0045471,-0.0553484,0.9928950,-0.1053381,0.0427024
3/20/2026 11:53:52.296,-0.0011698,0.0212044,-0.0023034,0.9997718,-0.0022414,0.0424174,-0.0046553,-0.0547635,0.9926600,-0.1078297,0.0427303
3/20/2026 11:53:52.316,-0.0011947,0.0211981,-0.0023116,0.9997718,-0.0022909,0.0424050,-0.0046729,-0.0559399,0.9925501,-0.1082357,0.0427247
3/20/2026 11:53:52.336,-0.0012082,0.0212219,-0.0023226,0.9997713,-0.0023172,0.0424525,-0.0046955,-0.0565020,0.9924760,-0.1086225,0.0427749
3/20/2026 11:53:52.356,-0.0012056,0.0212593,-0.0023269,0.9997706,-0.0023117,0.0425274,-0.0047040,-0.0562824,0.9924876,-0.1086307,0.0428418
3/20/2026 11:53:52.376,-0.0012252,0.0212982,-0.0023111,0.9997696,-0.0023513,0.0426052,-0.0046733,-0.0570960,0.9925425,-0.1077005,0.0429307
3/20/2026 11:53:52.397,-0.0012304,0.0213119,-0.0023055,0.9997694,-0.0023619,0.0426327,-0.0046624,-0.0573034,0.9925658,-0.1073752,0.0429529
3/20/2026 11:53:52.417,-0.0012332,0.0208515,-0.0023043,0.9997791,-0.0023697,0.0417116,-0.0046591,-0.0586811,0.9922363,-0.1096531,0.0420384
3/20/2026 11:53:52.437,-0.0012522,0.0208674,-0.0022880,0.9997789,-0.0024084,0.0417435,-0.0046272,-0.0595445,0.9922790,-0.1087973,0.0420610
3/20/2026 11:53:52.457,-0.0012636,0.0208925,-0.0022778,0.9997783,-0.0024314,0.0417937,-0.0046074,-0.0600143,0.9923174,-0.1081873,0.0421177
3/20/2026 11:53:52.477,-0.0012630,0.0209282,-0.0022689,0.9997776,-0.0024304,0.0418652,-0.0045896,-0.0598881,0.9923902,-0.1075873,0.0421856
3/20/2026 11:53:52.496,-0.0012768,0.0209435,-0.0022989,0.9997771,-0.0024568,0.0418959,-0.0046502,-0.0604910,0.9922095,-0.1089094,0.0422251
3/20/2026 11:53:52.516,-0.0013107,0.0209467,-0.0023318,0.9997770,-0.0025231,0.0419025,-0.0047175,-0.0620690,0.9919445,-0.1104244,0.0422421
3/20/2026 11:53:52.536,-0.0013234,0.0209293,-0.0023548,0.9997773,-0.0025477,0.0418679,-0.0047640,-0.0627137,0.9917738,-0.1115873,0.0422082
3/20/2026 11:53:52.556,-0.0013422,0.0208659,-0.0023742,0.9997786,-0.0025847,0.0417412,-0.0048033,-0.0637816,0.9915659,-0.1128225,0.0420894
3/20/2026 11:53:52.576,-0.0013923,0.0208280,-0.0024276,0.9997792,-0.0026828,0.0416658,-0.0049121,-0.0662498,0.9910940,-0.1155143,0.0420327
3/20/2026 11:53:52.596,-0.0014498,0.0208077,-0.0024610,0.9997795,-0.0027965,0.0416254,-0.0049812,-0.0690282,0.9907095,-0.1171737,0.0420043
3/20/2026 11:53:52.616,-0.0014591,0.0207636,-0.0025248,0.9997801,-0.0028127,0.0415375,-0.0051090,-0.0695887,0.9902818,-0.1204134,0.0419418
3/20/2026 11:53:52.636,-0.0014820,0.0207018,-0.0025625,0.9997813,-0.0028573,0.0414142,-0.0051852,-0.0708686,0.9899309,-0.1225337,0.0418280
3/20/2026 11:53:52.656,-0.0014866,0.0206685,-0.0025454,0.9997820,-0.0028673,0.0413475,-0.0051512,-0.0712044,0.9899827,-0.1219194,0.0417595
3/20/2026 11:53:52.676,-0.0014755,0.0206698,-0.0025070,0.9997821,-0.0028467,0.0413500,-0.0050740,-0.0706875,0.9902413,-0.1201056,0.0417481
3/20/2026 11:53:52.696,-0.0014960,0.0206600,-0.0024885,0.9997823,-0.0028884,0.0413303,-0.0050377,-0.0717036,0.9902684,-0.1192774,0.0417310
3/20/2026 11:53:52.716,-0.0014869,0.0206650,-0.0025019,0.9997821,-0.0028697,0.0413403,-0.0050642,-0.0712489,0.9902276,-0.1198868,0.0417481
3/20/2026 11:53:52.736,-0.0014794,0.0206691,-0.0025292,0.9997820,-0.0028536,0.0413486,-0.0051185,-0.0708661,0.9901008,-0.1211543,0.0417652
3/20/2026 11:53:52.757,-0.0014725,0.0206315,-0.0025573,0.9997829,-0.0028388,0.0412735,-0.0051742,-0.0706501,0.9899259,-0.1227003,0.0416795
3/20/2026 11:53:52.777,-0.0014536,0.0206274,-0.0025649,0.9997829,-0.0028008,0.0412652,-0.0051887,-0.0697621,0.9899402,-0.1230926,0.0416795
3/20/2026 11:53:52.797,-0.0014815,0.0206541,-0.0025301,0.9997823,-0.0028579,0.0413186,-0.0051203,-0.0710178,0.9900742,-0.1212827,0.0417310
3/20/2026 11:53:52.816,-0.0014796,0.0207006,-0.0025220,0.9997814,-0.0028542,0.0414117,-0.0051041,-0.0707738,0.9901711,-0.1206331,0.0418223
3/20/2026 11:53:52.836,-0.0014604,0.0207295,-0.0025167,0.9997808,-0.0028158,0.0414693,-0.0050930,-0.0697671,0.9902915,-0.1202302,0.0418792
3/20/2026 11:53:52.856,-0.0014487,0.0207501,-0.0025159,0.9997805,-0.0027923,0.0415104,-0.0050909,-0.0691408,0.9903536,-0.1200804,0.0419077
3/20/2026 11:53:52.876,-0.0014340,0.0207584,-0.0025244,0.9997803,-0.0027626,0.0415269,-0.0051072,-0.0684154,0.9903609,-0.1204355,0.0419248
3/20/2026 11:53:52.896,-0.0014412,0.0207445,-0.0025637,0.9997804,-0.0027753,0.0414993,-0.0051861,-0.0687843,0.9900992,-0.1223612,0.0419134
3/20/2026 11:53:52.916,-0.0014610,0.0207413,-0.0025747,0.9997804,-0.0028145,0.0414930,-0.0052090,-0.0697315,0.9899673,-0.1228912,0.0419134
3/20/2026 11:53:52.936,-0.0014503,0.0207635,-0.0025644,0.9997801,-0.0027935,0.0415374,-0.0051880,-0.0691563,0.9900832,-0.1222817,0.0419475
3/20/2026 11:53:52.956,-0.0014139,0.0208145,-0.0025359,0.9997792,-0.0027216,0.0416391,-0.0051295,-0.0672770,0.9904110,-0.1206642,0.0420327
3/20/2026 11:53:52.976,-0.0013914,0.0208344,-0.0025289,0.9997787,-0.0026767,0.0416789,-0.0051147,-0.0661498,0.9905394,-0.1202333,0.0420780
3/20/2026 11:53:52.996,-0.0013855,0.0208257,-0.0025437,0.9997789,-0.0026644,0.0416615,-0.0051440,-0.0658927,0.9904659,-0.1209775,0.0420554
3/20/2026 11:53:53.016,-0.0014099,0.0207969,-0.0025693,0.9997793,-0.0027123,0.0416040,-0.0051961,-0.0671298,0.9902163,-0.1223332,0.0420213
3/20/2026 11:53:53.036,-0.0013773,0.0208429,-0.0026858,0.9997782,-0.0026420,0.0416961,-0.0054279,-0.0653979,0.9896765,-0.1275288,0.0421290
3/20/2026 11:53:53.056,-0.0013103,0.0208881,-0.0028347,0.9997769,-0.0025015,0.0417867,-0.0057229,-0.0620387,0.9890082,-0.1342163,0.0422477
3/20/2026 11:53:53.076,-0.0012429,0.0208897,-0.0029517,0.9997767,-0.0023619,0.0417897,-0.0059541,-0.0588110,0.9884504,-0.1396679,0.0422703
3/20/2026 11:53:53.096,-0.0011546,0.0208643,-0.0031986,0.9997765,-0.0021753,0.0417388,-0.0064440,-0.0546193,0.9869766,-0.1513076,0.0422872
3/20/2026 11:53:53.116,-0.0011088,0.0208298,-0.0033456,0.9997768,-0.0020777,0.0416699,-0.0067361,-0.0524843,0.9859844,-0.1583672,0.0422590
3/20/2026 11:53:53.137,-0.0010900,0.0212084,-0.0034217,0.9997686,-0.0020343,0.0424273,-0.0068881,-0.0506712,0.9859659,-0.1590715,0.0430306
3/20/2026 11:53:53.156,-0.0010594,0.0217035,-0.0034757,0.9997578,-0.0019674,0.0434176,-0.0069958,-0.0481419,0.9862735,-0.1579461,0.0440221
3/20/2026 11:53:53.176,-0.0009798,0.0217160,-0.0035130,0.9997575,-0.0018066,0.0434422,-0.0070670,-0.0444968,0.9861887,-0.1595367,0.0440437
3/20/2026 11:53:53.196,-0.0009052,0.0217116,-0.0035549,0.9997575,-0.0016555,0.0434328,-0.0071474,-0.0411081,0.9860253,-0.1614441,0.0440437
3/20/2026 11:53:53.216,-0.0008514,0.0216815,-0.0036974,0.9997577,-0.0015421,0.0433724,-0.0074301,-0.0386818,0.9850309,-0.1679814,0.0440275
3/20/2026 11:53:53.236,-0.0008189,0.0216230,-0.0038887,0.9997582,-0.0014691,0.0432554,-0.0078109,-0.0372457,0.9835280,-0.1768768,0.0439787
3/20/2026 11:53:53.256,-0.0011899,0.0215526,-0.0041081,0.9997585,-0.0022021,0.0431181,-0.0082656,-0.0541512,0.9808737,-0.1869610,0.0439516
3/20/2026 11:53:53.276,-0.0011512,0.0215239,-0.0042551,0.9997587,-0.0021187,0.0430606,-0.0085579,-0.0523971,0.9796658,-0.1936737,0.0439408
3/20/2026 11:53:53.296,-0.0010959,0.0215154,-0.0043097,0.9997585,-0.0020058,0.0430432,-0.0086646,-0.0498806,0.9793023,-0.1961607,0.0439516
3/20/2026 11:53:53.316,-0.0010074,0.0214921,-0.0043865,0.9997589,-0.0018257,0.0429960,-0.0088142,-0.0458761,0.9787697,-0.1997631,0.0439191
3/20/2026 11:53:53.336,-0.0009634,0.0214441,-0.0044522,0.9997596,-0.0017355,0.0428996,-0.0089437,-0.0439476,0.9781738,-0.2030880,0.0438593
3/20/2026 11:53:53.356,-0.0009413,0.0213954,-0.0044858,0.9997605,-0.0016902,0.0428021,-0.0090099,-0.0430201,0.9778138,-0.2050107,0.0437722
3/20/2026 11:53:53.376,-0.0009675,0.0213667,-0.0045340,0.9997609,-0.0017408,0.0427449,-0.0091074,-0.0442519,0.9772598,-0.2073764,0.0437341
3/20/2026 11:53:53.396,-0.0009791,0.0213754,-0.0046033,0.9997604,-0.0017609,0.0427627,-0.0092464,-0.0447335,0.9766092,-0.2103172,0.0437831
3/20/2026 11:53:53.416,-0.0009787,0.0213845,-0.0045958,0.9997602,-0.0017603,0.0427808,-0.0092313,-0.0446997,0.9766998,-0.2099038,0.0437995
3/20/2026 11:53:53.436,-0.0009185,0.0213722,-0.0046253,0.9997604,-0.0016389,0.0427558,-0.0092879,-0.0419690,0.9765123,-0.2113347,0.0437777
3/20/2026 11:53:53.457,-0.0008726,0.0213471,-0.0046399,0.9997609,-0.0015467,0.0427051,-0.0093150,-0.0399115,0.9764051,-0.2122266,0.0437341
3/20/2026 11:53:53.477,-0.0008373,0.0213263,-0.0046413,0.9997613,-0.0014761,0.0426632,-0.0093162,-0.0383331,0.9764096,-0.2124971,0.0437014
3/20/2026 11:53:53.496,-0.0007861,0.0213152,-0.0046510,0.9997616,-0.0013735,0.0426406,-0.0093335,-0.0360084,0.9763782,-0.2130472,0.0436686
3/20/2026 11:53:53.516,-0.0007652,0.0213142,-0.0046877,0.9997615,-0.0013303,0.0426384,-0.0094059,-0.0350427,0.9760586,-0.2146661,0.0436795
3/20/2026 11:53:53.536,-0.0007451,0.0213482,-0.0046764,0.9997609,-0.0012902,0.0427061,-0.0093826,-0.0340738,0.9762705,-0.2138573,0.0437395
3/20/2026 11:53:53.556,-0.0007373,0.0213498,-0.0046821,0.9997608,-0.0012743,0.0427094,-0.0093936,-0.0337129,0.9762318,-0.2140908,0.0437450
3/20/2026 11:53:53.576,-0.0007382,0.0213523,-0.0047119,0.9997607,-0.0012749,0.0427143,-0.0094532,-0.0337423,0.9759499,-0.2153677,0.0437559
3/20/2026 11:53:53.596,-0.0007046,0.0213419,-0.0047314,0.9997608,-0.0012069,0.0426932,-0.0094908,-0.0322162,0.9757891,-0.2163280,0.0437450
3/20/2026 11:53:53.616,-0.0006832,0.0213481,-0.0047331,0.9997607,-0.0011640,0.0427054,-0.0094932,-0.0312283,0.9758167,-0.2163482,0.0437504
3/20/2026 11:53:53.636,-0.0006456,0.0213616,-0.0047590,0.9997602,-0.0010875,0.0427320,-0.0095435,-0.0294848,0.9756462,-0.2173598,0.0437995
3/20/2026 11:53:53.656,-0.0005218,0.0213892,-0.0048052,0.9997595,-0.0008379,0.0427862,-0.0096306,-0.0237974,0.9754051,-0.2191314,0.0438647
3/20/2026 11:53:53.676,-0.0004557,0.0214146,-0.0047857,0.9997591,-0.0007062,0.0428363,-0.0095888,-0.0207629,0.9757162,-0.2180520,0.0438973
3/20/2026 11:53:53.696,-0.0004308,0.0214315,-0.0047326,0.9997590,-0.0006585,0.0428699,-0.0094815,-0.0196241,0.9762872,-0.2155880,0.0439082
3/20/2026 11:53:53.716,-0.0003959,0.0214385,-0.0046919,0.9997591,-0.0005904,0.0428836,-0.0093987,-0.0180362,0.9767197,-0.2137597,0.0438973
3/20/2026 11:53:53.736,-0.0003834,0.0214579,-0.0046710,0.9997588,-0.0005661,0.0429223,-0.0093564,-0.0174549,0.9769683,-0.2126693,0.0439299
3/20/2026 11:53:53.756,-0.0003397,0.0215098,-0.0046387,0.9997578,-0.0004796,0.0430256,-0.0092899,-0.0154344,0.9774107,-0.2107845,0.0440221
3/20/2026 11:53:53.776,-0.0002324,0.0215441,-0.0046122,0.9997572,-0.0002659,0.0430932,-0.0092324,-0.0105463,0.9777885,-0.2093286,0.0440762
3/20/2026 11:53:53.796,-0.0001382,0.0215270,-0.0045521,0.9997578,-0.0000804,0.0430581,-0.0091080,-0.0062809,0.9783462,-0.2068798,0.0440221
3/20/2026 11:53:53.816,-0.0000902,0.0214755,-0.0044814,0.9997593,0.0000122,0.0429546,-0.0089646,-0.0041094,0.9789053,-0.2042734,0.0438810
3/20/2026 11:53:53.836,-0.0000067,0.0214561,-0.0043632,0.9997603,0.0001737,0.0429152,-0.0087246,-0.0003081,0.9799437,-0.1992744,0.0437886
3/20/2026 11:53:53.856,0.0000842,0.0214996,-0.0042408,0.9997599,0.0003507,0.0430013,-0.0084760,0.0038410,0.9810891,-0.1935188,0.0438321
3/20/2026 11:53:53.876,0.0001316,0.0215291,-0.0041365,0.9997596,0.0004412,0.0430601,-0.0082655,0.0060017,0.9820200,-0.1886811,0.0438539
3/20/2026 11:53:53.896,0.0001738,0.0215613,-0.0040854,0.9997591,0.0005237,0.0431241,-0.0081614,0.0079206,0.9824876,-0.1861596,0.0439028
3/20/2026 11:53:53.916,0.0002595,0.0215737,-0.0040668,0.9997590,0.0006943,0.0431484,-0.0081206,0.0118190,0.9826236,-0.1852327,0.0439136
3/20/2026 11:53:53.936,0.0003303,0.0215988,-0.0040896,0.9997582,0.0008370,0.0431979,-0.0081630,0.0150225,0.9824319,-0.1860158,0.0439842
3/20/2026 11:53:53.956,0.0003864,0.0215838,-0.0041057,0.9997585,0.0009499,0.0431675,-0.0081929,0.0175846,0.9822325,-0.1868421,0.0439570
3/20/2026 11:53:53.976,0.0004417,0.0216066,-0.0040989,0.9997580,0.0010604,0.0432125,-0.0081767,0.0200815,0.9822796,-0.1863424,0.0440004
3/20/2026 11:53:53.996,0.0004526,0.0216137,-0.0040747,0.9997580,0.0010811,0.0432267,-0.0081280,0.0205730,0.9824815,-0.1852212,0.0440004
3/20/2026 11:53:54.016,0.0005083,0.0216093,-0.0040741,0.9997581,0.0011925,0.0432174,-0.0081245,0.0231100,0.9824247,-0.1852234,0.0439950
3/20/2026 11:53:54.036,0.0005362,0.0216258,-0.0040902,0.9997575,0.0012490,0.0432503,-0.0081554,0.0243548,0.9822884,-0.1857859,0.0440437
3/20/2026 11:53:54.056,0.0005622,0.0216718,-0.0040536,0.9997567,0.0012999,0.0433421,-0.0080810,0.0254922,0.9826337,-0.1837964,0.0441195
3/20/2026 11:53:54.076,0.0006399,0.0216805,-0.0040193,0.9997566,0.0014537,0.0433589,-0.0080090,0.0290063,0.9828326,-0.1822057,0.0441249
3/20/2026 11:53:54.096,0.0006806,0.0216916,-0.0039946,0.9997565,0.0015342,0.0433808,-0.0079579,0.0308424,0.9829949,-0.1810244,0.0441357
3/20/2026 11:53:54.116,0.0006802,0.0217077,-0.0039771,0.9997562,0.0015326,0.0434132,-0.0079229,0.0308046,0.9831609,-0.1801269,0.0441681
3/20/2026 11:53:54.137,0.0006913,0.0217262,-0.0039293,0.9997560,0.0015530,0.0434501,-0.0078267,0.0312957,0.9835542,-0.1778812,0.0441843
3/20/2026 11:53:54.157,0.0007263,0.0217579,-0.0039276,0.9997553,0.0016232,0.0435132,-0.0078218,0.0328328,0.9835644,-0.1775478,0.0442490
3/20/2026 11:53:54.177,0.0007834,0.0217062,-0.0039691,0.9997562,0.0017388,0.0434093,-0.0079023,0.0354814,0.9830706,-0.1797590,0.0441681
3/20/2026 11:53:54.197,0.0008466,0.0216874,-0.0040196,0.9997563,0.0018671,0.0433712,-0.0080007,0.0383547,0.9825305,-0.1821062,0.0441573
3/20/2026 11:53:54.217,0.0008882,0.0216746,-0.0040300,0.9997566,0.0019507,0.0433451,-0.0080196,0.0402561,0.9823537,-0.1826492,0.0441303
3/20/2026 11:53:54.236,0.0009151,0.0216887,-0.0040110,0.9997562,0.0020037,0.0433732,-0.0079805,0.0414531,0.9824806,-0.1816960,0.0441627
3/20/2026 11:53:54.256,0.0009613,0.0217264,-0.0039754,0.9997555,0.0020948,0.0434482,-0.0079071,0.0434803,0.9827390,-0.1798157,0.0442274
3/20/2026 11:53:54.276,0.0010032,0.0217426,-0.0039006,0.9997555,0.0021755,0.0434806,-0.0077557,0.0453682,0.9832732,-0.1763962,0.0442274
3/20/2026 11:53:54.296,0.0010431,0.0217821,-0.0038467,0.9997548,0.0022532,0.0435594,-0.0076461,0.0471039,0.9836690,-0.1737139,0.0442921
3/20/2026 11:53:54.316,0.0010977,0.0214670,-0.0038487,0.9997615,0.0023602,0.0429286,-0.0076486,0.0502693,0.9830611,-0.1762490,0.0436795
3/20/2026 11:53:54.336,0.0011545,0.0215009,-0.0038692,0.9997606,0.0024748,0.0429960,-0.0076869,0.0527731,0.9828199,-0.1768622,0.0437613
3/20/2026 11:53:54.356,0.0012102,0.0215348,-0.0038764,0.9997598,0.0025867,0.0430634,-0.0076990,0.0552232,0.9826802,-0.1768900,0.0438375
3/20/2026 11:53:54.376,0.0012322,0.0215791,-0.0038746,0.9997588,0.0026310,0.0431519,-0.0076943,0.0561128,0.9827090,-0.1764494,0.0439299
3/20/2026 11:53:54.396,0.0012436,0.0215663,-0.0038815,0.9997591,0.0026541,0.0431261,-0.0077076,0.0566618,0.9826056,-0.1768494,0.0439028
3/20/2026 11:53:54.416,0.0012789,0.0215229,-0.0038999,0.9997598,0.0027251,0.0430389,-0.0077430,0.0583698,0.9822994,-0.1779912,0.0438375
3/20/2026 11:53:54.436,0.0013333,0.0215333,-0.0039304,0.9997594,0.0028353,0.0430593,-0.0078016,0.0607996,0.9819271,-0.1792277,0.0438702
3/20/2026 11:53:54.456,0.0013773,0.0215609,-0.0039045,0.9997589,0.0029223,0.0431142,-0.0077479,0.0627328,0.9820570,-0.1778440,0.0439191
3/20/2026 11:53:54.476,0.0013954,0.0215813,-0.0038766,0.9997585,0.0029574,0.0431550,-0.0076912,0.0635091,0.9822603,-0.1764408,0.0439516
3/20/2026 11:53:54.496,0.0014321,0.0216263,-0.0039004,0.9997575,0.0030321,0.0432446,-0.0077370,0.0650293,0.9820397,-0.1771136,0.0440492
3/20/2026 11:53:54.517,0.0014828,0.0216650,-0.0038984,0.9997566,0.0031339,0.0433216,-0.0077308,0.0672101,0.9819679,-0.1766967,0.0441249
3/20/2026 11:53:54.536,0.0015000,0.0216985,-0.0038619,0.9997560,0.0031669,0.0433887,-0.0076569,0.0679034,0.9822560,-0.1748207,0.0441843
3/20/2026 11:53:54.556,0.0014998,0.0217201,-0.0038086,0.9997557,0.0031644,0.0434321,-0.0075504,0.0678579,0.9827012,-0.1723179,0.0442059
3/20/2026 11:53:54.576,0.0015262,0.0217435,-0.0036993,0.9997556,0.0032125,0.0434791,-0.0073306,0.0690318,0.9834821,-0.1673247,0.0442166
3/20/2026 11:53:54.596,0.0015527,0.0217816,-0.0036516,0.9997549,0.0032638,0.0435551,-0.0072339,0.0701329,0.9838083,-0.1649324,0.0442813
3/20/2026 11:53:54.616,0.0015762,0.0218119,-0.0036275,0.9997543,0.0033100,0.0436158,-0.0071845,0.0711058,0.9839545,-0.1636385,0.0443351
3/20/2026 11:53:54.636,0.0015870,0.0218482,-0.0036138,0.9997534,0.0033311,0.0436884,-0.0071567,0.0714790,0.9840711,-0.1627721,0.0444157
3/20/2026 11:53:54.656,0.0016051,0.0218717,-0.0035977,0.9997530,0.0033669,0.0437352,-0.0071234,0.0722269,0.9841630,-0.1618841,0.0444533
3/20/2026 11:53:54.676,0.0015989,0.0218904,-0.0035507,0.9997528,0.0033525,0.0437728,-0.0070297,0.0719120,0.9845435,-0.1596957,0.0444747
3/20/2026 11:53:54.696,0.0015928,0.0222937,-0.0035320,0.9997440,0.0033423,0.0445798,-0.0069912,0.0703915,0.9852316,-0.1560888,0.0452560
3/20/2026 11:53:54.716,0.0015855,0.0222864,-0.0035225,0.9997442,0.0033272,0.0445651,-0.0069726,0.0700974,0.9853088,-0.1557340,0.0452349
3/20/2026 11:53:54.736,0.0015690,0.0222834,-0.0035346,0.9997442,0.0032947,0.0445594,-0.0069976,0.0693726,0.9852729,-0.1562841,0.0452402
3/20/2026 11:53:54.756,0.0015826,0.0223158,-0.0035304,0.9997435,0.0033219,0.0446240,-0.0069884,0.0698754,0.9853020,-0.1558760,0.0452981
3/20/2026 11:53:54.776,0.0015799,0.0223555,-0.0035162,0.9997426,0.0033161,0.0447034,-0.0069599,0.0696421,0.9854573,-0.1549965,0.0453770
3/20/2026 11:53:54.796,0.0015371,0.0224181,-0.0034224,0.9997416,0.0032268,0.0448294,-0.0067742,0.0676234,0.9862840,-0.1505681,0.0454715
3/20/2026 11:53:54.816,0.0015088,0.0224502,-0.0033901,0.9997411,0.0031691,0.0448939,-0.0067107,0.0663071,0.9866142,-0.1489820,0.0455134
3/20/2026 11:53:54.836,0.0014919,0.0224925,-0.0033973,0.9997401,0.0031358,0.0449785,-0.0067258,0.0654432,0.9866652,-0.1490269,0.0456024
3/20/2026 11:53:54.856,0.0014880,0.0225269,-0.0034079,0.9997392,0.0031287,0.0450473,-0.0067471,0.0651711,0.9866477,-0.1492617,0.0456755
3/20/2026 11:53:54.876,0.0014340,0.0225218,-0.0033909,0.9997396,0.0030199,0.0450376,-0.0067154,0.0628361,0.9869010,-0.1485864,0.0456442
3/20/2026 11:53:54.896,0.0013345,0.0224931,-0.0032786,0.9997407,0.0028157,0.0449811,-0.0064956,0.0586060,0.9878421,-0.1439905,0.0455448
3/20/2026 11:53:54.916,0.0012803,0.0221027,-0.0032133,0.9997497,0.0027021,0.0442007,-0.0063684,0.0572302,0.9879751,-0.1436309,0.0447473
3/20/2026 11:53:54.937,0.0012377,0.0220999,-0.0031933,0.9997499,0.0026159,0.0441954,-0.0063303,0.0553436,0.9882048,-0.1427885,0.0447313
3/20/2026 11:53:54.957,0.0011777,0.0221109,-0.0031671,0.9997498,0.0024948,0.0442178,-0.0062807,0.0526510,0.9885235,-0.1415952,0.0447420
3/20/2026 11:53:54.976,0.0010378,0.0221479,-0.0030494,0.9997495,0.0022101,0.0442929,-0.0060514,0.0463681,0.9895886,-0.1362517,0.0447686
3/20/2026 11:53:54.996,0.0008157,0.0221751,-0.0028484,0.9997497,0.0017572,0.0443490,-0.0056593,0.0364588,0.9911913,-0.1273203,0.0447473
3/20/2026 11:53:55.016,0.0006761,0.0221839,-0.0026761,0.9997500,0.0014707,0.0443678,-0.0053209,0.0302453,0.9923481,-0.1197095,0.0447260
3/20/2026 11:53:55.036,0.0006660,0.0221940,-0.0026152,0.9997501,0.0014477,0.0443881,-0.0051995,0.0297865,0.9926885,-0.1169714,0.0447153
3/20/2026 11:53:55.056,0.0006288,0.0222002,-0.0025750,0.9997500,0.0013716,0.0444008,-0.0051208,0.0281244,0.9929475,-0.1151711,0.0447260
3/20/2026 11:53:55.076,0.0005497,0.0222087,-0.0025013,0.9997500,0.0012103,0.0444182,-0.0049770,0.0245901,0.9934167,-0.1118857,0.0447207
3/20/2026 11:53:55.096,0.0004569,0.0222085,-0.0024337,0.9997502,0.0010217,0.0444184,-0.0048460,0.0204480,0.9938412,-0.1089105,0.0447047
3/20/2026 11:53:55.116,0.0003493,0.0222149,-0.0024028,0.9997503,0.0008053,0.0444316,-0.0047888,0.0156323,0.9940801,-0.1075197,0.0446940
3/20/2026 11:53:55.136,0.0002444,0.0222146,-0.0023462,0.9997504,0.0005929,0.0444315,-0.0046804,0.0109404,0.9944095,-0.1050245,0.0446887
3/20/2026 11:53:55.156,0.0001649,0.0222152,-0.0023071,0.9997506,0.0004323,0.0444331,-0.0046057,0.0073851,0.9946235,-0.1032940,0.0446727
3/20/2026 11:53:55.176,0.0001219,0.0222037,-0.0022647,0.9997509,0.0003443,0.0444104,-0.0045229,0.0054617,0.9948237,-0.1014696,0.0446460
3/20/2026 11:53:55.196,0.0000919,0.0221907,-0.0022083,0.9997514,0.0002817,0.0443845,-0.0044114,0.0041194,0.9950765,-0.0990241,0.0445925
3/20/2026 11:53:55.216,0.0000356,0.0221931,-0.0020530,0.9997517,0.0001623,0.0443896,-0.0041035,0.0015978,0.9957471,-0.0921140,0.0445711
3/20/2026 11:53:55.236,-0.0000196,0.0222118,-0.0018892,0.9997515,0.0000448,0.0444273,-0.0037784,-0.0008771,0.9964019,-0.0847493,0.0445872
3/20/2026 11:53:55.256,-0.0000210,0.0222259,-0.0018162,0.9997513,0.0000387,0.0444555,-0.0036325,-0.0009425,0.9966773,-0.0814455,0.0446086
3/20/2026 11:53:55.276,-0.0000105,0.0222222,-0.0018286,0.9997513,0.0000603,0.0444481,-0.0036569,-0.0004706,0.9966312,-0.0820119,0.0446086
3/20/2026 11:53:55.297,-0.0000420,0.0222158,-0.0018289,0.9997516,-0.0000027,0.0444354,-0.0036589,-0.0018849,0.9966266,-0.0820487,0.0445765
3/20/2026 11:53:55.316,-0.0000668,0.0222074,-0.0018016,0.9997517,-0.0000535,0.0444187,-0.0036053,-0.0029960,0.9967209,-0.0808605,0.0445711
3/20/2026 11:53:55.336,-0.0000615,0.0222205,-0.0017677,0.9997514,-0.0000445,0.0444449,-0.0035373,-0.0027610,0.9968467,-0.0793033,0.0445925
3/20/2026 11:53:55.356,-0.0000730,0.0222404,-0.0017562,0.9997512,-0.0000679,0.0444846,-0.0035148,-0.0032730,0.9968914,-0.0787198,0.0446193
3/20/2026 11:53:55.377,-0.0000751,0.0222581,-0.0017952,0.9997506,-0.0000703,0.0445201,-0.0035928,-0.0033639,0.9967576,-0.0803918,0.0446673
3/20/2026 11:53:55.397,-0.0000834,0.0222771,-0.0017897,0.9997502,-0.0000871,0.0445581,-0.0035822,-0.0037331,0.9967815,-0.0800785,0.0447047
3/20/2026 11:53:55.417,-0.0001102,0.0218801,-0.0017778,0.9997590,-0.0001426,0.0437640,-0.0035596,-0.0050211,0.9967028,-0.0809837,0.0439136
3/20/2026 11:53:55.436,-0.0001263,0.0218756,-0.0017725,0.9997591,-0.0001750,0.0437550,-0.0035496,-0.0057556,0.9967171,-0.0807587,0.0438973
3/20/2026 11:53:55.456,-0.0001249,0.0218963,-0.0017743,0.9997587,-0.0001721,0.0437965,-0.0035533,-0.0056870,0.9967168,-0.0807672,0.0439408
3/20/2026 11:53:55.476,-0.0001402,0.0219324,-0.0017968,0.9997578,-0.0002015,0.0438687,-0.0035989,-0.0063717,0.9966408,-0.0816491,0.0440221
3/20/2026 11:53:55.496,-0.0001485,0.0219659,-0.0018063,0.9997571,-0.0002175,0.0439358,-0.0036182,-0.0067367,0.9966135,-0.0819523,0.0440816
3/20/2026 11:53:55.516,-0.0001622,0.0219665,-0.0018003,0.9997570,-0.0002452,0.0439370,-0.0036070,-0.0073592,0.9966312,-0.0816827,0.0440924
3/20/2026 11:53:55.536,-0.0001779,0.0219605,-0.0018219,0.9997572,-0.0002757,0.0439251,-0.0036508,-0.0080720,0.9965436,-0.0826774,0.0440762
3/20/2026 11:53:55.556,-0.0001951,0.0219471,-0.0018532,0.9997573,-0.0003087,0.0438984,-0.0037141,-0.0088557,0.9964149,-0.0841366,0.0440654
3/20/2026 11:53:55.576,-0.0002011,0.0219419,-0.0018939,0.9997573,-0.0003190,0.0438881,-0.0037957,-0.0091320,0.9962541,-0.0859914,0.0440600
3/20/2026 11:53:55.596,-0.0002316,0.0219659,-0.0018947,0.9997568,-0.0003799,0.0439361,-0.0037987,-0.0105057,0.9962454,-0.0859341,0.0441087
3/20/2026 11:53:55.616,-0.0002561,0.0220035,-0.0019052,0.9997561,-0.0004283,0.0440115,-0.0038207,-0.0115969,0.9962054,-0.0862562,0.0441735
3/20/2026 11:53:55.636,-0.0002922,0.0220379,-0.0019164,0.9997553,-0.0004998,0.0440805,-0.0038447,-0.0132082,0.9961535,-0.0866246,0.0442490
3/20/2026 11:53:55.656,-0.0003260,0.0220550,-0.0019302,0.9997548,-0.0005666,0.0441147,-0.0038739,-0.0147215,0.9960842,-0.0871759,0.0442921
3/20/2026 11:53:55.676,-0.0003789,0.0220455,-0.0019427,0.9997551,-0.0006719,0.0440959,-0.0039012,-0.0171172,0.9959937,-0.0877703,0.0442652
3/20/2026 11:53:55.696,-0.0004288,0.0220764,-0.0019574,0.9997543,-0.0007710,0.0441580,-0.0039328,-0.0193437,0.9959059,-0.0883016,0.0443405
3/20/2026 11:53:55.716,-0.0004676,0.0221045,-0.0019413,0.9997537,-0.0008492,0.0442144,-0.0039023,-0.0210694,0.9959446,-0.0874673,0.0443942
3/20/2026 11:53:55.736,-0.0004960,0.0221203,-0.0019615,0.9997533,-0.0009050,0.0442460,-0.0039440,-0.0223303,0.9958429,-0.0883068,0.0444265
3/20/2026 11:53:55.756,-0.0005086,0.0221307,-0.0020468,0.9997529,-0.0009263,0.0442670,-0.0041152,-0.0228774,0.9954895,-0.0920716,0.0444640
3/20/2026 11:53:55.776,-0.0005619,0.0221488,-0.0021542,0.9997521,-0.0010281,0.0443036,-0.0043322,-0.0252432,0.9949865,-0.0967713,0.0445337
3/20/2026 11:53:55.797,-0.0005925,0.0221763,-0.0022547,0.9997513,-0.0010847,0.0443589,-0.0045346,-0.0265706,0.9945198,-0.1011151,0.0446086
3/20/2026 11:53:55.816,-0.0006318,0.0222006,-0.0023784,0.9997506,-0.0011576,0.0444077,-0.0047838,-0.0282838,0.9939123,-0.1064820,0.0446727
3/20/2026 11:53:55.836,-0.0007009,0.0222275,-0.0024436,0.9997497,-0.0012929,0.0444620,-0.0049171,-0.0313307,0.9935235,-0.1092223,0.0447473
3/20/2026 11:53:55.856,-0.0007531,0.0222528,-0.0025136,0.9997489,-0.0013940,0.0445129,-0.0050595,-0.0336112,0.9931195,-0.1121788,0.0448165
3/20/2026 11:53:55.876,-0.0008025,0.0222675,-0.0025758,0.9997484,-0.0014900,0.0445427,-0.0051860,-0.0357790,0.9927402,-0.1148339,0.0448644
3/20/2026 11:53:55.896,-0.0008571,0.0222470,-0.0026285,0.9997488,-0.0015967,0.0445022,-0.0052938,-0.0382306,0.9923667,-0.1172469,0.0448325
3/20/2026 11:53:55.916,-0.0008482,0.0222518,-0.0026586,0.9997485,-0.0015777,0.0445117,-0.0053536,-0.0378221,0.9922277,-0.1185480,0.0448591
3/20/2026 11:53:55.936,-0.0008496,0.0222760,-0.0026568,0.9997479,-0.0015805,0.0445601,-0.0053501,-0.0378460,0.9922513,-0.1183426,0.0449069
3/20/2026 11:53:55.956,-0.0008618,0.0226846,-0.0026594,0.9997386,-0.0016024,0.0453776,-0.0053565,-0.0377033,0.9924921,-0.1163528,0.0457277
3/20/2026 11:53:55.976,-0.0008990,0.0226936,-0.0026636,0.9997386,-0.0016766,0.0453957,-0.0053667,-0.0393135,0.9924142,-0.1164840,0.0457329
3/20/2026 11:53:55.996,-0.0009330,0.0227094,-0.0026803,0.9997380,-0.0017439,0.0454276,-0.0054016,-0.0407691,0.9922813,-0.1171139,0.0457850
3/20/2026 11:53:56.016,-0.0009245,0.0226955,-0.0027209,0.9997383,-0.0017249,0.0453998,-0.0054823,-0.0404106,0.9920793,-0.1189358,0.0457590
3/20/2026 11:53:56.036,-0.0009460,0.0226710,-0.0027520,0.9997388,-0.0017666,0.0453509,-0.0055455,-0.0413857,0.9918622,-0.1204016,0.0457121
3/20/2026 11:53:56.056,-0.0009949,0.0226379,-0.0027739,0.9997393,-0.0018637,0.0452850,-0.0055914,-0.0435802,0.9916332,-0.1215081,0.0456703
3/20/2026 11:53:56.076,-0.0010602,0.0226100,-0.0027665,0.9997399,-0.0019947,0.0452297,-0.0055796,-0.0464915,0.9915239,-0.1213216,0.0456128
3/20/2026 11:53:56.097,-0.0010718,0.0226104,-0.0027614,0.9997399,-0.0020183,0.0452305,-0.0055700,-0.0470034,0.9915272,-0.1210968,0.0456128
3/20/2026 11:53:56.117,-0.0010912,0.0226215,-0.0027792,0.9997396,-0.0020560,0.0452527,-0.0056063,-0.0478207,0.9914020,-0.1218001,0.0456442
3/20/2026 11:53:56.137,-0.0011212,0.0226383,-0.0028075,0.9997391,-0.0021146,0.0452867,-0.0056643,-0.0490891,0.9912014,-0.1229230,0.0456912
3/20/2026 11:53:56.157,-0.0011354,0.0226337,-0.0028193,0.9997393,-0.0021426,0.0452776,-0.0056886,-0.0497184,0.9911038,-0.1234549,0.0456703
3/20/2026 11:53:56.176,-0.0011788,0.0225945,-0.0028955,0.9997399,-0.0022262,0.0451996,-0.0058428,-0.0516801,0.9905632,-0.1269403,0.0456181
3/20/2026 11:53:56.196,-0.0012159,0.0225722,-0.0029814,0.9997399,-0.0022966,0.0451554,-0.0060161,-0.0533283,0.9899790,-0.1307573,0.0456128
3/20/2026 11:53:56.216,-0.0012033,0.0225551,-0.0030080,0.9997404,-0.0022703,0.0451211,-0.0060689,-0.0528067,0.9898408,-0.1320098,0.0455762
3/20/2026 11:53:56.236,-0.0012003,0.0225412,-0.0030288,0.9997405,-0.0022635,0.0450934,-0.0061102,-0.0527029,0.9897158,-0.1329846,0.0455605
3/20/2026 11:53:56.256,-0.0011969,0.0225607,-0.0030312,0.9997401,-0.0022564,0.0451324,-0.0061149,-0.0525066,0.9897273,-0.1329771,0.0455972
3/20/2026 11:53:56.276,-0.0012152,0.0225443,-0.0030268,0.9997405,-0.0022934,0.0450997,-0.0061068,-0.0533489,0.9896959,-0.1328757,0.0455658
3/20/2026 11:53:56.296,-0.0012147,0.0225295,-0.0030126,0.9997409,-0.0022931,0.0450699,-0.0060784,-0.0533653,0.9897656,-0.1323485,0.0455291
3/20/2026 11:53:56.316,-0.0012329,0.0225415,-0.0030296,0.9997405,-0.0023286,0.0450942,-0.0061132,-0.0541277,0.9896361,-0.1330058,0.0455658
3/20/2026 11:53:56.336,-0.0012372,0.0225539,-0.0030065,0.9997403,-0.0023382,0.0451189,-0.0060673,-0.0542961,0.9897696,-0.1319397,0.0455815
3/20/2026 11:53:56.356,-0.0012528,0.0225838,-0.0030024,0.9997395,-0.0023693,0.0451788,-0.0060599,-0.0549062,0.9897828,-0.1315877,0.0456494
3/20/2026 11:53:56.376,-0.0012686,0.0225954,-0.0030216,0.9997394,-0.0023999,0.0452023,-0.0060990,-0.0555618,0.9896456,-0.1323421,0.0456599
3/20/2026 11:53:56.396,-0.0012595,0.0226000,-0.0030656,0.9997390,-0.0023799,0.0452115,-0.0061866,-0.0551421,0.9894174,-0.1342102,0.0456964
3/20/2026 11:53:56.416,-0.0012711,0.0225937,-0.0031158,0.9997391,-0.0024008,0.0451990,-0.0062874,-0.0556471,0.9890898,-0.1363996,0.0456912
3/20/2026 11:53:56.436,-0.0012487,0.0226071,-0.0031663,0.9997386,-0.0023536,0.0452258,-0.0063876,-0.0546205,0.9888552,-0.1384988,0.0457329
3/20/2026 11:53:56.457,-0.0011870,0.0226480,-0.0032298,0.9997376,-0.0022271,0.0453073,-0.0065118,-0.0518174,0.9886537,-0.1409919,0.0458215
3/20/2026 11:53:56.477,-0.0011298,0.0227193,-0.0032704,0.9997359,-0.0021104,0.0454498,-0.0065905,-0.0491625,0.9886007,-0.1423082,0.0459669
3/20/2026 11:53:56.497,-0.0010826,0.0227922,-0.0034283,0.9997336,-0.0020084,0.0455956,-0.0069042,-0.0469207,0.9877869,-0.1485780,0.0461636
3/20/2026 11:53:56.516,-0.0010509,0.0229106,-0.0037262,0.9997299,-0.0019305,0.0458327,-0.0074987,-0.0452287,0.9860204,-0.1603682,0.0464828
3/20/2026 11:53:56.536,-0.0010220,0.0230689,-0.0040448,0.9997250,-0.0018569,0.0461499,-0.0081347,-0.0435959,0.9840376,-0.1725383,0.0469015
3/20/2026 11:53:56.556,-0.0013807,0.0232038,-0.0042674,0.9997208,-0.0025626,0.0464232,-0.0085965,-0.0584210,0.9818263,-0.1805656,0.0472661
3/20/2026 11:53:56.576,-0.0013672,0.0232997,-0.0043324,0.9997181,-0.0025317,0.0466151,-0.0087262,-0.0575938,0.9815166,-0.1825050,0.0474876
3/20/2026 11:53:56.596,-0.0013376,0.0233270,-0.0043432,0.9997176,-0.0024719,0.0466695,-0.0087465,-0.0562848,0.9815465,-0.1827529,0.0475327
3/20/2026 11:53:56.616,-0.0013235,0.0233353,-0.0043418,0.9997174,-0.0024437,0.0466859,-0.0087430,-0.0556743,0.9816026,-0.1826384,0.0475528
3/20/2026 11:53:56.636,-0.0013728,0.0233532,-0.0043438,0.9997169,-0.0025419,0.0467222,-0.0087493,-0.0576966,0.9814999,-0.1825622,0.0475929
3/20/2026 11:53:56.657,-0.0014061,0.0234507,-0.0043319,0.9997146,-0.0026082,0.0469175,-0.0087275,-0.0588593,0.9816579,-0.1813376,0.0477879
3/20/2026 11:53:56.676,-0.0014011,0.0235210,-0.0043113,0.9997130,-0.0025986,0.0470582,-0.0086862,-0.0584918,0.9819291,-0.1799833,0.0479174
3/20/2026 11:53:56.696,-0.0013420,0.0236091,-0.0043143,0.9997111,-0.0024795,0.0472338,-0.0086897,-0.0558299,0.9821755,-0.1794833,0.0480764
3/20/2026 11:53:56.717,-0.0012551,0.0237016,-0.0043302,0.9997090,-0.0023042,0.0474182,-0.0087176,-0.0520215,0.9823853,-0.1794799,0.0482546
3/20/2026 11:53:56.736,-0.0011660,0.0237967,-0.0043060,0.9997069,-0.0021264,0.0476077,-0.0086651,-0.0481605,0.9828783,-0.1778505,0.0484273
3/20/2026 11:53:56.757,-0.0010563,0.0238262,-0.0042948,0.9997063,-0.0019073,0.0476656,-0.0086375,-0.0435885,0.9832041,-0.1772278,0.0484765
3/20/2026 11:53:56.776,-0.0009725,0.0237957,-0.0042302,0.9997075,-0.0017432,0.0476037,-0.0085043,-0.0402064,0.9837674,-0.1748853,0.0483780
3/20/2026 11:53:56.797,-0.0009027,0.0237629,-0.0041001,0.9997088,-0.0016101,0.0475372,-0.0082408,-0.0374104,0.9847492,-0.1699101,0.0482694
3/20/2026 11:53:56.817,-0.0008746,0.0237524,-0.0040398,0.9997092,-0.0015567,0.0475159,-0.0081188,-0.0362755,0.9851941,-0.1675606,0.0482299
3/20/2026 11:53:56.838,-0.0008588,0.0232975,-0.0040245,0.9997201,-0.0015297,0.0466059,-0.0080869,-0.0363023,0.9847560,-0.1701109,0.0473216
3/20/2026 11:53:56.858,-0.0008258,0.0233039,-0.0040406,0.9997199,-0.0014629,0.0466184,-0.0081175,-0.0348955,0.9846990,-0.1707342,0.0473417
3/20/2026 11:53:56.878,-0.0008104,0.0233134,-0.0040490,0.9997196,-0.0014315,0.0466372,-0.0081335,-0.0342276,0.9846739,-0.1710139,0.0473619
3/20/2026 11:53:56.897,-0.0007833,0.0233399,-0.0040373,0.9997191,-0.0013776,0.0466901,-0.0081090,-0.0330493,0.9848285,-0.1703546,0.0474072
3/20/2026 11:53:56.917,-0.0007370,0.0233407,-0.0039423,0.9997194,-0.0012895,0.0466912,-0.0079168,-0.0311193,0.9855570,-0.1664606,0.0473770
3/20/2026 11:53:56.937,-0.0007255,0.0233608,-0.0038196,0.9997195,-0.0012721,0.0467310,-0.0076711,-0.0306348,0.9864320,-0.1612870,0.0473719
3/20/2026 11:53:56.957,-0.0006868,0.0233926,-0.0037040,0.9997192,-0.0011999,0.0467942,-0.0074382,-0.0289866,0.9872797,-0.1563288,0.0473971
3/20/2026 11:53:56.977,-0.0006430,0.0234322,-0.0036747,0.9997185,-0.0011135,0.0468730,-0.0073775,-0.0271013,0.9875627,-0.1548726,0.0474574
3/20/2026 11:53:56.997,-0.0006147,0.0234612,-0.0036750,0.9997179,-0.0010566,0.0469309,-0.0073768,-0.0258768,0.9876223,-0.1547021,0.0475076
3/20/2026 11:53:57.017,-0.0005259,0.0234964,-0.0036660,0.9997171,-0.0008793,0.0470007,-0.0073547,-0.0221112,0.9878046,-0.1541204,0.0475779
3/20/2026 11:53:57.037,-0.0004827,0.0235287,-0.0035914,0.9997166,-0.0007962,0.0470648,-0.0072036,-0.0202781,0.9883469,-0.1508612,0.0476179
3/20/2026 11:53:57.057,-0.0004786,0.0235996,-0.0034162,0.9997155,-0.0007957,0.0472066,-0.0068531,-0.0200661,0.9894853,-0.1432344,0.0477080
3/20/2026 11:53:57.077,-0.0004480,0.0236304,-0.0033137,0.9997153,-0.0007391,0.0472679,-0.0066468,-0.0187699,0.9901357,-0.1388492,0.0477280
3/20/2026 11:53:57.097,-0.0003823,0.0235910,-0.0032453,0.9997163,-0.0006113,0.0471886,-0.0065068,-0.0160519,0.9905427,-0.1362630,0.0476380
3/20/2026 11:53:57.117,-0.0002444,0.0235280,-0.0032589,0.9997178,-0.0003354,0.0470616,-0.0065274,-0.0102908,0.9904909,-0.1371927,0.0475127
3/20/2026 11:53:57.137,-0.0001356,0.0234795,-0.0033174,0.9997188,-0.0001154,0.0469639,-0.0066394,-0.0057194,0.9901493,-0.1398986,0.0474323
3/20/2026 11:53:57.157,-0.0000872,0.0234526,-0.0033807,0.9997192,-0.0000159,0.0469097,-0.0067636,-0.0036821,0.9897630,-0.1426733,0.0473971
3/20/2026 11:53:57.177,-0.0000131,0.0234471,-0.0035227,0.9997188,0.0001390,0.0468984,-0.0070442,-0.0005525,0.9889010,-0.1485743,0.0474323
3/20/2026 11:53:57.197,0.0001049,0.0234329,-0.0036989,0.9997185,0.0003832,0.0468691,-0.0073908,0.0044238,0.9877601,-0.1559178,0.0474574
3/20/2026 11:53:57.218,0.0002910,0.0234086,-0.0038232,0.9997185,0.0007608,0.0468189,-0.0076307,0.0122673,0.9868494,-0.1611763,0.0474524
3/20/2026 11:53:57.237,0.0004766,0.0233958,-0.0038637,0.9997188,0.0011337,0.0467919,-0.0077030,0.0200945,0.9864373,-0.1629042,0.0474323
3/20/2026 11:53:57.257,0.0005990,0.0233477,-0.0038998,0.9997196,0.0013798,0.0466947,-0.0077695,0.0252982,0.9860200,-0.1646958,0.0473669
3/20/2026 11:53:57.277,0.0007219,0.0233108,-0.0039987,0.9997199,0.0016298,0.0466197,-0.0079615,0.0305075,0.9851458,-0.1689884,0.0473367
3/20/2026 11:53:57.297,0.0008400,0.0232933,-0.0041764,0.9997196,0.0018740,0.0465834,-0.0083114,0.0354726,0.9836846,-0.1763698,0.0473669
3/20/2026 11:53:57.317,0.0009545,0.0228533,-0.0043108,0.9997290,0.0021056,0.0457020,-0.0085758,0.0410089,0.9818438,-0.1852054,0.0465596
3/20/2026 11:53:57.337,0.0009763,0.0227974,-0.0043077,0.9997304,0.0021485,0.0455899,-0.0085686,0.0420434,0.9817436,-0.1855046,0.0464417
3/20/2026 11:53:57.357,0.0010559,0.0227369,-0.0042989,0.9997317,0.0023068,0.0454684,-0.0085476,0.0455853,0.9815699,-0.1855868,0.0463338
3/20/2026 11:53:57.377,0.0012261,0.0226813,-0.0043834,0.9997324,0.0026503,0.0453553,-0.0087091,0.0529998,0.9804521,-0.1894848,0.0462668
3/20/2026 11:53:57.397,0.0013676,0.0226356,-0.0045153,0.9997327,0.0029389,0.0452624,-0.0089664,0.0591463,0.9789625,-0.1952797,0.0462410
3/20/2026 11:53:57.417,0.0014875,0.0230888,-0.0046235,0.9997215,0.0031877,0.0461676,-0.0091758,0.0630460,0.9785835,-0.1959581,0.0472005
3/20/2026 11:53:57.437,0.0015279,0.0230456,-0.0046675,0.9997224,0.0032701,0.0460807,-0.0092622,0.0648428,0.9780374,-0.1980868,0.0471297
3/20/2026 11:53:57.457,0.0015507,0.0229886,-0.0046541,0.9997237,0.0033144,0.0459665,-0.0092344,0.0659680,0.9779810,-0.1979932,0.0470183
3/20/2026 11:53:57.477,0.0015779,0.0229315,-0.0046032,0.9997250,0.0033660,0.0458522,-0.0091317,0.0673093,0.9782180,-0.1963646,0.0469015
3/20/2026 11:53:57.497,0.0016003,0.0228493,-0.0045010,0.9997275,0.0034053,0.0456879,-0.0089266,0.0685533,0.9788371,-0.1928167,0.0466926
3/20/2026 11:53:57.517,0.0016484,0.0227660,-0.0044432,0.9997295,0.0034983,0.0455210,-0.0088092,0.0708883,0.9790127,-0.1910735,0.0465186
3/20/2026 11:53:57.537,0.0017793,0.0227250,-0.0045021,0.9997300,0.0037624,0.0454377,-0.0089210,0.0765807,0.9780550,-0.1937624,0.0464776
3/20/2026 11:53:57.557,0.0019128,0.0227207,-0.0046226,0.9997292,0.0040347,0.0454274,-0.0091560,0.0822201,0.9766068,-0.1986935,0.0465443
3/20/2026 11:53:57.577,0.0019827,0.0226903,-0.0046874,0.9997296,0.0041770,0.0453657,-0.0092825,0.0852620,0.9757555,-0.2015734,0.0465084
3/20/2026 11:53:57.597,0.0020279,0.0226506,-0.0046946,0.9997304,0.0042673,0.0452858,-0.0092950,0.0873299,0.9754483,-0.2021735,0.0464417
3/20/2026 11:53:57.617,0.0020687,0.0225987,-0.0046821,0.9997314,0.0043479,0.0451817,-0.0092683,0.0892785,0.9752945,-0.2020643,0.0463543
3/20/2026 11:53:57.637,0.0021536,0.0225783,-0.0046831,0.9997318,0.0045175,0.0451401,-0.0092667,0.0929912,0.9749167,-0.2022129,0.0463183
3/20/2026 11:53:57.657,0.0022023,0.0225813,-0.0046890,0.9997315,0.0046152,0.0451457,-0.0092762,0.0950582,0.9746806,-0.2023897,0.0463492
3/20/2026 11:53:57.677,0.0022473,0.0225856,-0.0047168,0.9997313,0.0047065,0.0451537,-0.0093297,0.0969429,0.9742708,-0.2034660,0.0463646
3/20/2026 11:53:57.697,0.0022588,0.0225997,-0.0047196,0.9997309,0.0047296,0.0451817,-0.0093348,0.0973707,0.9742308,-0.2034538,0.0464006
3/20/2026 11:53:57.717,0.0022571,0.0226254,-0.0047036,0.9997303,0.0047259,0.0452334,-0.0093027,0.0972101,0.9744304,-0.2025723,0.0464468
3/20/2026 11:53:57.737,0.0023185,0.0226869,-0.0046983,0.9997288,0.0048489,0.0453558,-0.0092891,0.0995736,0.9743556,-0.2017826,0.0465801
3/20/2026 11:53:57.757,0.0024001,0.0227466,-0.0047170,0.9997272,0.0050135,0.0454744,-0.0093225,0.1027699,0.9739836,-0.2019763,0.0467130
3/20/2026 11:53:57.777,0.0024653,0.0228274,-0.0047313,0.9997252,0.0051452,0.0456354,-0.0093476,0.1051617,0.9737598,-0.2018237,0.0468913
3/20/2026 11:53:57.797,0.0024761,0.0228810,-0.0046669,0.9997242,0.0051644,0.0457428,-0.0092182,0.1054422,0.9743645,-0.1987353,0.0469726
3/20/2026 11:53:57.817,0.0024368,0.0229037,-0.0045315,0.9997245,0.0050799,0.0457892,-0.0089491,0.1038081,0.9756842,-0.1930396,0.0469472
3/20/2026 11:53:57.837,0.0024588,0.0229732,-0.0044164,0.9997233,0.0051191,0.0459286,-0.0087175,0.1045271,0.9766393,-0.1877493,0.0470538
3/20/2026 11:53:57.857,0.0025081,0.0230590,-0.0043056,0.9997217,0.0052133,0.0461005,-0.0084933,0.1063135,0.9774398,-0.1825073,0.0471853
3/20/2026 11:53:57.877,0.0025318,0.0230787,-0.0041559,0.9997218,0.0052540,0.0461405,-0.0081927,0.1073408,0.9784845,-0.1761986,0.0471803
3/20/2026 11:53:57.897,0.0025126,0.0230358,-0.0040885,0.9997231,0.0052123,0.0460553,-0.0080592,0.1067824,0.9789823,-0.1737555,0.0470690
3/20/2026 11:53:57.918,0.0025212,0.0230435,-0.0040782,0.9997229,0.0052290,0.0460706,-0.0080382,0.1071158,0.9790322,-0.1732690,0.0470842
3/20/2026 11:53:57.938,0.0025445,0.0230303,-0.0040799,0.9997231,0.0052756,0.0460440,-0.0080405,0.1081538,0.9788926,-0.1734135,0.0470639
3/20/2026 11:53:57.957,0.0025822,0.0230600,-0.0040627,0.9997224,0.0053504,0.0461033,-0.0080043,0.1096160,0.9788978,-0.1724628,0.0471247
3/20/2026 11:53:57.978,0.0026092,0.0231188,-0.0040473,0.9997211,0.0054042,0.0462206,-0.0079720,0.1104913,0.9789880,-0.1713892,0.0472409
3/20/2026 11:53:57.997,0.0026241,0.0231909,-0.0040376,0.9997194,0.0054341,0.0463648,-0.0079514,0.1107902,0.9791153,-0.1704667,0.0473820
3/20/2026 11:53:58.017,0.0026290,0.0232268,-0.0039905,0.9997188,0.0054419,0.0464369,-0.0078569,0.1108662,0.9794845,-0.1682820,0.0474323
3/20/2026 11:53:58.037,0.0026264,0.0232684,-0.0039624,0.9997179,0.0054357,0.0465203,-0.0078006,0.1105883,0.9797617,-0.1668455,0.0475076
3/20/2026 11:53:58.057,0.0026454,0.0233219,-0.0039446,0.9997167,0.0054734,0.0466273,-0.0077638,0.1111494,0.9798864,-0.1657360,0.0476079
3/20/2026 11:53:58.077,0.0026200,0.0233662,-0.0039550,0.9997157,0.0054235,0.0467161,-0.0077856,0.1098876,0.9800045,-0.1658788,0.0476880
3/20/2026 11:53:58.097,0.0025941,0.0234433,-0.0039365,0.9997140,0.0053713,0.0468706,-0.0077493,0.1084813,0.9803736,-0.1646191,0.0478328
3/20/2026 11:53:58.117,0.0025655,0.0235270,-0.0038721,0.9997124,0.0053117,0.0470385,-0.0076214,0.1069797,0.9810632,-0.1614632,0.0479672
3/20/2026 11:53:58.137,0.0026079,0.0236119,-0.0038265,0.9997104,0.0053951,0.0472083,-0.0075279,0.1083856,0.9813061,-0.1590309,0.0481309
3/20/2026 11:53:58.157,0.0025763,0.0236360,-0.0039435,0.9997095,0.0053375,0.0472562,-0.0077631,0.1068960,0.9807141,-0.1636247,0.0482052
3/20/2026 11:53:58.177,0.0029501,0.0234678,-0.0043417,0.9997108,0.0061024,0.0469145,-0.0085426,0.1226783,0.9758861,-0.1805442,0.0481012
3/20/2026 11:53:58.197,0.0023395,0.0236341,-0.0041381,0.9997093,0.0048732,0.0472532,-0.0081634,0.0970435,0.9803662,-0.1716524,0.0482250
3/20/2026 11:53:58.217,0.0023400,0.0237482,-0.0036069,0.9997087,0.0048501,0.0474841,-0.0071007,0.0969593,0.9840038,-0.1494503,0.0482793
3/20/2026 11:53:58.237,0.0026151,0.0235200,-0.0035156,0.9997137,0.0053941,0.0470262,-0.0069064,0.1093055,0.9830867,-0.1469456,0.0478627
3/20/2026 11:53:58.257,0.0029659,0.0232374,-0.0037674,0.9997184,0.0061052,0.0464569,-0.0073951,0.1250012,0.9793684,-0.1587835,0.0474675
3/20/2026 11:53:58.277,0.0032192,0.0230469,-0.0042180,0.9997203,0.0066311,0.0460711,-0.0082854,0.1361207,0.9745062,-0.1783503,0.0473065
3/20/2026 11:53:58.297,0.0033501,0.0228894,-0.0044674,0.9997225,0.0069029,0.0457533,-0.0087793,0.1421907,0.9715086,-0.1896126,0.0471196
3/20/2026 11:53:58.317,0.0032707,0.0228045,-0.0044821,0.9997246,0.0067441,0.0455839,-0.0088129,0.1393584,0.9716525,-0.1909733,0.0469422
3/20/2026 11:53:58.337,0.0030367,0.0227680,-0.0043697,0.9997265,0.0062708,0.0455137,-0.0085991,0.1298770,0.9737582,-0.1868876,0.0467793
3/20/2026 11:53:58.357,0.0028796,0.0228392,-0.0042901,0.9997259,0.0059536,0.0456577,-0.0084465,0.1229748,0.9753522,-0.1832082,0.0468303
3/20/2026 11:53:58.377,0.0028116,0.0229637,-0.0041875,0.9997235,0.0058140,0.0459081,-0.0082437,0.1195868,0.9767177,-0.1781056,0.0470335
3/20/2026 11:53:58.397,0.0028166,0.0230837,-0.0041341,0.9997211,0.0058225,0.0461484,-0.0081361,0.1192473,0.9773149,-0.1750301,0.0472409
3/20/2026 11:53:58.417,0.0028236,0.0231791,-0.0041345,0.9997187,0.0058374,0.0463391,-0.0081359,0.1190728,0.9774580,-0.1743492,0.0474373
3/20/2026 11:53:58.437,0.0027825,0.0232342,-0.0041227,0.9997176,0.0057551,0.0464497,-0.0081141,0.1171062,0.9778445,-0.1735121,0.0475327
3/20/2026 11:53:58.457,0.0027741,0.0232597,-0.0040832,0.9997172,0.0057366,0.0465011,-0.0080353,0.1166681,0.9782124,-0.1717243,0.0475628
3/20/2026 11:53:58.477,0.0028107,0.0232910,-0.0041065,0.9997163,0.0058110,0.0465634,-0.0080799,0.1180120,0.9779288,-0.1724199,0.0476430
3/20/2026 11:53:58.497,0.0028733,0.0233618,-0.0041233,0.9997145,0.0059376,0.0467043,-0.0081103,0.1202393,0.9776341,-0.1725515,0.0477929
3/20/2026 11:53:58.517,0.0029278,0.0234319,-0.0041456,0.9997125,0.0060482,0.0468441,-0.0081518,0.1221173,0.9773377,-0.1729112,0.0479622
3/20/2026 11:53:58.537,0.0029743,0.0234826,-0.0041577,0.9997111,0.0061422,0.0469451,-0.0081736,0.1237607,0.9771149,-0.1730025,0.0480764
3/20/2026 11:53:58.557,0.0030029,0.0235356,-0.0041313,0.9997100,0.0061986,0.0470509,-0.0081192,0.1246894,0.9772541,-0.1715429,0.0481705
3/20/2026 11:53:58.577,0.0030517,0.0235654,-0.0041011,0.9997092,0.0062949,0.0471103,-0.0080562,0.1265560,0.9772708,-0.1700742,0.0482349
3/20/2026 11:53:58.597,0.0031734,0.0236493,-0.0040617,0.9997070,0.0065371,0.0472775,-0.0079711,0.1311077,0.9770629,-0.1678062,0.0484125
3/20/2026 11:53:58.617,0.0033173,0.0237281,-0.0040053,0.9997048,0.0068227,0.0474345,-0.0078511,0.1365614,0.9768130,-0.1648860,0.0485944
3/20/2026 11:53:58.637,0.0033509,0.0237820,-0.0039442,0.9997038,0.0068875,0.0475425,-0.0077270,0.1376787,0.9771296,-0.1620566,0.0486777
3/20/2026 11:53:58.657,0.0033863,0.0237801,-0.0039833,0.9997035,0.0069601,0.0475382,-0.0078035,0.1390782,0.9766742,-0.1635996,0.0487022
3/20/2026 11:53:58.677,0.0034712,0.0238510,-0.0036792,0.9997028,0.0071158,0.0476815,-0.0071909,0.1423693,0.9782430,-0.1509027,0.0487658
3/20/2026 11:53:58.697,0.0035273,0.0239165,-0.0037559,0.9997007,0.0072323,0.0478116,-0.0073410,0.1441773,0.9775710,-0.1535183,0.0489367
3/20/2026 11:53:58.717,0.0035203,0.0239380,-0.0037466,0.9997002,0.0072179,0.0478548,-0.0073227,0.1437809,0.9777068,-0.1530245,0.0489707
3/20/2026 11:53:58.737,0.0035190,0.0239053,-0.0037127,0.9997011,0.0072135,0.0477896,-0.0072553,0.1439471,0.9778620,-0.1518723,0.0489025
3/20/2026 11:53:58.757,0.0035295,0.0238205,-0.0036782,0.9997032,0.0072322,0.0476202,-0.0071862,0.1448907,0.9778589,-0.1509920,0.0487267
3/20/2026 11:53:58.777,0.0035449,0.0237444,-0.0036826,0.9997050,0.0072627,0.0474677,-0.0071949,0.1459512,0.9776042,-0.1516185,0.0485846
3/20/2026 11:53:58.797,0.0035882,0.0237084,-0.0036993,0.9997056,0.0073498,0.0473953,-0.0072265,0.1478940,0.9771795,-0.1524715,0.0485305
3/20/2026 11:53:58.817,0.0036556,0.0237042,-0.0037280,0.9997055,0.0074859,0.0473863,-0.0072808,0.1506087,0.9765896,-0.1535894,0.0485404
3/20/2026 11:53:58.837,0.0037226,0.0236729,-0.0037509,0.9997057,0.0076207,0.0473230,-0.0073237,0.1534748,0.9759772,-0.1546417,0.0485256
3/20/2026 11:53:58.857,0.0037789,0.0236254,-0.0037933,0.9997064,0.0077348,0.0472272,-0.0074060,0.1559935,0.9752673,-0.1565880,0.0484617
3/20/2026 11:53:58.877,0.0037749,0.0235747,-0.0034744,0.9997090,0.0077115,0.0471282,-0.0067690,0.1564630,0.9771290,-0.1440078,0.0482546
3/20/2026 11:53:58.897,0.0037338,0.0235852,-0.0035023,0.9997087,0.0076306,0.0471494,-0.0068266,0.1547072,0.9772447,-0.1451155,0.0482744
3/20/2026 11:53:58.917,0.0037123,0.0236039,-0.0034966,0.9997084,0.0075876,0.0471869,-0.0068162,0.1537294,0.9774465,-0.1447957,0.0483040
3/20/2026 11:53:58.937,0.0037482,0.0236234,-0.0035099,0.9997077,0.0076602,0.0472257,-0.0068409,0.1550450,0.9771807,-0.1451868,0.0483583
3/20/2026 11:53:58.957,0.0037662,0.0235809,-0.0035177,0.9997085,0.0076961,0.0471404,-0.0068560,0.1560295,0.9769419,-0.1457371,0.0482892
3/20/2026 11:53:58.977,0.0038015,0.0235564,-0.0031824,0.9997102,0.0077509,0.0470938,-0.0061840,0.1579212,0.9785623,-0.1321990,0.0481507
3/20/2026 11:53:58.997,0.0038103,0.0235783,-0.0032655,0.9997094,0.0077725,0.0471368,-0.0063496,0.1580634,0.9780932,-0.1354611,0.0482200
3/20/2026 11:53:59.017,0.0038250,0.0236278,-0.0033334,0.9997079,0.0078054,0.0472353,-0.0064843,0.1582783,0.9777128,-0.1379341,0.0483435
3/20/2026 11:53:59.037,0.0038317,0.0236802,-0.0033409,0.9997067,0.0078195,0.0473400,-0.0064986,0.1582071,0.9777233,-0.1379405,0.0484420
3/20/2026 11:53:59.057,0.0038546,0.0237329,-0.0032787,0.9997055,0.0078626,0.0474458,-0.0063728,0.1588445,0.9780148,-0.1351130,0.0485404
3/20/2026 11:53:59.077,0.0038966,0.0237832,-0.0031739,0.9997044,0.0079419,0.0475471,-0.0061609,0.1602981,0.9783947,-0.1305692,0.0486287
3/20/2026 11:53:59.097,0.0039419,0.0238626,-0.0031199,0.9997025,0.0080304,0.0477061,-0.0060501,0.1616419,0.9785213,-0.1279379,0.0487854
3/20/2026 11:53:59.117,0.0039530,0.0239612,-0.0031231,0.9997001,0.0080534,0.0479032,-0.0060550,0.1614463,0.9786042,-0.1275496,0.0489805
3/20/2026 11:53:59.137,0.0039482,0.0240275,-0.0031377,0.9996986,0.0080448,0.0480357,-0.0060840,0.1608148,0.9786751,-0.1278025,0.0491069
3/20/2026 11:53:59.157,0.0039154,0.0240259,-0.0031437,0.9996988,0.0079797,0.0480327,-0.0060977,0.1595211,0.9788505,-0.1280810,0.0490923
3/20/2026 11:53:59.177,0.0038926,0.0240300,-0.0031495,0.9996987,0.0079344,0.0480410,-0.0061103,0.1585846,0.9789726,-0.1283105,0.0490972
3/20/2026 11:53:59.197,0.0038716,0.0240682,-0.0031493,0.9996979,0.0078925,0.0481175,-0.0061106,0.1575086,0.9791707,-0.1281237,0.0491603
3/20/2026 11:53:59.217,0.0038306,0.0241311,-0.0031572,0.9996965,0.0078113,0.0482435,-0.0061278,0.1554850,0.9794904,-0.1281523,0.0492765
3/20/2026 11:53:59.237,0.0037927,0.0241697,-0.0031806,0.9996957,0.0077368,0.0483208,-0.0061762,0.1537276,0.9796672,-0.1289190,0.0493442
3/20/2026 11:53:59.257,0.0037118,0.0242077,-0.0030986,0.9996953,0.0075714,0.0483980,-0.0060158,0.1503607,0.9806306,-0.1255203,0.0493732
3/20/2026 11:53:59.277,0.0036265,0.0242162,-0.0028964,0.9996958,0.0073911,0.0484169,-0.0056156,0.1470768,0.9821252,-0.1174678,0.0493297
3/20/2026 11:53:59.297,0.0035612,0.0242087,-0.0026976,0.9996969,0.0072509,0.0484038,-0.0052212,0.1446601,0.9833951,-0.1095787,0.0492475
3/20/2026 11:53:59.317,0.0034977,0.0242672,-0.0025286,0.9996962,0.0071161,0.0485223,-0.0048861,0.1419064,0.9845498,-0.1025883,0.0493007
3/20/2026 11:53:59.337,0.0034156,0.0242902,-0.0024030,0.9996961,0.0069458,0.0485694,-0.0046387,0.1385817,0.9855400,-0.0974984,0.0493056
3/20/2026 11:53:59.357,0.0033456,0.0243062,-0.0023883,0.9996961,0.0068053,0.0486020,-0.0046127,0.1357171,0.9859991,-0.0968846,0.0493056
3/20/2026 11:53:59.377,0.0033240,0.0243132,-0.0024171,0.9996960,0.0067635,0.0486159,-0.0046713,0.1348022,0.9860120,-0.0980249,0.0493201
3/20/2026 11:53:59.397,0.0032695,0.0243165,-0.0023966,0.9996961,0.0066536,0.0486227,-0.0046328,0.1326261,0.9863871,-0.0972154,0.0493056
3/20/2026 11:53:59.417,0.0031370,0.0243154,-0.0022721,0.9996969,0.0063826,0.0486219,-0.0043904,0.1274068,0.9875484,-0.0922810,0.0492427
3/20/2026 11:53:59.437,0.0029935,0.0242924,-0.0020386,0.9996983,0.0060842,0.0485780,-0.0039307,0.1218795,0.9890683,-0.0830028,0.0491312
3/20/2026 11:53:59.457,0.0028522,0.0242994,-0.0018531,0.9996989,0.0057929,0.0485935,-0.0035665,0.1162458,0.9903449,-0.0755237,0.0490777
3/20/2026 11:53:59.477,0.0027812,0.0243182,-0.0017740,0.9996988,0.0056471,0.0486318,-0.0034118,0.1133305,0.9909241,-0.0722886,0.0490875
3/20/2026 11:53:59.497,0.0027634,0.0243515,-0.0017505,0.9996980,0.0056105,0.0486985,-0.0033653,0.1124708,0.9910977,-0.0712432,0.0491506
3/20/2026 11:53:59.517,0.0027409,0.0243871,-0.0017512,0.9996973,0.0055656,0.0487699,-0.0033678,0.1114059,0.9912226,-0.0711800,0.0492136
3/20/2026 11:53:59.538,0.0026219,0.0244034,-0.0016545,0.9996974,0.0053230,0.0488035,-0.0031801,0.1065839,0.9920264,-0.0672578,0.0492039
3/20/2026 11:53:59.557,0.0024218,0.0244037,-0.0014473,0.9996982,0.0049128,0.0488056,-0.0027756,0.0985826,0.9933834,-0.0589144,0.0491360
3/20/2026 11:53:59.577,0.0022750,0.0243952,-0.0013191,0.9996989,0.0046130,0.0487897,-0.0025265,0.0927182,0.9942399,-0.0537617,0.0490826
3/20/2026 11:53:59.597,0.0021804,0.0244278,-0.0012251,0.9996985,0.0044193,0.0488554,-0.0023429,0.0887945,0.9947997,-0.0498904,0.0491166
3/20/2026 11:53:59.617,0.0021264,0.0244516,-0.0011606,0.9996980,0.0043082,0.0489034,-0.0022166,0.0865384,0.9951280,-0.0472354,0.0491506
3/20/2026 11:53:59.637,0.0021533,0.0244727,-0.0011531,0.9996975,0.0043618,0.0489456,-0.0022002,0.0875540,0.9950557,-0.0468865,0.0491942
3/20/2026 11:53:59.657,0.0021610,0.0244895,-0.0011527,0.9996970,0.0043772,0.0489793,-0.0021989,0.0878047,0.9950361,-0.0468354,0.0492330
3/20/2026 11:53:59.677,0.0021256,0.0245057,-0.0011440,0.9996968,0.0043059,0.0490117,-0.0021831,0.0863205,0.9951836,-0.0464570,0.0492523
3/20/2026 11:53:59.697,0.0020721,0.0245287,-0.0011264,0.9996963,0.0041983,0.0490580,-0.0021505,0.0840895,0.9954092,-0.0457104,0.0492959
3/20/2026 11:53:59.717,0.0020154,0.0245418,-0.0011200,0.9996961,0.0040847,0.0490843,-0.0021405,0.0817630,0.9956155,-0.0454379,0.0493104
3/20/2026 11:53:59.737,0.0019243,0.0245512,-0.0010650,0.9996960,0.0038997,0.0491035,-0.0020349,0.0780662,0.9960116,-0.0432062,0.0493152
3/20/2026 11:53:59.757,0.0018352,0.0245714,-0.0009867,0.9996960,0.0037178,0.0491444,-0.0018825,0.0744209,0.9964239,-0.0400112,0.0493201
3/20/2026 11:53:59.777,0.0018082,0.0245727,-0.0009603,0.9996960,0.0036625,0.0491471,-0.0018311,0.0733313,0.9965469,-0.0389435,0.0493201
3/20/2026 11:53:59.797,0.0017822,0.0245883,-0.0009750,0.9996955,0.0036113,0.0491783,-0.0018618,0.0722360,0.9966043,-0.0395188,0.0493587
3/20/2026 11:53:59.817,0.0017141,0.0245855,-0.0009703,0.9996958,0.0034748,0.0491729,-0.0018558,0.0694963,0.9968061,-0.0393413,0.0493346
3/20/2026 11:53:59.837,0.0016167,0.0245736,-0.0009614,0.9996963,0.0032797,0.0491492,-0.0018427,0.0655988,0.9970833,-0.0390081,0.0492959
3/20/2026 11:53:59.857,0.0015691,0.0245780,-0.0009673,0.9996963,0.0031848,0.0491580,-0.0018569,0.0636629,0.9971995,-0.0392464,0.0492959
3/20/2026 11:53:59.877,0.0015124,0.0245647,-0.0009690,0.9996966,0.0030715,0.0491316,-0.0018632,0.0614039,0.9973373,-0.0393433,0.0492717
3/20/2026 11:53:59.897,0.0014356,0.0245940,-0.0008919,0.9996960,0.0029141,0.0491905,-0.0017127,0.0582329,0.9976472,-0.0361806,0.0493152
3/20/2026 11:53:59.917,0.0012665,0.0246204,-0.0006533,0.9996958,0.0025644,0.0492442,-0.0012438,0.0513548,0.9983291,-0.0264906,0.0493297
3/20/2026 11:53:59.937,0.0011480,0.0246131,-0.0004863,0.9996963,0.0023192,0.0492302,-0.0009159,0.0465813,0.9987195,-0.0197345,0.0492911
3/20/2026 11:53:59.957,0.0010729,0.0246109,-0.0004481,0.9996964,0.0021672,0.0492260,-0.0008432,0.0435455,0.9988859,-0.0181889,0.0492814
3/20/2026 11:53:59.977,0.0009747,0.0245997,-0.0004419,0.9996969,0.0019705,0.0492035,-0.0008356,0.0395842,0.9990551,-0.0179477,0.0492475
3/20/2026 11:53:59.997,0.0009009,0.0246011,-0.0004547,0.9996967,0.0018237,0.0492065,-0.0008647,0.0365903,0.9991597,-0.0184662,0.0492572
3/20/2026 11:54:0.017,0.0008749,0.0246124,-0.0004425,0.9996966,0.0017710,0.0492290,-0.0008416,0.0355190,0.9992076,-0.0179633,0.0492717
3/20/2026 11:54:0.037,0.0008440,0.0249727,-0.0004321,0.9996877,0.0017090,0.0499499,-0.0008218,0.0337715,0.9992800,-0.0172913,0.0499876
3/20/2026 11:54:0.057,0.0008105,0.0249949,-0.0003903,0.9996872,0.0016400,0.0499944,-0.0007399,0.0324058,0.9993529,-0.0156069,0.0500257
3/20/2026 11:54:0.077,0.0007741,0.0250155,-0.0003807,0.9996867,0.0015668,0.0500356,-0.0007225,0.0309279,0.9994058,-0.0152103,0.0500686
3/20/2026 11:54:0.097,0.0007131,0.0249971,-0.0004107,0.9996871,0.0014463,0.0499989,-0.0007855,0.0285113,0.9994586,-0.0164208,0.0500305
3/20/2026 11:54:0.117,0.0006447,0.0249714,-0.0004221,0.9996879,0.0013102,0.0499474,-0.0008116,0.0258069,0.9995242,-0.0168934,0.0499685
3/20/2026 11:54:0.137,0.0005702,0.0249575,-0.0004489,0.9996881,0.0011625,0.0499196,-0.0008691,0.0228378,0.9995775,-0.0179794,0.0499494
3/20/2026 11:54:0.157,0.0004710,0.0249403,-0.0005008,0.9996888,0.0009666,0.0498853,-0.0009779,0.0188763,0.9996203,-0.0200739,0.0498969
3/20/2026 11:54:0.177,0.0003418,0.0249450,-0.0005563,0.9996886,0.0007112,0.0498948,-0.0010951,0.0136978,0.9996576,-0.0222915,0.0499112
3/20/2026 11:54:0.197,0.0002485,0.0250099,-0.0005969,0.9996869,0.0005266,0.0500247,-0.0011810,0.0099314,0.9996660,-0.0238590,0.0500495
3/20/2026 11:54:0.217,0.0001619,0.0250473,-0.0006371,0.9996860,0.0003555,0.0500996,-0.0012656,0.0064602,0.9996558,-0.0254261,0.0501209
3/20/2026 11:54:0.237,0.0000200,0.0250885,-0.0006727,0.9996850,0.0000738,0.0501823,-0.0013440,0.0007979,0.9996403,-0.0268032,0.0502018
3/20/2026 11:54:0.257,-0.0001693,0.0251456,-0.0007716,0.9996835,-0.0002997,0.0502967,-0.0015511,-0.0067298,0.9995070,-0.0306683,0.0503204
3/20/2026 11:54:0.277,-0.0003054,0.0252472,-0.0007991,0.9996809,-0.0005703,0.0505001,-0.0016131,-0.0120905,0.9994264,-0.0316330,0.0505284
3/20/2026 11:54:0.297,-0.0003650,0.0253570,-0.0008105,0.9996781,-0.0006886,0.0507200,-0.0016389,-0.0143849,0.9993861,-0.0319431,0.0507497
3/20/2026 11:54:0.317,-0.0004125,0.0254585,-0.0008193,0.9996755,-0.0007830,0.0509231,-0.0016591,-0.0161917,0.9993516,-0.0321608,0.0509560
3/20/2026 11:54:0.337,-0.0004454,0.0255570,-0.0008543,0.9996729,-0.0008468,0.0511203,-0.0017308,-0.0174153,0.9992901,-0.0334042,0.0511569
3/20/2026 11:54:0.357,-0.0005159,0.0257007,-0.0009167,0.9996691,-0.0009843,0.0514080,-0.0018592,-0.0200557,0.9991636,-0.0356365,0.0514497
3/20/2026 11:54:0.377,-0.0005842,0.0258472,-0.0010060,0.9996653,-0.0011161,0.0517013,-0.0020416,-0.0225810,0.9989886,-0.0388835,0.0517500
3/20/2026 11:54:0.397,-0.0006741,0.0259547,-0.0010971,0.9996623,-0.0012908,0.0519167,-0.0022285,-0.0259411,0.9987715,-0.0422195,0.0519753
3/20/2026 11:54:0.417,-0.0007759,0.0260590,-0.0011341,0.9996595,-0.0014922,0.0521257,-0.0023080,-0.0297340,0.9986125,-0.0434616,0.0521951
3/20/2026 11:54:0.437,-0.0008636,0.0261474,-0.0011780,0.9996570,-0.0016650,0.0523029,-0.0024004,-0.0329776,0.9984432,-0.0449834,0.0523866
3/20/2026 11:54:0.457,-0.0008702,0.0262034,-0.0013096,0.9996554,-0.0016712,0.0524150,-0.0026640,-0.0331501,0.9982044,-0.0498898,0.0525048
3/20/2026 11:54:0.477,-0.0008580,0.0262381,-0.0014678,0.9996543,-0.0016383,0.0524848,-0.0029796,-0.0326309,0.9979073,-0.0558242,0.0525910
3/20/2026 11:54:0.497,-0.0008928,0.0262601,-0.0016200,0.9996535,-0.0016998,0.0525292,-0.0032857,-0.0339130,0.9975284,-0.0615374,0.0526499
3/20/2026 11:54:0.517,-0.0009523,0.0262892,-0.0017829,0.9996523,-0.0018102,0.0525879,-0.0036146,-0.0361178,0.9970573,-0.0676189,0.0527404
3/20/2026 11:54:0.537,-0.0010247,0.0263175,-0.0018684,0.9996513,-0.0019503,0.0526450,-0.0037894,-0.0388077,0.9967380,-0.0707617,0.0528172
3/20/2026 11:54:0.557,-0.0010837,0.0263537,-0.0019135,0.9996502,-0.0020658,0.0527177,-0.0038828,-0.0409787,0.9965366,-0.0723577,0.0529029
3/20/2026 11:54:0.577,-0.0011155,0.0263792,-0.0019855,0.9996494,-0.0021256,0.0527689,-0.0040284,-0.0421320,0.9962941,-0.0749874,0.0529615
3/20/2026 11:54:0.597,-0.0011223,0.0263719,-0.0020106,0.9996495,-0.0021377,0.0527545,-0.0040789,-0.0423946,0.9962100,-0.0759496,0.0529525
3/20/2026 11:54:0.617,-0.0011150,0.0264020,-0.0020184,0.9996486,-0.0021227,0.0528146,-0.0040942,-0.0420718,0.9962077,-0.0761582,0.0530200
3/20/2026 11:54:0.637,-0.0010729,0.0264164,-0.0020068,0.9996483,-0.0020390,0.0528432,-0.0040689,-0.0404638,0.9963102,-0.0756877,0.0530425
3/20/2026 11:54:0.657,-0.0009836,0.0264342,-0.0019982,0.9996480,-0.0018608,0.0528785,-0.0040469,-0.0370763,0.9964697,-0.0753231,0.0530649
3/20/2026 11:54:0.677,-0.0009254,0.0264598,-0.0020021,0.9996474,-0.0017441,0.0529294,-0.0040518,-0.0348518,0.9965438,-0.0754039,0.0531144
3/20/2026 11:54:0.697,-0.0009176,0.0264934,-0.0025156,0.9996454,-0.0017012,0.0529976,-0.0050781,-0.0344585,0.9949311,-0.0944704,0.0532623
3/20/2026 11:54:0.717,-0.0009007,0.0265819,-0.0025778,0.9996428,-0.0016637,0.0531745,-0.0052018,-0.0337070,0.9947650,-0.0964699,0.0534545
3/20/2026 11:54:0.737,-0.0009533,0.0266599,-0.0026188,0.9996406,-0.0017664,0.0533309,-0.0052865,-0.0355659,0.9945806,-0.0976962,0.0536192
3/20/2026 11:54:0.757,-0.0010033,0.0267242,-0.0026074,0.9996389,-0.0018664,0.0534600,-0.0052666,-0.0373378,0.9945801,-0.0970378,0.0537481
3/20/2026 11:54:0.777,-0.0010248,0.0267347,-0.0026334,0.9996386,-0.0019080,0.0534811,-0.0053197,-0.0381180,0.9944606,-0.0979549,0.0537747
3/20/2026 11:54:0.797,-0.0010882,0.0267766,-0.0026213,0.9996374,-0.0020352,0.0535653,-0.0052990,-0.0404128,0.9944293,-0.0973504,0.0538633
3/20/2026 11:54:0.817,-0.0011255,0.0268355,-0.0026424,0.9996356,-0.0021083,0.0536833,-0.0053433,-0.0417012,0.9943215,-0.0979069,0.0539915
3/20/2026 11:54:0.837,-0.0011156,0.0268343,-0.0027342,0.9996355,-0.0020836,0.0536810,-0.0055263,-0.0413229,0.9939994,-0.1012807,0.0540003
3/20/2026 11:54:0.857,-0.0010826,0.0268347,-0.0028221,0.9996352,-0.0020130,0.0536818,-0.0057003,-0.0400916,0.9937158,-0.1045058,0.0540268
3/20/2026 11:54:0.877,-0.0010642,0.0268449,-0.0028559,0.9996350,-0.0019744,0.0537022,-0.0057669,-0.0393913,0.9936169,-0.1057059,0.0540401
3/20/2026 11:54:0.897,-0.0010715,0.0268573,-0.0028721,0.9996346,-0.0019879,0.0537271,-0.0057997,-0.0396385,0.9935491,-0.1062496,0.0540709
3/20/2026 11:54:0.917,-0.0011278,0.0268441,-0.0029030,0.9996348,-0.0020990,0.0537012,-0.0058644,-0.0417339,0.9933373,-0.1074212,0.0540533
3/20/2026 11:54:0.937,-0.0012165,0.0268564,-0.0029215,0.9996342,-0.0022752,0.0537263,-0.0059063,-0.0449849,0.9931287,-0.1080353,0.0540974
3/20/2026 11:54:0.957,-0.0012565,0.0268611,-0.0029402,0.9996341,-0.0023541,0.0537359,-0.0059458,-0.0464491,0.9929896,-0.1086926,0.0541062
3/20/2026 11:54:0.977,-0.0012708,0.0268790,-0.0033382,0.9996324,-0.0023613,0.0537727,-0.0067423,-0.0468680,0.9912857,-0.1231102,0.0542339
3/20/2026 11:54:0.997,-0.0012824,0.0268965,-0.0034006,0.9996315,-0.0023810,0.0538080,-0.0068678,-0.0472503,0.9909937,-0.1252948,0.0542954
3/20/2026 11:54:1.017,-0.0013176,0.0269242,-0.0034325,0.9996307,-0.0024494,0.0538637,-0.0069335,-0.0484878,0.9908043,-0.1263163,0.0543568
3/20/2026 11:54:1.037,-0.0013598,0.0269542,-0.0034736,0.9996297,-0.0025313,0.0539241,-0.0070181,-0.0499716,0.9905589,-0.1276557,0.0544270
3/20/2026 11:54:1.057,-0.0014115,0.0269820,-0.0035279,0.9996286,-0.0026315,0.0539804,-0.0071294,-0.0518005,0.9902291,-0.1294721,0.0545102
3/20/2026 11:54:1.077,-0.0014822,0.0270135,-0.0035672,0.9996275,-0.0027705,0.0540440,-0.0072119,-0.0543158,0.9899300,-0.1307227,0.0545888
3/20/2026 11:54:1.097,-0.0015047,0.0270486,-0.0036173,0.9996263,-0.0028126,0.0541144,-0.0073134,-0.0550544,0.9896726,-0.1323530,0.0546761
3/20/2026 11:54:1.117,-0.0015073,0.0270773,-0.0037008,0.9996252,-0.0028130,0.0541723,-0.0074807,-0.0550687,0.9892852,-0.1352125,0.0547589
3/20/2026 11:54:1.137,-0.0015192,0.0270863,-0.0037348,0.9996250,-0.0028349,0.0541904,-0.0075492,-0.0554756,0.9891018,-0.1363820,0.0547763
3/20/2026 11:54:1.157,-0.0015308,0.0271174,-0.0037340,0.9996241,-0.0028580,0.0542526,-0.0075483,-0.0558374,0.9891070,-0.1361973,0.0548416
3/20/2026 11:54:1.177,-0.0015514,0.0271462,-0.0037204,0.9996234,-0.0028997,0.0543103,-0.0075223,-0.0565314,0.9891544,-0.1355646,0.0548937
3/20/2026 11:54:1.197,-0.0015574,0.0271684,-0.0037504,0.9996226,-0.0029099,0.0543549,-0.0075826,-0.0566949,0.9890130,-0.1365252,0.0549458
3/20/2026 11:54:1.217,-0.0015415,0.0271773,-0.0037815,0.9996222,-0.0028763,0.0543728,-0.0076439,-0.0560901,0.9888991,-0.1375953,0.0549762
3/20/2026 11:54:1.237,-0.0015569,0.0271871,-0.0037954,0.9996218,-0.0029063,0.0543925,-0.0076727,-0.0566260,0.9888066,-0.1380401,0.0550066
3/20/2026 11:54:1.257,-0.0015610,0.0272050,-0.0038102,0.9996213,-0.0029135,0.0544284,-0.0077025,-0.0567327,0.9887394,-0.1384763,0.0550456
3/20/2026 11:54:1.277,-0.0015453,0.0272254,-0.0038475,0.9996208,-0.0028799,0.0544692,-0.0077764,-0.0561121,0.9886014,-0.1397096,0.0550802
3/20/2026 11:54:1.297,-0.0015294,0.0272252,-0.0038630,0.9996206,-0.0028474,0.0544688,-0.0078065,-0.0555343,0.9885550,-0.1402675,0.0550932
3/20/2026 11:54:1.317,-0.0015309,0.0272420,-0.0039229,0.9996200,-0.0028468,0.0545025,-0.0079263,-0.0555357,0.9882628,-0.1423116,0.0551365
3/20/2026 11:54:1.337,-0.0015475,0.0272739,-0.0040413,0.9996186,-0.0028733,0.0545669,-0.0081641,-0.0560366,0.9876453,-0.1463444,0.0552402
3/20/2026 11:54:1.357,-0.0015826,0.0272914,-0.0041135,0.9996178,-0.0029396,0.0546023,-0.0083104,-0.0572490,0.9872092,-0.1487973,0.0553006
3/20/2026 11:54:1.377,-0.0015626,0.0272990,-0.0042113,0.9996172,-0.0028941,0.0546176,-0.0085049,-0.0564803,0.9867316,-0.1522195,0.0553437
3/20/2026 11:54:1.397,-0.0015147,0.0272956,-0.0043465,0.9996169,-0.0027910,0.0546109,-0.0087726,-0.0547206,0.9860779,-0.1570224,0.0553652
3/20/2026 11:54:1.417,-0.0014676,0.0272913,-0.0044774,0.9996164,-0.0026896,0.0546021,-0.0090315,-0.0529903,0.9854218,-0.1616664,0.0553996
3/20/2026 11:54:1.437,-0.0014062,0.0272843,-0.0045737,0.9996163,-0.0025617,0.0545877,-0.0092208,-0.0507640,0.9849675,-0.1651117,0.0554039
3/20/2026 11:54:1.457,-0.0013555,0.0272852,-0.0046368,0.9996160,-0.0024570,0.0545892,-0.0093441,-0.0489196,0.9846857,-0.1673350,0.0554255
3/20/2026 11:54:1.477,-0.0013263,0.0272950,-0.0046645,0.9996156,-0.0023969,0.0546087,-0.0093981,-0.0478413,0.9845812,-0.1682590,0.0554556
3/20/2026 11:54:1.497,-0.0013064,0.0273242,-0.0047117,0.9996147,-0.0023543,0.0546670,-0.0094914,-0.0470628,0.9843641,-0.1697424,0.0555243
3/20/2026 11:54:1.517,-0.0012712,0.0273450,-0.0047566,0.9996139,-0.0022813,0.0547084,-0.0095792,-0.0457527,0.9841744,-0.1711938,0.0555801
3/20/2026 11:54:1.537,-0.0012184,0.0273607,-0.0047925,0.9996133,-0.0021737,0.0547394,-0.0096481,-0.0438224,0.9840575,-0.1723668,0.0556230
3/20/2026 11:54:1.557,-0.0011233,0.0273713,-0.0048763,0.9996127,-0.0019788,0.0547599,-0.0098106,-0.0403696,0.9836960,-0.1752501,0.0556616
3/20/2026 11:54:1.577,-0.0010457,0.0273657,-0.0050961,0.9996119,-0.0018116,0.0547483,-0.0102457,-0.0375393,0.9824058,-0.1829469,0.0557215
3/20/2026 11:54:1.597,-0.0009663,0.0273599,-0.0052743,0.9996113,-0.0016433,0.0547361,-0.0105976,-0.0346595,0.9813313,-0.1891757,0.0557686
3/20/2026 11:54:1.617,-0.0009391,0.0273743,-0.0053052,0.9996107,-0.0015870,0.0547647,-0.0106578,-0.0336602,0.9811773,-0.1901531,0.0558113
3/20/2026 11:54:1.637,-0.0008686,0.0273897,-0.0053245,0.9996102,-0.0014449,0.0547949,-0.0106926,-0.0311163,0.9811488,-0.1907321,0.0558412
3/20/2026 11:54:1.657,-0.0007419,0.0273960,-0.0053871,0.9996098,-0.0011881,0.0548061,-0.0108109,-0.0265631,0.9808637,-0.1928751,0.0558754
3/20/2026 11:54:1.677,-0.0006075,0.0273621,-0.0054630,0.9996105,-0.0009156,0.0547368,-0.0109552,-0.0217671,0.9804134,-0.1957442,0.0558241
3/20/2026 11:54:1.697,-0.0005343,0.0272878,-0.0054597,0.9996125,-0.0007703,0.0545873,-0.0109445,-0.0191976,0.9803852,-0.1961537,0.0556787
3/20/2026 11:54:1.717,-0.0004773,0.0272368,-0.0054028,0.9996143,-0.0006599,0.0544847,-0.0108276,-0.0171871,0.9807433,-0.1945439,0.0555501
3/20/2026 11:54:1.737,-0.0004169,0.0271849,-0.0054110,0.9996157,-0.0005392,0.0543802,-0.0108407,-0.0150381,0.9806497,-0.1951923,0.0554513
3/20/2026 11:54:1.757,-0.0003453,0.0271049,-0.0054322,0.9996176,-0.0003958,0.0542195,-0.0108792,-0.0124894,0.9804261,-0.1964908,0.0553092
3/20/2026 11:54:1.777,-0.0002943,0.0270501,-0.0054269,0.9996193,-0.0002948,0.0541092,-0.0108657,-0.0106669,0.9804073,-0.1966920,0.0551883
3/20/2026 11:54:1.797,-0.0002463,0.0269523,-0.0054277,0.9996220,-0.0001998,0.0539130,-0.0108648,-0.0089580,0.9802799,-0.1974113,0.0549936
3/20/2026 11:54:1.817,-0.0001995,0.0268286,-0.0054545,0.9996251,-0.0001062,0.0536651,-0.0109158,-0.0072878,0.9799262,-0.1992274,0.0547633
3/20/2026 11:54:1.837,-0.0000877,0.0267600,-0.0055478,0.9996266,0.0001216,0.0535265,-0.0110964,-0.0032082,0.9791737,-0.2029991,0.0546587
3/20/2026 11:54:1.857,0.0000165,0.0267295,-0.0056800,0.9996266,0.0003367,0.0534643,-0.0113552,0.0006055,0.9781585,-0.2078594,0.0546543
3/20/2026 11:54:1.877,0.0001190,0.0266992,-0.0057052,0.9996272,0.0005425,0.0534025,-0.0114001,0.0043574,0.9779132,-0.2089664,0.0546150
3/20/2026 11:54:1.897,0.0002024,0.0266344,-0.0057107,0.9996288,0.0007088,0.0532720,-0.0114066,0.0074289,0.9777505,-0.2096395,0.0544926
3/20/2026 11:54:1.917,0.0002711,0.0265940,-0.0057215,0.9996299,0.0008463,0.0531903,-0.0114245,0.0099652,0.9775822,-0.2103180,0.0544138
3/20/2026 11:54:1.937,0.0002841,0.0265906,-0.0056726,0.9996303,0.0008697,0.0531834,-0.0113262,0.0104498,0.9779397,-0.2086260,0.0543875
3/20/2026 11:54:1.957,0.0003262,0.0265573,-0.0056023,0.9996315,0.0009497,0.0531164,-0.0111833,0.0120173,0.9783955,-0.2063923,0.0542954
3/20/2026 11:54:1.977,0.0004458,0.0264851,-0.0055666,0.9996336,0.0011861,0.0529707,-0.0111057,0.0164696,0.9784860,-0.2056551,0.0541415
3/20/2026 11:54:1.997,0.0005468,0.0264032,-0.0055189,0.9996360,0.0013846,0.0528057,-0.0110052,0.0202671,0.9786441,-0.2045608,0.0539650
3/20/2026 11:54:2.017,0.0005838,0.0262978,-0.0054378,0.9996392,0.0014531,0.0525945,-0.0108412,0.0217335,0.9790522,-0.2024461,0.0537259
3/20/2026 11:54:2.037,0.0006252,0.0261862,-0.0053942,0.9996423,0.0015325,0.0523710,-0.0107519,0.0233794,0.9791681,-0.2017008,0.0534990
3/20/2026 11:54:2.057,0.0007112,0.0261466,-0.0054172,0.9996431,0.0017052,0.0522907,-0.0107936,0.0266259,0.9788567,-0.2028068,0.0534321
3/20/2026 11:54:2.077,0.0008068,0.0261528,-0.0054058,0.9996430,0.0018957,0.0523022,-0.0107659,0.0301960,0.9788516,-0.2023306,0.0534411
3/20/2026 11:54:2.097,0.0008841,0.0261430,-0.0053443,0.9996434,0.0020469,0.0522818,-0.0106389,0.0331132,0.9792004,-0.2001754,0.0534098
3/20/2026 11:54:2.117,0.0009151,0.0260711,-0.0052072,0.9996462,0.0021010,0.0521379,-0.0103633,0.0343992,0.9800508,-0.1957476,0.0532041
3/20/2026 11:54:2.137,0.0009471,0.0259875,-0.0050653,0.9996490,0.0021569,0.0519706,-0.0100781,0.0357495,0.9809015,-0.1911914,0.0529885
3/20/2026 11:54:2.157,0.0009963,0.0259217,-0.0049331,0.9996513,0.0022476,0.0518389,-0.0098113,0.0377293,0.9816695,-0.1868196,0.0528172
3/20/2026 11:54:2.177,0.0006740,0.0258880,-0.0048179,0.9996530,0.0015971,0.0517747,-0.0095977,0.0255890,0.9827976,-0.1829044,0.0526907
3/20/2026 11:54:2.197,0.0007345,0.0258159,-0.0047316,0.9996552,0.0017128,0.0516301,-0.0094222,0.0279746,0.9832302,-0.1802100,0.0525230
3/20/2026 11:54:2.217,0.0007473,0.0258877,-0.0046793,0.9996536,0.0017364,0.0517737,-0.0093168,0.0283957,0.9836569,-0.1777995,0.0526454
3/20/2026 11:54:2.237,0.0008069,0.0259119,-0.0046116,0.9996532,0.0018523,0.0518217,-0.0091783,0.0306447,0.9840671,-0.1751361,0.0526726
3/20/2026 11:54:2.257,0.0007941,0.0258796,-0.0045017,0.9996547,0.0018207,0.0517574,-0.0089592,0.0302174,0.9847564,-0.1712949,0.0525593
3/20/2026 11:54:2.277,0.0008001,0.0258497,-0.0044233,0.9996557,0.0018282,0.0516977,-0.0088023,0.0304925,0.9852152,-0.1685857,0.0524821
3/20/2026 11:54:2.297,0.0009342,0.0258810,-0.0044499,0.9996546,0.0020981,0.0517590,-0.0088485,0.0355521,0.9849157,-0.1693430,0.0525683
3/20/2026 11:54:2.317,0.0010434,0.0259347,-0.0044658,0.9996530,0.0023176,0.0518654,-0.0088746,0.0396157,0.9847224,-0.1695653,0.0526861
3/20/2026 11:54:2.337,0.0010532,0.0259582,-0.0044073,0.9996527,0.0023344,0.0519125,-0.0087569,0.0399669,0.9851034,-0.1672541,0.0527088
3/20/2026 11:54:2.357,0.0010815,0.0259264,-0.0043737,0.9996536,0.0023891,0.0518489,-0.0086885,0.0410991,0.9852340,-0.1662070,0.0526409
3/20/2026 11:54:2.377,0.0011203,0.0259069,-0.0043820,0.9996542,0.0024669,0.0518094,-0.0087030,0.0425986,0.9851000,-0.1666236,0.0526001
3/20/2026 11:54:2.397,0.0011751,0.0259114,-0.0043290,0.9996542,0.0025737,0.0518181,-0.0085942,0.0446862,0.9853443,-0.1646201,0.0525955
3/20/2026 11:54:2.417,0.0012717,0.0259414,-0.0042064,0.9996538,0.0027607,0.0518777,-0.0083440,0.0483320,0.9859538,-0.1598721,0.0526273
3/20/2026 11:54:2.437,0.0013934,0.0259182,-0.0041856,0.9996543,0.0030028,0.0518303,-0.0082961,0.0529982,0.9858224,-0.1592017,0.0525910
3/20/2026 11:54:2.457,0.0014455,0.0259030,-0.0041850,0.9996547,0.0031067,0.0517995,-0.0082925,0.0550050,0.9857038,-0.1592560,0.0525593
3/20/2026 11:54:2.477,0.0014321,0.0259506,-0.0041696,0.9996535,0.0030795,0.0518948,-0.0082621,0.0544045,0.9858744,-0.1584040,0.0526499
3/20/2026 11:54:2.497,0.0014220,0.0260095,-0.0041384,0.9996521,0.0030583,0.0520127,-0.0082000,0.0539151,0.9861410,-0.1569046,0.0527585
3/20/2026 11:54:2.517,0.0014411,0.0260338,-0.0040881,0.9996516,0.0030940,0.0520614,-0.0080985,0.0546028,0.9864202,-0.1548990,0.0527947
3/20/2026 11:54:2.537,0.0015250,0.0260333,-0.0040755,0.9996516,0.0032612,0.0520598,-0.0080688,0.0577782,0.9863167,-0.1544060,0.0527992
3/20/2026 11:54:2.557,0.0016126,0.0260330,-0.0040564,0.9996516,0.0034352,0.0520587,-0.0080262,0.0610901,0.9862315,-0.1536732,0.0527992
3/20/2026 11:54:2.577,0.0012990,0.0260099,-0.0040034,0.9996528,0.0028053,0.0520149,-0.0079366,0.0493002,0.9871590,-0.1519430,0.0527042
3/20/2026 11:54:2.597,0.0013389,0.0259625,-0.0039344,0.9996543,0.0028811,0.0519200,-0.0077967,0.0509219,0.9874290,-0.1496366,0.0525910
3/20/2026 11:54:2.617,0.0013796,0.0259272,-0.0039298,0.9996551,0.0029621,0.0518492,-0.0077855,0.0525382,0.9873418,-0.1496523,0.0525275
3/20/2026 11:54:2.637,0.0014206,0.0259550,-0.0039291,0.9996544,0.0030442,0.0519045,-0.0077818,0.0540387,0.9872906,-0.1494561,0.0525819
3/20/2026 11:54:2.657,0.0014833,0.0259926,-0.0038993,0.9996533,0.0031683,0.0519793,-0.0077189,0.0563459,0.9873630,-0.1481197,0.0526635
3/20/2026 11:54:2.677,0.0015125,0.0260306,-0.0039046,0.9996524,0.0032272,0.0520550,-0.0077278,0.0573658,0.9873078,-0.1480958,0.0527359
3/20/2026 11:54:2.697,0.0015313,0.0260287,-0.0039009,0.9996524,0.0032646,0.0520512,-0.0077195,0.0580833,0.9872857,-0.1479632,0.0527359
3/20/2026 11:54:2.717,0.0015526,0.0260158,-0.0038892,0.9996528,0.0033065,0.0520252,-0.0076951,0.0589210,0.9872913,-0.1475950,0.0527042
3/20/2026 11:54:2.737,0.0015704,0.0260123,-0.0038869,0.9996528,0.0033419,0.0520181,-0.0076896,0.0596027,0.9872611,-0.1475226,0.0527042
3/20/2026 11:54:2.757,0.0016055,0.0256642,-0.0038512,0.9996620,0.0034076,0.0513214,-0.0076175,0.0617480,0.9870403,-0.1481168,0.0520028
3/20/2026 11:54:2.777,0.0016917,0.0253178,-0.0037609,0.9996710,0.0035727,0.0506281,-0.0074337,0.0659488,0.9869929,-0.1466146,0.0513058
3/20/2026 11:54:2.797,0.0017848,0.0252934,-0.0037235,0.9996714,0.0037569,0.0505789,-0.0073544,0.0696436,0.9869351,-0.1452887,0.0512733
3/20/2026 11:54:2.817,0.0018646,0.0252398,-0.0036973,0.9996728,0.0039147,0.0504711,-0.0072982,0.0729014,0.9868077,-0.1445547,0.0511615
3/20/2026 11:54:2.837,0.0019290,0.0252124,-0.0036805,0.9996734,0.0040422,0.0504160,-0.0072614,0.0754897,0.9866890,-0.1440348,0.0511149
3/20/2026 11:54:2.857,0.0019737,0.0251870,-0.0036392,0.9996741,0.0041294,0.0503649,-0.0071767,0.0773244,0.9867593,-0.1425730,0.0510589
3/20/2026 11:54:2.877,0.0016572,0.0251526,-0.0036084,0.9996757,0.0034948,0.0502984,-0.0071311,0.0650783,0.9877675,-0.1417041,0.0509373
3/20/2026 11:54:2.897,0.0013919,0.0253756,-0.0034279,0.9996710,0.0029569,0.0507471,-0.0067829,0.0542784,0.9895381,-0.1336713,0.0513012
3/20/2026 11:54:2.917,0.0015678,0.0255031,-0.0032162,0.9996683,0.0032985,0.0510015,-0.0063504,0.0608774,0.9903014,-0.1248883,0.0515145
3/20/2026 11:54:2.937,0.0017416,0.0255859,-0.0030824,0.9996663,0.0036398,0.0511666,-0.0060737,0.0674277,0.9905617,-0.1193357,0.0516670
3/20/2026 11:54:2.957,0.0018405,0.0256507,-0.0030356,0.9996646,0.0038354,0.0512958,-0.0059748,0.0710739,0.9905586,-0.1172266,0.0518007
3/20/2026 11:54:2.977,0.0018961,0.0257005,-0.0029470,0.9996635,0.0039424,0.0513955,-0.0057946,0.0730996,0.9908319,-0.1136160,0.0518835
3/20/2026 11:54:2.997,0.0019273,0.0257894,-0.0027966,0.9996616,0.0039975,0.0515738,-0.0054921,0.0740914,0.9914391,-0.1075134,0.0520303
3/20/2026 11:54:3.017,0.0019820,0.0258183,-0.0026012,0.9996613,0.0040970,0.0516322,-0.0050983,0.0761592,0.9920735,-0.0999499,0.0520533
3/20/2026 11:54:3.037,0.0020382,0.0258389,-0.0025298,0.9996607,0.0042058,0.0516735,-0.0049527,0.0782662,0.9921883,-0.0971435,0.0521036
3/20/2026 11:54:3.057,0.0020912,0.0258700,-0.0025195,0.9996600,0.0043114,0.0517354,-0.0049291,0.0801966,0.9920853,-0.0966193,0.0521585
3/20/2026 11:54:3.077,0.0021379,0.0258516,-0.0025320,0.9996604,0.0044054,0.0516984,-0.0049519,0.0820296,0.9918836,-0.0971497,0.0521265
3/20/2026 11:54:3.097,0.0021041,0.0258238,-0.0025600,0.9996610,0.0043389,0.0516428,-0.0050097,0.0808147,0.9918672,-0.0983286,0.0520807
3/20/2026 11:54:3.117,0.0020221,0.0257989,-0.0025469,0.9996618,0.0041743,0.0515933,-0.0049879,0.0777645,0.9921487,-0.0979474,0.0520166
3/20/2026 11:54:3.137,0.0019286,0.0258009,-0.0024942,0.9996620,0.0039846,0.0515981,-0.0048873,0.0741975,0.9926162,-0.0959573,0.0519983
3/20/2026 11:54:3.157,0.0018561,0.0258424,-0.0024493,0.9996613,0.0038375,0.0516816,-0.0048010,0.0713196,0.9930035,-0.0941144,0.0520578
3/20/2026 11:54:3.177,0.0017739,0.0258585,-0.0023920,0.9996611,0.0036703,0.0517144,-0.0046906,0.0681492,0.9934340,-0.0918950,0.0520716
3/20/2026 11:54:3.197,0.0017353,0.0257909,-0.0023651,0.9996630,0.0035915,0.0515795,-0.0046391,0.0668528,0.9935939,-0.0911144,0.0519248
3/20/2026 11:54:3.217,0.0016384,0.0257184,-0.0022344,0.9996654,0.0033907,0.0514352,-0.0043830,0.0633403,0.9942468,-0.0863792,0.0517408
3/20/2026 11:54:3.237,0.0015105,0.0256799,-0.0020448,0.9996668,0.0031250,0.0513594,-0.0040107,0.0585336,0.9951356,-0.0792392,0.0516301
3/20/2026 11:54:3.257,0.0013942,0.0256310,-0.0018720,0.9996688,0.0028834,0.0512625,-0.0036712,0.0541691,0.9958792,-0.0727339,0.0514728
3/20/2026 11:54:3.277,0.0012936,0.0255967,-0.0017437,0.9996700,0.0026756,0.0511945,-0.0034200,0.0503574,0.9964221,-0.0678770,0.0513848
3/20/2026 11:54:3.297,0.0012050,0.0256028,-0.0015965,0.9996703,0.0024910,0.0512074,-0.0031303,0.0469226,0.9969621,-0.0621679,0.0513615
3/20/2026 11:54:3.317,0.0011193,0.0256234,-0.0014094,0.9996700,0.0023101,0.0512494,-0.0027605,0.0435748,0.9975422,-0.0548694,0.0513848
3/20/2026 11:54:3.337,0.0009954,0.0256747,-0.0010755,0.9996693,0.0020454,0.0513530,-0.0020993,0.0387078,0.9983749,-0.0418228,0.0514404
3/20/2026 11:54:3.357,0.0008156,0.0256914,-0.0006249,0.9996693,0.0016627,0.0513875,-0.0012075,0.0317197,0.9992013,-0.0243037,0.0514404
3/20/2026 11:54:3.377,0.0006702,0.0257121,-0.0002934,0.9996691,0.0013550,0.0514296,-0.0005521,0.0260532,0.9995954,-0.0114063,0.0514497
3/20/2026 11:54:3.397,0.0005332,0.0257430,-0.0001026,0.9996684,0.0010713,0.0514917,-0.0001776,0.0207068,0.9997776,-0.0039830,0.0515099
3/20/2026 11:54:3.417,0.0004441,0.0258103,-0.0000483,0.9996667,0.0008904,0.0516264,-0.0000737,0.0172037,0.9998503,-0.0018722,0.0516393
3/20/2026 11:54:3.437,0.0003309,0.0258756,-0.0000502,0.9996651,0.0006642,0.0517569,-0.0000833,0.0127874,0.9999164,-0.0019404,0.0517593
3/20/2026 11:54:3.457,0.0002149,0.0259484,-0.0000439,0.9996631,0.0004319,0.0519025,-0.0000766,0.0082813,0.9999643,-0.0016907,0.0519157
3/20/2026 11:54:3.477,0.0001212,0.0260408,-0.0000567,0.9996608,0.0002453,0.0520875,-0.0001070,0.0046549,0.9999868,-0.0021771,0.0520945
3/20/2026 11:54:3.497,0.0000062,0.0261032,-0.0000385,0.9996592,0.0000144,0.0522124,-0.0000767,0.0002366,0.9999989,-0.0014756,0.0522179
3/20/2026 11:54:3.517,-0.0000643,0.0261284,-0.0000320,0.9996586,-0.0001269,0.0522627,-0.0000674,-0.0024606,0.9999962,-0.0012261,0.0522590
3/20/2026 11:54:3.537,-0.0000496,0.0261322,-0.0000577,0.9996585,-0.0000962,0.0522704,-0.0001180,-0.0018995,0.9999957,-0.0022090,0.0522727
3/20/2026 11:54:3.557,-0.0001011,0.0261632,-0.0000865,0.9996577,-0.0001976,0.0523323,-0.0001783,-0.0038634,0.9999870,-0.0033074,0.0523319
3/20/2026 11:54:3.577,-0.0001685,0.0262275,-0.0001111,0.9996560,-0.0003310,0.0524610,-0.0002309,-0.0064228,0.9999704,-0.0042350,0.0524594
3/20/2026 11:54:3.597,-0.0002000,0.0262821,-0.0001170,0.9996544,-0.0003937,0.0525704,-0.0002444,-0.0076093,0.9999612,-0.0044504,0.0525819
3/20/2026 11:54:3.617,-0.0002073,0.0262913,-0.0001240,0.9996543,-0.0004080,0.0525887,-0.0002589,-0.0078849,0.9999578,-0.0047174,0.0525910
3/20/2026 11:54:3.637,-0.0001837,0.0262922,-0.0001513,0.9996542,-0.0003593,0.0525904,-0.0003121,-0.0069869,0.9999590,-0.0057532,0.0526001
3/20/2026 11:54:3.657,-0.0001819,0.0263196,-0.0001738,0.9996535,-0.0003546,0.0526454,-0.0003570,-0.0069123,0.9999543,-0.0066016,0.0526545
3/20/2026 11:54:3.677,-0.0002081,0.0263514,-0.0001807,0.9996527,-0.0004066,0.0527090,-0.0003722,-0.0078983,0.9999453,-0.0068561,0.0527133
3/20/2026 11:54:3.697,-0.0002569,0.0263737,-0.0001908,0.9996521,-0.0005036,0.0527536,-0.0003950,-0.0097405,0.9999264,-0.0072337,0.0527585
3/20/2026 11:54:3.717,-0.0003142,0.0263877,-0.0002013,0.9996517,-0.0006175,0.0527816,-0.0004190,-0.0119050,0.9999000,-0.0076279,0.0527901
3/20/2026 11:54:3.737,-0.0003499,0.0264030,-0.0001940,0.9996513,-0.0006892,0.0528122,-0.0004063,-0.0132494,0.9998853,-0.0073465,0.0528172
3/20/2026 11:54:3.757,-0.0003663,0.0264236,-0.0001933,0.9996507,-0.0007220,0.0528535,-0.0004058,-0.0138593,0.9998772,-0.0073143,0.0528624
3/20/2026 11:54:3.777,-0.0003977,0.0264384,-0.0002276,0.9996503,-0.0007831,0.0528831,-0.0004761,-0.0150396,0.9998499,-0.0086072,0.0528939
3/20/2026 11:54:3.797,-0.0004486,0.0264357,-0.0002432,0.9996505,-0.0008840,0.0528778,-0.0005100,-0.0169661,0.9998137,-0.0091981,0.0528804
3/20/2026 11:54:3.817,-0.0005049,0.0264484,-0.0002334,0.9996500,-0.0009970,0.0529032,-0.0004933,-0.0190841,0.9997790,-0.0088224,0.0529165
3/20/2026 11:54:3.837,-0.0005479,0.0264482,-0.0002650,0.9996500,-0.0010813,0.0529028,-0.0005589,-0.0207096,0.9997353,-0.0100183,0.0529165
3/20/2026 11:54:3.857,-0.0005777,0.0264662,-0.0003194,0.9996494,-0.0011381,0.0529390,-0.0006691,-0.0218219,0.9996892,-0.0120631,0.0529615
3/20/2026 11:54:3.877,-0.0006400,0.0264715,-0.0003871,0.9996493,-0.0012590,0.0529497,-0.0008078,-0.0241664,0.9996011,-0.0146177,0.0529660
3/20/2026 11:54:3.897,-0.0007086,0.0268384,-0.0004908,0.9996395,-0.0013904,0.0536839,-0.0010192,-0.0263903,0.9994847,-0.0182768,0.0537081
3/20/2026 11:54:3.917,-0.0008003,0.0268365,-0.0006392,0.9996393,-0.0015657,0.0536805,-0.0013209,-0.0297985,0.9992725,-0.0238012,0.0537170
3/20/2026 11:54:3.937,-0.0008757,0.0268198,-0.0007783,0.9996396,-0.0017091,0.0536475,-0.0016030,-0.0326214,0.9990472,-0.0289918,0.0536948
3/20/2026 11:54:3.957,-0.0009610,0.0268173,-0.0008499,0.9996395,-0.0018757,0.0536427,-0.0017507,-0.0357936,0.9988577,-0.0316558,0.0537037
3/20/2026 11:54:3.977,-0.0010253,0.0268410,-0.0008597,0.9996388,-0.0020038,0.0536903,-0.0017738,-0.0381527,0.9987598,-0.0319895,0.0537569
3/20/2026 11:54:3.997,-0.0010715,0.0268354,-0.0008905,0.9996388,-0.0020945,0.0536793,-0.0018379,-0.0398755,0.9986550,-0.0331393,0.0537569
3/20/2026 11:54:4.017,-0.0011210,0.0268196,-0.0009752,0.9996392,-0.0021889,0.0536478,-0.0020099,-0.0417334,0.9984689,-0.0363063,0.0537259
3/20/2026 11:54:4.037,-0.0011858,0.0268472,-0.0010132,0.9996384,-0.0023163,0.0537034,-0.0020894,-0.0440926,0.9983168,-0.0376762,0.0537880
3/20/2026 11:54:4.057,-0.0012461,0.0268860,-0.0010381,0.9996371,-0.0024355,0.0537812,-0.0021424,-0.0462645,0.9981855,-0.0385394,0.0538810
3/20/2026 11:54:4.077,-0.0012902,0.0269163,-0.0010812,0.9996364,-0.0025213,0.0538420,-0.0022312,-0.0478403,0.9980500,-0.0400923,0.0539385
3/20/2026 11:54:4.097,-0.0013639,0.0269317,-0.0011070,0.9996356,-0.0026671,0.0538731,-0.0022867,-0.0505346,0.9978797,-0.0410178,0.0539915
3/20/2026 11:54:4.117,-0.0014215,0.0269592,-0.0011401,0.9996349,-0.0027805,0.0539283,-0.0023561,-0.0526080,0.9977233,-0.0421953,0.0540489
3/20/2026 11:54:4.137,-0.0014887,0.0269692,-0.0011490,0.9996344,-0.0029143,0.0539485,-0.0023774,-0.0550648,0.9975779,-0.0425003,0.0540798
3/20/2026 11:54:4.157,-0.0015541,0.0269748,-0.0011821,0.9996342,-0.0030434,0.0539600,-0.0024472,-0.0574640,0.9973903,-0.0437082,0.0540974
3/20/2026 11:54:4.177,-0.0016160,0.0269860,-0.0012413,0.9996337,-0.0031637,0.0539827,-0.0025690,-0.0597112,0.9971612,-0.0458691,0.0541326
3/20/2026 11:54:4.197,-0.0016567,0.0270411,-0.0013070,0.9996320,-0.0032416,0.0540932,-0.0027026,-0.0610817,0.9969689,-0.0481867,0.0542602
3/20/2026 11:54:4.217,-0.0016894,0.0270685,-0.0013723,0.9996312,-0.0033032,0.0541485,-0.0028350,-0.0622094,0.9967830,-0.0505329,0.0543217
3/20/2026 11:54:4.237,-0.0017459,0.0270765,-0.0014194,0.9996308,-0.0034136,0.0541647,-0.0029323,-0.0642582,0.9965649,-0.0522422,0.0543481
3/20/2026 11:54:4.257,-0.0017944,0.0270976,-0.0014522,0.9996301,-0.0035087,0.0542073,-0.0030006,-0.0659794,0.9963912,-0.0533982,0.0544007
3/20/2026 11:54:4.277,-0.0018478,0.0271217,-0.0015081,0.9996293,-0.0036124,0.0542559,-0.0031154,-0.0678667,0.9961556,-0.0553919,0.0544620
3/20/2026 11:54:4.297,-0.0018572,0.0271600,-0.0016374,0.9996279,-0.0036240,0.0543331,-0.0033744,-0.0680959,0.9958708,-0.0600366,0.0545582
3/20/2026 11:54:4.317,-0.0018827,0.0272070,-0.0017850,0.9996263,-0.0036668,0.0544276,-0.0036711,-0.0688854,0.9954845,-0.0653108,0.0546761
3/20/2026 11:54:4.337,-0.0019003,0.0268743,-0.0019215,0.9996353,-0.0036960,0.0537626,-0.0039437,-0.0703572,0.9949820,-0.0711394,0.0540180
3/20/2026 11:54:4.357,-0.0019359,0.0268904,-0.0020604,0.9996344,-0.0037596,0.0537954,-0.0042235,-0.0715980,0.9945183,-0.0762033,0.0540842
3/20/2026 11:54:4.377,-0.0020074,0.0269247,-0.0020855,0.9996333,-0.0039011,0.0538645,-0.0042775,-0.0741303,0.9942705,-0.0770117,0.0541635
3/20/2026 11:54:4.397,-0.0020975,0.0269671,-0.0021203,0.9996318,-0.0040791,0.0539499,-0.0043522,-0.0773081,0.9939397,-0.0781486,0.0542778
3/20/2026 11:54:4.417,-0.0021826,0.0269901,-0.0021558,0.9996310,-0.0042473,0.0539965,-0.0044279,-0.0803509,0.9936021,-0.0793637,0.0543349
3/20/2026 11:54:4.437,-0.0022105,0.0266528,-0.0022695,0.9996397,-0.0042985,0.0533221,-0.0046552,-0.0823586,0.9930094,-0.0845545,0.0536859
3/20/2026 11:54:4.457,-0.0022161,0.0266780,-0.0023463,0.9996388,-0.0043055,0.0533729,-0.0048091,-0.0824684,0.9927617,-0.0873108,0.0537569
3/20/2026 11:54:4.477,-0.0022745,0.0267364,-0.0023853,0.9996370,-0.0044197,0.0534903,-0.0048906,-0.0844307,0.9924873,-0.0885467,0.0538898
3/20/2026 11:54:4.497,-0.0023550,0.0267776,-0.0023921,0.9996359,-0.0045802,0.0535732,-0.0049086,-0.0872638,0.9922341,-0.0886373,0.0539738
3/20/2026 11:54:4.517,-0.0024305,0.0268089,-0.0024266,0.9996346,-0.0047291,0.0536363,-0.0049818,-0.0899242,0.9918938,-0.0897798,0.0540709
3/20/2026 11:54:4.537,-0.0024631,0.0268536,-0.0024967,0.9996332,-0.0047902,0.0537264,-0.0051240,-0.0909494,0.9915789,-0.0921921,0.0541723
3/20/2026 11:54:4.557,-0.0024744,0.0268874,-0.0026044,0.9996319,-0.0048069,0.0537945,-0.0053399,-0.0912171,0.9911920,-0.0960085,0.0542646
3/20/2026 11:54:4.577,-0.0025039,0.0268955,-0.0026393,0.9996315,-0.0048640,0.0538111,-0.0054114,-0.0922565,0.9909754,-0.0972445,0.0542954
3/20/2026 11:54:4.597,-0.0024972,0.0268806,-0.0027322,0.9996318,-0.0048456,0.0537817,-0.0055967,-0.0920301,0.9906520,-0.1006921,0.0542734
3/20/2026 11:54:4.617,-0.0024998,0.0268745,-0.0028379,0.9996316,-0.0048452,0.0537700,-0.0058081,-0.0921097,0.9902432,-0.1045664,0.0542866
3/20/2026 11:54:4.637,-0.0024802,0.0268787,-0.0029304,0.9996314,-0.0048011,0.0537786,-0.0059920,-0.0913474,0.9899533,-0.1079264,0.0543042
3/20/2026 11:54:4.657,-0.0024658,0.0268826,-0.0030713,0.9996308,-0.0047647,0.0537871,-0.0062731,-0.0907557,0.9894366,-0.1130429,0.0543481
3/20/2026 11:54:4.677,-0.0024585,0.0268875,-0.0031613,0.9996305,-0.0047453,0.0537972,-0.0064525,-0.0904405,0.9890890,-0.1162907,0.0543744
3/20/2026 11:54:4.697,-0.0024269,0.0269098,-0.0031581,0.9996299,-0.0046821,0.0538416,-0.0064446,-0.0892151,0.9892234,-0.1160942,0.0544182
3/20/2026 11:54:4.717,-0.0024476,0.0269483,-0.0031465,0.9996289,-0.0047238,0.0539187,-0.0064226,-0.0898484,0.9892354,-0.1155020,0.0544883
3/20/2026 11:54:4.737,-0.0024678,0.0270019,-0.0031347,0.9996274,-0.0047646,0.0540260,-0.0064005,-0.0904135,0.9892602,-0.1148460,0.0545976
3/20/2026 11:54:4.757,-0.0024519,0.0270441,-0.0031408,0.9996262,-0.0047321,0.0541103,-0.0064120,-0.0896942,0.9893198,-0.1148969,0.0546848
3/20/2026 11:54:4.777,-0.0024302,0.0270738,-0.0031818,0.9996254,-0.0046863,0.0541698,-0.0064929,-0.0887964,0.9892418,-0.1162576,0.0547459
3/20/2026 11:54:4.797,-0.0024302,0.0271017,-0.0032119,0.9996245,-0.0046845,0.0542259,-0.0065531,-0.0886954,0.9891369,-0.1172236,0.0548111
3/20/2026 11:54:4.817,-0.0024106,0.0271193,-0.0033658,0.9996236,-0.0046368,0.0542616,-0.0068600,-0.0878703,0.9885473,-0.1226912,0.0548764
3/20/2026 11:54:4.837,-0.0023894,0.0271359,-0.0035255,0.9996227,-0.0045856,0.0542953,-0.0071781,-0.0869876,0.9879068,-0.1283481,0.0549415
3/20/2026 11:54:4.857,-0.0023536,0.0271379,-0.0036201,0.9996225,-0.0045089,0.0542996,-0.0073654,-0.0856496,0.9875771,-0.1317407,0.0549589
3/20/2026 11:54:4.877,-0.0023222,0.0271587,-0.0037514,0.9996214,-0.0044388,0.0543416,-0.0076263,-0.0843970,0.9870602,-0.1363421,0.0550369
3/20/2026 11:54:4.897,-0.0023009,0.0271841,-0.0039034,0.9996201,-0.0043879,0.0543929,-0.0079292,-0.0834904,0.9863914,-0.1416383,0.0551321
3/20/2026 11:54:4.917,-0.0022485,0.0271999,-0.0040535,0.9996192,-0.0042747,0.0544247,-0.0082264,-0.0814900,0.9857876,-0.1469089,0.0551927
3/20/2026 11:54:4.937,-0.0021889,0.0272048,-0.0042002,0.9996186,-0.0041476,0.0544345,-0.0085165,-0.0792679,0.9851807,-0.1521038,0.0552358
3/20/2026 11:54:4.957,-0.0021315,0.0272232,-0.0043037,0.9996179,-0.0040271,0.0544714,-0.0087203,-0.0771073,0.9847928,-0.1556846,0.0552919
3/20/2026 11:54:4.977,-0.0020791,0.0272193,-0.0043860,0.9996176,-0.0039179,0.0544633,-0.0088820,-0.0751971,0.9844698,-0.1586330,0.0553092
3/20/2026 11:54:4.997,-0.0019914,0.0271851,-0.0045685,0.9996180,-0.0037329,0.0543949,-0.0092420,-0.0720528,0.9836084,-0.1652964,0.0552833
3/20/2026 11:54:5.017,-0.0019146,0.0271646,-0.0047878,0.9996176,-0.0035676,0.0543540,-0.0096761,-0.0692436,0.9824569,-0.1731584,0.0553135
3/20/2026 11:54:5.037,-0.0018602,0.0271807,-0.0049347,0.9996167,-0.0034508,0.0543860,-0.0099670,-0.0671866,0.9816926,-0.1782290,0.0553781
3/20/2026 11:54:5.057,-0.0017961,0.0271935,-0.0050830,0.9996156,-0.0033144,0.0544116,-0.0102600,-0.0647878,0.9809102,-0.1833515,0.0554599
3/20/2026 11:54:5.077,-0.0017348,0.0271655,-0.0052328,0.9996158,-0.0031840,0.0543554,-0.0105560,-0.0625852,0.9800236,-0.1887776,0.0554384
3/20/2026 11:54:5.097,-0.0016969,0.0271239,-0.0053460,0.9996163,-0.0031025,0.0542721,-0.0107801,-0.0612644,0.9792821,-0.1930107,0.0554082
3/20/2026 11:54:5.117,-0.0016607,0.0271089,-0.0054172,0.9996164,-0.0030265,0.0542418,-0.0109206,-0.0599659,0.9788476,-0.1956053,0.0553996
3/20/2026 11:54:5.137,-0.0016388,0.0270844,-0.0054146,0.9996171,-0.0029831,0.0541926,-0.0109141,-0.0592301,0.9788750,-0.1956928,0.0553480
3/20/2026 11:54:5.157,-0.0016109,0.0270397,-0.0054053,0.9996184,-0.0029282,0.0541029,-0.0108940,-0.0583198,0.9789298,-0.1956919,0.0552531
3/20/2026 11:54:5.177,-0.0015891,0.0270126,-0.0053506,0.9996195,-0.0028880,0.0540482,-0.0107832,-0.0576128,0.9793125,-0.1939792,0.0551711
3/20/2026 11:54:5.197,-0.0015578,0.0269875,-0.0053215,0.9996203,-0.0028273,0.0539976,-0.0107232,-0.0565434,0.9795390,-0.1931481,0.0551148
3/20/2026 11:54:5.218,-0.0015129,0.0269615,-0.0052648,0.9996214,-0.0027408,0.0539448,-0.0106074,-0.0549906,0.9799782,-0.1913604,0.0550369
3/20/2026 11:54:5.237,-0.0014858,0.0269119,-0.0052131,0.9996231,-0.0026899,0.0538452,-0.0105025,-0.0541224,0.9803112,-0.1898968,0.0549111
3/20/2026 11:54:5.257,-0.0014515,0.0268498,-0.0051498,0.9996251,-0.0026254,0.0537204,-0.0103739,-0.0530185,0.9807173,-0.1881025,0.0547676
3/20/2026 11:54:5.277,-0.0014189,0.0267874,-0.0050925,0.9996272,-0.0025640,0.0535951,-0.0102574,-0.0519683,0.9810775,-0.1865106,0.0546150
3/20/2026 11:54:5.297,-0.0013757,0.0267789,-0.0050558,0.9996277,-0.0024797,0.0535776,-0.0101816,-0.0504174,0.9813911,-0.1852826,0.0545757
3/20/2026 11:54:5.317,-0.0013315,0.0267765,-0.0050435,0.9996278,-0.0023920,0.0535724,-0.0101547,-0.0488095,0.9815485,-0.1848788,0.0545670
3/20/2026 11:54:5.337,-0.0012815,0.0267347,-0.0050364,0.9996291,-0.0022928,0.0534882,-0.0101378,-0.0470536,0.9816257,-0.1849237,0.0544751
3/20/2026 11:54:5.357,-0.0012164,0.0266824,-0.0050354,0.9996305,-0.0021632,0.0533828,-0.0101321,-0.0447535,0.9816709,-0.1852554,0.0543700
3/20/2026 11:54:5.377,-0.0011843,0.0266547,-0.0050289,0.9996313,-0.0020997,0.0533271,-0.0101175,-0.0436205,0.9817280,-0.1852222,0.0543086
3/20/2026 11:54:5.397,-0.0011347,0.0266528,-0.0050624,0.9996313,-0.0019988,0.0533228,-0.0101817,-0.0417903,0.9815772,-0.1864395,0.0543129
3/20/2026 11:54:5.417,-0.0010876,0.0266604,-0.0050575,0.9996312,-0.0019048,0.0533376,-0.0101695,-0.0400490,0.9816900,-0.1862279,0.0543217
3/20/2026 11:54:5.437,-0.0010680,0.0266337,-0.0050196,0.9996321,-0.0018678,0.0532838,-0.0100926,-0.0393753,0.9819373,-0.1850643,0.0542558
3/20/2026 11:54:5.457,-0.0010573,0.0265946,-0.0050178,0.9996332,-0.0018469,0.0532054,-0.0100884,-0.0390373,0.9819129,-0.1852657,0.0541723
3/20/2026 11:54:5.477,-0.0010432,0.0265252,-0.0050660,0.9996347,-0.0018169,0.0530666,-0.0101839,-0.0386019,0.9815139,-0.1874581,0.0540621
3/20/2026 11:54:5.497,-0.0010070,0.0264600,-0.0051570,0.9996360,-0.0017403,0.0529359,-0.0103637,-0.0373273,0.9808481,-0.1911643,0.0539650
3/20/2026 11:54:5.517,-0.0009580,0.0263823,-0.0052490,0.9996377,-0.0016383,0.0527801,-0.0105449,-0.0355899,0.9801554,-0.1950097,0.0538367
3/20/2026 11:54:5.537,-0.0009080,0.0263502,-0.0052666,0.9996386,-0.0015377,0.0527153,-0.0105774,-0.0337700,0.9800460,-0.1958812,0.0537747
3/20/2026 11:54:5.557,-0.0008483,0.0263839,-0.0052977,0.9996375,-0.0014164,0.0527822,-0.0106364,-0.0315062,0.9799445,-0.1967641,0.0538544
3/20/2026 11:54:5.577,-0.0008246,0.0264397,-0.0052494,0.9996362,-0.0013710,0.0528935,-0.0105388,-0.0305760,0.9803961,-0.1946501,0.0539473
3/20/2026 11:54:5.598,-0.0008262,0.0264842,-0.0051477,0.9996356,-0.0013791,0.0529824,-0.0103355,-0.0306079,0.9811696,-0.1907072,0.0539915
3/20/2026 11:54:5.617,-0.0007901,0.0264840,-0.0050202,0.9996363,-0.0013136,0.0529814,-0.0100789,-0.0292974,0.9820822,-0.1861612,0.0539429
3/20/2026 11:54:5.637,-0.0006938,0.0265179,-0.0048620,0.9996362,-0.0011293,0.0530481,-0.0097575,-0.0257265,0.9832783,-0.1802828,0.0539473
3/20/2026 11:54:5.657,-0.0006408,0.0265768,-0.0047211,0.9996355,-0.0010301,0.0531653,-0.0094729,-0.0237322,0.9843087,-0.1748520,0.0540003
3/20/2026 11:54:5.677,-0.0006005,0.0266173,-0.0045391,0.9996352,-0.0009589,0.0532458,-0.0091071,-0.0222332,0.9855252,-0.1680650,0.0540224
3/20/2026 11:54:5.697,-0.0005650,0.0266460,-0.0043357,0.9996352,-0.0008985,0.0533028,-0.0086984,-0.0209226,0.9868034,-0.1605660,0.0540224
3/20/2026 11:54:5.717,-0.0004963,0.0266446,-0.0041090,0.9996365,-0.0007733,0.0532990,-0.0082415,-0.0184056,0.9881496,-0.1523865,0.0539296
3/20/2026 11:54:5.737,-0.0004081,0.0266048,-0.0039574,0.9996380,-0.0006053,0.0532188,-0.0079337,-0.0151695,0.9890035,-0.1471119,0.0538146
3/20/2026 11:54:5.757,-0.0003280,0.0265944,-0.0038507,0.9996389,-0.0004510,0.0531971,-0.0077161,-0.0122067,0.9896057,-0.1432882,0.0537525
3/20/2026 11:54:5.777,-0.0002550,0.0265678,-0.0037652,0.9996399,-0.0003097,0.0531433,-0.0075413,-0.0095016,0.9900618,-0.1403123,0.0536726
3/20/2026 11:54:5.797,-0.0001121,0.0264677,-0.0037083,0.9996427,-0.0000278,0.0529421,-0.0074200,-0.0041944,0.9903184,-0.1387515,0.0534634
3/20/2026 11:54:5.817,0.0000465,0.0264307,-0.0036751,0.9996439,0.0002872,0.0528668,-0.0073451,0.0017417,0.9904696,-0.1377207,0.0533786
3/20/2026 11:54:5.837,0.0001739,0.0264399,-0.0037378,0.9996433,0.0005454,0.0528843,-0.0074637,0.0065138,0.9901338,-0.1399735,0.0534188
3/20/2026 11:54:5.857,0.0002822,0.0263976,-0.0037777,0.9996442,0.0007637,0.0527988,-0.0075380,0.0105828,0.9898590,-0.1416582,0.0533518
3/20/2026 11:54:5.877,0.0003787,0.0263432,-0.0037954,0.9996457,0.0009570,0.0526891,-0.0075681,0.0142258,0.9896801,-0.1425869,0.0532399
3/20/2026 11:54:5.898,0.0004583,0.0263127,-0.0037721,0.9996465,0.0011149,0.0526276,-0.0075175,0.0172399,0.9897332,-0.1418842,0.0531816
3/20/2026 11:54:5.917,0.0006394,0.0262693,-0.0037470,0.9996476,0.0014752,0.0525394,-0.0074579,0.0240892,0.9896922,-0.1411694,0.0530964
3/20/2026 11:54:5.937,0.0007972,0.0262321,-0.0037048,0.9996486,0.0017883,0.0524641,-0.0073652,0.0300793,0.9897258,-0.1397792,0.0530200
3/20/2026 11:54:5.958,0.0008879,0.0261935,-0.0037091,0.9996496,0.0019695,0.0523861,-0.0073692,0.0335442,0.9895653,-0.1401266,0.0529435
3/20/2026 11:54:5.978,0.0009591,0.0261923,-0.0036932,0.9996495,0.0021110,0.0523833,-0.0073336,0.0362353,0.9895548,-0.1395291,0.0529525
3/20/2026 11:54:5.997,0.0010305,0.0261510,-0.0036751,0.9996507,0.0022524,0.0523001,-0.0072939,0.0389914,0.9895158,-0.1390613,0.0528669
3/20/2026 11:54:6.017,0.0010526,0.0261207,-0.0036502,0.9996516,0.0022952,0.0522395,-0.0072429,0.0398782,0.9895889,-0.1382881,0.0527992
3/20/2026 11:54:6.037,0.0010733,0.0260674,-0.0035846,0.9996532,0.0023327,0.0521328,-0.0071109,0.0407546,0.9898539,-0.1361191,0.0526771
3/20/2026 11:54:6.057,0.0011359,0.0260499,-0.0035734,0.9996536,0.0024572,0.0520974,-0.0070851,0.0431601,0.9897993,-0.1357740,0.0526454
3/20/2026 11:54:6.077,0.0012691,0.0260667,-0.0035559,0.9996530,0.0027227,0.0521300,-0.0070432,0.0481831,0.9896726,-0.1350056,0.0526861
3/20/2026 11:54:6.097,0.0013446,0.0261285,-0.0035423,0.9996514,0.0028734,0.0522533,-0.0070120,0.0509296,0.9896488,-0.1341698,0.0528082
3/20/2026 11:54:6.117,0.0013811,0.0261434,-0.0034839,0.9996511,0.0029435,0.0522830,-0.0068932,0.0522945,0.9898810,-0.1319123,0.0528308
3/20/2026 11:54:6.137,0.0014029,0.0261000,-0.0034852,0.9996523,0.0029868,0.0521961,-0.0068948,0.0532038,0.9897982,-0.1321694,0.0527404
3/20/2026 11:54:6.157,0.0013752,0.0260821,-0.0035004,0.9996526,0.0029321,0.0521604,-0.0069267,0.0521878,0.9897636,-0.1328319,0.0527178
3/20/2026 11:54:6.177,0.0013857,0.0261198,-0.0034942,0.9996517,0.0029530,0.0522357,-0.0069137,0.0525109,0.9898028,-0.1324129,0.0527901
3/20/2026 11:54:6.197,0.0013801,0.0261877,-0.0034906,0.9996500,0.0029420,0.0523716,-0.0069066,0.0521657,0.9898837,-0.1319436,0.0529165
3/20/2026 11:54:6.217,0.0013703,0.0262385,-0.0034746,0.9996486,0.0029219,0.0524733,-0.0068749,0.0517025,0.9900199,-0.1311010,0.0530200
3/20/2026 11:54:6.237,0.0013703,0.0262624,-0.0034834,0.9996480,0.0029226,0.0525211,-0.0068924,0.0516550,0.9899947,-0.1313102,0.0530694
3/20/2026 11:54:6.257,0.0014020,0.0262752,-0.0034992,0.9996476,0.0029870,0.0525465,-0.0069222,0.0528186,0.9898650,-0.1318234,0.0530964
3/20/2026 11:54:6.277,0.0014052,0.0263154,-0.0035066,0.9996465,0.0029940,0.0526268,-0.0069369,0.0528580,0.9898525,-0.1319013,0.0531772
3/20/2026 11:54:6.297,0.0013917,0.0263916,-0.0035061,0.9996446,0.0029675,0.0527794,-0.0069364,0.0522020,0.9899390,-0.1315130,0.0533249
3/20/2026 11:54:6.317,0.0013877,0.0264482,-0.0034921,0.9996431,0.0029591,0.0528927,-0.0069084,0.0519462,0.9900571,-0.1307236,0.0534366
3/20/2026 11:54:6.337,0.0013626,0.0264856,-0.0034515,0.9996422,0.0029070,0.0529678,-0.0068284,0.0509481,0.9903278,-0.1290552,0.0535035
3/20/2026 11:54:6.357,0.0013890,0.0265053,-0.0034447,0.9996417,0.0029597,0.0530071,-0.0068134,0.0518986,0.9903238,-0.1287060,0.0535436
3/20/2026 11:54:6.377,0.0014229,0.0265943,-0.0034269,0.9996395,0.0030271,0.0531850,-0.0067756,0.0529920,0.9904064,-0.1276207,0.0537081
3/20/2026 11:54:6.397,0.0014266,0.0267009,-0.0033827,0.9996366,0.0030329,0.0533984,-0.0066868,0.0529326,0.9906796,-0.1255076,0.0539208
3/20/2026 11:54:6.418,0.0014069,0.0267481,-0.0033854,0.9996355,0.0029938,0.0534929,-0.0066932,0.0521102,0.9907373,-0.1253953,0.0540048
3/20/2026 11:54:6.438,0.0013578,0.0267932,-0.0033693,0.9996344,0.0028951,0.0535836,-0.0066634,0.0502172,0.9909340,-0.1246116,0.0540842
3/20/2026 11:54:6.457,0.0013139,0.0268610,-0.0033181,0.9996329,0.0028050,0.0537196,-0.0065633,0.0484877,0.9912890,-0.1224542,0.0541943
3/20/2026 11:54:6.477,0.0013141,0.0268948,-0.0032644,0.9996321,0.0028028,0.0537874,-0.0064558,0.0484464,0.9915487,-0.1203505,0.0542558
3/20/2026 11:54:6.497,0.0013888,0.0268848,-0.0032618,0.9996322,0.0029520,0.0537669,-0.0064467,0.0512144,0.9914175,-0.1202855,0.0542471
3/20/2026 11:54:6.517,0.0014202,0.0268782,-0.0032667,0.9996324,0.0030149,0.0537535,-0.0064547,0.0523795,0.9913325,-0.1204837,0.0542339
3/20/2026 11:54:6.537,0.0013804,0.0272540,-0.0032175,0.9996224,0.0029351,0.0545057,-0.0063574,0.0502352,0.9918495,-0.1170942,0.0549632
3/20/2026 11:54:6.557,0.0012578,0.0273046,-0.0030627,0.9996217,0.0026818,0.0546082,-0.0060544,0.0457292,0.9927284,-0.1113508,0.0550152
3/20/2026 11:54:6.577,0.0011735,0.0273281,-0.0029303,0.9996216,0.0025063,0.0546560,-0.0057944,0.0426587,0.9933950,-0.1065199,0.0550239
3/20/2026 11:54:6.597,0.0010775,0.0273425,-0.0028088,0.9996216,0.0023077,0.0546857,-0.0055567,0.0391701,0.9940014,-0.1021118,0.0550196
3/20/2026 11:54:6.617,0.0009619,0.0273633,-0.0026807,0.9996215,0.0020698,0.0547281,-0.0053068,0.0349651,0.9946269,-0.0974408,0.0550282
3/20/2026 11:54:6.637,0.0008421,0.0274231,-0.0025392,0.9996203,0.0018228,0.0548487,-0.0050303,0.0305616,0.9952755,-0.0921549,0.0551148
3/20/2026 11:54:6.657,0.0006974,0.0274558,-0.0023442,0.9996200,0.0015230,0.0549151,-0.0046483,0.0253013,0.9960559,-0.0850438,0.0551365
3/20/2026 11:54:6.677,0.0004913,0.0275068,-0.0020451,0.9996194,0.0010948,0.0550184,-0.0040617,0.0178106,0.9970893,-0.0741337,0.0551797
3/20/2026 11:54:6.697,0.0003145,0.0275194,-0.0018042,0.9996196,0.0007281,0.0550445,-0.0035898,0.0114029,0.9977928,-0.0654178,0.0551667
3/20/2026 11:54:6.717,0.0001974,0.0271736,-0.0016067,0.9996294,0.0004820,0.0543531,-0.0032014,0.0072514,0.9982304,-0.0590215,0.0544489
3/20/2026 11:54:6.737,0.0001465,0.0272112,-0.0014454,0.9996285,0.0003716,0.0544286,-0.0028817,0.0053778,0.9985778,-0.0530421,0.0545189
3/20/2026 11:54:6.757,0.0000581,0.0273130,-0.0012521,0.9996260,0.0001846,0.0546326,-0.0025002,0.0021261,0.9989485,-0.0457961,0.0546979
3/20/2026 11:54:6.777,-0.0000721,0.0275226,-0.0010006,0.9996207,-0.0000891,0.0550522,-0.0020045,-0.0026177,0.9993363,-0.0363331,0.0550889
3/20/2026 11:54:6.797,-0.0001785,0.0277118,-0.0007848,0.9996156,-0.0003134,0.0554310,-0.0015789,-0.0064383,0.9995786,-0.0283083,0.0554599
3/20/2026 11:54:6.817,-0.0002329,0.0278105,-0.0006705,0.9996129,-0.0004282,0.0556285,-0.0013534,-0.0083704,0.9996745,-0.0241005,0.0556530
3/20/2026 11:54:6.838,-0.0002461,0.0278930,-0.0006232,0.9996107,-0.0004572,0.0557936,-0.0012597,-0.0088188,0.9997116,-0.0223371,0.0558070
3/20/2026 11:54:6.858,-0.0003077,0.0280301,-0.0005339,0.9996070,-0.0005853,0.0560678,-0.0010846,-0.0109765,0.9997585,-0.0190419,0.0560756
3/20/2026 11:54:6.878,-0.0004124,0.0281807,-0.0003812,0.9996027,-0.0008031,0.0563691,-0.0007854,-0.0146328,0.9998015,-0.0135256,0.0563767
3/20/2026 11:54:6.898,-0.0005321,0.0282434,-0.0001736,0.9996008,-0.0010540,0.0564946,-0.0003771,-0.0188367,0.9998037,-0.0061455,0.0565119
3/20/2026 11:54:6.918,-0.0006300,0.0282699,0.0000259,0.9996001,-0.0012609,0.0565474,0.0000162,-0.0222792,0.9997514,0.0009175,0.0565625
3/20/2026 11:54:6.938,-0.0006594,0.0283046,0.0000526,0.9995992,-0.0013212,0.0566168,0.0000678,-0.0232888,0.9997271,0.0018571,0.0566299
3/20/2026 11:54:6.958,-0.0007177,0.0283570,0.0000708,0.9995976,-0.0014389,0.0567215,0.0001009,-0.0253015,0.9996768,0.0024966,0.0567393
3/20/2026 11:54:6.978,-0.0007610,0.0284318,0.0001311,0.9995954,-0.0015287,0.0568712,0.0002188,-0.0267543,0.9996314,0.0046083,0.0568945
3/20/2026 11:54:6.998,-0.0008354,0.0284918,0.0001660,0.9995936,-0.0016795,0.0569910,0.0002843,-0.0293059,0.9995536,0.0058234,0.0570243
3/20/2026 11:54:7.017,-0.0009536,0.0285747,0.0002012,0.9995912,-0.0019179,0.0571569,0.0003478,-0.0333528,0.9994189,0.0070377,0.0571913
3/20/2026 11:54:7.038,-0.0010536,0.0286386,0.0002161,0.9995892,-0.0021187,0.0572847,0.0003716,-0.0367632,0.9992955,0.0075392,0.0573288
3/20/2026 11:54:7.058,-0.0011225,0.0286562,0.0001983,0.9995886,-0.0022555,0.0573198,0.0003321,-0.0391417,0.9992097,0.0069143,0.0573703
3/20/2026 11:54:7.078,-0.0011627,0.0286888,0.0001654,0.9995877,-0.0023339,0.0573852,0.0002640,-0.0404928,0.9991633,0.0057611,0.0574368
3/20/2026 11:54:7.098,-0.0012263,0.0287159,0.0001522,0.9995868,-0.0024603,0.0574394,0.0002338,-0.0426654,0.9990753,0.0052944,0.0574990
3/20/2026 11:54:7.118,-0.0013071,0.0286979,0.0001394,0.9995873,-0.0026211,0.0574034,0.0002038,-0.0454988,0.9989526,0.0048541,0.0574617
3/20/2026 11:54:7.138,-0.0013947,0.0286516,0.0001091,0.9995884,-0.0027945,0.0573109,0.0001382,-0.0486206,0.9988101,0.0038040,0.0573828
3/20/2026 11:54:7.158,-0.0014874,0.0286174,0.0001133,0.9995893,-0.0029801,0.0572425,0.0001414,-0.0519060,0.9986441,0.0039545,0.0573246
3/20/2026 11:54:7.178,-0.0015782,0.0286026,0.0001116,0.9995895,-0.0031615,0.0572128,0.0001328,-0.0550932,0.9984736,0.0038955,0.0573080
3/20/2026 11:54:7.198,-0.0016618,0.0285880,0.0001097,0.9995898,-0.0033285,0.0571836,0.0001243,-0.0580313,0.9983074,0.0038312,0.0572872
3/20/2026 11:54:7.218,-0.0017155,0.0285470,0.0001243,0.9995910,-0.0034366,0.0571016,0.0001506,-0.0599839,0.9981899,0.0043477,0.0572038
3/20/2026 11:54:7.238,-0.0018036,0.0285090,0.0001346,0.9995919,-0.0036134,0.0570255,0.0001663,-0.0631379,0.9979937,0.0047132,0.0571413
3/20/2026 11:54:7.258,-0.0019112,0.0284723,0.0001679,0.9995927,-0.0038304,0.0569520,0.0002268,-0.0669723,0.9977375,0.0058825,0.0570870
3/20/2026 11:54:7.278,-0.0019544,0.0284677,0.0001836,0.9995927,-0.0039178,0.0569427,0.0002557,-0.0684922,0.9976308,0.0064334,0.0570870
3/20/2026 11:54:7.298,-0.0020066,0.0285027,0.0001766,0.9995916,-0.0040217,0.0570128,0.0002387,-0.0702262,0.9975119,0.0061816,0.0571621
3/20/2026 11:54:7.318,-0.0020628,0.0285133,0.0001215,0.9995913,-0.0041308,0.0570343,0.0001253,-0.0721547,0.9973844,0.0042500,0.0571830
3/20/2026 11:54:7.338,-0.0021257,0.0281455,0.0000542,0.9996015,-0.0042527,0.0562986,-0.0000113,-0.0753096,0.9971583,0.0019210,0.0564612
3/20/2026 11:54:7.358,-0.0021831,0.0281236,0.0000303,0.9996021,-0.0043661,0.0562548,-0.0000622,-0.0773917,0.9970002,0.0010743,0.0564190
3/20/2026 11:54:7.378,-0.0022241,0.0281109,0.0000213,0.9996023,-0.0044476,0.0562296,-0.0000824,-0.0788718,0.9968845,0.0007562,0.0564063
3/20/2026 11:54:7.398,-0.0022561,0.0281483,0.0000331,0.9996012,-0.0045122,0.0563043,-0.0000608,-0.0798934,0.9968027,0.0011737,0.0564865
3/20/2026 11:54:7.418,-0.0022762,0.0281934,0.0000356,0.9995999,-0.0045525,0.0563945,-0.0000571,-0.0804724,0.9967561,0.0012601,0.0565751
3/20/2026 11:54:7.438,-0.0022732,0.0282129,0.0000162,0.9995993,-0.0045455,0.0564337,-0.0000959,-0.0803133,0.9967695,0.0005714,0.0566215
3/20/2026 11:54:7.458,-0.0022816,0.0282265,-0.0000274,0.9995989,-0.0045598,0.0564611,-0.0001836,-0.0805682,0.9967486,-0.0009676,0.0566467
3/20/2026 11:54:7.478,-0.0023177,0.0282772,-0.0000742,0.9995974,-0.0046294,0.0565628,-0.0002793,-0.0816909,0.9966543,-0.0026139,0.0567519
3/20/2026 11:54:7.498,-0.0023888,0.0283106,-0.0001423,0.9995964,-0.0047677,0.0566299,-0.0004197,-0.0840791,0.9964465,-0.0050081,0.0568274
3/20/2026 11:54:7.518,-0.0024239,0.0283158,-0.0002506,0.9995961,-0.0048317,0.0566410,-0.0006383,-0.0852880,0.9963173,-0.0088183,0.0568484
3/20/2026 11:54:7.538,-0.0024170,0.0283229,-0.0003651,0.9995959,-0.0048114,0.0566555,-0.0008668,-0.0850208,0.9962965,-0.0128421,0.0568610
3/20/2026 11:54:7.558,-0.0023970,0.0283651,-0.0004248,0.9995946,-0.0047680,0.0567403,-0.0009852,-0.0841961,0.9963375,-0.0149213,0.0569532
3/20/2026 11:54:7.578,-0.0023591,0.0283890,-0.0005603,0.9995940,-0.0046845,0.0567887,-0.0012541,-0.0827984,0.9963723,-0.0196642,0.0569909
3/20/2026 11:54:7.598,-0.0023531,0.0284191,-0.0007165,0.9995931,-0.0046636,0.0568497,-0.0015661,-0.0824918,0.9962752,-0.0251169,0.0570578
3/20/2026 11:54:7.618,-0.0023700,0.0284326,-0.0008470,0.9995926,-0.0046898,0.0568774,-0.0018282,-0.0830289,0.9961052,-0.0296750,0.0570912
3/20/2026 11:54:7.638,-0.0024134,0.0284406,-0.0009556,0.9995921,-0.0047705,0.0568940,-0.0020477,-0.0845071,0.9958609,-0.0334612,0.0571246
3/20/2026 11:54:7.658,-0.0024607,0.0284540,-0.0010483,0.9995915,-0.0048597,0.0569214,-0.0022358,-0.0860991,0.9956111,-0.0366806,0.0571705
3/20/2026 11:54:7.678,-0.0024744,0.0284547,-0.0011637,0.9995914,-0.0048806,0.0569233,-0.0024674,-0.0865611,0.9954144,-0.0407100,0.0571747
3/20/2026 11:54:7.698,-0.0025189,0.0284603,-0.0012306,0.9995909,-0.0049656,0.0569349,-0.0026036,-0.0880783,0.9951836,-0.0430306,0.0572080
3/20/2026 11:54:7.718,-0.0025776,0.0284531,-0.0012357,0.9995911,-0.0050827,0.0569208,-0.0026171,-0.0901365,0.9949916,-0.0432110,0.0571997
3/20/2026 11:54:7.738,-0.0026491,0.0284830,-0.0011999,0.9995900,-0.0052277,0.0569807,-0.0025497,-0.0925246,0.9948280,-0.0419081,0.0572747
3/20/2026 11:54:7.758,-0.0026675,0.0285143,-0.0011805,0.9995892,-0.0052655,0.0570431,-0.0025122,-0.0930645,0.9948078,-0.0411859,0.0573288
3/20/2026 11:54:7.778,-0.0026854,0.0285288,-0.0011957,0.9995887,-0.0053005,0.0570723,-0.0025437,-0.0936353,0.9947333,-0.0416912,0.0573662
3/20/2026 11:54:7.798,-0.0027190,0.0285340,-0.0012305,0.9995883,-0.0053656,0.0570830,-0.0026152,-0.0947730,0.9945747,-0.0428897,0.0573911
3/20/2026 11:54:7.818,-0.0027572,0.0285664,-0.0012681,0.9995874,-0.0054398,0.0571481,-0.0026927,-0.0959804,0.9944039,-0.0441418,0.0574576
3/20/2026 11:54:7.838,-0.0027829,0.0286099,-0.0013218,0.9995859,-0.0054878,0.0572356,-0.0028018,-0.0967105,0.9942520,-0.0459350,0.0575571
3/20/2026 11:54:7.858,-0.0028068,0.0286210,-0.0013884,0.9995854,-0.0055319,0.0572583,-0.0029364,-0.0974871,0.9940678,-0.0482230,0.0575943
3/20/2026 11:54:7.878,-0.0028430,0.0283029,-0.0013647,0.9995944,-0.0056065,0.0566218,-0.0028892,-0.0998317,0.9938498,-0.0479199,0.0569616
3/20/2026 11:54:7.898,-0.0029008,0.0284108,-0.0014742,0.9995911,-0.0057154,0.0568385,-0.0031121,-0.1014371,0.9935054,-0.0515528,0.0571997
3/20/2026 11:54:7.918,-0.0029730,0.0285431,-0.0016064,0.9995868,-0.0058519,0.0571042,-0.0033813,-0.1034362,0.9930646,-0.0558905,0.0574949
3/20/2026 11:54:7.938,-0.0030150,0.0286668,-0.0017126,0.9995830,-0.0059294,0.0573524,-0.0035967,-0.1044133,0.9927639,-0.0593097,0.0577597
3/20/2026 11:54:7.958,-0.0030661,0.0288075,-0.0016508,0.9995790,-0.0060346,0.0576338,-0.0034769,-0.1056664,0.9927731,-0.0568892,0.0580398
3/20/2026 11:54:7.978,-0.0030996,0.0289782,-0.0016095,0.9995740,-0.0061033,0.0579753,-0.0033973,-0.1061945,0.9928153,-0.0551419,0.0583798
3/20/2026 11:54:7.998,-0.0030597,0.0289827,-0.0016683,0.9995738,-0.0060201,0.0579844,-0.0035126,-0.1048142,0.9928484,-0.0571496,0.0583961
3/20/2026 11:54:8.018,-0.0030362,0.0290046,-0.0016887,0.9995732,-0.0059720,0.0580283,-0.0035522,-0.1039385,0.9929022,-0.0578096,0.0584369
3/20/2026 11:54:8.038,-0.0030180,0.0290466,-0.0017048,0.9995720,-0.0059343,0.0581124,-0.0035835,-0.1031687,0.9929551,-0.0582781,0.0585144
3/20/2026 11:54:8.058,-0.0029803,0.0291546,-0.0016621,0.9995691,-0.0058612,0.0583280,-0.0034966,-0.1015314,0.9932197,-0.0566228,0.0587137
3/20/2026 11:54:8.078,-0.0029458,0.0292567,-0.0016023,0.9995663,-0.0057953,0.0585319,-0.0033757,-0.1000330,0.9934953,-0.0544114,0.0589084
3/20/2026 11:54:8.098,-0.0029072,0.0292863,-0.0015845,0.9995656,-0.0057191,0.0585909,-0.0033380,-0.0986397,0.9936699,-0.0537621,0.0589529
3/20/2026 11:54:8.118,-0.0028936,0.0293015,-0.0015769,0.9995651,-0.0056924,0.0586212,-0.0033220,-0.0981351,0.9937351,-0.0534781,0.0589852
3/20/2026 11:54:8.138,-0.0028755,0.0292993,-0.0015732,0.9995654,-0.0056563,0.0586167,-0.0033136,-0.0975326,0.9938008,-0.0533616,0.0589650
3/20/2026 11:54:8.158,-0.0028749,0.0292607,-0.0016015,0.9995663,-0.0056536,0.0585395,-0.0033699,-0.0976355,0.9937350,-0.0543886,0.0589043
3/20/2026 11:54:8.178,-0.0028853,0.0292169,-0.0015852,0.9995677,-0.0056756,0.0584520,-0.0033377,-0.0981346,0.9937116,-0.0539145,0.0588111
3/20/2026 11:54:8.198,-0.0029274,0.0291725,-0.0016020,0.9995689,-0.0057588,0.0583632,-0.0033735,-0.0996976,0.9935209,-0.0545598,0.0587259
3/20/2026 11:54:8.218,-0.0029344,0.0291040,-0.0016574,0.9995707,-0.0057698,0.0582266,-0.0034843,-0.1001548,0.9933624,-0.0565702,0.0586040
3/20/2026 11:54:8.238,-0.0028781,0.0290251,-0.0018066,0.9995729,-0.0056489,0.0580694,-0.0037788,-0.0984870,0.9932162,-0.0618207,0.0584573
3/20/2026 11:54:8.258,-0.0028444,0.0289584,-0.0019996,0.9995745,-0.0055707,0.0579368,-0.0041623,-0.0975246,0.9928690,-0.0685579,0.0583430
3/20/2026 11:54:8.278,-0.0028556,0.0289307,-0.0021125,0.9995750,-0.0055866,0.0578820,-0.0043885,-0.0979700,0.9925469,-0.0724745,0.0583103
3/20/2026 11:54:8.298,-0.0028579,0.0288978,-0.0021610,0.9995760,-0.0055884,0.0578165,-0.0044854,-0.0981443,0.9924012,-0.0742129,0.0582448
3/20/2026 11:54:8.318,-0.0028616,0.0288612,-0.0022466,0.9995769,-0.0055910,0.0577438,-0.0046565,-0.0983705,0.9921486,-0.0772289,0.0581834
3/20/2026 11:54:8.338,-0.0028310,0.0288232,-0.0023802,0.9995776,-0.0055224,0.0576683,-0.0049216,-0.0974208,0.9918672,-0.0819067,0.0581301
3/20/2026 11:54:8.358,-0.0028362,0.0287654,-0.0024993,0.9995791,-0.0055262,0.0575534,-0.0051597,-0.0977555,0.9914752,-0.0861438,0.0580315
3/20/2026 11:54:8.378,-0.0028530,0.0287279,-0.0025615,0.9995798,-0.0055564,0.0574788,-0.0052849,-0.0984376,0.9912107,-0.0883816,0.0579781
3/20/2026 11:54:8.398,-0.0028104,0.0286759,-0.0026819,0.9995811,-0.0054647,0.0573751,-0.0055228,-0.0971192,0.9909484,-0.0926776,0.0578917
3/20/2026 11:54:8.418,-0.0026960,0.0286422,-0.0030279,0.9995815,-0.0052164,0.0573088,-0.0062078,-0.0931986,0.9901304,-0.1046708,0.0578670
3/20/2026 11:54:8.438,-0.0026023,0.0286137,-0.0033126,0.9995816,-0.0050129,0.0572526,-0.0067714,-0.0899769,0.9893362,-0.1145343,0.0578546
3/20/2026 11:54:8.458,-0.0025372,0.0286087,-0.0034005,0.9995816,-0.0048778,0.0572427,-0.0069435,-0.0877277,0.9891813,-0.1175766,0.0578546
3/20/2026 11:54:8.478,-0.0025139,0.0286256,-0.0034153,0.9995812,-0.0048301,0.0572765,-0.0069717,-0.0868706,0.9892041,-0.1180199,0.0578876
3/20/2026 11:54:8.498,-0.0024843,0.0286355,-0.0033972,0.9995810,-0.0047719,0.0572959,-0.0069339,-0.0858329,0.9893717,-0.1173734,0.0578958
3/20/2026 11:54:8.518,-0.0024127,0.0285969,-0.0033915,0.9995822,-0.0046294,0.0572182,-0.0069183,-0.0834894,0.9895737,-0.1173605,0.0578134
3/20/2026 11:54:8.538,-0.0023358,0.0286107,-0.0033610,0.9995821,-0.0044773,0.0572450,-0.0068529,-0.0808178,0.9899220,-0.1162885,0.0578216
3/20/2026 11:54:8.558,-0.0022599,0.0286331,-0.0033357,0.9995819,-0.0043270,0.0572892,-0.0067981,-0.0781570,0.9902442,-0.1153601,0.0578340
3/20/2026 11:54:8.578,-0.0022180,0.0286640,-0.0033062,0.9995812,-0.0042447,0.0573507,-0.0067368,-0.0766446,0.9904916,-0.1142450,0.0578834
3/20/2026 11:54:8.598,-0.0021765,0.0286464,-0.0032813,0.9995818,-0.0041632,0.0573149,-0.0066847,-0.0752702,0.9906850,-0.1134792,0.0578422
3/20/2026 11:54:8.618,-0.0021191,0.0285908,-0.0032544,0.9995837,-0.0040503,0.0572031,-0.0066274,-0.0734423,0.9909006,-0.1127925,0.0577143
3/20/2026 11:54:8.638,-0.0020882,0.0285427,-0.0032379,0.9995852,-0.0039898,0.0571068,-0.0065924,-0.0725028,0.9910121,-0.1124203,0.0576109
3/20/2026 11:54:8.658,-0.0020997,0.0284739,-0.0032368,0.9995870,-0.0040133,0.0569692,-0.0065906,-0.0730717,0.9909447,-0.1126458,0.0574825
3/20/2026 11:54:8.678,-0.0021008,0.0283496,-0.0032497,0.9995906,-0.0040157,0.0567206,-0.0066160,-0.0734231,0.9908124,-0.1135773,0.0572330
3/20/2026 11:54:8.698,-0.0020879,0.0282085,-0.0032888,0.9995945,-0.0039887,0.0564382,-0.0066928,-0.0733226,0.9905983,-0.1154933,0.0569574
3/20/2026 11:54:8.718,-0.0020190,0.0280811,-0.0033435,0.9995979,-0.0038485,0.0561832,-0.0067978,-0.0712118,0.9904652,-0.1179302,0.0567182
3/20/2026 11:54:8.738,-0.0019521,0.0279837,-0.0034190,0.9996006,-0.0037113,0.0559880,-0.0069446,-0.0690791,0.9902475,-0.1209870,0.0565245
3/20/2026 11:54:8.758,-0.0019152,0.0279060,-0.0034415,0.9996027,-0.0036369,0.0558324,-0.0069872,-0.0679584,0.9901868,-0.1221137,0.0563767
3/20/2026 11:54:8.778,-0.0019061,0.0278706,-0.0034487,0.9996037,-0.0036185,0.0557616,-0.0070011,-0.0677190,0.9901527,-0.1225224,0.0563090
3/20/2026 11:54:8.798,-0.0019155,0.0278497,-0.0034457,0.9996043,-0.0036375,0.0557198,-0.0069954,-0.0681000,0.9901291,-0.1225022,0.0562666
3/20/2026 11:54:8.818,-0.0018816,0.0278295,-0.0034468,0.9996051,-0.0035698,0.0556791,-0.0069956,-0.0669475,0.9901909,-0.1226380,0.0562115
3/20/2026 11:54:8.838,-0.0018038,0.0278089,-0.0034783,0.9996055,-0.0034127,0.0556374,-0.0070542,-0.0642289,0.9902196,-0.1238540,0.0561775
3/20/2026 11:54:8.858,-0.0017201,0.0278231,-0.0035509,0.9996051,-0.0032413,0.0556654,-0.0071949,-0.0612113,0.9900939,-0.1263618,0.0562072
3/20/2026 11:54:8.878,-0.0016714,0.0278007,-0.0035920,0.9996056,-0.0031418,0.0556205,-0.0072742,-0.0595204,0.9899979,-0.1279123,0.0561733
3/20/2026 11:54:8.898,-0.0016426,0.0277208,-0.0035831,0.9996079,-0.0030853,0.0554603,-0.0072546,-0.0586658,0.9900413,-0.1279708,0.0560075
3/20/2026 11:54:8.918,-0.0016047,0.0276164,-0.0035421,0.9996110,-0.0030126,0.0552511,-0.0071702,-0.0575403,0.9902313,-0.1270081,0.0557899
3/20/2026 11:54:8.938,-0.0015178,0.0275641,-0.0034917,0.9996128,-0.0028419,0.0551456,-0.0070644,-0.0545463,0.9905952,-0.1254828,0.0556573
3/20/2026 11:54:8.958,-0.0013735,0.0279280,-0.0034118,0.9996032,-0.0025554,0.0558725,-0.0068976,-0.0487607,0.9914400,-0.1211165,0.0563471
3/20/2026 11:54:8.978,-0.0012487,0.0278790,-0.0032733,0.9996052,-0.0023140,0.0557733,-0.0066136,-0.0444415,0.9921967,-0.1164931,0.0562030
3/20/2026 11:54:8.998,-0.0012557,0.0278068,-0.0030379,0.9996078,-0.0023415,0.0556283,-0.0061432,-0.0448466,0.9930851,-0.1084935,0.0560160
3/20/2026 11:54:9.018,-0.0013242,0.0277117,-0.0028473,0.9996109,-0.0024897,0.0554379,-0.0057658,-0.0474826,0.9936410,-0.1020940,0.0557942
3/20/2026 11:54:9.038,-0.0013032,0.0276513,-0.0028071,0.9996127,-0.0024501,0.0553169,-0.0056842,-0.0468356,0.9937947,-0.1008884,0.0556659
3/20/2026 11:54:9.058,-0.0012489,0.0276027,-0.0027997,0.9996142,-0.0023424,0.0552192,-0.0056663,-0.0449707,0.9938889,-0.1008093,0.0555587
3/20/2026 11:54:9.078,-0.0011634,0.0275713,-0.0027302,0.9996153,-0.0021753,0.0551559,-0.0055226,-0.0419533,0.9942568,-0.0984555,0.0554771
3/20/2026 11:54:9.098,-0.0010744,0.0275393,-0.0026366,0.9996166,-0.0020029,0.0550911,-0.0053303,-0.0388082,0.9946985,-0.0952310,0.0553824
3/20/2026 11:54:9.118,-0.0009961,0.0275034,-0.0026270,0.9996176,-0.0018469,0.0550188,-0.0053068,-0.0360298,0.9948230,-0.0950206,0.0553092
3/20/2026 11:54:9.138,-0.0009608,0.0275105,-0.0025948,0.9996178,-0.0017782,0.0550329,-0.0052406,-0.0347505,0.9949799,-0.0938477,0.0553006
3/20/2026 11:54:9.158,-0.0009298,0.0275750,-0.0025743,0.9996160,-0.0017169,0.0551618,-0.0051979,-0.0335530,0.9951100,-0.0928983,0.0554255
3/20/2026 11:54:9.178,-0.0005042,0.0276384,-0.0025826,0.9996145,-0.0008652,0.0552863,-0.0051911,-0.0181598,0.9954984,-0.0930219,0.0555329
3/20/2026 11:54:9.198,-0.0004271,0.0276746,-0.0025537,0.9996137,-0.0007125,0.0553583,-0.0051292,-0.0153661,0.9956518,-0.0918761,0.0555930
3/20/2026 11:54:9.218,-0.0003677,0.0276833,-0.0025452,0.9996133,-0.0005941,0.0553753,-0.0051088,-0.0132239,0.9957131,-0.0915454,0.0556187
3/20/2026 11:54:9.238,-0.0003678,0.0276410,-0.0025156,0.9996147,-0.0005963,0.0552908,-0.0050497,-0.0132511,0.9957966,-0.0906288,0.0555243
3/20/2026 11:54:9.258,-0.0003380,0.0276415,-0.0025266,0.9996146,-0.0005360,0.0552916,-0.0050700,-0.0121760,0.9957746,-0.0910202,0.0555286
3/20/2026 11:54:9.278,-0.0002457,0.0276694,-0.0026038,0.9996137,-0.0003472,0.0553469,-0.0052193,-0.0088422,0.9955624,-0.0936873,0.0555930
3/20/2026 11:54:9.298,-0.0001930,0.0276965,-0.0026421,0.9996129,-0.0002395,0.0554009,-0.0052928,-0.0069369,0.9954568,-0.0949607,0.0556487
3/20/2026 11:54:9.318,-0.0001725,0.0277169,-0.0026003,0.9996124,-0.0002008,0.0554416,-0.0052081,-0.0061976,0.9956091,-0.0934032,0.0556873
3/20/2026 11:54:9.338,-0.0001729,0.0276885,-0.0025748,0.9996132,-0.0002031,0.0553847,-0.0051572,-0.0062174,0.9956847,-0.0925911,0.0556273
3/20/2026 11:54:9.358,-0.0001680,0.0276608,-0.0025536,0.9996141,-0.0001945,0.0553293,-0.0051146,-0.0060466,0.9957474,-0.0919267,0.0555630
3/20/2026 11:54:9.378,-0.0001774,0.0276535,-0.0025759,0.9996142,-0.0002122,0.0553148,-0.0051596,-0.0063869,0.9956694,-0.0927449,0.0555587
3/20/2026 11:54:9.398,-0.0001744,0.0276615,-0.0025801,0.9996140,-0.0002060,0.0553308,-0.0051678,-0.0062780,0.9956586,-0.0928685,0.0555715
3/20/2026 11:54:9.418,-0.0001824,0.0277129,-0.0025754,0.9996125,-0.0002220,0.0554336,-0.0051590,-0.0065548,0.9956881,-0.0925322,0.0556787
3/20/2026 11:54:9.438,-0.0002244,0.0277490,-0.0025747,0.9996115,-0.0003057,0.0555061,-0.0051600,-0.0080521,0.9956907,-0.0923869,0.0557515
3/20/2026 11:54:9.458,-0.0002453,0.0278078,-0.0026014,0.9996098,-0.0003458,0.0556238,-0.0052144,-0.0087830,0.9956143,-0.0931392,0.0558754
3/20/2026 11:54:9.478,-0.0002439,0.0278979,-0.0027458,0.9996070,-0.0003345,0.0558043,-0.0055032,-0.0087011,0.9951535,-0.0979478,0.0560756
3/20/2026 11:54:9.498,-0.0002427,0.0279842,-0.0029677,0.9996038,-0.0003191,0.0559769,-0.0059466,-0.0086237,0.9943869,-0.1054524,0.0563005
3/20/2026 11:54:9.518,-0.0003431,0.0279929,-0.0030659,0.9996034,-0.0005142,0.0559950,-0.0061486,-0.0121817,0.9939820,-0.1088641,0.0563301
3/20/2026 11:54:9.538,-0.0004515,0.0279383,-0.0030625,0.9996048,-0.0007316,0.0558865,-0.0061479,-0.0160631,0.9939175,-0.1089503,0.0562285
3/20/2026 11:54:9.558,-0.0005125,0.0278437,-0.0030914,0.9996073,-0.0008524,0.0556975,-0.0062090,-0.0182894,0.9937266,-0.1103312,0.0560501
3/20/2026 11:54:9.578,-0.0004965,0.0278295,-0.0031160,0.9996077,-0.0008191,0.0556690,-0.0062573,-0.0177265,0.9936336,-0.1112556,0.0560245
3/20/2026 11:54:9.598,-0.0004005,0.0278840,-0.0031987,0.9996060,-0.0006223,0.0557775,-0.0064172,-0.0142678,0.9933834,-0.1139547,0.0561478
3/20/2026 11:54:9.618,-0.0002718,0.0279066,-0.0033601,0.9996048,-0.0003558,0.0558220,-0.0067328,-0.0096682,0.9927827,-0.1195373,0.0562327
3/20/2026 11:54:9.638,-0.0002548,0.0278772,-0.0034125,0.9996055,-0.0003191,0.0557631,-0.0068365,-0.0090707,0.9925502,-0.1214983,0.0561818
3/20/2026 11:54:9.658,-0.0002571,0.0278240,-0.0033566,0.9996071,-0.0003271,0.0556566,-0.0067250,-0.0091718,0.9927599,-0.1197641,0.0560628
3/20/2026 11:54:9.678,-0.0002736,0.0278259,-0.0032229,0.9996076,-0.0003677,0.0556605,-0.0064584,-0.0097675,0.9933119,-0.1150474,0.0560288
3/20/2026 11:54:9.698,-0.0003245,0.0278357,-0.0030249,0.9996077,-0.0004803,0.0556804,-0.0060656,-0.0115875,0.9940804,-0.1080282,0.0560203
3/20/2026 11:54:9.718,-0.0003672,0.0278465,-0.0028547,0.9996081,-0.0005752,0.0557021,-0.0057276,-0.0131175,0.9947008,-0.1019722,0.0559947
3/20/2026 11:54:9.738,-0.0003593,0.0278680,-0.0028011,0.9996076,-0.0005622,0.0557450,-0.0056200,-0.0128277,0.9949048,-0.1000001,0.0560288
3/20/2026 11:54:9.758,-0.0003165,0.0279370,-0.0028094,0.9996057,-0.0004758,0.0558828,-0.0056342,-0.0112727,0.9949185,-0.1000498,0.0561690
3/20/2026 11:54:9.778,-0.0002535,0.0280195,-0.0028454,0.9996033,-0.0003474,0.0560475,-0.0057028,-0.0090007,0.9948431,-0.1010267,0.0563386
3/20/2026 11:54:9.798,-0.0001949,0.0280578,-0.0028640,0.9996021,-0.0002289,0.0561239,-0.0057366,-0.0069091,0.9948071,-0.1015432,0.0564232
3/20/2026 11:54:9.818,-0.0001290,0.0280392,-0.0028615,0.9996027,-0.0000975,0.0560863,-0.0057280,-0.0045783,0.9948224,-0.1015257,0.0563767
3/20/2026 11:54:9.838,-0.0000767,0.0279987,-0.0028868,0.9996037,0.0000084,0.0560049,-0.0057756,-0.0027232,0.9947230,-0.1025606,0.0563090
3/20/2026 11:54:9.858,-0.0000477,0.0279753,-0.0029040,0.9996043,0.0000672,0.0559580,-0.0058083,-0.0016946,0.9946541,-0.1032497,0.0562624
3/20/2026 11:54:9.878,-0.0000241,0.0283628,-0.0028963,0.9995934,0.0001162,0.0567330,-0.0057916,-0.0008441,0.9948264,-0.1015865,0.0570327
3/20/2026 11:54:9.898,0.0000134,0.0283726,-0.0028731,0.9995933,0.0001897,0.0567525,-0.0057431,0.0004683,0.9949120,-0.1007470,0.0570410
3/20/2026 11:54:9.918,0.0000443,0.0283711,-0.0028494,0.9995933,0.0002502,0.0567493,-0.0056940,0.0015523,0.9949931,-0.0999311,0.0570410
3/20/2026 11:54:9.938,0.0001060,0.0283966,-0.0028243,0.9995926,0.0003724,0.0568000,-0.0056403,0.0037151,0.9950835,-0.0989701,0.0570912
3/20/2026 11:54:9.958,0.0001270,0.0284041,-0.0027957,0.9995926,0.0004127,0.0568150,-0.0055820,0.0044497,0.9951811,-0.0979521,0.0570912
3/20/2026 11:54:9.978,0.0001096,0.0284137,-0.0027651,0.9995923,0.0003763,0.0568342,-0.0055217,0.0038394,0.9952911,-0.0968558,0.0571121
3/20/2026 11:54:9.998,0.0001155,0.0284176,-0.0027355,0.9995924,0.0003864,0.0568421,-0.0054622,0.0040461,0.9953908,-0.0958161,0.0571079
3/20/2026 11:54:10.018,0.0001497,0.0284353,-0.0027530,0.9995918,0.0004559,0.0568773,-0.0054953,0.0052415,0.9953323,-0.0963642,0.0571496
3/20/2026 11:54:10.038,0.0002130,0.0284632,-0.0027859,0.9995909,0.0005845,0.0569326,-0.0055574,0.0074490,0.9952165,-0.0974084,0.0572122
3/20/2026 11:54:10.058,0.0002332,0.0284846,-0.0027890,0.9995903,0.0006251,0.0569755,-0.0055625,0.0081476,0.9952077,-0.0974438,0.0572497
3/20/2026 11:54:10.078,0.0002234,0.0284863,-0.0027618,0.9995903,0.0006041,0.0569788,-0.0055087,0.0078072,0.9953026,-0.0964972,0.0572497
3/20/2026 11:54:10.098,0.0002181,0.0284748,-0.0027716,0.9995906,0.0005938,0.0569558,-0.0055286,0.0076219,0.9952673,-0.0968749,0.0572288
3/20/2026 11:54:10.118,0.0002603,0.0284919,-0.0027124,0.9995904,0.0006749,0.0569899,-0.0054078,0.0090934,0.9954579,-0.0947672,0.0572455
3/20/2026 11:54:10.138,0.0002930,0.0284986,-0.0027259,0.9995901,0.0007411,0.0570030,-0.0054328,0.0102341,0.9954047,-0.0952098,0.0572663
3/20/2026 11:54:10.158,0.0003360,0.0285191,-0.0027651,0.9995894,0.0008294,0.0570438,-0.0055088,0.0117257,0.9952641,-0.0964975,0.0573163
3/20/2026 11:54:10.178,0.0003699,0.0285727,-0.0027761,0.9995877,0.0008981,0.0571509,-0.0055287,0.0128828,0.9952307,-0.0966948,0.0574327
3/20/2026 11:54:10.198,0.0004373,0.0286058,-0.0027787,0.9995869,0.0010331,0.0572167,-0.0055302,0.0152126,0.9951999,-0.0966730,0.0574907
3/20/2026 11:54:10.218,0.0004902,0.0286102,-0.0027514,0.9995866,0.0011373,0.0572252,-0.0054726,0.0170510,0.9952627,-0.0957147,0.0575073
3/20/2026 11:54:10.238,0.0004820,0.0285702,-0.0026413,0.9995881,0.0011145,0.0571454,-0.0052530,0.0167956,0.9956132,-0.0920452,0.0574077
3/20/2026 11:54:10.258,0.0004733,0.0285842,-0.0025735,0.9995880,0.0010933,0.0571736,-0.0051178,0.0164878,0.9958362,-0.0896566,0.0574160
3/20/2026 11:54:10.278,0.0004608,0.0286088,-0.0024691,0.9995875,0.0010625,0.0572230,-0.0049098,0.0160459,0.9961680,-0.0859754,0.0574493
3/20/2026 11:54:10.298,0.0004666,0.0286191,-0.0024134,0.9995874,0.0010709,0.0572437,-0.0047982,0.0162433,0.9963318,-0.0840194,0.0574576
3/20/2026 11:54:10.318,0.0004475,0.0286412,-0.0023381,0.9995868,0.0010285,0.0572881,-0.0046487,0.0155694,0.9965636,-0.0813547,0.0574949
3/20/2026 11:54:10.338,0.0004212,0.0286947,-0.0022753,0.9995856,0.0009727,0.0573952,-0.0045245,0.0146322,0.9967644,-0.0790361,0.0575819
3/20/2026 11:54:10.358,0.0003986,0.0287320,-0.0022411,0.9995845,0.0009257,0.0574699,-0.0044574,0.0138302,0.9968766,-0.0777550,0.0576564
3/20/2026 11:54:10.378,0.0004006,0.0287505,-0.0022141,0.9995841,0.0009283,0.0575070,-0.0044034,0.0138925,0.9969515,-0.0767770,0.0576854
3/20/2026 11:54:10.398,0.0004107,0.0287806,-0.0022077,0.9995832,0.0009482,0.0575671,-0.0043900,0.0142280,0.9969699,-0.0764773,0.0577473
3/20/2026 11:54:10.418,0.0004143,0.0288125,-0.0021880,0.9995824,0.0009544,0.0576311,-0.0043504,0.0143372,0.9970264,-0.0757151,0.0578010
3/20/2026 11:54:10.438,0.0004305,0.0288123,-0.0021829,0.9995823,0.0009865,0.0576306,-0.0043391,0.0148980,0.9970317,-0.0755370,0.0578092
3/20/2026 11:54:10.458,0.0004303,0.0288386,-0.0021713,0.9995816,0.0009856,0.0576832,-0.0043160,0.0148786,0.9970672,-0.0750704,0.0578546
3/20/2026 11:54:10.478,0.0004349,0.0288514,-0.0021629,0.9995813,0.0009942,0.0577087,-0.0042989,0.0150286,0.9970890,-0.0747494,0.0578793
3/20/2026 11:54:10.498,0.0004455,0.0288614,-0.0021816,0.9995809,0.0010166,0.0577287,-0.0043356,0.0153914,0.9970373,-0.0753641,0.0579040
3/20/2026 11:54:10.518,0.0004444,0.0288796,-0.0022022,0.9995804,0.0010156,0.0577652,-0.0043770,0.0153413,0.9969878,-0.0760259,0.0579411
3/20/2026 11:54:10.538,0.0004429,0.0288836,-0.0021961,0.9995803,0.0010123,0.0577731,-0.0043647,0.0152882,0.9970055,-0.0758042,0.0579493
3/20/2026 11:54:10.558,0.0004531,0.0288990,-0.0021899,0.9995798,0.0010323,0.0578040,-0.0043517,0.0156305,0.9970195,-0.0755502,0.0579822
3/20/2026 11:54:10.578,0.0004607,0.0289099,-0.0021938,0.9995794,0.0010478,0.0578258,-0.0043590,0.0158866,0.9970075,-0.0756553,0.0580110
3/20/2026 11:54:10.598,0.0004723,0.0289312,-0.0021868,0.9995789,0.0010708,0.0578684,-0.0043445,0.0162775,0.9970235,-0.0753617,0.0580439
3/20/2026 11:54:10.618,0.0004893,0.0289373,-0.0021856,0.9995787,0.0011048,0.0578804,-0.0043410,0.0168599,0.9970182,-0.0753020,0.0580562
3/20/2026 11:54:10.638,0.0005043,0.0289432,-0.0021733,0.9995785,0.0011341,0.0578921,-0.0043157,0.0173735,0.9970421,-0.0748680,0.0580685
3/20/2026 11:54:10.658,0.0005152,0.0289505,-0.0021681,0.9995784,0.0011554,0.0579068,-0.0043046,0.0177423,0.9970505,-0.0746692,0.0580808
3/20/2026 11:54:10.678,0.0005304,0.0285559,-0.0021659,0.9995898,0.0011841,0.0571171,-0.0042996,0.0185181,0.9969651,-0.0756159,0.0572872
3/20/2026 11:54:10.698,0.0005466,0.0285721,-0.0021679,0.9995892,0.0012167,0.0571495,-0.0043028,0.0190735,0.9969525,-0.0756429,0.0573288
3/20/2026 11:54:10.718,0.0005548,0.0285875,-0.0021807,0.9995887,0.0012338,0.0571802,-0.0043279,0.0193468,0.9969165,-0.0760466,0.0573662
3/20/2026 11:54:10.738,0.0005597,0.0285908,-0.0021829,0.9995886,0.0012437,0.0571869,-0.0043321,0.0195142,0.9969081,-0.0761150,0.0573703
3/20/2026 11:54:10.758,0.0005715,0.0289632,-0.0021845,0.9995779,0.0012690,0.0579318,-0.0043342,0.0196718,0.9969746,-0.0751968,0.0581096
3/20/2026 11:54:10.778,0.0005943,0.0289804,-0.0021730,0.9995775,0.0013141,0.0579662,-0.0043097,0.0204464,0.9969923,-0.0747552,0.0581424
3/20/2026 11:54:10.798,0.0006067,0.0289908,-0.0021721,0.9995770,0.0013388,0.0579870,-0.0043072,0.0208631,0.9969879,-0.0746987,0.0581711
3/20/2026 11:54:10.818,0.0006299,0.0289898,-0.0021735,0.9995772,0.0013854,0.0579850,-0.0043086,0.0216638,0.9969671,-0.0747469,0.0581629
3/20/2026 11:54:10.838,0.0006441,0.0289881,-0.0021604,0.9995772,0.0014129,0.0579814,-0.0042817,0.0221520,0.9969896,-0.0743032,0.0581629
3/20/2026 11:54:10.858,0.0006456,0.0289875,-0.0021640,0.9995772,0.0014160,0.0579803,-0.0042888,0.0222031,0.9969792,-0.0744272,0.0581629
3/20/2026 11:54:10.878,0.0006360,0.0289939,-0.0021468,0.9995770,0.0013959,0.0579930,-0.0042550,0.0218694,0.9970315,-0.0738244,0.0581752
3/20/2026 11:54:10.898,0.0006443,0.0289920,-0.0021468,0.9995772,0.0014126,0.0579892,-0.0042543,0.0221578,0.9970250,-0.0738262,0.0581629
3/20/2026 11:54:10.918,0.0006454,0.0289877,-0.0021247,0.9995773,0.0014135,0.0579807,-0.0042103,0.0222004,0.9970787,-0.0730838,0.0581547
3/20/2026 11:54:10.938,0.0006425,0.0289981,-0.0021244,0.9995770,0.0014077,0.0580015,-0.0042098,0.0220920,0.9970837,-0.0730470,0.0581711
3/20/2026 11:54:10.958,0.0006508,0.0289912,-0.0021374,0.9995772,0.0014251,0.0579876,-0.0042352,0.0223831,0.9970436,-0.0735064,0.0581629
3/20/2026 11:54:10.978,0.0006449,0.0289942,-0.0021310,0.9995771,0.0014129,0.0579938,-0.0042229,0.0221782,0.9970645,-0.0732830,0.0581670
3/20/2026 11:54:10.998,0.0006576,0.0290017,-0.0021344,0.9995768,0.0014385,0.0580086,-0.0042289,0.0226080,0.9970478,-0.0733790,0.0581875
3/20/2026 11:54:11.018,0.0006693,0.0289980,-0.0021188,0.9995770,0.0014609,0.0580012,-0.0041970,0.0230134,0.9970770,-0.0728536,0.0581752
3/20/2026 11:54:11.038,0.0006885,0.0289917,-0.0021335,0.9995771,0.0015001,0.0579886,-0.0042253,0.0236767,0.9970236,-0.0733707,0.0581670
3/20/2026 11:54:11.058,0.0006945,0.0290071,-0.0021196,0.9995766,0.0015113,0.0580193,-0.0041970,0.0238705,0.9970568,-0.0728551,0.0581998
3/20/2026 11:54:11.078,0.0007045,0.0290276,-0.0021166,0.9995762,0.0015314,0.0580602,-0.0041905,0.0241999,0.9970601,-0.0727027,0.0582325
3/20/2026 11:54:11.098,0.0007169,0.0290381,-0.0021150,0.9995758,0.0015561,0.0580813,-0.0041865,0.0246164,0.9970558,-0.0726200,0.0582571
3/20/2026 11:54:11.118,0.0007239,0.0290514,-0.0021085,0.9995754,0.0015697,0.0581079,-0.0041732,0.0248442,0.9970686,-0.0723663,0.0582817
3/20/2026 11:54:11.138,0.0007315,0.0290559,-0.0021127,0.9995753,0.0015851,0.0581169,-0.0041811,0.0251005,0.9970527,-0.0724975,0.0582939
3/20/2026 11:54:11.158,0.0003786,0.0290680,-0.0021046,0.9995752,0.0008792,0.0581425,-0.0041854,0.0129897,0.9973050,-0.0722067,0.0582980
3/20/2026 11:54:11.178,0.0004040,0.0290711,-0.0020914,0.9995751,0.0009293,0.0581485,-0.0041576,0.0138609,0.9973264,-0.0717501,0.0583062
3/20/2026 11:54:11.198,0.0004146,0.0290849,-0.0020871,0.9995746,0.0009503,0.0581762,-0.0041483,0.0142181,0.9973344,-0.0715671,0.0583389
3/20/2026 11:54:11.218,0.0004218,0.0290890,-0.0020804,0.9995745,0.0009642,0.0581843,-0.0041346,0.0144605,0.9973479,-0.0713304,0.0583430
3/20/2026 11:54:11.238,0.0004342,0.0291121,-0.0020889,0.9995740,0.0009897,0.0582304,-0.0041508,0.0148764,0.9973251,-0.0715628,0.0583798
3/20/2026 11:54:11.258,0.0004375,0.0291252,-0.0020986,0.9995735,0.0009969,0.0582568,-0.0041698,0.0149819,0.9973023,-0.0718583,0.0584165
3/20/2026 11:54:11.278,0.0004550,0.0291324,-0.0020998,0.9995732,0.0010320,0.0582711,-0.0041714,0.0155766,0.9972914,-0.0718837,0.0584328
3/20/2026 11:54:11.298,0.0004688,0.0291268,-0.0020907,0.9995734,0.0010590,0.0582598,-0.0041523,0.0160523,0.9973053,-0.0715854,0.0584206
3/20/2026 11:54:11.318,0.0004772,0.0291260,-0.0020970,0.9995734,0.0010762,0.0582581,-0.0041644,0.0163397,0.9972850,-0.0718025,0.0584206
3/20/2026 11:54:11.338,0.0004891,0.0291247,-0.0020898,0.9995733,0.0010995,0.0582554,-0.0041493,0.0167469,0.9972959,-0.0715592,0.0584247
3/20/2026 11:54:11.358,0.0004909,0.0291277,-0.0020916,0.9995733,0.0011032,0.0582615,-0.0041528,0.0168066,0.9972908,-0.0716136,0.0584247
3/20/2026 11:54:11.378,0.0004895,0.0291354,-0.0020937,0.9995731,0.0011005,0.0582769,-0.0041572,0.0167546,0.9972878,-0.0716678,0.0584410
3/20/2026 11:54:11.398,0.0005004,0.0291429,-0.0020875,0.9995729,0.0011221,0.0582918,-0.0041441,0.0171256,0.9972981,-0.0714368,0.0584532
3/20/2026 11:54:11.418,0.0005018,0.0291544,-0.0020933,0.9995726,0.0011253,0.0583149,-0.0041556,0.0171654,0.9972852,-0.0716064,0.0584777
3/20/2026 11:54:11.438,0.0005110,0.0291700,-0.0021000,0.9995721,0.0011441,0.0583461,-0.0041683,0.0174702,0.9972665,-0.0717935,0.0585103
3/20/2026 11:54:11.458,0.0005217,0.0291862,-0.0020986,0.9995716,0.0011654,0.0583785,-0.0041649,0.0178243,0.9972665,-0.0717068,0.0585429
3/20/2026 11:54:11.478,0.0005429,0.0291903,-0.0021012,0.9995714,0.0012080,0.0583866,-0.0041689,0.0185466,0.9972477,-0.0717850,0.0585551
3/20/2026 11:54:11.498,0.0005403,0.0291957,-0.0021117,0.9995714,0.0012035,0.0583974,-0.0041900,0.0184559,0.9972247,-0.0721266,0.0585592
3/20/2026 11:54:11.518,0.0005311,0.0291952,-0.0021200,0.9995714,0.0011855,0.0583963,-0.0042071,0.0181394,0.9972098,-0.0724115,0.0585592
3/20/2026 11:54:11.538,0.0005420,0.0288465,-0.0021140,0.9995815,0.0012055,0.0576986,-0.0041949,0.0187358,0.9971505,-0.0730747,0.0578628
3/20/2026 11:54:11.558,0.0005594,0.0288551,-0.0021099,0.9995811,0.0012401,0.0577158,-0.0041858,0.0193318,0.9971510,-0.0729134,0.0578917
3/20/2026 11:54:11.578,0.0005653,0.0288413,-0.0021020,0.9995816,0.0012513,0.0576881,-0.0041697,0.0195443,0.9971641,-0.0726757,0.0578546
3/20/2026 11:54:11.598,0.0005763,0.0288482,-0.0020989,0.9995815,0.0012733,0.0577018,-0.0041628,0.0199211,0.9971659,-0.0725497,0.0578670
3/20/2026 11:54:11.618,0.0005828,0.0288577,-0.0021100,0.9995811,0.0012868,0.0577209,-0.0041846,0.0201366,0.9971353,-0.0729077,0.0578917
3/20/2026 11:54:11.638,0.0006083,0.0288661,-0.0021211,0.9995809,0.0013385,0.0577375,-0.0042054,0.0210112,0.9970910,-0.0732678,0.0579081
3/20/2026 11:54:11.658,0.0006109,0.0288751,-0.0021253,0.9995806,0.0013440,0.0577556,-0.0042135,0.0210946,0.9970804,-0.0733867,0.0579246
3/20/2026 11:54:11.678,0.0006143,0.0288804,-0.0021316,0.9995804,0.0013513,0.0577660,-0.0042260,0.0212089,0.9970629,-0.0735923,0.0579370
3/20/2026 11:54:11.698,0.0006204,0.0288820,-0.0021327,0.9995803,0.0013636,0.0577693,-0.0042278,0.0214187,0.9970561,-0.0736246,0.0579452
3/20/2026 11:54:11.718,0.0006194,0.0288894,-0.0021315,0.9995801,0.0013614,0.0577841,-0.0042254,0.0213774,0.9970613,-0.0735646,0.0579617
3/20/2026 11:54:11.738,0.0006079,0.0292632,-0.0021326,0.9995692,0.0013401,0.0585321,-0.0042277,0.0207151,0.9971411,-0.0726672,0.0587097
3/20/2026 11:54:11.758,0.0006137,0.0296198,-0.0021331,0.9995589,0.0013531,0.0592455,-0.0042280,0.0206600,0.9972039,-0.0718154,0.0594082
3/20/2026 11:54:11.778,0.0006202,0.0296341,-0.0021211,0.9995583,0.0013655,0.0592741,-0.0042036,0.0208692,0.9972310,-0.0713780,0.0594443
3/20/2026 11:54:11.798,0.0006350,0.0296424,-0.0021351,0.9995581,0.0013961,0.0592906,-0.0042306,0.0213624,0.9971884,-0.0718253,0.0594603
3/20/2026 11:54:11.818,0.0006551,0.0296514,-0.0021454,0.9995578,0.0014368,0.0593085,-0.0042502,0.0220302,0.9971505,-0.0721493,0.0594804
3/20/2026 11:54:11.838,0.0006678,0.0296633,-0.0021492,0.9995574,0.0014626,0.0593324,-0.0042570,0.0224491,0.9971341,-0.0722470,0.0595044
3/20/2026 11:54:11.858,0.0006618,0.0296715,-0.0021515,0.9995571,0.0014506,0.0593488,-0.0042619,0.0222391,0.9971347,-0.0723041,0.0595285
3/20/2026 11:54:11.878,0.0006581,0.0296770,-0.0021496,0.9995570,0.0014433,0.0593598,-0.0042583,0.0221133,0.9971430,-0.0722273,0.0595325
3/20/2026 11:54:11.898,0.0006351,0.0296791,-0.0021579,0.9995570,0.0013977,0.0593641,-0.0042762,0.0213375,0.9971402,-0.0724997,0.0595365
3/20/2026 11:54:11.918,0.0006351,0.0296831,-0.0021617,0.9995567,0.0013979,0.0593721,-0.0042837,0.0213342,0.9971318,-0.0726157,0.0595565
3/20/2026 11:54:11.938,0.0006444,0.0296937,-0.0021499,0.9995565,0.0014159,0.0593932,-0.0042596,0.0216397,0.9971557,-0.0721966,0.0595645
3/20/2026 11:54:11.958,0.0006539,0.0297064,-0.0021402,0.9995562,0.0014344,0.0594186,-0.0042397,0.0219501,0.9971744,-0.0718428,0.0595885
3/20/2026 11:54:11.978,0.0006688,0.0297210,-0.0021576,0.9995557,0.0014653,0.0594477,-0.0042736,0.0224380,0.9971243,-0.0723866,0.0596205
3/20/2026 11:54:11.998,0.0006657,0.0297351,-0.0021684,0.9995552,0.0014597,0.0594759,-0.0042954,0.0223219,0.9971030,-0.0727138,0.0596525
3/20/2026 11:54:12.018,0.0006626,0.0297465,-0.0021674,0.9995548,0.0014535,0.0594988,-0.0042934,0.0222093,0.9971101,-0.0726504,0.0596845
3/20/2026 11:54:12.038,0.0006587,0.0297384,-0.0021644,0.9995551,0.0014455,0.0594827,-0.0042876,0.0220850,0.9971188,-0.0725704,0.0596605
3/20/2026 11:54:12.058,0.0006620,0.0297439,-0.0021641,0.9995549,0.0014521,0.0594936,-0.0042869,0.0221912,0.9971180,-0.0725484,0.0596765
3/20/2026 11:54:12.078,0.0006518,0.0297467,-0.0021632,0.9995549,0.0014318,0.0594992,-0.0042857,0.0218495,0.9971283,-0.0725109,0.0596725
3/20/2026 11:54:12.098,0.0006604,0.0297630,-0.0021630,0.9995544,0.0014490,0.0595318,-0.0042848,0.0221254,0.9971254,-0.0724664,0.0597085
3/20/2026 11:54:12.118,0.0006705,0.0297757,-0.0021630,0.9995539,0.0014693,0.0595573,-0.0042842,0.0224551,0.9971204,-0.0724347,0.0597404
3/20/2026 11:54:12.138,0.0006758,0.0297795,-0.0021688,0.9995539,0.0014801,0.0595649,-0.0042954,0.0226270,0.9971032,-0.0726172,0.0597444
3/20/2026 11:54:12.158,0.0006822,0.0297862,-0.0021781,0.9995537,0.0014935,0.0595782,-0.0043136,0.0228348,0.9970770,-0.0729100,0.0597564
3/20/2026 11:54:12.178,0.0006977,0.0297799,-0.0021697,0.9995540,0.0015240,0.0595654,-0.0042960,0.0233595,0.9970842,-0.0726463,0.0597364
3/20/2026 11:54:12.198,0.0006885,0.0297896,-0.0021677,0.9995536,0.0015055,0.0595850,-0.0042925,0.0230436,0.9970980,-0.0725570,0.0597643
3/20/2026 11:54:12.218,0.0006964,0.0297949,-0.0021604,0.9995535,0.0015209,0.0595954,-0.0042775,0.0233048,0.9971105,-0.0723012,0.0597683
3/20/2026 11:54:12.238,0.0007057,0.0297951,-0.0021673,0.9995534,0.0015398,0.0595958,-0.0042907,0.0236145,0.9970866,-0.0725289,0.0597723
3/20/2026 11:54:12.258,0.0007133,0.0297986,-0.0021618,0.9995533,0.0015549,0.0596028,-0.0042792,0.0238688,0.9970946,-0.0723363,0.0597843
3/20/2026 11:54:12.278,0.0007177,0.0298105,-0.0021569,0.9995529,0.0015634,0.0596266,-0.0042691,0.0240073,0.9971052,-0.0721445,0.0598082
3/20/2026 11:54:12.298,0.0007474,0.0298119,-0.0021527,0.9995529,0.0016224,0.0596293,-0.0042590,0.0249967,0.9970913,-0.0720008,0.0598082
3/20/2026 11:54:12.318,0.0007504,0.0298172,-0.0021590,0.9995527,0.0016290,0.0596398,-0.0042713,0.0250945,0.9970748,-0.0721956,0.0598242
3/20/2026 11:54:12.338,0.0007664,0.0298229,-0.0021592,0.9995525,0.0016609,0.0596512,-0.0042708,0.0256224,0.9970618,-0.0721881,0.0598361
3/20/2026 11:54:12.358,0.0007754,0.0298198,-0.0021581,0.9995526,0.0016787,0.0596451,-0.0042680,0.0259251,0.9970563,-0.0721568,0.0598281
3/20/2026 11:54:12.378,0.0007804,0.0298288,-0.0021646,0.9995523,0.0016893,0.0596629,-0.0042807,0.0260865,0.9970379,-0.0723523,0.0598481
3/20/2026 11:54:12.398,0.0007844,0.0298363,-0.0021629,0.9995522,0.0016971,0.0596780,-0.0042772,0.0262107,0.9970400,-0.0722789,0.0598560
3/20/2026 11:54:12.418,0.0007818,0.0298253,-0.0021652,0.9995524,0.0016920,0.0596559,-0.0042819,0.0261334,0.9970345,-0.0723813,0.0598401
3/20/2026 11:54:12.438,0.0007819,0.0298189,-0.0021724,0.9995526,0.0016927,0.0596432,-0.0042963,0.0261435,0.9970157,-0.0726370,0.0598281
3/20/2026 11:54:12.458,0.0007779,0.0298251,-0.0021671,0.9995524,0.0016843,0.0596557,-0.0042858,0.0260043,0.9970334,-0.0724440,0.0598441
3/20/2026 11:54:12.478,0.0007905,0.0298381,-0.0021544,0.9995522,0.0017089,0.0596815,-0.0042596,0.0264157,0.9970555,-0.0719888,0.0598560
3/20/2026 11:54:12.498,0.0007844,0.0298370,-0.0021711,0.9995520,0.0016976,0.0596793,-0.0042934,0.0262102,0.9970205,-0.0725475,0.0598680
3/20/2026 11:54:12.518,0.0007932,0.0298461,-0.0021883,0.9995518,0.0017162,0.0596975,-0.0043273,0.0264947,0.9969729,-0.0730970,0.0598839
3/20/2026 11:54:12.538,0.0007883,0.0298549,-0.0021925,0.9995515,0.0017069,0.0597151,-0.0043359,0.0263259,0.9969687,-0.0732153,0.0598998
3/20/2026 11:54:12.558,0.0008046,0.0298628,-0.0021892,0.9995512,0.0017392,0.0597309,-0.0043285,0.0268610,0.9969637,-0.0730875,0.0599197
3/20/2026 11:54:12.578,0.0007971,0.0298648,-0.0021939,0.9995512,0.0017245,0.0597350,-0.0043382,0.0266085,0.9969596,-0.0732362,0.0599237
3/20/2026 11:54:12.598,0.0007929,0.0298673,-0.0022023,0.9995511,0.0017166,0.0597399,-0.0043552,0.0264651,0.9969433,-0.0735096,0.0599277
3/20/2026 11:54:12.618,0.0007861,0.0298747,-0.0021974,0.9995508,0.0017029,0.0597548,-0.0043459,0.0262348,0.9969625,-0.0733314,0.0599476
3/20/2026 11:54:12.638,0.0007889,0.0298763,-0.0022001,0.9995508,0.0017085,0.0597579,-0.0043511,0.0263239,0.9969541,-0.0734152,0.0599476
3/20/2026 11:54:12.658,0.0008067,0.0298881,-0.0022225,0.9995503,0.0017454,0.0597814,-0.0043947,0.0269052,0.9968857,-0.0741279,0.0599794
3/20/2026 11:54:12.678,0.0008164,0.0299195,-0.0022206,0.9995495,0.0017650,0.0598443,-0.0043905,0.0272018,0.9968880,-0.0739896,0.0600350
3/20/2026 11:54:12.698,0.0008174,0.0299387,-0.0022312,0.9995490,0.0017676,0.0598826,-0.0044114,0.0272164,0.9968651,-0.0742913,0.0600708
3/20/2026 11:54:12.718,0.0008189,0.0299488,-0.0022287,0.9995486,0.0017706,0.0599029,-0.0044064,0.0272583,0.9968718,-0.0741856,0.0600986
3/20/2026 11:54:12.738,0.0008213,0.0299482,-0.0022258,0.9995486,0.0017752,0.0599017,-0.0044003,0.0273383,0.9968770,-0.0740881,0.0600946
3/20/2026 11:54:12.758,0.0008265,0.0299519,-0.0022356,0.9995484,0.0017861,0.0599089,-0.0044197,0.0275058,0.9968487,-0.0744047,0.0601065
3/20/2026 11:54:12.778,0.0008212,0.0299783,-0.0022374,0.9995477,0.0017759,0.0599618,-0.0044235,0.0273084,0.9968547,-0.0743980,0.0601580
3/20/2026 11:54:12.798,0.0008177,0.0299753,-0.0022287,0.9995478,0.0017682,0.0599558,-0.0044063,0.0271926,0.9968787,-0.0741176,0.0601501
3/20/2026 11:54:12.818,0.0008092,0.0299915,-0.0022434,0.9995474,0.0017523,0.0599882,-0.0044363,0.0268975,0.9968532,-0.0745674,0.0601779
3/20/2026 11:54:12.838,0.0008012,0.0299883,-0.0022470,0.9995475,0.0017365,0.0599818,-0.0044439,0.0266336,0.9968508,-0.0746934,0.0601699
3/20/2026 11:54:12.858,0.0007963,0.0299959,-0.0022623,0.9995471,0.0017276,0.0599971,-0.0044748,0.0264623,0.9968187,-0.0751805,0.0601977
