 # Data format: "%int(Month)/%int(Day)/%int(Year),%int(Hours):%int(Minutes):%float(Seconds),%float(QX),%float(QY),%float(QZ),%float(QW),%float(OrientPitch),%float(OrientYaw),%float(OrientRoll),%float(VX),%float(VY),%float(VZ),%float(A)"
3/20/2026 11:52:53.024,0.0024268,0.0003395,0.0037707,0.9999900,0.0048511,0.0006974,0.0075432,0.5396540,0.0755010,0.8384946,0.0089237
3/20/2026 11:52:53.035,0.0024987,0.0002726,0.0034910,0.9999908,0.0049956,0.0005627,0.0069834,0.5808701,0.0633719,0.8115258,0.0085693
3/20/2026 11:52:53.055,0.0026832,0.0002038,0.0033090,0.9999910,0.0053650,0.0004254,0.0066191,0.6291171,0.0477878,0.7758401,0.0084854
3/20/2026 11:52:53.075,0.0029134,0.0001739,0.0032516,0.9999905,0.0058256,0.0003668,0.0065043,0.6667805,0.0398030,0.7441905,0.0087346
3/20/2026 11:52:53.095,0.0029376,0.0001837,0.0031817,0.9999908,0.0058740,0.0003861,0.0063646,0.6777495,0.0423779,0.7340707,0.0085971
3/20/2026 11:52:53.115,0.0030676,0.0002323,0.0031998,0.9999902,0.0061337,0.0004843,0.0064011,0.6910933,0.0523444,0.7208676,0.0088432
3/20/2026 11:52:53.135,0.0032771,0.0002546,0.0032434,0.9999894,0.0065525,0.0005305,0.0064887,0.7096652,0.0551390,0.7023781,0.0091870
3/20/2026 11:52:53.155,0.0033535,0.0001682,0.0032612,0.9999890,0.0067058,0.0003582,0.0065236,0.7164435,0.0359289,0.6967193,0.0093669
3/20/2026 11:52:53.175,0.0032243,0.0000865,0.0031917,0.9999898,0.0064481,0.0001937,0.0063840,0.7105694,0.0190706,0.7033687,0.0090299
3/20/2026 11:52:53.195,0.0032015,0.0001150,0.0032487,0.9999897,0.0064023,0.0002508,0.0064983,0.7016923,0.0252086,0.7120340,0.0090826
3/20/2026 11:52:53.215,0.0032913,0.0002343,0.0033788,0.9999890,0.0065811,0.0004908,0.0067593,0.6969167,0.0496032,0.7154346,0.0093923
3/20/2026 11:52:53.235,0.0032439,0.0002607,0.0034442,0.9999889,0.0064860,0.0005437,0.0068903,0.6845827,0.0550123,0.7268565,0.0094429
3/20/2026 11:52:53.255,0.0031640,0.0002259,0.0034804,0.9999889,0.0063265,0.0004738,0.0069623,0.6719045,0.0479649,0.7390831,0.0094176
3/20/2026 11:52:53.275,0.0031556,0.0002166,0.0035292,0.9999889,0.0063096,0.0004555,0.0070599,0.6658463,0.0457069,0.7446875,0.0094429
3/20/2026 11:52:53.295,0.0032152,0.0002824,0.0036181,0.9999883,0.0064284,0.0005880,0.0072382,0.6631326,0.0582344,0.7462332,0.0096921
3/20/2026 11:52:53.315,0.0032348,0.0003569,0.0037037,0.9999880,0.0064670,0.0007377,0.0074098,0.6560997,0.0723858,0.7511946,0.0098143
3/20/2026 11:52:53.335,0.0030467,0.0003580,0.0037174,0.9999884,0.0060908,0.0007387,0.0074371,0.6321382,0.0742781,0.7712873,0.0096180
3/20/2026 11:52:53.355,0.0029012,0.0003445,0.0037530,0.9999887,0.0057997,0.0007108,0.0075082,0.6099870,0.0724400,0.7890934,0.0095184
3/20/2026 11:52:53.375,0.0028032,0.0002918,0.0037778,0.9999890,0.0056042,0.0006048,0.0075573,0.5947517,0.0619096,0.8015221,0.0093923
3/20/2026 11:52:53.395,0.0026620,0.0002578,0.0036789,0.9999898,0.0053221,0.0005353,0.0073592,0.5852752,0.0566914,0.8088504,0.0090299
3/20/2026 11:52:53.415,0.0025501,0.0002796,0.0035405,0.9999905,0.0050981,0.0005773,0.0070825,0.5832486,0.0639525,0.8097723,0.0087346
3/20/2026 11:52:53.435,0.0025750,0.0003176,0.0034356,0.9999908,0.0051479,0.0006529,0.0068728,0.5981233,0.0737666,0.7980019,0.0085971
3/20/2026 11:52:53.455,0.0026545,0.0003385,0.0033370,0.9999909,0.0053068,0.0006948,0.0066758,0.6205893,0.0791464,0.7801313,0.0085135
3/20/2026 11:52:53.475,0.0026360,0.0002433,0.0031759,0.9999916,0.0052705,0.0005034,0.0063532,0.6375614,0.0588531,0.7681483,0.0081996
3/20/2026 11:52:53.495,0.0027369,0.0002435,0.0031851,0.9999912,0.0054723,0.0005044,0.0063717,0.6506323,0.0578837,0.7571837,0.0083723
3/20/2026 11:52:53.515,0.0028870,0.0003132,0.0032788,0.9999905,0.0057719,0.0006454,0.0065595,0.6591481,0.0715181,0.7486047,0.0087073
3/20/2026 11:52:53.535,0.0028239,0.0003392,0.0033659,0.9999904,0.0056454,0.0006975,0.0067338,0.6408178,0.0769833,0.7638234,0.0087619
3/20/2026 11:52:53.555,0.0027361,0.0003437,0.0034209,0.9999905,0.0054699,0.0007061,0.0068437,0.6227037,0.0782147,0.7785388,0.0087346
3/20/2026 11:52:53.575,0.0028160,0.0003562,0.0030169,0.9999915,0.0056299,0.0007294,0.0060359,0.6798208,0.0859963,0.7283188,0.0082576
3/20/2026 11:52:53.595,0.0028893,0.0003106,0.0030523,0.9999911,0.0057766,0.0006388,0.0061065,0.6855763,0.0736996,0.7242607,0.0084573
3/20/2026 11:52:53.615,0.0028940,0.0003427,0.0030680,0.9999911,0.0057859,0.0007031,0.0061381,0.6839212,0.0809791,0.7250477,0.0084290
3/20/2026 11:52:53.635,0.0029386,0.0003914,0.0030507,0.9999911,0.0058747,0.0008008,0.0061037,0.6908067,0.0920148,0.7171606,0.0084573
3/20/2026 11:52:53.655,0.0030786,0.0003756,0.0029218,0.9999910,0.0061549,0.0007691,0.0058460,0.7225144,0.0881386,0.6857146,0.0084854
3/20/2026 11:52:53.675,0.0031279,0.0003047,0.0027641,0.9999913,0.0062540,0.0006267,0.0055302,0.7473482,0.0727990,0.6604323,0.0083438
3/20/2026 11:52:53.695,0.0031762,0.0002530,0.0027583,0.9999912,0.0063510,0.0005235,0.0055183,0.7536652,0.0600303,0.6545113,0.0084007
3/20/2026 11:52:53.715,0.0032176,0.0002629,0.0028418,0.9999908,0.0064337,0.0005440,0.0056854,0.7481159,0.0611156,0.6607478,0.0085693
3/20/2026 11:52:53.735,0.0031756,0.0002840,0.0028667,0.9999909,0.0063496,0.0005863,0.0057353,0.7406586,0.0662433,0.6686080,0.0085414
3/20/2026 11:52:53.755,0.0031966,0.0002992,0.0029049,0.9999907,0.0063915,0.0006170,0.0058117,0.7383049,0.0691033,0.6709179,0.0086248
3/20/2026 11:52:53.775,0.0032281,0.0003229,0.0030375,0.9999902,0.0064542,0.0006654,0.0060772,0.7263528,0.0726534,0.6834714,0.0088701
3/20/2026 11:52:53.795,0.0033107,0.0003369,0.0031795,0.9999894,0.0066191,0.0006948,0.0063614,0.7193096,0.0731954,0.6908228,0.0091870
3/20/2026 11:52:53.815,0.0033150,0.0003673,0.0032657,0.9999892,0.0066276,0.0007562,0.0065339,0.7101763,0.0786773,0.6996138,0.0093158
3/20/2026 11:52:53.835,0.0032664,0.0004000,0.0032988,0.9999892,0.0065301,0.0008216,0.0066003,0.7010103,0.0858549,0.7079644,0.0093158
3/20/2026 11:52:53.855,0.0033078,0.0004053,0.0033035,0.9999891,0.0066128,0.0008325,0.0066098,0.7049161,0.0863751,0.7040118,0.0093414
3/20/2026 11:52:53.875,0.0034953,0.0003969,0.0032780,0.9999884,0.0069881,0.0008167,0.0065589,0.7269332,0.0825366,0.6817300,0.0096180
3/20/2026 11:52:53.895,0.0035712,0.0008136,0.0032056,0.9999883,0.0071371,0.0016502,0.0064172,0.7336954,0.1671589,0.6585961,0.0096921
3/20/2026 11:52:53.915,0.0035785,0.0007605,0.0030790,0.9999886,0.0071523,0.0015430,0.0061635,0.7483872,0.1590366,0.6439130,0.0095683
3/20/2026 11:52:53.935,0.0035983,0.0007602,0.0029048,0.9999892,0.0071922,0.0015413,0.0058153,0.7677950,0.1622091,0.6198218,0.0093158
3/20/2026 11:52:53.955,0.0035715,0.0007862,0.0027832,0.9999895,0.0071386,0.0015923,0.0055721,0.7771492,0.1710719,0.6056182,0.0091610
3/20/2026 11:52:53.975,0.0033585,0.0007861,0.0027993,0.9999902,0.0067126,0.0015911,0.0056040,0.7560313,0.1769692,0.6301575,0.0088701
3/20/2026 11:52:53.995,0.0030994,0.0007676,0.0029578,0.9999906,0.0061943,0.0015535,0.0059205,0.7120982,0.1763574,0.6795691,0.0086524
3/20/2026 11:52:54.015,0.0029124,0.0008155,0.0031040,0.9999907,0.0058197,0.0016490,0.0062128,0.6720225,0.1881677,0.7162253,0.0086248
3/20/2026 11:52:54.035,0.0028148,0.0009163,0.0032523,0.9999904,0.0056236,0.0018509,0.0065098,0.6400572,0.2083541,0.7395373,0.0087619
3/20/2026 11:52:54.055,0.0027729,0.0009788,0.0034187,0.9999898,0.0055391,0.0019766,0.0068428,0.6149200,0.2170690,0.7581257,0.0090299
3/20/2026 11:52:54.075,0.0028257,0.0010381,0.0035048,0.9999894,0.0056440,0.0020960,0.0070155,0.6115992,0.2246882,0.7585919,0.0092129
3/20/2026 11:52:54.095,0.0028763,0.0010236,0.0034448,0.9999895,0.0057455,0.0020670,0.0068955,0.6248757,0.2223758,0.7483845,0.0091610
3/20/2026 11:52:54.115,0.0028664,0.0009450,0.0032086,0.9999903,0.0057268,0.0019083,0.0064227,0.6507133,0.2145190,0.7283913,0.0087891
3/20/2026 11:52:54.135,0.0028556,0.0008615,0.0029178,0.9999913,0.0057062,0.0017397,0.0058406,0.6843802,0.2064695,0.6992811,0.0083438
3/20/2026 11:52:54.155,0.0029361,0.0008613,0.0027146,0.9999917,0.0058675,0.0017385,0.0054344,0.7177935,0.2105542,0.6636561,0.0081705
3/20/2026 11:52:54.175,0.0029764,0.0008635,0.0026534,0.9999918,0.0059481,0.0017429,0.0053121,0.7295272,0.2116576,0.6503776,0.0081119
3/20/2026 11:52:54.195,0.0029535,0.0008977,0.0027238,0.9999916,0.0059021,0.0018115,0.0054531,0.7174198,0.2180502,0.6616367,0.0081996
3/20/2026 11:52:54.215,0.0029507,0.0009165,0.0028982,0.9999911,0.0058960,0.0018502,0.0058018,0.6965288,0.2163528,0.6841339,0.0084290
3/20/2026 11:52:54.235,0.0028957,0.0009100,0.0030539,0.9999908,0.0057858,0.0018377,0.0061132,0.6725119,0.2113407,0.7092693,0.0085693
3/20/2026 11:52:54.255,0.0027743,0.0008974,0.0031993,0.9999906,0.0055428,0.0018125,0.0064037,0.6409034,0.2073064,0.7390987,0.0086524
3/20/2026 11:52:54.275,0.0025775,0.0009130,0.0033292,0.9999908,0.0051489,0.0018432,0.0066632,0.5982775,0.2119291,0.7727548,0.0085693
3/20/2026 11:52:54.295,0.0023405,0.0009428,0.0034209,0.9999910,0.0046744,0.0019017,0.0068462,0.5505953,0.2217996,0.8047670,0.0084854
3/20/2026 11:52:54.315,0.0020737,0.0009072,0.0035026,0.9999914,0.0041410,0.0018289,0.0070090,0.4972540,0.2175334,0.8398914,0.0082864
3/20/2026 11:52:54.335,0.0019067,0.0008451,0.0035432,0.9999916,0.0038075,0.0017037,0.0070896,0.4637651,0.2055480,0.8617842,0.0081996
3/20/2026 11:52:54.355,0.0019561,0.0008170,0.0035645,0.9999914,0.0039063,0.0016479,0.0071322,0.4716648,0.1969964,0.8594911,0.0082864
3/20/2026 11:52:54.375,0.0021268,0.0007869,0.0034018,0.9999917,0.0042483,0.0015883,0.0068070,0.5202142,0.1924750,0.8320640,0.0081705
3/20/2026 11:52:54.395,0.0023323,0.0008373,0.0031070,0.9999921,0.0046593,0.0016890,0.0062179,0.5868653,0.2106803,0.7817947,0.0079636
3/20/2026 11:52:54.415,0.0025268,0.0008242,0.0028451,0.9999924,0.0050490,0.0016628,0.0056944,0.6490025,0.2116899,0.7307414,0.0077819
3/20/2026 11:52:54.435,0.0025197,0.0007401,0.0025880,0.9999932,0.0050356,0.0014933,0.0051797,0.6833963,0.2007408,0.7019063,0.0073729
3/20/2026 11:52:54.455,0.0024550,0.0007115,0.0026282,0.9999932,0.0049063,0.0014360,0.0052600,0.6696422,0.1940814,0.7168763,0.0073729
3/20/2026 11:52:54.475,0.0022292,0.0007354,0.0029480,0.9999930,0.0044540,0.0014839,0.0058994,0.5915451,0.1951454,0.7822996,0.0075011
3/20/2026 11:52:54.495,0.0018080,0.0007892,0.0033478,0.9999925,0.0036107,0.0015906,0.0066985,0.4652837,0.2031043,0.8615450,0.0077204
3/20/2026 11:52:54.515,0.0014185,0.0007684,0.0037551,0.9999918,0.0028312,0.0015474,0.0075124,0.3470823,0.1880017,0.9187977,0.0081119
3/20/2026 11:52:54.535,0.0010360,0.0008070,0.0041353,0.9999907,0.0020654,0.0016226,0.0082723,0.2387839,0.1859959,0.9530938,0.0086248
3/20/2026 11:52:54.555,0.0006980,0.0007315,0.0043331,0.9999902,0.0013897,0.0014690,0.0086673,0.1568743,0.1644004,0.9738393,0.0088432
3/20/2026 11:52:54.575,0.0004515,0.0007130,0.0044689,0.9999897,0.0008967,0.0014301,0.0089384,0.0992852,0.1567810,0.9826303,0.0090826
3/20/2026 11:52:54.595,0.0004532,0.0007196,0.0046177,0.9999890,0.0008998,0.0014433,0.0092360,0.0965264,0.1532502,0.9834617,0.0093669
3/20/2026 11:52:54.615,0.0006214,0.0007294,0.0047629,0.9999884,0.0012358,0.0014647,0.0095268,0.1278974,0.1501317,0.9803585,0.0096428
3/20/2026 11:52:54.635,0.0008549,0.0007230,0.0047602,0.9999881,0.0017029,0.0014542,0.0095218,0.1748241,0.1478567,0.9734346,0.0097412
3/20/2026 11:52:54.655,0.0011843,0.0006572,0.0047426,0.9999879,0.0023623,0.0013256,0.0094869,0.2401055,0.1332445,0.9615588,0.0098386
3/20/2026 11:52:54.675,0.0016995,0.0006739,0.0047837,0.9999869,0.0033926,0.0013640,0.0095698,0.3318638,0.1315870,0.9341045,0.0102423
3/20/2026 11:52:54.695,0.0023745,0.0008488,0.0048946,0.9999849,0.0047406,0.0017208,0.0097934,0.4312544,0.1541592,0.8889626,0.0110053
3/20/2026 11:52:54.715,0.0027248,0.0008527,0.0048445,0.9999843,0.0054412,0.0017319,0.0096938,0.4845528,0.1516457,0.8615174,0.0111986
3/20/2026 11:52:54.735,0.0024989,0.0006914,0.0047061,0.9999856,0.0049912,0.0014064,0.0094158,0.4650757,0.1286816,0.8758685,0.0107422
3/20/2026 11:52:54.755,0.0023335,0.0007291,0.0049551,0.9999847,0.0046596,0.0014813,0.0099138,0.4223156,0.1319523,0.8967932,0.0110486
3/20/2026 11:52:54.775,0.0022435,0.0009073,0.0054326,0.9999824,0.0044771,0.0018390,0.0108695,0.3772320,0.1525602,0.9134667,0.0118603
3/20/2026 11:52:54.795,0.0020095,0.0010142,0.0057509,0.9999810,0.0040074,0.0020515,0.0115059,0.3253946,0.1642258,0.9312079,0.0123334
3/20/2026 11:52:54.815,0.0017089,0.0010101,0.0055883,0.9999825,0.0034064,0.0020394,0.0111802,0.2881544,0.1703316,0.9423132,0.0118201
3/20/2026 11:52:54.835,0.0014618,0.0008835,0.0050779,0.9999857,0.0029146,0.0017818,0.0101584,0.2728585,0.1649039,0.9478159,0.0106977
3/20/2026 11:52:54.855,0.0013689,0.0008563,0.0045486,0.9999885,0.0027301,0.0017251,0.0090997,0.2836181,0.1774106,0.9423833,0.0095932
3/20/2026 11:52:54.875,0.0014218,0.0009161,0.0041180,0.9999901,0.0028361,0.0018440,0.0082386,0.3193863,0.2057927,0.9250090,0.0088969
3/20/2026 11:52:54.895,0.0016129,0.0009899,0.0038688,0.9999908,0.0032181,0.0019923,0.0077409,0.3744890,0.2298425,0.8982931,0.0085693
3/20/2026 11:52:54.915,0.0016362,0.0009534,0.0036229,0.9999917,0.0032655,0.0019186,0.0072489,0.4002556,0.2332104,0.8862327,0.0081413
3/20/2026 11:52:54.935,0.0013397,0.0008557,0.0034167,0.9999929,0.0026735,0.0017205,0.0068358,0.3555046,0.2270630,0.9066746,0.0075328
3/20/2026 11:52:54.955,0.0011343,0.0008763,0.0035307,0.9999928,0.0022625,0.0017606,0.0070634,0.2976829,0.2299673,0.9265528,0.0075644
3/20/2026 11:52:54.975,0.0011296,0.0010121,0.0038205,0.9999916,0.0022515,0.0020328,0.0076434,0.2748035,0.2462169,0.9294409,0.0081996
3/20/2026 11:52:54.995,0.0010472,0.0010907,0.0041030,0.9999906,0.0020855,0.0021900,0.0082083,0.2394935,0.2494290,0.9383113,0.0086524
3/20/2026 11:52:55.015,0.0009824,0.0012379,0.0042993,0.9999895,0.0019542,0.0024843,0.0086010,0.2144775,0.2702556,0.9385954,0.0091610
3/20/2026 11:52:55.035,0.0010203,0.0013103,0.0043750,0.9999891,0.0020292,0.0026296,0.0087528,0.2180343,0.2800055,0.9349107,0.0093414
3/20/2026 11:52:55.055,0.0010235,0.0013491,0.0043489,0.9999892,0.0020353,0.0027072,0.0087007,0.2193088,0.2890818,0.9318452,0.0093158
3/20/2026 11:52:55.075,0.0008825,0.0013692,0.0041377,0.9999902,0.0017537,0.0027457,0.0082778,0.1984656,0.3079142,0.9304839,0.0088432
3/20/2026 11:52:55.095,0.0010452,0.0014088,0.0038047,0.9999913,0.0020797,0.0028255,0.0076124,0.2494746,0.3362534,0.9081277,0.0083438
3/20/2026 11:52:55.115,0.0014445,0.0014280,0.0035055,0.9999918,0.0028791,0.0028661,0.0070151,0.3565506,0.3524610,0.8652416,0.0080825
3/20/2026 11:52:55.135,0.0016987,0.0013560,0.0032113,0.9999926,0.0033887,0.0027228,0.0064272,0.4380732,0.3496806,0.8281396,0.0076895
3/20/2026 11:52:55.155,0.0017666,0.0012859,0.0030467,0.9999930,0.0035254,0.0025826,0.0060979,0.4712007,0.3429834,0.8126083,0.0074693
3/20/2026 11:52:55.175,0.0018022,0.0013660,0.0031012,0.9999926,0.0035959,0.0027431,0.0062075,0.4695490,0.3558935,0.8079997,0.0076895
3/20/2026 11:52:55.195,0.0016148,0.0014389,0.0029693,0.9999933,0.0032210,0.0028874,0.0059432,0.4395783,0.3916976,0.8082969,0.0073405
3/20/2026 11:52:55.215,0.0012521,0.0013760,0.0024111,0.9999954,0.0024975,0.0027580,0.0048256,0.4111436,0.4518185,0.7917204,0.0060594
3/20/2026 11:52:55.235,0.0012426,0.0014194,0.0019031,0.9999965,0.0024798,0.0028435,0.0038098,0.4637147,0.5296842,0.7102136,0.0053041
3/20/2026 11:52:55.255,0.0013395,0.0014144,0.0016036,0.9999969,0.0026745,0.0028332,0.0032110,0.5308854,0.5605724,0.6355465,0.0049795
3/20/2026 11:52:55.275,0.0015623,0.0014201,0.0015545,0.9999966,0.0031203,0.0028450,0.0031135,0.5958934,0.5416293,0.5929154,0.0052134
3/20/2026 11:52:55.295,0.0019862,0.0015125,0.0017842,0.9999954,0.0039670,0.0030320,0.0035744,0.6472864,0.4928948,0.5814424,0.0060986
3/20/2026 11:52:55.315,0.0022411,0.0015153,0.0017974,0.9999948,0.0044768,0.0030386,0.0036017,0.6900051,0.4665258,0.5533956,0.0064778
3/20/2026 11:52:55.335,0.0022175,0.0014618,0.0014094,0.9999956,0.0044308,0.0029299,0.0028253,0.7375002,0.4861853,0.4687403,0.0059402
3/20/2026 11:52:55.355,0.0019736,0.0012465,0.0005729,0.9999971,0.0039458,0.0024952,0.0011507,0.8211245,0.5185972,0.2383514,0.0047842
3/20/2026 11:52:55.376,0.0018652,0.0011055,-0.0002366,0.9999976,0.0037310,0.0022101,-0.0004691,0.8551777,0.5068556,-0.1084831,0.0043673
3/20/2026 11:52:55.395,0.0019739,0.0011670,-0.0007554,0.9999971,0.0039496,0.0023310,-0.0015061,0.8176016,0.4833663,-0.3128650,0.0047842
3/20/2026 11:52:55.415,0.0021326,0.0012429,-0.0010989,0.9999965,0.0042679,0.0024811,-0.0021925,0.7892911,0.4600116,-0.4067050,0.0053041
3/20/2026 11:52:55.435,0.0020942,0.0011812,-0.0016433,0.9999957,0.0041923,0.0023555,-0.0032816,0.7191008,0.4055898,-0.5642614,0.0058594
3/20/2026 11:52:55.455,0.0017959,0.0009450,-0.0024026,0.9999952,0.0035964,0.0018814,-0.0048018,0.5710442,0.3004830,-0.7639493,0.0062148
3/20/2026 11:52:55.475,0.0015209,0.0007628,-0.0030941,0.9999938,0.0030465,0.0015162,-0.0061859,0.4307224,0.2160287,-0.8762476,0.0070421
3/20/2026 11:52:55.495,0.0014707,0.0007774,-0.0034168,0.9999928,0.0029466,0.0015447,-0.0068314,0.3869921,0.2045654,-0.8991051,0.0075644
3/20/2026 11:52:55.515,0.0014869,0.0009075,-0.0033125,0.9999931,0.0029798,0.0018052,-0.0066224,0.3972848,0.2424804,-0.8850808,0.0074052
3/20/2026 11:52:55.535,0.0013008,0.0010038,-0.0031345,0.9999939,0.0026080,0.0019994,-0.0062664,0.3675659,0.2836318,-0.8856909,0.0070082
3/20/2026 11:52:55.555,0.0010125,0.0010227,-0.0030330,0.9999944,0.0020311,0.0020392,-0.0060640,0.3015902,0.3046342,-0.9034607,0.0066950
3/20/2026 11:52:55.575,0.0007204,0.0009154,-0.0031169,0.9999945,0.0014465,0.0018263,-0.0062324,0.2164972,0.2751119,-0.9367190,0.0066234
3/20/2026 11:52:55.596,0.0005711,0.0008911,-0.0032235,0.9999943,0.0011480,0.0017785,-0.0064460,0.1683300,0.2626437,-0.9500965,0.0067658
3/20/2026 11:52:55.615,0.0006221,0.0009380,-0.0031088,0.9999946,0.0012501,0.0018722,-0.0062165,0.1881691,0.2837026,-0.9402686,0.0065873
3/20/2026 11:52:55.635,0.0009801,0.0010560,-0.0027641,0.9999952,0.0019660,0.0021065,-0.0055262,0.3144222,0.3387691,-0.8867775,0.0062148
3/20/2026 11:52:55.656,0.0013937,0.0010571,-0.0025424,0.9999953,0.0027927,0.0021072,-0.0050818,0.4516020,0.3425597,-0.8238376,0.0061376
3/20/2026 11:52:55.675,0.0014903,0.0009294,-0.0024707,0.9999955,0.0029851,0.0018514,-0.0049386,0.4916195,0.3065876,-0.8150548,0.0060199
3/20/2026 11:52:55.695,0.0013403,0.0007504,-0.0023372,0.9999961,0.0026841,0.0014944,-0.0046724,0.4792288,0.2682933,-0.8356785,0.0055673
3/20/2026 11:52:55.715,0.0011509,0.0006580,-0.0020687,0.9999971,0.0023045,0.0013112,-0.0041360,0.4684024,0.2678002,-0.8419514,0.0048337
3/20/2026 11:52:55.735,0.0010545,0.0007191,-0.0015960,0.9999980,0.0021114,0.0014348,-0.0031904,0.5160248,0.3518811,-0.7809597,0.0039668
3/20/2026 11:52:55.755,0.0008614,0.0008684,-0.0010463,0.9999987,0.0017246,0.0017349,-0.0020911,0.5351586,0.5394949,-0.6500389,0.0031644
3/20/2026 11:52:55.775,0.0008204,0.0010310,-0.0004931,0.9999991,0.0016418,0.0020611,-0.0009845,0.5831665,0.7328374,-0.3505227,0.0026744
3/20/2026 11:52:55.795,0.0006306,0.0010029,-0.0003185,0.9999993,0.0012618,0.0020054,-0.0006357,0.5140226,0.8175407,-0.2596305,0.0023921
3/20/2026 11:52:55.815,0.0003953,0.0009790,-0.0003004,0.9999995,0.0007912,0.0019578,-0.0006000,0.3601171,0.8918705,-0.2736469,0.0020716
3/20/2026 11:52:55.835,0.0004037,0.0010402,-0.0001297,0.9999993,0.0008078,0.0020803,-0.0002585,0.3594248,0.9260063,-0.1154395,0.0022902
3/20/2026 11:52:55.855,0.0006007,0.0011596,0.0002152,0.9999991,0.0012009,0.0023194,0.0004318,0.4538490,0.8761176,0.1626006,0.0026744
3/20/2026 11:52:55.875,0.0004663,0.0011525,0.0003687,0.9999992,0.0009317,0.0023053,0.0007385,0.3595778,0.8887354,0.2843466,0.0025837
3/20/2026 11:52:55.895,0.0000543,0.0010951,0.0004110,0.9999993,0.0001078,0.0021902,0.0008220,0.0463987,0.9352371,0.3509682,0.0022902
3/20/2026 11:52:55.915,-0.0002345,0.0011006,0.0005980,0.9999993,-0.0004704,0.0022009,0.0011954,-0.1840553,0.8636806,0.4692329,0.0023921
3/20/2026 11:52:55.935,-0.0004608,0.0010872,0.0007457,0.9999990,-0.0009232,0.0021737,0.0014903,-0.3299339,0.7785025,0.5339264,0.0027621
3/20/2026 11:52:55.956,-0.0006518,0.0011274,0.0008068,0.9999989,-0.0013055,0.0022537,0.0016122,-0.4255005,0.7359148,0.5266674,0.0029297
3/20/2026 11:52:55.975,-0.0005877,0.0012338,0.0009712,0.9999986,-0.0011777,0.0024664,0.0019410,-0.3505190,0.7358934,0.5793077,0.0033829
3/20/2026 11:52:55.995,-0.0005074,0.0012520,0.0009925,0.9999986,-0.0010174,0.0025030,0.0019837,-0.3027102,0.7468708,0.5920731,0.0033829
3/20/2026 11:52:56.015,-0.0004939,0.0012218,0.0007395,0.9999989,-0.0009896,0.0024428,0.0014778,-0.3268306,0.8085137,0.4893744,0.0029297
3/20/2026 11:52:56.035,-0.0004810,0.0011709,0.0004006,0.9999992,-0.0009629,0.0023414,0.0008000,-0.3622621,0.8818945,0.3017088,0.0025837
3/20/2026 11:52:56.055,-0.0003540,0.0012630,0.0003047,0.9999991,-0.0007088,0.0025258,0.0006085,-0.2628986,0.9379197,0.2262542,0.0026744
3/20/2026 11:52:56.075,-0.0001525,0.0013938,0.0004777,0.9999989,-0.0003064,0.0027875,0.0009550,-0.1029641,0.9409596,0.3224804,0.0029297
3/20/2026 11:52:56.095,-0.0000759,0.0014853,0.0007808,0.9999986,-0.0001541,0.0029706,0.0015613,-0.0451732,0.8842561,0.4648124,0.0033829
3/20/2026 11:52:56.115,-0.0000223,0.0015140,0.0010754,0.9999984,-0.0000478,0.0030280,0.0021508,-0.0120008,0.8152019,0.5790526,0.0035881
3/20/2026 11:52:56.135,-0.0001016,0.0014994,0.0015181,0.9999978,-0.0002077,0.0029985,0.0030359,-0.0475571,0.7019167,0.7106696,0.0042004
3/20/2026 11:52:56.155,-0.0002294,0.0015132,0.0015433,0.9999977,-0.0004635,0.0030257,0.0030859,-0.1055497,0.6962111,0.7100347,0.0042567
3/20/2026 11:52:56.176,-0.0003641,0.0015227,0.0016602,0.9999974,-0.0007333,0.0030441,0.0033193,-0.1595694,0.6672611,0.7275302,0.0045281
3/20/2026 11:52:56.195,-0.0005293,0.0015453,0.0015848,0.9999974,-0.0010635,0.0030889,0.0031680,-0.2325794,0.6789742,0.6963484,0.0045281
3/20/2026 11:52:56.215,-0.0003203,0.0018606,0.0016677,0.9999969,-0.0006469,0.0037202,0.0033342,-0.1271624,0.7386187,0.6620212,0.0049795
3/20/2026 11:52:56.236,-0.0003707,0.0021539,0.0015414,0.9999964,-0.0007480,0.0043066,0.0030813,-0.1386073,0.8053547,0.5763609,0.0053489
3/20/2026 11:52:56.255,-0.0006472,0.0020565,0.0010172,0.9999973,-0.0012985,0.0041117,0.0020317,-0.2714850,0.8626854,0.4266965,0.0046322
3/20/2026 11:52:56.275,-0.0004710,0.0020420,0.0004940,0.9999977,-0.0009440,0.0040836,0.0009861,-0.2187509,0.9484237,0.2294350,0.0042567
3/20/2026 11:52:56.295,-0.0003841,0.0019748,0.0000157,0.9999981,-0.0007682,0.0039496,0.0000300,-0.1909027,0.9815778,0.0078269,0.0039063
3/20/2026 11:52:56.315,-0.0005164,0.0018039,-0.0003956,0.9999982,-0.0010313,0.0036081,-0.0007930,-0.2692884,0.9407088,-0.2062782,0.0037822
3/20/2026 11:52:56.335,-0.0004891,0.0017396,-0.0007101,0.9999982,-0.0009757,0.0034799,-0.0014218,-0.2519083,0.8959857,-0.3657209,0.0037822
3/20/2026 11:52:56.356,-0.0003994,0.0017368,-0.0008564,0.9999981,-0.0007958,0.0034742,-0.0017141,-0.2020118,0.8784055,-0.4331225,0.0039063
3/20/2026 11:52:56.376,-0.0003461,0.0018375,-0.0008474,0.9999979,-0.0006891,0.0036755,-0.0016960,-0.1685971,0.8950920,-0.4127776,0.0040853
3/20/2026 11:52:56.395,-0.0000923,0.0019253,-0.0006305,0.9999980,-0.0001821,0.0038506,-0.0012613,-0.0454943,0.9493566,-0.3108897,0.0039668
3/20/2026 11:52:56.416,0.0003475,0.0020354,-0.0005462,0.9999979,0.0006972,0.0040704,-0.0010910,0.1626871,0.9529597,-0.2557358,0.0041432
3/20/2026 11:52:56.436,0.0009244,0.0021160,-0.0007260,0.9999971,0.0018518,0.0042307,-0.0014480,0.3818762,0.8741949,-0.2999232,0.0048337
3/20/2026 11:52:56.456,0.0015976,0.0022746,-0.0012697,0.9999954,0.0032010,0.0045451,-0.0025321,0.5228081,0.7443349,-0.4154963,0.0060594
3/20/2026 11:52:56.476,0.0021862,0.0024601,-0.0020593,0.9999925,0.0043826,0.0049113,-0.0041078,0.5631246,0.6336760,-0.5304201,0.0077512
3/20/2026 11:52:56.496,0.0028969,0.0026580,-0.0027871,0.9999884,0.0058086,0.0052999,-0.0055588,0.6011156,0.5515452,-0.5783234,0.0096428
3/20/2026 11:52:56.516,0.0039195,0.0029350,-0.0031520,0.9999831,0.0078575,0.0058454,-0.0062812,0.6730623,0.5039976,-0.5412704,0.0116166
3/20/2026 11:52:56.536,0.0051650,0.0032468,-0.0032957,0.9999759,0.0103514,0.0064599,-0.0065582,0.7448762,0.4682429,-0.4752978,0.0138796
3/20/2026 11:52:56.556,0.0064834,0.0036275,-0.0035571,0.9999662,0.0129926,0.0072093,-0.0070675,0.7871227,0.4403958,-0.4318441,0.0164429
3/20/2026 11:52:56.576,0.0075631,0.0038224,-0.0039471,0.9999563,0.0151564,0.0075856,-0.0078371,0.8090367,0.4088812,-0.4222272,0.0186956
3/20/2026 11:52:56.596,0.0104527,0.0045622,-0.0040997,0.9999266,0.0209428,0.0090401,-0.0081052,0.8624773,0.3764360,-0.3382730,0.0242378
3/20/2026 11:52:56.616,0.0137536,0.0054670,-0.0039733,0.9998826,0.0275508,0.0108277,-0.0077984,0.8974972,0.3567510,-0.2592826,0.0306494
3/20/2026 11:52:56.636,0.0162890,0.0060171,-0.0037517,0.9998423,0.0326238,0.0119167,-0.0073102,0.9168900,0.3386969,-0.2111801,0.0355210
3/20/2026 11:52:56.656,0.0189568,0.0066760,-0.0032714,0.9997927,0.0379585,0.0132351,-0.0062929,0.9309666,0.3278565,-0.1606587,0.0407246
3/20/2026 11:52:56.676,0.0216955,0.0071597,-0.0028403,0.9997349,0.0434339,0.0142063,-0.0053735,0.9423715,0.3109912,-0.1233707,0.0460550
3/20/2026 11:52:56.696,0.0240819,0.0074594,-0.0026790,0.9996786,0.0482070,0.0148028,-0.0050028,0.9498760,0.2942270,-0.1056694,0.0507074
3/20/2026 11:52:56.716,0.0263891,0.0075880,-0.0025851,0.9996197,0.0528218,0.0150554,-0.0047743,0.9568269,0.2751305,-0.0937302,0.0551624
3/20/2026 11:52:56.736,0.0283269,0.0076741,-0.0026323,0.9995658,0.0566999,0.0152174,-0.0048354,0.9613481,0.2604401,-0.0893353,0.0589367
3/20/2026 11:52:56.756,0.0299808,0.0078949,-0.0026579,0.9995158,0.0600105,0.0156515,-0.0048486,0.9634991,0.2537190,-0.0854175,0.0622387
3/20/2026 11:52:56.776,0.0314292,0.0083482,-0.0027854,0.9994674,0.0629129,0.0165458,-0.0050530,0.9629608,0.2557799,-0.0853408,0.0652794
3/20/2026 11:52:56.796,0.0330592,0.0088834,-0.0031886,0.9994089,0.0661842,0.0175849,-0.0057988,0.9615788,0.2583876,-0.0927457,0.0687696
3/20/2026 11:52:56.816,0.0346563,0.0090735,-0.0037369,0.9993511,0.0693910,0.0179202,-0.0068565,0.9621736,0.2519094,-0.1037477,0.0720514
3/20/2026 11:52:56.836,0.0365236,0.0092781,-0.0044563,0.9992799,0.0731425,0.0182671,-0.0082505,0.9625101,0.2445057,-0.1174362,0.0759036
3/20/2026 11:52:56.856,0.0383804,0.0094941,-0.0053115,0.9992040,0.0768762,0.0186215,-0.0099152,0.9620972,0.2379939,-0.1331461,0.0798031
3/20/2026 11:52:56.876,0.0401904,0.0097034,-0.0061304,0.9991262,0.0805165,0.0189597,-0.0115077,0.9615569,0.2321551,-0.1466708,0.0836149
3/20/2026 11:52:56.896,0.0417570,0.0100553,-0.0067411,0.9990546,0.0836681,0.0195985,-0.0126743,0.9604516,0.2312827,-0.1550516,0.0869758
3/20/2026 11:52:56.916,0.0435976,0.0104512,-0.0072197,0.9989685,0.0873673,0.0203303,-0.0135654,0.9600800,0.2301509,-0.1589878,0.0908465
3/20/2026 11:52:56.936,0.0455097,0.0109734,-0.0077217,0.9988738,0.0912128,0.0213094,-0.0144879,0.9591789,0.2312792,-0.1627446,0.0949266
3/20/2026 11:52:56.956,0.0470554,0.0112512,-0.0081111,0.9987960,0.0943197,0.0218106,-0.0152121,0.9591981,0.2293496,-0.1653412,0.0981507
3/20/2026 11:52:56.976,0.0483369,0.0112733,-0.0082825,0.9987332,0.0968897,0.0218214,-0.0155276,0.9605826,0.2240303,-0.1645948,0.1006795
3/20/2026 11:52:56.996,0.0497532,0.0115321,-0.0084743,0.9986591,0.0997338,0.0223027,-0.0158577,0.9610341,0.2227541,-0.1636890,0.1035825
3/20/2026 11:52:57.016,0.0511904,0.0118508,-0.0086242,0.9985815,0.1026201,0.0229075,-0.0160960,0.9613709,0.2225609,-0.1619646,0.1065385
3/20/2026 11:52:57.036,0.0523525,0.0117918,-0.0087261,0.9985211,0.1049485,0.0227622,-0.0162821,0.9629129,0.2168847,-0.1604986,0.1087851
3/20/2026 11:52:57.056,0.0531393,0.0118212,-0.0091291,0.9984754,0.1065339,0.0227671,-0.0170717,0.9626960,0.2141578,-0.1653872,0.1104520
3/20/2026 11:52:57.076,0.0544364,0.0118751,-0.0095390,0.9984012,0.1091418,0.0228114,-0.0178618,0.9630115,0.2100774,-0.1687498,0.1131110
3/20/2026 11:52:57.096,0.0555168,0.0121286,-0.0101291,0.9983327,0.1113240,0.0232381,-0.0189964,0.9617981,0.2101216,-0.1754806,0.1155067
3/20/2026 11:52:57.116,0.0560383,0.0132527,-0.0105605,0.9982848,0.1124008,0.0254396,-0.0197252,0.9571930,0.2263696,-0.1803843,0.1171554
3/20/2026 11:52:57.136,0.0568031,0.0138757,-0.0106327,0.9982324,0.1139469,0.0266705,-0.0197809,0.9557638,0.2334713,-0.1789041,0.1189318
3/20/2026 11:52:57.156,0.0577339,0.0140938,-0.0103894,0.9981785,0.1158090,0.0271216,-0.0192437,0.9569591,0.2336100,-0.1722080,0.1207315
3/20/2026 11:52:57.176,0.0584263,0.0141593,-0.0098515,0.9981428,0.1171826,0.0273055,-0.0181372,0.9590757,0.2324274,-0.1617136,0.1219113
3/20/2026 11:52:57.196,0.0592491,0.0141298,-0.0094842,0.9980983,0.1188203,0.0272778,-0.0173815,0.9611399,0.2292145,-0.1538535,0.1233645
3/20/2026 11:52:57.216,0.0595937,0.0143300,-0.0087554,0.9980814,0.1194938,0.0277630,-0.0158832,0.9625148,0.2314483,-0.1414110,0.1239086
3/20/2026 11:52:57.236,0.0599817,0.0146633,-0.0082171,0.9980581,0.1202612,0.0284935,-0.0147503,0.9629064,0.2353945,-0.1319119,0.1246611
3/20/2026 11:52:57.256,0.0603296,0.0150090,-0.0080318,0.9980333,0.1209578,0.0292073,-0.0143261,0.9624212,0.2394337,-0.1281285,0.1254528
3/20/2026 11:52:57.276,0.0609374,0.0152395,-0.0077187,0.9979954,0.1221694,0.0297029,-0.0136514,0.9628807,0.2408015,-0.1219647,0.1266565
3/20/2026 11:52:57.296,0.0610891,0.0153684,-0.0077021,0.9979844,0.1224746,0.0299626,-0.0135977,0.9626138,0.2421677,-0.1213656,0.1270045
3/20/2026 11:52:57.316,0.0610631,0.0152647,-0.0077626,0.9979870,0.1224230,0.0297470,-0.0137329,0.9628516,0.2406965,-0.1224014,0.1269218
3/20/2026 11:52:57.336,0.0611622,0.0151735,-0.0076160,0.9979836,0.1226159,0.0295806,-0.0134466,0.9635661,0.2390480,-0.1199850,0.1270308
3/20/2026 11:52:57.356,0.0614430,0.0152427,-0.0070171,0.9979696,0.1231616,0.0297913,-0.0122254,0.9646715,0.2393149,-0.1101698,0.1274714
3/20/2026 11:52:57.376,0.0614994,0.0153214,-0.0065787,0.9979679,0.1232624,0.0300035,-0.0113324,0.9651552,0.2404498,-0.1032443,0.1275238
3/20/2026 11:52:57.396,0.0614865,0.0153852,-0.0063006,0.9979695,0.1232288,0.0301663,-0.0107655,0.9653343,0.2415463,-0.0989191,0.1274733
3/20/2026 11:52:57.416,0.0617322,0.0155230,-0.0059820,0.9979542,0.1237129,0.0304816,-0.0101004,0.9655546,0.2427960,-0.0935653,0.1279534
3/20/2026 11:52:57.436,0.0621170,0.0156163,-0.0056134,0.9979309,0.1244735,0.0307131,-0.0093359,0.9661184,0.2428842,-0.0873068,0.1286785
3/20/2026 11:52:57.456,0.0621866,0.0156535,-0.0050925,0.9979289,0.1245971,0.0308527,-0.0082813,0.9667058,0.2433368,-0.0791639,0.1287415
3/20/2026 11:52:57.476,0.0619838,0.0155796,-0.0046979,0.9979445,0.1241782,0.0307544,-0.0075030,0.9672242,0.2431115,-0.0733082,0.1282551
3/20/2026 11:52:57.496,0.0615660,0.0153814,-0.0044136,0.9979749,0.1233309,0.0303926,-0.0069683,0.9678418,0.2418022,-0.0693830,0.1273047
3/20/2026 11:52:57.516,0.0611914,0.0151381,-0.0041668,0.9980026,0.1225713,0.0299347,-0.0065133,0.9686222,0.2396259,-0.0659581,0.1264303
3/20/2026 11:52:57.536,0.0607963,0.0149412,-0.0040397,0.9980304,0.1217746,0.0295555,-0.0062933,0.9690886,0.2381618,-0.0643919,0.1255478
3/20/2026 11:52:57.556,0.0608353,0.0149461,-0.0037815,0.9980288,0.1218450,0.0295968,-0.0057725,0.9693568,0.2381525,-0.0602554,0.1255991
3/20/2026 11:52:57.576,0.0611825,0.0149548,-0.0035366,0.9980084,0.1225336,0.0296438,-0.0052687,0.9698747,0.2370653,-0.0560629,0.1262471
3/20/2026 11:52:57.596,0.0615163,0.0150175,-0.0033416,0.9979874,0.1231967,0.0297937,-0.0048590,0.9701211,0.2368289,-0.0526981,0.1269087
3/20/2026 11:52:57.616,0.0617437,0.0150922,-0.0029632,0.9979736,0.1236414,0.0299907,-0.0040820,0.9703476,0.2371849,-0.0465695,0.1273441
3/20/2026 11:52:57.636,0.0619947,0.0152807,-0.0023884,0.9979567,0.1241275,0.0304418,-0.0028947,0.9702617,0.2391546,-0.0373806,0.1278750
3/20/2026 11:52:57.656,0.0620488,0.0154664,-0.0011272,0.9979528,0.1241975,0.0309730,-0.0003330,0.9701602,0.2418236,-0.0176241,0.1279981
3/20/2026 11:52:57.676,0.0621378,0.0157135,0.0003005,0.9979439,0.1243307,0.0316494,0.0025725,0.9694709,0.2451618,0.0046886,0.1282755
3/20/2026 11:52:57.696,0.0624644,0.0161105,0.0012831,0.9979163,0.1249521,0.0325738,0.0046095,0.9681210,0.2496925,0.0198864,0.1291320
3/20/2026 11:52:57.716,0.0629178,0.0161160,0.0021226,0.9978863,0.1258329,0.0326952,0.0063142,0.9682090,0.2480007,0.0326640,0.1300598
3/20/2026 11:52:57.736,0.0621706,0.0159115,0.0038755,0.9979313,0.1242803,0.0324953,0.0097890,0.9670133,0.2474906,0.0602799,0.1286674
3/20/2026 11:52:57.756,0.0614133,0.0153377,0.0057687,0.9979780,0.1227091,0.0315645,0.0134999,0.9661965,0.2413038,0.0907576,0.1272054
3/20/2026 11:52:57.776,0.0607110,0.0143446,0.0080632,0.9980198,0.1212472,0.0298348,0.0179692,0.9651746,0.2280478,0.1281882,0.1258837
3/20/2026 11:52:57.796,0.0602197,0.0141376,0.0102064,0.9980329,0.1202031,0.0296673,0.0222377,0.9605436,0.2255044,0.1627996,0.1254680
3/20/2026 11:52:57.816,0.0600775,0.0135925,0.0117584,0.9980319,0.1198859,0.0287547,0.0252880,0.9580479,0.2167583,0.1875099,0.1254984
3/20/2026 11:52:57.836,0.0602392,0.0131682,0.0129964,0.9980125,0.1201857,0.0280559,0.0277311,0.9559287,0.2089647,0.2062378,0.1261147
3/20/2026 11:52:57.856,0.0603380,0.0127136,0.0144488,0.9979925,0.1203567,0.0273208,0.0306000,0.9527091,0.2007420,0.2281402,0.1267507
3/20/2026 11:52:57.876,0.0602378,0.0123948,0.0163939,0.9979724,0.1201135,0.0269115,0.0344697,0.9464308,0.1947417,0.2575739,0.1273815
3/20/2026 11:52:57.896,0.0599499,0.0123525,0.0187322,0.9979492,0.1194751,0.0270968,0.0391578,0.9365488,0.1929736,0.2926387,0.1281080
3/20/2026 11:52:57.916,0.0595824,0.0123946,0.0204948,0.9979361,0.1186892,0.0273762,0.0426953,0.9278402,0.1930129,0.3191530,0.1285171
3/20/2026 11:52:57.936,0.0592005,0.0124324,0.0215245,0.9979367,0.1178944,0.0275568,0.0447578,0.9220223,0.1936292,0.3352353,0.1285004
3/20/2026 11:52:57.956,0.0590996,0.0124412,0.0222324,0.9979270,0.1176724,0.0276534,0.0461788,0.9183087,0.1933155,0.3454538,0.1288027
3/20/2026 11:52:57.976,0.0590782,0.0123255,0.0234487,0.9979019,0.1176013,0.0275637,0.0486101,0.9124668,0.1903678,0.3621665,0.1295783
3/20/2026 11:52:57.996,0.0590477,0.0122092,0.0248690,0.9978706,0.1175070,0.0274964,0.0514513,0.9053073,0.1871892,0.3812860,0.1305414
3/20/2026 11:52:58.016,0.0590180,0.0122223,0.0260161,0.9978431,0.1174150,0.0276565,0.0537585,0.8990394,0.1861855,0.3963118,0.1313831
3/20/2026 11:52:58.036,0.0588329,0.0122928,0.0268011,0.9978324,0.1170188,0.0278802,0.0553390,0.8940053,0.1867979,0.4072604,0.1317095
3/20/2026 11:52:58.056,0.0584454,0.0124335,0.0276914,0.9978290,0.1162097,0.0282441,0.0571322,0.8874459,0.1887928,0.4204723,0.1318109
3/20/2026 11:52:58.076,0.0578820,0.0126736,0.0290650,0.9978197,0.1150284,0.0288513,0.0599018,0.8770282,0.1920308,0.4403927,0.1320930
3/20/2026 11:52:58.096,0.0571366,0.0129013,0.0309842,0.9978021,0.1134660,0.0294805,0.0637594,0.8622435,0.1946929,0.4675798,0.1326266
3/20/2026 11:52:58.116,0.0566368,0.0130717,0.0327625,0.9977716,0.1124012,0.0299899,0.0673351,0.8488330,0.1959090,0.4910216,0.1335427
3/20/2026 11:52:58.136,0.0562830,0.0132463,0.0347139,0.9977233,0.1116217,0.0305346,0.0712643,0.8345510,0.1964125,0.5147298,0.1349822
3/20/2026 11:52:58.156,0.0558061,0.0133983,0.0371063,0.9976619,0.1105822,0.0310703,0.0760720,0.8165639,0.1960467,0.5429448,0.1367925
3/20/2026 11:52:58.176,0.0550569,0.0136205,0.0396688,0.9976020,0.1089847,0.0317373,0.0812176,0.7954745,0.1967916,0.5731433,0.1385344
3/20/2026 11:52:58.196,0.0542047,0.0137758,0.0421340,0.9975454,0.1071876,0.0322423,0.0861550,0.7741004,0.1967328,0.6017182,0.1401594
3/20/2026 11:52:58.216,0.0533704,0.0138657,0.0445815,0.9974828,0.1054309,0.0326071,0.0910492,0.7526540,0.1955413,0.6287095,0.1419358
3/20/2026 11:52:58.236,0.0528418,0.0138319,0.0468666,0.9974067,0.1043019,0.0327289,0.0956163,0.7341931,0.1921837,0.6511727,0.1440683
3/20/2026 11:52:58.256,0.0525477,0.0137784,0.0489543,0.9973227,0.1036505,0.0328098,0.0997949,0.7185763,0.1884157,0.6694384,0.1463835
3/20/2026 11:52:58.276,0.0521634,0.0137528,0.0512214,0.9972293,0.1028099,0.0329532,0.1043329,0.7012200,0.1848761,0.6885575,0.1489161
3/20/2026 11:52:58.296,0.0515939,0.0137669,0.0533331,0.9971480,0.1015998,0.0331356,0.1085544,0.6836249,0.1824135,0.7066699,0.1510846
3/20/2026 11:52:58.316,0.0506772,0.0136663,0.0555278,0.9970766,0.0997055,0.0330507,0.1129155,0.6632390,0.1788576,0.7267214,0.1529652
3/20/2026 11:52:58.336,0.0498180,0.0136132,0.0574494,0.9970117,0.0979306,0.0330333,0.1167348,0.6448920,0.1762220,0.7436801,0.1546549
3/20/2026 11:52:58.356,0.0489696,0.0135291,0.0595164,0.9969337,0.0961767,0.0329624,0.1208438,0.6257997,0.1728929,0.7605805,0.1566619
3/20/2026 11:52:58.376,0.0480595,0.0134084,0.0619804,0.9968295,0.0942918,0.0328410,0.1257448,0.6040050,0.1685146,0.7789614,0.1593027
3/20/2026 11:52:58.396,0.0471740,0.0133204,0.0645673,0.9967088,0.0924489,0.0327907,0.1308971,0.5819182,0.1643146,0.7964748,0.1623097
3/20/2026 11:52:58.416,0.0462564,0.0133474,0.0671608,0.9965801,0.0905271,0.0329576,0.1360720,0.5597740,0.1615242,0.8127503,0.1654528
3/20/2026 11:52:58.436,0.0451468,0.0133043,0.0697295,0.9964550,0.0882326,0.0329444,0.1411817,0.5366479,0.1581440,0.8288543,0.1684537
3/20/2026 11:52:58.456,0.0439849,0.0131171,0.0723145,0.9963253,0.0858549,0.0326252,0.1463099,0.5135356,0.1531453,0.8442913,0.1715109
3/20/2026 11:52:58.476,0.0429455,0.0128004,0.0749734,0.9961782,0.0837412,0.0320603,0.1515822,0.4916754,0.1465495,0.8583581,0.1749109
3/20/2026 11:52:58.496,0.0414091,0.0124698,0.0783570,0.9959869,0.0806189,0.0314361,0.1582900,0.4626777,0.1393289,0.8755095,0.1792372
3/20/2026 11:52:58.516,0.0402491,0.0121688,0.0811006,0.9958186,0.0782677,0.0308637,0.1637321,0.4405888,0.1332067,0.8877711,0.1829602
3/20/2026 11:52:58.536,0.0390693,0.0118192,0.0835185,0.9956700,0.0758988,0.0301535,0.1685166,0.4202832,0.1271442,0.8984411,0.1861850
3/20/2026 11:52:58.556,0.0379779,0.0112879,0.0858347,0.9955214,0.0737446,0.0290775,0.1730889,0.4017232,0.1194018,0.9079437,0.1893564
3/20/2026 11:52:58.576,0.0374624,0.0107679,0.0879578,0.9953614,0.0727471,0.0281041,0.1773003,0.3893898,0.1119233,0.9142477,0.1927112
3/20/2026 11:52:58.596,0.0370950,0.0103770,0.0895051,0.9952412,0.0720417,0.0273701,0.1803700,0.3806894,0.1064948,0.9185501,0.1951933
3/20/2026 11:52:58.616,0.0369209,0.0096839,0.0904543,0.9951690,0.0717949,0.0260236,0.1822232,0.3760614,0.0986366,0.9213298,0.1966693
3/20/2026 11:52:58.636,0.0361773,0.0091045,0.0916628,0.9950911,0.0703884,0.0248159,0.1845854,0.3655619,0.0919991,0.9262294,0.1982500
3/20/2026 11:52:58.656,0.0352495,0.0089018,0.0926797,0.9950321,0.0685525,0.0243085,0.1865826,0.3540691,0.0894153,0.9309350,0.1994402
3/20/2026 11:52:58.676,0.0341463,0.0089126,0.0937134,0.9949737,0.0663276,0.0241911,0.1886222,0.3409930,0.0890035,0.9358430,0.2006090
3/20/2026 11:52:58.696,0.0330693,0.0092640,0.0946792,0.9949154,0.0640919,0.0247490,0.1905481,0.3283445,0.0919820,0.9400687,0.2017711
3/20/2026 11:52:58.716,0.0320159,0.0096685,0.0955923,0.9948587,0.0618937,0.0254100,0.1923710,0.3161325,0.0954692,0.9438993,0.2028937
3/20/2026 11:52:58.736,0.0311329,0.0098218,0.0965356,0.9947941,0.0600814,0.0256013,0.1942452,0.3055055,0.0963814,0.9472999,0.2041657
3/20/2026 11:52:58.756,0.0304817,0.0096606,0.0974122,0.9947303,0.0587940,0.0252041,0.1959752,0.2973072,0.0942255,0.9501210,0.2054136
3/20/2026 11:52:58.776,0.0297362,0.0091617,0.0980714,0.9946930,0.0573913,0.0241008,0.1972458,0.2890120,0.0890448,0.9531752,0.2061401
3/20/2026 11:52:58.796,0.0289496,0.0087870,0.0983779,0.9946892,0.0558918,0.0232151,0.1978140,0.2812694,0.0853734,0.9558237,0.2062143
3/20/2026 11:52:58.816,0.0282823,0.0087035,0.0986436,0.9946829,0.0545738,0.0229303,0.1983212,0.2746215,0.0845112,0.9578313,0.2063359
3/20/2026 11:52:58.836,0.0278756,0.0085811,0.0988884,0.9946710,0.0537828,0.0226185,0.1987935,0.2703742,0.0832307,0.9591509,0.2065672
3/20/2026 11:52:58.856,0.0278098,0.0084789,0.0990163,0.9946611,0.0536694,0.0224086,0.1990433,0.2694844,0.0821626,0.9594933,0.2067591
3/20/2026 11:52:58.876,0.0277168,0.0084426,0.0989299,0.9946725,0.0534933,0.0223131,0.1988645,0.2688718,0.0818990,0.9596877,0.2065372
3/20/2026 11:52:58.896,0.0274454,0.0084219,0.0986561,0.9947075,0.0529633,0.0222030,0.1983035,0.2671133,0.0819667,0.9601728,0.2058584
3/20/2026 11:52:58.916,0.0271501,0.0083681,0.0984336,0.9947380,0.0523910,0.0220251,0.1978436,0.2650040,0.0816788,0.9607816,0.2052623
3/20/2026 11:52:58.936,0.0265958,0.0082574,0.0983583,0.9947614,0.0513110,0.0216903,0.1976686,0.2601696,0.0807765,0.9621782,0.2048057
3/20/2026 11:52:58.956,0.0260673,0.0083015,0.0983584,0.9947751,0.0502504,0.0216732,0.1976539,0.2553316,0.0813142,0.9634281,0.2045385
3/20/2026 11:52:58.976,0.0256269,0.0083886,0.0983849,0.9947830,0.0493558,0.0217605,0.1976977,0.2512113,0.0822306,0.9644330,0.2043820
3/20/2026 11:52:58.996,0.0254183,0.0083490,0.0985092,0.9947765,0.0489456,0.0216463,0.1979392,0.2490089,0.0817910,0.9650413,0.2045105
3/20/2026 11:52:59.016,0.0254111,0.0083020,0.0986870,0.9947594,0.0489367,0.0215600,0.1982944,0.2485344,0.0811982,0.9652137,0.2048442
3/20/2026 11:52:59.036,0.0255662,0.0083600,0.0988299,0.9947408,0.0492310,0.0217135,0.1985895,0.2496094,0.0816208,0.9649007,0.2052088
3/20/2026 11:52:59.056,0.0258004,0.0085158,0.0991354,0.9947031,0.0496594,0.0220858,0.1992191,0.2509983,0.0828456,0.9644358,0.2059442
3/20/2026 11:52:59.076,0.0259004,0.0086295,0.0996571,0.9946473,0.0498241,0.0223586,0.2002774,0.2506599,0.0835153,0.9644661,0.2070258
3/20/2026 11:52:59.096,0.0258967,0.0086789,0.1002802,0.9945843,0.0497928,0.0224875,0.2015333,0.2491669,0.0835052,0.9648538,0.2082428
3/20/2026 11:52:59.116,0.0261263,0.0087492,0.1008140,0.9945236,0.0502234,0.0227009,0.2026182,0.2499853,0.0837152,0.9646237,0.2094060
3/20/2026 11:52:59.136,0.0265795,0.0089615,0.1013086,0.9944595,0.0510709,0.0232415,0.2036392,0.2528492,0.0852498,0.9637426,0.2106298
3/20/2026 11:52:59.156,0.0270836,0.0093921,0.1018461,0.9943871,0.0519735,0.0242305,0.2047599,0.2559806,0.0887693,0.9625975,0.2120032
3/20/2026 11:52:59.176,0.0278018,0.0098379,0.1020479,0.9943423,0.0533064,0.0252772,0.2052148,0.2617286,0.0926145,0.9606877,0.2128488
3/20/2026 11:52:59.196,0.0283656,0.0102506,0.1019494,0.9943324,0.0543464,0.0262104,0.2050594,0.2668015,0.0964152,0.9589166,0.2130350
3/20/2026 11:52:59.216,0.0288891,0.0105152,0.1016678,0.9943433,0.0553416,0.0268299,0.2045268,0.2719890,0.0989996,0.9571944,0.2128297
3/20/2026 11:52:59.236,0.0292576,0.0108075,0.1014568,0.9943509,0.0560210,0.0274763,0.2041326,0.2756439,0.1018208,0.9558520,0.2126860
3/20/2026 11:52:59.256,0.0292843,0.0108632,0.1011884,0.9943769,0.0560701,0.0275774,0.2035965,0.2765291,0.1025800,0.9555150,0.2121958
3/20/2026 11:52:59.276,0.0289456,0.0104413,0.1009112,0.9944195,0.0554893,0.0266522,0.2030024,0.2743696,0.0989714,0.9565176,0.2113905
3/20/2026 11:52:59.296,0.0289373,0.0101607,0.1007644,0.9944376,0.0555336,0.0260833,0.2026912,0.2747343,0.0964671,0.9566688,0.2110467
3/20/2026 11:52:59.316,0.0295820,0.0108534,0.0993436,0.9945542,0.0567157,0.0275138,0.1998952,0.2838383,0.1041379,0.9532004,0.2088201
3/20/2026 11:52:59.336,0.0305448,0.0116752,0.0982365,0.9946257,0.0585009,0.0292804,0.1977529,0.2950165,0.1127643,0.9488147,0.2074441
3/20/2026 11:52:59.356,0.0322772,0.0123490,0.0975472,0.9946308,0.0618379,0.0309266,0.1964788,0.3118930,0.1193282,0.9425941,0.2073462
3/20/2026 11:52:59.376,0.0329814,0.0129613,0.0974000,0.9946142,0.0631247,0.0322776,0.1962515,0.3182118,0.1250531,0.9397356,0.2076651
3/20/2026 11:52:59.396,0.0332871,0.0135915,0.0971731,0.9946178,0.0636174,0.0335802,0.1958484,0.3212682,0.1311774,0.9378588,0.2075972
3/20/2026 11:52:59.416,0.0328650,0.0138482,0.0974337,0.9946029,0.0627178,0.0340248,0.1963691,0.3167542,0.1334699,0.9390701,0.2078835
3/20/2026 11:52:59.436,0.0325778,0.0140406,0.0979251,0.9945614,0.0620913,0.0343819,0.1973564,0.3127890,0.1348083,0.9402073,0.2086828
3/20/2026 11:52:59.456,0.0325874,0.0141258,0.0985921,0.9944940,0.0620705,0.0345953,0.1987042,0.3109654,0.1347956,0.9408138,0.2099722
3/20/2026 11:52:59.476,0.0322907,0.0138662,0.0998497,0.9943818,0.0614882,0.0340960,0.2012055,0.3050511,0.1309941,0.9432839,0.2121034
3/20/2026 11:52:59.496,0.0321732,0.0131277,0.1005791,0.9943221,0.0613787,0.0326455,0.2026234,0.3023440,0.1233665,0.9451818,0.2132278
3/20/2026 11:52:59.516,0.0313510,0.0117978,0.1006836,0.9943545,0.0600084,0.0298335,0.2027181,0.2954587,0.1111847,0.9488636,0.2126186
3/20/2026 11:52:59.536,0.0308730,0.0105330,0.1008620,0.9943656,0.0593082,0.0272263,0.2029831,0.2912393,0.0993623,0.9514762,0.2124084
3/20/2026 11:52:59.556,0.0306379,0.0096134,0.1013944,0.9943280,0.0590129,0.0253777,0.2039921,0.2880648,0.0903879,0.9533356,0.2131168
3/20/2026 11:52:59.576,0.0294094,0.0089440,0.1021792,0.9942911,0.0566857,0.0238364,0.2054885,0.2756201,0.0838213,0.9576051,0.2138106
3/20/2026 11:52:59.596,0.0282858,0.0089225,0.1028220,0.9942575,0.0544388,0.0235964,0.2067416,0.2643181,0.0833762,0.9608247,0.2144387
3/20/2026 11:52:59.616,0.0272605,0.0089168,0.1031403,0.9942532,0.0523923,0.0233887,0.2073462,0.2546425,0.0832928,0.9634415,0.2145189
3/20/2026 11:52:59.636,0.0261356,0.0091431,0.1033235,0.9942625,0.0501029,0.0236140,0.2076878,0.2443286,0.0854743,0.9659181,0.2143462
3/20/2026 11:52:59.656,0.0246071,0.0090269,0.1034895,0.9942853,0.0470820,0.0230714,0.2079650,0.2304964,0.0845555,0.9693924,0.2139190
3/20/2026 11:52:59.676,0.0225811,0.0084203,0.1037728,0.9943091,0.0431710,0.0214530,0.2084438,0.2119603,0.0790381,0.9740769,0.2134730
3/20/2026 11:52:59.696,0.0208925,0.0078619,0.1039171,0.9943354,0.0399250,0.0199942,0.2086614,0.1965657,0.0739681,0.9776966,0.2129778
3/20/2026 11:52:59.716,0.0187428,0.0071663,0.1040554,0.9943691,0.0357909,0.0181650,0.2088554,0.1768651,0.0676238,0.9819092,0.2123432
3/20/2026 11:52:59.736,0.0163593,0.0066590,0.1043170,0.9943874,0.0311506,0.0166652,0.2093066,0.1546219,0.0629386,0.9859669,0.2119975
3/20/2026 11:52:59.756,0.0137125,0.0062826,0.1047799,0.9943810,0.0259572,0.0153739,0.2101687,0.1295340,0.0593479,0.9897974,0.2121181
3/20/2026 11:52:59.776,0.0113111,0.0059588,0.1052967,0.9943586,0.0212413,0.0142361,0.2111531,0.1066382,0.0561778,0.9927096,0.2125411
3/20/2026 11:52:59.796,0.0095772,0.0054483,0.1056027,0.9943473,0.0178964,0.0128602,0.2117279,0.0902015,0.0513140,0.9946007,0.2127534
3/20/2026 11:52:59.816,0.0083476,0.0049650,0.1058417,0.9943357,0.0155503,0.0116425,0.2121812,0.0785390,0.0467133,0.9958160,0.2129733
3/20/2026 11:52:59.836,0.0070487,0.0047795,0.1061466,0.9943141,0.0130030,0.0110022,0.2127731,0.0661930,0.0448831,0.9967968,0.2133790
3/20/2026 11:52:59.856,0.0055054,0.0048451,0.1065320,0.9942823,0.0099158,0.0108085,0.2135285,0.0515566,0.0453725,0.9976389,0.2139748
3/20/2026 11:52:59.876,0.0036102,0.0049726,0.1072172,0.9942166,0.0061125,0.0106623,0.2148841,0.0336171,0.0463028,0.9983617,0.2152015
3/20/2026 11:52:59.896,0.0019642,0.0047807,0.1079862,0.9941390,0.0028730,0.0099298,0.2164114,0.0181690,0.0442209,0.9988565,0.2166420
3/20/2026 11:52:59.916,0.0000791,0.0046711,0.1086043,0.9940742,-0.0008574,0.0093041,0.2176362,0.0007272,0.0429703,0.9990761,0.2178373
3/20/2026 11:52:59.936,-0.0026528,0.0056037,0.1091332,0.9940078,-0.0064970,0.0105617,0.2186719,-0.0242690,0.0512649,0.9983901,0.2190556
3/20/2026 11:52:59.956,-0.0062005,0.0065189,0.1096194,0.9939330,-0.0137555,0.0116006,0.2196094,-0.0563747,0.0592689,0.9966490,0.2204211
3/20/2026 11:52:59.976,-0.0098662,0.0072748,0.1102229,0.9938313,-0.0212159,0.0122879,0.2207808,-0.0889628,0.0655963,0.9938726,0.2222614
3/20/2026 11:52:59.996,-0.0135449,0.0080317,0.1108003,0.9937180,-0.0287034,0.0129667,0.2218981,-0.1210297,0.0717670,0.9900512,0.2242966
3/20/2026 11:53:0.016,-0.0170416,0.0086152,0.1113886,0.9935935,-0.0357918,0.0133324,0.2230427,-0.1507927,0.0762315,0.9856218,0.2265109
3/20/2026 11:53:0.036,-0.0200246,0.0092672,0.1119881,0.9934646,-0.0418754,0.0139409,0.2242099,-0.1754373,0.0811907,0.9811370,0.2287801
3/20/2026 11:53:0.056,-0.0224803,0.0100419,0.1124185,0.9933559,-0.0469370,0.0149130,0.2250319,-0.1953399,0.0872581,0.9768461,0.2306762
3/20/2026 11:53:0.076,-0.0246627,0.0106889,0.1125903,0.9932779,-0.0514234,0.0157020,0.2253371,-0.2130605,0.0923414,0.9726655,0.2320282
3/20/2026 11:53:0.096,-0.0265612,0.0111407,0.1125361,0.9932301,-0.0552984,0.0161779,0.2251967,-0.2286531,0.0959055,0.9687723,0.2328527
3/20/2026 11:53:0.116,-0.0282341,0.0114252,0.1121282,0.9932268,-0.0586816,0.0163928,0.2243527,-0.2429965,0.0983305,0.9650305,0.2329091
3/20/2026 11:53:0.136,-0.0302516,0.0114373,0.1115334,0.9932343,-0.0626861,0.0160038,0.2231476,-0.2605023,0.0984888,0.9604366,0.2327798
3/20/2026 11:53:0.156,-0.0318141,0.0114412,0.1111755,0.9932256,-0.0657885,0.0156881,0.2224233,-0.2737812,0.0984593,0.9567391,0.2329307
3/20/2026 11:53:0.176,-0.0333063,0.0115248,0.1108469,0.9932125,-0.0687696,0.0155468,0.2217542,-0.2863457,0.0990830,0.9529894,0.2331563
3/20/2026 11:53:0.196,-0.0349309,0.0117470,0.1104632,0.9931967,-0.0720441,0.0156583,0.2209649,-0.2999685,0.1008773,0.9486004,0.2334267
3/20/2026 11:53:0.216,-0.0366747,0.0117361,0.1101072,0.9931735,-0.0755049,0.0152798,0.2202492,-0.3144097,0.1006126,0.9439405,0.2338256
3/20/2026 11:53:0.236,-0.0384024,0.0116277,0.1099378,0.9931283,-0.0789155,0.0146981,0.2199190,-0.3281383,0.0993558,0.9393901,0.2345990
3/20/2026 11:53:0.256,-0.0397805,0.0115291,0.1097061,0.9931008,-0.0816324,0.0142185,0.2194637,-0.3392391,0.0983172,0.9355483,0.2350681
3/20/2026 11:53:0.276,-0.0408339,0.0113544,0.1093476,0.9930997,-0.0836850,0.0136703,0.2187590,-0.3481914,0.0968195,0.9324102,0.2350874
3/20/2026 11:53:0.296,-0.0420004,0.0112809,0.1090505,0.9930845,-0.0859861,0.0132950,0.2181714,-0.3577473,0.0960878,0.9288617,0.2353465
3/20/2026 11:53:0.316,-0.0432515,0.0112969,0.1086950,0.9930696,-0.0884747,0.0130863,0.2174599,-0.3680091,0.0961204,0.9248406,0.2356002
3/20/2026 11:53:0.336,-0.0445099,0.0113589,0.1082004,0.9930672,-0.0909863,0.0129825,0.2164643,-0.3786539,0.0966325,0.9204800,0.2356407
3/20/2026 11:53:0.356,-0.0456221,0.0112338,0.1076039,0.9930830,-0.0931655,0.0125486,0.2152796,-0.3885562,0.0956761,0.9164442,0.2353719
3/20/2026 11:53:0.376,-0.0466357,0.0108898,0.1070754,0.9930969,-0.0951029,0.0116952,0.2142530,-0.3975863,0.0928392,0.9128560,0.2351352
3/20/2026 11:53:0.396,-0.0478102,0.0104631,0.1065805,0.9930989,-0.0973445,0.0106411,0.2133056,-0.4076571,0.0892144,0.9087664,0.2351006
3/20/2026 11:53:0.416,-0.0489839,0.0102296,0.1061124,0.9930943,-0.0996270,0.0099720,0.2123956,-0.4175251,0.0871945,0.9044722,0.2351799
3/20/2026 11:53:0.436,-0.0502486,0.0102112,0.1056711,0.9930784,-0.1021372,0.0097122,0.2115211,-0.4278131,0.0869376,0.8996765,0.2354510
3/20/2026 11:53:0.456,-0.0515798,0.0101824,0.1051327,0.9930676,-0.1047771,0.0094301,0.2104530,-0.4388057,0.0866250,0.8943968,0.2356347
3/20/2026 11:53:0.476,-0.0528575,0.0097011,0.1044912,0.9930728,-0.1072154,0.0082690,0.2092250,-0.4498483,0.0825617,0.8892806,0.2355454
3/20/2026 11:53:0.496,-0.0539890,0.0094365,0.1038423,0.9930827,-0.1094090,0.0075751,0.2079591,-0.4598001,0.0803663,0.8843784,0.2353769
3/20/2026 11:53:0.516,-0.0553086,0.0091491,0.1033363,0.9930654,-0.1119747,0.0067831,0.2069894,-0.4704575,0.0778227,0.8789843,0.2356722
3/20/2026 11:53:0.536,-0.0567601,0.0088626,0.1028366,0.9930380,-0.1148047,0.0059671,0.2060367,-0.4818555,0.0752377,0.8730146,0.2361372
3/20/2026 11:53:0.556,-0.0582926,0.0085241,0.1021661,0.9930214,-0.1177855,0.0050532,0.2047488,-0.4942786,0.0722782,0.8662936,0.2364183
3/20/2026 11:53:0.576,-0.0598075,0.0082037,0.1013233,0.9930203,-0.1207356,0.0042037,0.2031131,-0.5070862,0.0695561,0.8590840,0.2364375
3/20/2026 11:53:0.596,-0.0612557,0.0078051,0.1005203,0.9930170,-0.1235390,0.0032107,0.2015685,-0.5192373,0.0661600,0.8520654,0.2364941
3/20/2026 11:53:0.616,-0.0626102,0.0074806,0.0997370,0.9930139,-0.1261723,0.0023866,0.2000552,-0.5306052,0.0633963,0.8452449,0.2365457
3/20/2026 11:53:0.636,-0.0638552,0.0071674,0.0990539,0.9930053,-0.1285912,0.0015976,0.1987428,-0.5408248,0.0607049,0.8389419,0.2366911
3/20/2026 11:53:0.656,-0.0650502,0.0068374,0.0981668,0.9930183,-0.1309080,0.0008148,0.1970204,-0.5514511,0.0579628,0.8321911,0.2364719
3/20/2026 11:53:0.676,-0.0659859,0.0066899,0.0973861,0.9930344,-0.1327450,0.0004383,0.1954842,-0.5600287,0.0567781,0.8265253,0.2361989
3/20/2026 11:53:0.696,-0.0668904,0.0066731,0.0967920,0.9930320,-0.1345460,0.0003071,0.1943080,-0.5676111,0.0566262,0.8213471,0.2362393
3/20/2026 11:53:0.716,-0.0678642,0.0067796,0.0962384,0.9930190,-0.1365094,0.0004061,0.1931989,-0.5753404,0.0574763,0.8158920,0.2364588
3/20/2026 11:53:0.736,-0.0689051,0.0067319,0.0956204,0.9930073,-0.1385770,0.0001940,0.1919822,-0.5836797,0.0570242,0.8099791,0.2366578
3/20/2026 11:53:0.756,-0.0698871,0.0064959,0.0950475,0.9929954,-0.1404916,-0.0003883,0.1908820,-0.5914901,0.0549779,0.8044357,0.2368596
3/20/2026 11:53:0.776,-0.0706841,0.0062971,0.0943506,0.9930067,-0.1420451,-0.0008406,0.1895213,-0.5987186,0.0533383,0.7991815,0.2366679
3/20/2026 11:53:0.796,-0.0715693,0.0060255,0.0934560,0.9930296,-0.1437618,-0.0014248,0.1877739,-0.6072071,0.0511215,0.7928973,0.2362798
3/20/2026 11:53:0.816,-0.0724021,0.0058214,0.0925513,0.9930550,-0.1453878,-0.0018595,0.1859958,-0.6153988,0.0494805,0.7866612,0.2358475
3/20/2026 11:53:0.836,-0.0731356,0.0056643,0.0917557,0.9930761,-0.1468249,-0.0021946,0.1844292,-0.6225717,0.0482180,0.7810759,0.2354896
3/20/2026 11:53:0.856,-0.0738621,0.0052173,0.0909806,0.9930962,-0.1481956,-0.0031115,0.1829474,-0.6296626,0.0444769,0.7755946,0.2351474
3/20/2026 11:53:0.876,-0.0746165,0.0046837,0.0902259,0.9931113,-0.1496076,-0.0042088,0.1815217,-0.6367887,0.0399714,0.7700017,0.2348901
3/20/2026 11:53:0.896,-0.0754521,0.0040213,0.0894165,0.9931241,-0.1511606,-0.0055696,0.1800088,-0.6445248,0.0343503,0.7638113,0.2346703
3/20/2026 11:53:0.916,-0.0765493,0.0032976,0.0884637,0.9931282,-0.1532290,-0.0070768,0.1782263,-0.6540885,0.0281768,0.7558930,0.2346010
3/20/2026 11:53:0.936,-0.0780372,0.0026690,0.0872631,0.9931206,-0.1560996,-0.0084208,0.1759438,-0.6664304,0.0227927,0.7452188,0.2347314
3/20/2026 11:53:0.956,-0.0794235,0.0020696,0.0862220,0.9931029,-0.1587746,-0.0097076,0.1739799,-0.6774094,0.0176521,0.7353944,0.2350325
3/20/2026 11:53:0.976,-0.0807702,0.0015227,0.0855512,0.9930534,-0.1613782,-0.0109381,0.1727597,-0.6864394,0.0129409,0.7270718,0.2358749
3/20/2026 11:53:0.996,-0.0818134,0.0011322,0.0850307,0.9930131,-0.1634022,-0.0118225,0.1718098,-0.6933104,0.0095946,0.7205752,0.2365588
3/20/2026 11:53:1.016,-0.0827241,0.0007456,0.0844750,0.9929855,-0.1651635,-0.0126683,0.1707837,-0.6996499,0.0063057,0.7144580,0.2370261
3/20/2026 11:53:1.036,-0.0834527,0.0004348,0.0839455,0.9929696,-0.1665742,-0.0133324,0.1697921,-0.7050171,0.0036733,0.7091808,0.2372951
3/20/2026 11:53:1.056,-0.0841255,0.0004328,0.0835978,0.9929422,-0.1679240,-0.0133947,0.1691157,-0.7093233,0.0036496,0.7048738,0.2377589
3/20/2026 11:53:1.076,-0.0845593,0.0007467,0.0832391,0.9929352,-0.1688494,-0.0127765,0.1683532,-0.7126343,0.0062926,0.7015075,0.2378755
3/20/2026 11:53:1.096,-0.0850354,0.0009186,0.0830439,0.9929108,-0.1698329,-0.0124790,0.1679480,-0.7154133,0.0077285,0.6986589,0.2382870
3/20/2026 11:53:1.116,-0.0855408,0.0009743,0.0829409,0.9928760,-0.1708546,-0.0124363,0.1677506,-0.7179090,0.0081771,0.6960890,0.2388720
3/20/2026 11:53:1.136,-0.0860535,0.0008901,0.0828392,0.9928403,-0.1718670,-0.0126768,0.1675800,-0.7204137,0.0074516,0.6935045,0.2394706
3/20/2026 11:53:1.156,-0.0865971,0.0006953,0.0825942,0.9928135,-0.1729249,-0.0131203,0.1671396,-0.7236216,0.0058098,0.6901724,0.2399183
3/20/2026 11:53:1.176,-0.0873092,0.0005958,0.0821688,0.9927866,-0.1743384,-0.0133683,0.1663240,-0.7282100,0.0049690,0.6853362,0.2403681
3/20/2026 11:53:1.196,-0.0878677,0.0004140,0.0818326,0.9927651,-0.1754302,-0.0137706,0.1656976,-0.7317871,0.0034481,0.6815245,0.2407268
3/20/2026 11:53:1.216,-0.0883445,0.0003146,0.0816384,0.9927388,-0.1763703,-0.0140180,0.1653419,-0.7344292,0.0026150,0.6786801,0.2411632
3/20/2026 11:53:1.236,-0.0888915,0.0001337,0.0814484,0.9927057,-0.1774375,-0.0144419,0.1650124,-0.7372999,0.0011093,0.6755646,0.2417136
3/20/2026 11:53:1.256,-0.0894420,-0.0004002,0.0813450,0.9926647,-0.1784524,-0.0155942,0.1649226,-0.7397957,-0.0033105,0.6728235,0.2423929
3/20/2026 11:53:1.276,-0.0899762,-0.0005055,0.0811875,0.9926292,-0.1795065,-0.0158691,0.1646462,-0.7424301,-0.0041713,0.6699106,0.2429799
3/20/2026 11:53:1.296,-0.0904461,-0.0004308,0.0809379,0.9926069,-0.1804631,-0.0157527,0.1641475,-0.7451856,-0.0035493,0.6668478,0.2433465
3/20/2026 11:53:1.316,-0.0910296,-0.0003176,0.0806930,0.9925735,-0.1816532,-0.0155783,0.1636564,-0.7483129,-0.0026107,0.6633409,0.2438969
3/20/2026 11:53:1.336,-0.0916979,-0.0005614,0.0803484,0.9925398,-0.1829564,-0.0161197,0.1630319,-0.7521101,-0.0046046,0.6590213,0.2444499
3/20/2026 11:53:1.356,-0.0923806,-0.0010392,0.0798874,0.9925134,-0.1842526,-0.0171135,0.1622157,-0.7563733,-0.0085088,0.6540849,0.2448837
3/20/2026 11:53:1.376,-0.0930357,-0.0014834,0.0793616,0.9924937,-0.1855013,-0.0180216,0.1612612,-0.7607473,-0.0121296,0.6489348,0.2452046
3/20/2026 11:53:1.396,-0.0937952,-0.0019692,0.0788321,0.9924637,-0.1869532,-0.0190295,0.1603135,-0.7654284,-0.0160697,0.6433203,0.2456954
3/20/2026 11:53:1.416,-0.0945976,-0.0025208,0.0782220,0.9924345,-0.1884834,-0.0201610,0.1592179,-0.7704945,-0.0205315,0.6371157,0.2461716
3/20/2026 11:53:1.436,-0.0954612,-0.0029097,0.0775650,0.9924024,-0.1901645,-0.0209635,0.1580008,-0.7758858,-0.0236496,0.6304300,0.2466944
3/20/2026 11:53:1.456,-0.0963527,-0.0032278,0.0769365,0.9923642,-0.1919131,-0.0216311,0.1568304,-0.7811772,-0.0261692,0.6237607,0.2473137
3/20/2026 11:53:1.476,-0.0971444,-0.0036585,0.0764546,0.9923228,-0.1934420,-0.0225372,0.1559761,-0.7854757,-0.0295810,0.6181851,0.2479845
3/20/2026 11:53:1.496,-0.0979744,-0.0042313,0.0760077,0.9922732,-0.1950254,-0.0237432,0.1552242,-0.7896527,-0.0341036,0.6126056,0.2487862
3/20/2026 11:53:1.516,-0.0985149,-0.0048431,0.0755462,0.9922521,-0.1960244,-0.0249769,0.1544362,-0.7929325,-0.0389813,0.6080611,0.2491251
3/20/2026 11:53:1.536,-0.0991009,-0.0054340,0.0750014,0.9922320,-0.1971211,-0.0261585,0.1534779,-0.7966217,-0.0436811,0.6028978,0.2494482
3/20/2026 11:53:1.556,-0.0998781,-0.0058286,0.0744927,0.9921902,-0.1986314,-0.0269802,0.1525665,-0.8007239,-0.0467278,0.5972083,0.2501191
3/20/2026 11:53:1.576,-0.1007107,-0.0061756,0.0740093,0.9921401,-0.2002599,-0.0277187,0.1517016,-0.8048319,-0.0493527,0.5914474,0.2509215
3/20/2026 11:53:1.596,-0.1014347,-0.0066530,0.0734184,0.9921072,-0.2016553,-0.0286804,0.1506388,-0.8089312,-0.0530573,0.5855042,0.2514478
3/20/2026 11:53:1.616,-0.1021184,-0.0071270,0.0727382,0.9920838,-0.2029739,-0.0296090,0.1493919,-0.8131877,-0.0567536,0.5792276,0.2518193
3/20/2026 11:53:1.636,-0.1027609,-0.0074534,0.0721933,0.9920548,-0.2042294,-0.0302591,0.1483892,-0.8168180,-0.0592454,0.5738452,0.2522812
3/20/2026 11:53:1.656,-0.1034780,-0.0079303,0.0716316,0.9920174,-0.2056136,-0.0312212,0.1473885,-0.8205908,-0.0628880,0.5680456,0.2528755
3/20/2026 11:53:1.676,-0.1042060,-0.0082636,0.0711485,0.9919732,-0.2070392,-0.0319096,0.1465201,-0.8240966,-0.0653517,0.5626668,0.2535751
3/20/2026 11:53:1.696,-0.1049442,-0.0086098,0.0706753,0.9919263,-0.2084838,-0.0326267,0.1456759,-0.8275282,-0.0678921,0.5573040,0.2543169
3/20/2026 11:53:1.716,-0.1057053,-0.0090107,0.0702099,0.9918749,-0.2099670,-0.0334590,0.1448618,-0.8309037,-0.0708292,0.5518897,0.2551250
3/20/2026 11:53:1.736,-0.1064298,-0.0093342,0.0698222,0.9918218,-0.2113860,-0.0341445,0.1441882,-0.8338892,-0.0731343,0.5470651,0.2559585
3/20/2026 11:53:1.756,-0.1072267,-0.0096127,0.0690877,0.9917847,-0.2129697,-0.0346737,0.1428035,-0.8382440,-0.0751472,0.5400926,0.2565398
3/20/2026 11:53:1.776,-0.1080656,-0.0099268,0.0679709,0.9917678,-0.2146468,-0.0351956,0.1406502,-0.8439338,-0.0775230,0.5308164,0.2568043
3/20/2026 11:53:1.796,-0.1089916,-0.0102513,0.0666351,0.9917538,-0.2165070,-0.0356997,0.1380585,-0.8504466,-0.0799893,0.5199445,0.2570221
3/20/2026 11:53:1.816,-0.1097404,-0.0106084,0.0653509,0.9917530,-0.2180070,-0.0362508,0.1355677,-0.8562442,-0.0827713,0.5098968,0.2570351
3/20/2026 11:53:1.836,-0.1104182,-0.0110218,0.0641165,0.9917537,-0.2193568,-0.0369139,0.1331868,-0.8615756,-0.0860018,0.5002911,0.2570239
3/20/2026 11:53:1.856,-0.1110956,-0.0114281,0.0627564,0.9917606,-0.2207138,-0.0375307,0.1305479,-0.8672151,-0.0892077,0.4898775,0.2569169
3/20/2026 11:53:1.876,-0.1117635,-0.0116725,0.0614462,0.9917647,-0.2220725,-0.0378253,0.1279743,-0.8726475,-0.0911388,0.4797709,0.2568527
3/20/2026 11:53:1.896,-0.1122529,-0.0119944,0.0603643,0.9917721,-0.2230556,-0.0383015,0.1258720,-0.8768573,-0.0936933,0.4715322,0.2567373
3/20/2026 11:53:1.916,-0.1126764,-0.0122741,0.0594226,0.9917775,-0.2239073,-0.0387132,0.1240422,-0.8804544,-0.0959099,0.4643289,0.2566525
3/20/2026 11:53:1.936,-0.1132315,-0.0122836,0.0587539,0.9917539,-0.2250469,-0.0386544,0.1227170,-0.8835354,-0.0958482,0.4584518,0.2570202
3/20/2026 11:53:1.956,-0.1139903,-0.0121586,0.0581923,0.9917017,-0.2266081,-0.0383723,0.1215930,-0.8866624,-0.0945745,0.4526429,0.2578347
3/20/2026 11:53:1.976,-0.1147092,-0.0120956,0.0575867,0.9916549,-0.2280833,-0.0381992,0.1203901,-0.8897607,-0.0938217,0.4466803,0.2585616
3/20/2026 11:53:1.996,-0.1153104,-0.0120228,0.0568895,0.9916263,-0.2293264,-0.0379671,0.1189893,-0.8929018,-0.0930984,0.4405215,0.2590050
3/20/2026 11:53:2.016,-0.1158582,-0.0118644,0.0561364,0.9916072,-0.2304746,-0.0375385,0.1174500,-0.8961306,-0.0917676,0.4341990,0.2592993
3/20/2026 11:53:2.036,-0.1166430,-0.0116784,0.0552289,0.9915685,-0.2321076,-0.0370456,0.1156033,-0.9001293,-0.0901215,0.4261988,0.2598980
3/20/2026 11:53:2.056,-0.1175047,-0.0113849,0.0544168,0.9915150,-0.2339033,-0.0363631,0.1139299,-0.9039314,-0.0875813,0.4186138,0.2607228
3/20/2026 11:53:2.076,-0.1207797,-0.0103693,0.0531313,0.9912022,-0.2406484,-0.0343881,0.1112640,-0.9125345,-0.0783439,0.4014261,0.2654912
3/20/2026 11:53:2.096,-0.1247000,-0.0092115,0.0519604,0.9907902,-0.2487017,-0.0322085,0.1088202,-0.9209329,-0.0680283,0.3837375,0.2716466
3/20/2026 11:53:2.116,-0.1273163,-0.0084475,0.0509462,0.9905169,-0.2540821,-0.0306976,0.1067020,-0.9266706,-0.0614851,0.3708115,0.2756538
3/20/2026 11:53:2.136,-0.1292405,-0.0080809,0.0502080,0.9903083,-0.2580178,-0.0299797,0.1052053,-0.9305526,-0.0581837,0.3615059,0.2786733
3/20/2026 11:53:2.156,-0.1303836,-0.0079772,0.0493736,0.9902014,-0.2603556,-0.0296774,0.1035312,-0.9336659,-0.0571239,0.3535601,0.2802098
3/20/2026 11:53:2.176,-0.1307617,-0.0082957,0.0485409,0.9901901,-0.2611095,-0.0301496,0.1019281,-0.9358363,-0.0593706,0.3473981,0.2803702
3/20/2026 11:53:2.196,-0.1306372,-0.0086952,0.0477825,0.9902400,-0.2608413,-0.0307499,0.1004695,-0.9373204,-0.0623880,0.3428386,0.2796552
3/20/2026 11:53:2.216,-0.1305416,-0.0088787,0.0472028,0.9902788,-0.2606482,-0.0309590,0.0993220,-0.9384916,-0.0638307,0.3393510,0.2790987
3/20/2026 11:53:2.236,-0.1305619,-0.0089183,0.0467987,0.9902950,-0.2606979,-0.0309338,0.0985036,-0.9394143,-0.0641687,0.3367243,0.2788655
3/20/2026 11:53:2.256,-0.1307980,-0.0089098,0.0466651,0.9902701,-0.2611784,-0.0309066,0.0982407,-0.9399200,-0.0640265,0.3353372,0.2792229
3/20/2026 11:53:2.276,-0.1310028,-0.0089730,0.0465383,0.9902485,-0.2615886,-0.0310246,0.0980094,-0.9403499,-0.0644090,0.3340563,0.2795337
3/20/2026 11:53:2.296,-0.1311129,-0.0088605,0.0462692,0.9902475,-0.2618299,-0.0307332,0.0974326,-0.9410946,-0.0635982,0.3321087,0.2795483
3/20/2026 11:53:2.316,-0.1311550,-0.0086776,0.0460779,0.9902525,-0.2619385,-0.0303111,0.0969925,-0.9416355,-0.0623013,0.3308189,0.2794764
3/20/2026 11:53:2.336,-0.1308790,-0.0086444,0.0461117,0.9902877,-0.2613849,-0.0302221,0.0970372,-0.9413483,-0.0621752,0.3316590,0.2789701
3/20/2026 11:53:2.356,-0.1305754,-0.0086745,0.0462739,0.9903200,-0.2607654,-0.0302942,0.0973608,-0.9407203,-0.0624949,0.3333763,0.2785050
3/20/2026 11:53:2.376,-0.1302687,-0.0087164,0.0461790,0.9903644,-0.2601464,-0.0303209,0.0971593,-0.9406624,-0.0629407,0.3334555,0.2778645
3/20/2026 11:53:2.396,-0.1298021,-0.0085862,0.0459832,0.9904360,-0.2592251,-0.0299507,0.0966955,-0.9407737,-0.0622309,0.3332751,0.2768287
3/20/2026 11:53:2.416,-0.1293320,-0.0084028,0.0461198,0.9904926,-0.2582922,-0.0295601,0.0969004,-0.9401450,-0.0610821,0.3352555,0.2760076
3/20/2026 11:53:2.436,-0.1292109,-0.0082894,0.0462477,0.9905034,-0.2580555,-0.0293486,0.0971260,-0.9397960,-0.0602915,0.3363754,0.2758498
3/20/2026 11:53:2.456,-0.1290620,-0.0082778,0.0461635,0.9905268,-0.2577594,-0.0292862,0.0969416,-0.9398680,-0.0602811,0.3361760,0.2755097
3/20/2026 11:53:2.476,-0.1285495,-0.0083774,0.0457292,0.9906129,-0.2567302,-0.0293194,0.0960475,-0.9403912,-0.0612840,0.3345273,0.2742533
3/20/2026 11:53:2.496,-0.1286846,-0.0082793,0.0453516,0.9906135,-0.2570229,-0.0290329,0.0952541,-0.9414115,-0.0605685,0.3317766,0.2742446
3/20/2026 11:53:2.516,-0.1290081,-0.0082076,0.0449971,0.9905882,-0.2576918,-0.0288264,0.0945253,-0.9425142,-0.0599638,0.3287421,0.2746141
3/20/2026 11:53:2.536,-0.1289597,-0.0081979,0.0445657,0.9906141,-0.2576077,-0.0286866,0.0936343,-0.9434528,-0.0599744,0.3260366,0.2742350
3/20/2026 11:53:2.556,-0.1286996,-0.0080665,0.0441551,0.9906674,-0.2571079,-0.0282811,0.0927425,-0.9442214,-0.0591807,0.3239500,0.2734542
3/20/2026 11:53:2.576,-0.1285860,-0.0077017,0.0439368,0.9906947,-0.2569193,-0.0274642,0.0921919,-0.9447674,-0.0565872,0.3228196,0.2730533
3/20/2026 11:53:2.596,-0.1289063,-0.0071717,0.0440204,0.9906533,-0.2576114,-0.0264337,0.0922402,-0.9450328,-0.0525771,0.3227205,0.2736614
3/20/2026 11:53:2.616,-0.1297006,-0.0066326,0.0441902,0.9905459,-0.2592571,-0.0254563,0.0924869,-0.9454609,-0.0483491,0.3221276,0.2752309
3/20/2026 11:53:2.636,-0.1306175,-0.0061503,0.0444757,0.9904157,-0.2611421,-0.0246391,0.0929911,-0.9456885,-0.0445291,0.3220100,0.2771232
3/20/2026 11:53:2.656,-0.1310554,-0.0061560,0.0446886,0.9903482,-0.2620187,-0.0247538,0.0934525,-0.9455528,-0.0444150,0.3224241,0.2780985
3/20/2026 11:53:2.676,-0.1310814,-0.0066117,0.0448940,0.9903325,-0.2620227,-0.0257467,0.0939988,-0.9449774,-0.0476646,0.3236447,0.2783246
3/20/2026 11:53:2.696,-0.1313743,-0.0070646,0.0449957,0.9902860,-0.2625672,-0.0267338,0.0943457,-0.9448277,-0.0508075,0.3236035,0.2789950
3/20/2026 11:53:2.716,-0.1313978,-0.0073715,0.0449061,0.9902846,-0.2625876,-0.0273414,0.0942457,-0.9449343,-0.0530114,0.3229379,0.2790147
3/20/2026 11:53:2.736,-0.1316671,-0.0075991,0.0446209,0.9902601,-0.2631166,-0.0277592,0.0937359,-0.9456804,-0.0545796,0.3204837,0.2793668
3/20/2026 11:53:2.756,-0.1320736,-0.0079313,0.0441849,0.9902230,-0.2639169,-0.0283647,0.0929521,-0.9468031,-0.0568578,0.3167508,0.2798997
3/20/2026 11:53:2.776,-0.1326039,-0.0083742,0.0439710,0.9901580,-0.2649502,-0.0292704,0.0926624,-0.9474761,-0.0598350,0.3141797,0.2808306
3/20/2026 11:53:2.796,-0.1330431,-0.0087220,0.0441251,0.9900892,-0.2657980,-0.0300726,0.0930992,-0.9473264,-0.0621045,0.3141906,0.2818118
3/20/2026 11:53:2.816,-0.1332642,-0.0089762,0.0439377,0.9900656,-0.2662256,-0.0305660,0.0927961,-0.9477753,-0.0638384,0.3124848,0.2821477
3/20/2026 11:53:2.836,-0.1333118,-0.0090924,0.0439820,0.9900561,-0.2663092,-0.0308218,0.0929220,-0.9476659,-0.0646345,0.3126525,0.2822825
3/20/2026 11:53:2.856,-0.1332770,-0.0088901,0.0440757,0.9900584,-0.2662552,-0.0304287,0.0930571,-0.9475304,-0.0632039,0.3133551,0.2822503
3/20/2026 11:53:2.876,-0.1329487,-0.0083981,0.0442793,0.9900978,-0.2656336,-0.0294404,0.0933223,-0.9470629,-0.0598243,0.3154247,0.2816887
3/20/2026 11:53:2.896,-0.1325109,-0.0082095,0.0444793,0.9901491,-0.2647633,-0.0290619,0.0936573,-0.9463872,-0.0586318,0.3176692,0.2809574
3/20/2026 11:53:2.916,-0.1321269,-0.0082588,0.0447005,0.9901900,-0.2639784,-0.0291828,0.0941040,-0.9456019,-0.0591065,0.3199115,0.2803728
3/20/2026 11:53:2.936,-0.1319077,-0.0081056,0.0449396,0.9902097,-0.2635443,-0.0289104,0.0945414,-0.9449764,-0.0580680,0.3219436,0.2800902
3/20/2026 11:53:2.956,-0.1320277,-0.0077655,0.0451650,0.9901863,-0.2638119,-0.0282870,0.0949192,-0.9447074,-0.0555653,0.3231727,0.2804257
3/20/2026 11:53:2.976,-0.1320572,-0.0077430,0.0453906,0.9901720,-0.2638672,-0.0283054,0.0953784,-0.9442452,-0.0553642,0.3245549,0.2806295
3/20/2026 11:53:2.996,-0.1321557,-0.0078639,0.0456654,0.9901453,-0.2640459,-0.0286390,0.0959817,-0.9436733,-0.0561529,0.3260790,0.2810119
3/20/2026 11:53:3.016,-0.1322315,-0.0078607,0.0458703,0.9901258,-0.2641932,-0.0286967,0.0964064,-0.9432833,-0.0560752,0.3272191,0.2812901
3/20/2026 11:53:3.036,-0.1326390,-0.0076968,0.0459456,0.9900691,-0.2650280,-0.0284252,0.0965397,-0.9434980,-0.0547495,0.3268240,0.2820977
3/20/2026 11:53:3.056,-0.1329637,-0.0076352,0.0458493,0.9900305,-0.2656910,-0.0283077,0.0963430,-0.9439836,-0.0542068,0.3255098,0.2826467
3/20/2026 11:53:3.076,-0.1330665,-0.0073897,0.0457305,0.9900239,-0.2659254,-0.0277824,0.0960373,-0.9444093,-0.0524469,0.3245620,0.2827398
3/20/2026 11:53:3.096,-0.1328157,-0.0082594,0.0450398,0.9900824,-0.2653561,-0.0293504,0.0948407,-0.9453897,-0.0587910,0.3205962,0.2819077
3/20/2026 11:53:3.116,-0.1325554,-0.0086408,0.0442167,0.9901512,-0.2648200,-0.0298797,0.0932375,-0.9468070,-0.0617192,0.3158277,0.2809276
3/20/2026 11:53:3.136,-0.1324295,-0.0088257,0.0434731,0.9901993,-0.2645716,-0.0300423,0.0917520,-0.9482167,-0.0631934,0.3112744,0.2802388
3/20/2026 11:53:3.156,-0.1322239,-0.0090821,0.0430182,0.9902444,-0.2641477,-0.0304227,0.0908749,-0.9489160,-0.0651782,0.3087233,0.2795928
3/20/2026 11:53:3.176,-0.1319739,-0.0094376,0.0427359,0.9902866,-0.2636202,-0.0310494,0.0903771,-0.9491693,-0.0678764,0.3073605,0.2789864
3/20/2026 11:53:3.196,-0.1319539,-0.0099011,0.0426271,0.9902894,-0.2635411,-0.0319687,0.0902782,-0.9491628,-0.0712203,0.3066227,0.2789461
3/20/2026 11:53:3.216,-0.1320854,-0.0101679,0.0427169,0.9902653,-0.2637787,-0.0325539,0.0905428,-0.9489375,-0.0730487,0.3068899,0.2792923
3/20/2026 11:53:3.236,-0.1322924,-0.0101422,0.0427927,0.9902347,-0.2641959,-0.0325433,0.0907039,-0.9489397,-0.0727503,0.3069540,0.2797322
3/20/2026 11:53:3.256,-0.1325966,-0.0101108,0.0425436,0.9902051,-0.2648198,-0.0324423,0.0902011,-0.9496890,-0.0724162,0.3047074,0.2801560
3/20/2026 11:53:3.276,-0.1330628,-0.0100773,0.0419013,0.9901701,-0.2657833,-0.0322450,0.0888988,-0.9513474,-0.0720485,0.2995782,0.2806567
3/20/2026 11:53:3.296,-0.1333884,-0.0102407,0.0410265,0.9901615,-0.2664536,-0.0323727,0.0871637,-0.9532483,-0.0731842,0.2931925,0.2807803
3/20/2026 11:53:3.316,-0.1335850,-0.0104816,0.0403243,0.9901613,-0.2668519,-0.0326931,0.0857973,-0.9546447,-0.0749050,0.2881716,0.2807828
3/20/2026 11:53:3.336,-0.1338803,-0.0105698,0.0397708,0.9901428,-0.2674578,-0.0327503,0.0847004,-0.9558644,-0.0754649,0.2839514,0.2810468
3/20/2026 11:53:3.356,-0.1342785,-0.0104302,0.0390404,0.9901195,-0.2682963,-0.0322998,0.0831823,-0.9575784,-0.0743807,0.2784082,0.2813803
3/20/2026 11:53:3.376,-0.1346273,-0.0103045,0.0384380,0.9900970,-0.2690295,-0.0319075,0.0819281,-0.9589809,-0.0734013,0.2738024,0.2817006
3/20/2026 11:53:3.396,-0.1349539,-0.0105923,0.0379944,0.9900664,-0.2696788,-0.0324058,0.0811140,-0.9598437,-0.0753364,0.2702306,0.2821359
3/20/2026 11:53:3.416,-0.1403554,-0.0090352,0.0378434,0.9893366,-0.2807055,-0.0296660,0.0806615,-0.9636605,-0.0620344,0.2598272,0.2923348
3/20/2026 11:53:3.436,-0.1407718,-0.0102722,0.0371382,0.9892921,-0.2814676,-0.0320468,0.0795903,-0.9645193,-0.0703815,0.2544581,0.2929448
3/20/2026 11:53:3.456,-0.1413721,-0.0099786,0.0364952,0.9892334,-0.2827231,-0.0313091,0.0782120,-0.9660040,-0.0681845,0.2493736,0.2937482
3/20/2026 11:53:3.476,-0.1421154,-0.0093882,0.0363131,0.9891394,-0.2842755,-0.0301065,0.0777043,-0.9668929,-0.0638733,0.2470592,0.2950300
3/20/2026 11:53:3.496,-0.1421616,-0.0090538,0.0357872,0.9891549,-0.2844105,-0.0292662,0.0765229,-0.9679009,-0.0616427,0.2436557,0.2948183
3/20/2026 11:53:3.516,-0.1409743,-0.0088289,0.0348623,0.9893599,-0.2820581,-0.0284262,0.0744858,-0.9689680,-0.0606842,0.2396215,0.2920146
3/20/2026 11:53:3.536,-0.1393359,-0.0084693,0.0340875,0.9896221,-0.2788001,-0.0273201,0.0727004,-0.9696659,-0.0589392,0.2372220,0.2883878
3/20/2026 11:53:3.556,-0.1385593,-0.0078405,0.0336836,0.9897501,-0.2772898,-0.0258446,0.0716490,-0.9702343,-0.0549015,0.2358627,0.2865995
3/20/2026 11:53:3.576,-0.1383629,-0.0075637,0.0334306,0.9897884,-0.2769198,-0.0251862,0.0710390,-0.9706605,-0.0530621,0.2345263,0.2860640
3/20/2026 11:53:3.596,-0.1385900,-0.0077043,0.0333276,0.9897588,-0.2773707,-0.0254645,0.0708779,-0.9708651,-0.0539712,0.2334698,0.2864776
3/20/2026 11:53:3.616,-0.1385298,-0.0081226,0.0332293,0.9897673,-0.2772219,-0.0262922,0.0707924,-0.9708390,-0.0569244,0.2328761,0.2863598
3/20/2026 11:53:3.636,-0.1378512,-0.0086761,0.0332202,0.9898577,-0.2758134,-0.0273730,0.0708989,-0.9703547,-0.0610726,0.2338415,0.2850897
3/20/2026 11:53:3.656,-0.1373064,-0.0088983,0.0336098,0.9899182,-0.2746873,-0.0278961,0.0717377,-0.9694052,-0.0628233,0.2372908,0.2842359
3/20/2026 11:53:3.676,-0.1371001,-0.0087582,0.0341390,0.9899299,-0.2742665,-0.0277413,0.0727775,-0.9685095,-0.0618704,0.2411667,0.2840709
3/20/2026 11:53:3.696,-0.1359329,-0.0084730,0.0347290,0.9900730,-0.2719170,-0.0272229,0.0738535,-0.9671169,-0.0602826,0.2470848,0.2820426
3/20/2026 11:53:3.716,-0.1351046,-0.0084120,0.0346139,0.9901909,-0.2702541,-0.0269949,0.0735589,-0.9669555,-0.0602053,0.2477344,0.2803600
3/20/2026 11:53:3.736,-0.1339043,-0.0087884,0.0348329,0.9903430,-0.2677997,-0.0277273,0.0740548,-0.9658448,-0.0633900,0.2512481,0.2781733
3/20/2026 11:53:3.756,-0.1325856,-0.0089425,0.0351097,0.9905092,-0.2651216,-0.0280074,0.0746006,-0.9646327,-0.0650613,0.2554425,0.2757666
3/20/2026 11:53:3.776,-0.1314345,-0.0093831,0.0351881,0.9906557,-0.2627658,-0.0288343,0.0748237,-0.9636916,-0.0687980,0.2580027,0.2736264
3/20/2026 11:53:3.796,-0.1299627,-0.0100306,0.0353169,0.9908390,-0.2597467,-0.0300702,0.0751872,-0.9623383,-0.0742737,0.2615119,0.2709246
3/20/2026 11:53:3.816,-0.1290439,-0.0104364,0.0351662,0.9909602,-0.2578692,-0.0307826,0.0749383,-0.9618923,-0.0777927,0.2621286,0.2691232
3/20/2026 11:53:3.836,-0.1285414,-0.0103609,0.0352364,0.9910239,-0.2568602,-0.0306030,0.0750361,-0.9615201,-0.0775019,0.2635765,0.2681725
3/20/2026 11:53:3.856,-0.1286194,-0.0098902,0.0352865,0.9910169,-0.2570515,-0.0296585,0.0750184,-0.9617254,-0.0739523,0.2638473,0.2682777
3/20/2026 11:53:3.876,-0.1287323,-0.0097431,0.0353385,0.9910018,-0.2572885,-0.0293804,0.0750920,-0.9617676,-0.0727912,0.2640163,0.2685032
3/20/2026 11:53:3.896,-0.1287010,-0.0099120,0.0354832,0.9909989,-0.2572082,-0.0297622,0.0754321,-0.9613858,-0.0740416,0.2650566,0.2685459
3/20/2026 11:53:3.916,-0.1284210,-0.0100015,0.0356990,0.9910266,-0.2566309,-0.0299786,0.0758841,-0.9607658,-0.0748250,0.2670772,0.2681324
3/20/2026 11:53:3.936,-0.1256943,-0.0113712,0.0357864,0.9913582,-0.2510305,-0.0325685,0.0762775,-0.9581587,-0.0866816,0.2727971,0.2631236
3/20/2026 11:53:3.956,-0.1203786,-0.0133553,0.0349207,0.9920238,-0.2402075,-0.0359444,0.0747141,-0.9550000,-0.1059513,0.2770368,0.2527744
3/20/2026 11:53:3.976,-0.1179945,-0.0138878,0.0348436,0.9923056,-0.2353728,-0.0368075,0.0745525,-0.9530063,-0.1121673,0.2814208,0.2482620
3/20/2026 11:53:3.996,-0.1156055,-0.0149831,0.0345301,0.9925818,-0.2304967,-0.0387623,0.0740373,-0.9508673,-0.1232377,0.2840137,0.2437596
3/20/2026 11:53:4.016,-0.1135352,-0.0161496,0.0342627,0.9928116,-0.2262571,-0.0409006,0.0736428,-0.9486008,-0.1349316,0.2862689,0.2399501
3/20/2026 11:53:4.036,-0.1120664,-0.0172757,0.0344312,0.9929539,-0.2232128,-0.0431075,0.0741563,-0.9456882,-0.1457832,0.2905528,0.2375608
3/20/2026 11:53:4.056,-0.1105780,-0.0174133,0.0349921,0.9930987,-0.2201860,-0.0433856,0.0752389,-0.9428355,-0.1484730,0.2983572,0.2351047
3/20/2026 11:53:4.076,-0.1095808,-0.0170342,0.0355845,0.9931947,-0.2181848,-0.0426593,0.0763000,-0.9408808,-0.1462589,0.3055350,0.2334615
3/20/2026 11:53:4.096,-0.1090350,-0.0166457,0.0359421,0.9932484,-0.2171026,-0.0419001,0.0769093,-0.9399028,-0.1434893,0.3098282,0.2325374
3/20/2026 11:53:4.116,-0.1086690,-0.0164362,0.0360932,0.9932866,-0.2163769,-0.0414748,0.0771487,-0.9393947,-0.1420832,0.3120100,0.2318788
3/20/2026 11:53:4.136,-0.1084877,-0.0163505,0.0361285,0.9933065,-0.2160176,-0.0412922,0.0771908,-0.9392192,-0.1415523,0.3127782,0.2315334
3/20/2026 11:53:4.156,-0.1086653,-0.0159678,0.0359062,0.9933015,-0.2164135,-0.0404802,0.0766643,-0.9403978,-0.1381864,0.3107353,0.2316211
3/20/2026 11:53:4.176,-0.1088880,-0.0154738,0.0353910,0.9933034,-0.2169195,-0.0393806,0.0755186,-0.9424598,-0.1339310,0.3063200,0.2315870
3/20/2026 11:53:4.196,-0.1084948,-0.0152084,0.0346324,0.9933772,-0.2161789,-0.0386389,0.0738926,-0.9442610,-0.1323629,0.3014156,0.2303061
3/20/2026 11:53:4.216,-0.1079460,-0.0152688,0.0340635,0.9934559,-0.2150937,-0.0385903,0.0727166,-0.9450859,-0.1336806,0.2982317,0.2289325
3/20/2026 11:53:4.236,-0.1076159,-0.0153212,0.0335174,0.9935094,-0.2144477,-0.0385498,0.0715978,-0.9460639,-0.1346902,0.2946551,0.2279944
3/20/2026 11:53:4.256,-0.1077812,-0.0153947,0.0330439,0.9935061,-0.2147929,-0.0386091,0.0706592,-0.9472846,-0.1353035,0.2904219,0.2280510
3/20/2026 11:53:4.276,-0.1083987,-0.0156798,0.0326555,0.9934473,-0.2160291,-0.0391537,0.0699652,-0.9484416,-0.1371919,0.2857215,0.2290828
3/20/2026 11:53:4.296,-0.1091689,-0.0160815,0.0323215,0.9933675,-0.2175624,-0.0399591,0.0694172,-0.9494331,-0.1398597,0.2810975,0.2304752
3/20/2026 11:53:4.316,-0.1097820,-0.0163493,0.0317584,0.9933137,-0.2187990,-0.0404276,0.0683646,-0.9509308,-0.1416176,0.2750911,0.2314095
3/20/2026 11:53:4.336,-0.1103010,-0.0164869,0.0308382,0.9932830,-0.2198707,-0.0405421,0.0665502,-0.9532425,-0.1424825,0.2665099,0.2319407
3/20/2026 11:53:4.356,-0.1106925,-0.0167491,0.0295828,0.9932732,-0.2206920,-0.0408231,0.0640732,-0.9559344,-0.1446439,0.2554754,0.2321096
3/20/2026 11:53:4.376,-0.1110564,-0.0172614,0.0281461,0.9932655,-0.2214509,-0.0415687,0.0612820,-0.9585345,-0.1489839,0.2429311,0.2322423
3/20/2026 11:53:4.396,-0.1115942,-0.0182120,0.0261823,0.9932420,-0.2225592,-0.0430974,0.0575260,-0.9615027,-0.1569157,0.2255884,0.2326484
3/20/2026 11:53:4.416,-0.1119300,-0.0194752,0.0232568,0.9932531,-0.2232947,-0.0450266,0.0518708,-0.9651831,-0.1679368,0.2005459,0.2324573
3/20/2026 11:53:4.436,-0.1121299,-0.0204515,0.0204172,0.9932733,-0.2237792,-0.0463793,0.0463179,-0.9683571,-0.1766198,0.1763234,0.2321085
3/20/2026 11:53:4.456,-0.1117543,-0.0214677,0.0174863,0.9933501,-0.2231182,-0.0477597,0.0405550,-0.9706522,-0.1864593,0.1518790,0.2307777
3/20/2026 11:53:4.476,-0.1112486,-0.0225210,0.0150253,0.9934239,-0.2221807,-0.0493207,0.0357505,-0.9716422,-0.1966979,0.1312303,0.2294923
3/20/2026 11:53:4.496,-0.1107315,-0.0233741,0.0128161,0.9934928,-0.2212228,-0.0505349,0.0314130,-0.9722245,-0.2052252,0.1125260,0.2282845
3/20/2026 11:53:4.516,-0.1104431,-0.0238405,0.0109564,0.9935361,-0.2207239,-0.0510532,0.0277133,-0.9729219,-0.2100176,0.0965175,0.2275244
3/20/2026 11:53:4.536,-0.1105038,-0.0241550,0.0094551,0.9935372,-0.2209150,-0.0513575,0.0247302,-0.9735375,-0.2128051,0.0832994,0.2275045
3/20/2026 11:53:4.556,-0.1106832,-0.0245288,0.0080879,0.9935201,-0.2213381,-0.0518169,0.0220406,-0.9738378,-0.2158151,0.0711610,0.2278057
3/20/2026 11:53:4.576,-0.1108393,-0.0248340,0.0068592,0.9935044,-0.2217100,-0.0521658,0.0196161,-0.9740328,-0.2182357,0.0602773,0.2280814
3/20/2026 11:53:4.596,-0.1108625,-0.0250809,0.0057111,0.9935028,-0.2218124,-0.0524097,0.0173349,-0.9741224,-0.2203801,0.0501823,0.2281097
3/20/2026 11:53:4.616,-0.1109333,-0.0253274,0.0044115,0.9934952,-0.2220195,-0.0526194,0.0147477,-0.9741815,-0.2224175,0.0387407,0.2282427
3/20/2026 11:53:4.636,-0.1108555,-0.0255479,0.0028612,0.9935040,-0.2219422,-0.0527150,0.0116354,-0.9741489,-0.2245033,0.0251433,0.2280877
3/20/2026 11:53:4.656,-0.1107538,-0.0258222,0.0010148,0.9935119,-0.2218329,-0.0528533,0.0079308,-0.9738420,-0.2270510,0.0089232,0.2279493
3/20/2026 11:53:4.676,-0.1106722,-0.0261728,-0.0009771,0.9935119,-0.2217730,-0.0531149,0.0039485,-0.9731213,-0.2301327,-0.0085913,0.2279493
3/20/2026 11:53:4.696,-0.1106613,-0.0264006,-0.0029772,0.9935032,-0.2218575,-0.0531256,-0.0000744,-0.9723690,-0.2319789,-0.0261601,0.2281034
3/20/2026 11:53:4.716,-0.1108588,-0.0265699,-0.0054746,0.9934660,-0.2223884,-0.0529057,-0.0051127,-0.9713398,-0.2328045,-0.0479686,0.2287561
3/20/2026 11:53:4.736,-0.1111780,-0.0267275,-0.0077914,0.9934105,-0.2231548,-0.0527008,-0.0097799,-0.9700491,-0.2332021,-0.0679812,0.2297254
3/20/2026 11:53:4.756,-0.1113119,-0.0269502,-0.0101487,0.9933682,-0.2235517,-0.0526165,-0.0145252,-0.9681255,-0.2343969,-0.0882674,0.2304627
3/20/2026 11:53:4.776,-0.1111203,-0.0271677,-0.0125682,0.9933561,-0.2232980,-0.0525084,-0.0194152,-0.9655787,-0.2360734,-0.1092115,0.2306731
3/20/2026 11:53:4.796,-0.1110470,-0.0273986,-0.0152860,0.9933198,-0.2232990,-0.0523595,-0.0249040,-0.9623287,-0.2374352,-0.1324682,0.2313031
3/20/2026 11:53:4.816,-0.1112269,-0.0275701,-0.0183785,0.9932426,-0.2238282,-0.0519992,-0.0311582,-0.9583790,-0.2375558,-0.1583572,0.2326381
3/20/2026 11:53:4.836,-0.1113897,-0.0277026,-0.0218083,0.9931513,-0.2243389,-0.0514794,-0.0381109,-0.9533834,-0.2371060,-0.1866570,0.2342055
3/20/2026 11:53:4.856,-0.1116110,-0.0277077,-0.0251359,0.9930475,-0.2249554,-0.0507184,-0.0448835,-0.9481553,-0.2353822,-0.2135337,0.2359752
3/20/2026 11:53:4.876,-0.1116965,-0.0277344,-0.0288012,0.9929376,-0.2253145,-0.0499252,-0.0523473,-0.9414954,-0.2337744,-0.2427671,0.2378353
3/20/2026 11:53:4.896,-0.1120592,-0.0277237,-0.0321572,0.9927942,-0.2262108,-0.0491112,-0.0591798,-0.9351280,-0.2313526,-0.2683497,0.2402408
3/20/2026 11:53:4.916,-0.1122192,-0.0275495,-0.0354208,0.9926698,-0.2266812,-0.0479909,-0.0658718,-0.9285179,-0.2279483,-0.2930770,0.2423091
3/20/2026 11:53:4.936,-0.1124178,-0.0272909,-0.0382678,0.9925488,-0.2271987,-0.0467901,-0.0717339,-0.9226056,-0.2239743,-0.3140612,0.2443032
3/20/2026 11:53:4.956,-0.1125714,-0.0269721,-0.0413568,0.9924162,-0.2276268,-0.0454105,-0.0781072,-0.9157836,-0.2194221,-0.3364435,0.2464695
3/20/2026 11:53:4.976,-0.1127976,-0.0266963,-0.0435775,0.9923030,-0.2281599,-0.0443132,-0.0826980,-0.9108735,-0.2155802,-0.3519014,0.2483043
3/20/2026 11:53:4.996,-0.1128165,-0.0264770,-0.0455783,0.9922168,-0.2282675,-0.0433968,-0.0868332,-0.9059892,-0.2126274,-0.3660233,0.2496934
3/20/2026 11:53:5.016,-0.1126821,-0.0263921,-0.0475152,0.9921434,-0.2280738,-0.0427819,-0.0908107,-0.9006934,-0.2109582,-0.3797999,0.2508692
3/20/2026 11:53:5.036,-0.1127567,-0.0262662,-0.0494503,0.9920437,-0.2282947,-0.0420664,-0.0947896,-0.8956472,-0.2086377,-0.3927930,0.2524574
3/20/2026 11:53:5.056,-0.1130999,-0.0260836,-0.0514518,0.9919077,-0.2290511,-0.0411939,-0.0989129,-0.8908202,-0.2054449,-0.4052551,0.2546100
3/20/2026 11:53:5.076,-0.1135336,-0.0260053,-0.0535247,0.9917505,-0.2300004,-0.0405053,-0.1031577,-0.8857105,-0.2028753,-0.4175626,0.2570732
3/20/2026 11:53:5.096,-0.1136900,-0.0259712,-0.0554586,0.9916272,-0.2303896,-0.0399637,-0.1071145,-0.8804038,-0.2011185,-0.4294655,0.2589912
3/20/2026 11:53:5.116,-0.1136266,-0.0258960,-0.0574221,0.9915246,-0.2303324,-0.0393529,-0.1111459,-0.8745967,-0.1993244,-0.4419846,0.2605742
3/20/2026 11:53:5.136,-0.1135758,-0.0258847,-0.0594405,0.9914119,-0.2303085,-0.0388583,-0.1152743,-0.8684685,-0.1979298,-0.4545175,0.2623045
3/20/2026 11:53:5.156,-0.1134231,-0.0258998,-0.0615719,0.9912989,-0.2300866,-0.0384028,-0.1196293,-0.8616754,-0.1967607,-0.4677613,0.2640272
3/20/2026 11:53:5.177,-0.1133628,-0.0257698,-0.0637005,0.9911746,-0.2300310,-0.0376423,-0.1240119,-0.8551614,-0.1943963,-0.4805299,0.2659079
3/20/2026 11:53:5.196,-0.1132083,-0.0255895,-0.0662462,0.9910301,-0.2297931,-0.0366932,-0.1292602,-0.8471175,-0.1914815,-0.4957084,0.2680798
3/20/2026 11:53:5.216,-0.1129669,-0.0253679,-0.0687776,0.9908909,-0.2293711,-0.0356762,-0.1344898,-0.8388561,-0.1883740,-0.5107207,0.2701547
3/20/2026 11:53:5.236,-0.1127871,-0.0251138,-0.0712850,0.9907407,-0.2290639,-0.0345928,-0.1396776,-0.8307287,-0.1849747,-0.5250468,0.2723772
3/20/2026 11:53:5.256,-0.1125994,-0.0248230,-0.0736367,0.9905973,-0.2287262,-0.0334742,-0.1445555,-0.8230307,-0.1814407,-0.5382377,0.2744808
3/20/2026 11:53:5.276,-0.1121603,-0.0244954,-0.0762245,0.9904595,-0.2278820,-0.0322642,-0.1499246,-0.8139079,-0.1777544,-0.5531343,0.2764881
3/20/2026 11:53:5.296,-0.1117104,-0.0240143,-0.0786287,0.9903342,-0.2269818,-0.0307917,-0.1549525,-0.8053959,-0.1731356,-0.5668876,0.2783014
3/20/2026 11:53:5.316,-0.1108843,-0.0235062,-0.0809758,0.9902502,-0.2253148,-0.0293420,-0.1598656,-0.7960014,-0.1687435,-0.5812980,0.2795098
3/20/2026 11:53:5.336,-0.1098479,-0.0230818,-0.0828752,0.9902183,-0.2232218,-0.0282082,-0.1638392,-0.7872910,-0.1654294,-0.5939747,0.2799664
3/20/2026 11:53:5.356,-0.1085751,-0.0225267,-0.0841866,0.9902610,-0.2206134,-0.0269908,-0.1666340,-0.7798576,-0.1618014,-0.6046838,0.2793540
3/20/2026 11:53:5.376,-0.1073404,-0.0220370,-0.0852930,0.9903119,-0.2180848,-0.0259537,-0.1689915,-0.7730039,-0.1586975,-0.6142312,0.2786218
3/20/2026 11:53:5.396,-0.1064146,-0.0215100,-0.0863205,0.9903343,-0.2161650,-0.0248126,-0.1711961,-0.7672229,-0.1550818,-0.6223493,0.2782988
3/20/2026 11:53:5.417,-0.1056473,-0.0209374,-0.0872209,0.9903498,-0.2145501,-0.0235843,-0.1731504,-0.7623004,-0.1510744,-0.6293446,0.2780753
3/20/2026 11:53:5.436,-0.1048132,-0.0204023,-0.0881724,0.9903654,-0.2128071,-0.0224362,-0.1751976,-0.7568886,-0.1473316,-0.6367205,0.2778498
3/20/2026 11:53:5.456,-0.1041486,-0.0198946,-0.0890329,0.9903688,-0.2114048,-0.0213373,-0.1770533,-0.7522241,-0.1436909,-0.6430489,0.2778016
3/20/2026 11:53:5.477,-0.1034255,-0.0193423,-0.0899475,0.9903730,-0.2098765,-0.0201500,-0.1790262,-0.7471582,-0.1397313,-0.6497921,0.2777413
3/20/2026 11:53:5.496,-0.1026962,-0.0188093,-0.0908581,0.9903760,-0.2083376,-0.0190072,-0.1809844,-0.7420066,-0.1359022,-0.6564729,0.2776974
3/20/2026 11:53:5.516,-0.1019235,-0.0182094,-0.0917819,0.9903818,-0.2066975,-0.0177375,-0.1829806,-0.7366464,-0.1316072,-0.6633488,0.2776130
3/20/2026 11:53:5.536,-0.1012184,-0.0172572,-0.0926144,0.9903938,-0.2051242,-0.0157655,-0.1848620,-0.7319999,-0.1248022,-0.6697765,0.2774406
3/20/2026 11:53:5.556,-0.1006323,-0.0162816,-0.0933950,0.9903967,-0.2037804,-0.0137381,-0.1866421,-0.7278718,-0.1177646,-0.6755251,0.2773984
3/20/2026 11:53:5.576,-0.1002311,-0.0155676,-0.0940461,0.9903871,-0.2028515,-0.0122344,-0.1881065,-0.7246153,-0.1125454,-0.6799015,0.2775363
3/20/2026 11:53:5.596,-0.0995296,-0.0151442,-0.0944425,0.9904267,-0.2013722,-0.0114301,-0.1889826,-0.7210230,-0.1097096,-0.6841708,0.2769634
3/20/2026 11:53:5.616,-0.0986156,-0.0150007,-0.0949925,0.9904677,-0.1995223,-0.0112024,-0.1901087,-0.7159297,-0.1089021,-0.6896267,0.2763687
3/20/2026 11:53:5.636,-0.0979110,-0.0147620,-0.0954281,0.9904994,-0.1980716,-0.0107673,-0.1910255,-0.7119904,-0.1073465,-0.6939354,0.2759087
3/20/2026 11:53:5.657,-0.0973329,-0.0142569,-0.0957554,0.9905323,-0.1968215,-0.0097927,-0.1917768,-0.7090055,-0.1038518,-0.6975142,0.2754298
3/20/2026 11:53:5.677,-0.0966561,-0.0135447,-0.0961319,0.9905720,-0.1953337,-0.0084107,-0.1926650,-0.7055530,-0.0988715,-0.7017261,0.2748509
3/20/2026 11:53:5.696,-0.0959038,-0.0129475,-0.0965381,0.9906135,-0.1937163,-0.0072712,-0.1935869,-0.7016035,-0.0947198,-0.7062441,0.2742437
3/20/2026 11:53:5.716,-0.0948865,-0.0125641,-0.0969793,0.9906734,-0.1916104,-0.0066108,-0.1945287,-0.6963729,-0.0922080,-0.7117320,0.2733667
3/20/2026 11:53:5.736,-0.0938762,-0.0122487,-0.0972872,0.9907435,-0.1895304,-0.0061143,-0.1951845,-0.6915467,-0.0902313,-0.7166739,0.2723351
3/20/2026 11:53:5.756,-0.0928448,-0.0120116,-0.0977431,0.9907987,-0.1874245,-0.0057531,-0.1961256,-0.6859884,-0.0887483,-0.7221798,0.2715215
3/20/2026 11:53:5.776,-0.0917711,-0.0117541,-0.0982020,0.9908563,-0.1852299,-0.0053607,-0.1970742,-0.6801831,-0.0871179,-0.7278471,0.2706676
3/20/2026 11:53:5.796,-0.0908213,-0.0114460,-0.0987153,0.9908965,-0.1832730,-0.0048337,-0.1981459,-0.6746180,-0.0850206,-0.7332544,0.2700714
3/20/2026 11:53:5.816,-0.0895485,-0.0110681,-0.0991582,0.9909725,-0.1806561,-0.0042465,-0.1990754,-0.6679414,-0.0825567,-0.7396206,0.2689401
3/20/2026 11:53:5.836,-0.0881259,-0.0106985,-0.0995972,0.9910600,-0.1777415,-0.0037100,-0.1999889,-0.6605269,-0.0801882,-0.7465079,0.2676325
3/20/2026 11:53:5.856,-0.0866042,-0.0105224,-0.0999917,0.9911562,-0.1746678,-0.0035941,-0.2007734,-0.6526306,-0.0792949,-0.7535155,0.2661856
3/20/2026 11:53:5.876,-0.0849379,-0.0105768,-0.1004949,0.9912490,-0.1713523,-0.0039548,-0.2017346,-0.6434404,-0.0801239,-0.7612914,0.2647832
3/20/2026 11:53:5.896,-0.0834469,-0.0102989,-0.1009110,0.9913363,-0.1683200,-0.0036293,-0.2025814,-0.6353078,-0.0784091,-0.7682682,0.2634578
3/20/2026 11:53:5.916,-0.0818680,-0.0096844,-0.1013169,0.9914327,-0.1650438,-0.0026496,-0.2034591,-0.6267703,-0.0741424,-0.7756687,0.2619853
3/20/2026 11:53:5.936,-0.0800451,-0.0094868,-0.1017490,0.9915392,-0.1613657,-0.0025572,-0.2043121,-0.6166433,-0.0730831,-0.7838430,0.2603493
3/20/2026 11:53:5.956,-0.0780817,-0.0092210,-0.1017994,0.9916931,-0.1573925,-0.0024214,-0.2043971,-0.6070396,-0.0716879,-0.7914314,0.2579672
3/20/2026 11:53:5.976,-0.0764204,-0.0088341,-0.1018183,0.9918241,-0.1539980,-0.0019853,-0.2044457,-0.5988447,-0.0692257,-0.7978677,0.2559230
3/20/2026 11:53:5.996,-0.0751847,-0.0084930,-0.1021011,0.9918925,-0.1514631,-0.0015127,-0.2050343,-0.5916298,-0.0668316,-0.8034350,0.2548493
3/20/2026 11:53:6.016,-0.0737961,-0.0083422,-0.1025951,0.9919471,-0.1486623,-0.0014235,-0.2060173,-0.5826595,-0.0658661,-0.8100430,0.2539886
3/20/2026 11:53:6.036,-0.0717534,-0.0081870,-0.1030674,0.9920492,-0.1445563,-0.0014682,-0.2069379,-0.5701460,-0.0650529,-0.8189638,0.2523702
3/20/2026 11:53:6.056,-0.0692765,-0.0081817,-0.1034698,0.9921835,-0.1396162,-0.0019181,-0.2076847,-0.5551513,-0.0655645,-0.8291612,0.2502271
3/20/2026 11:53:6.076,-0.0666330,-0.0084862,-0.1041766,0.9922879,-0.1344108,-0.0029852,-0.2090054,-0.5375600,-0.0684619,-0.8404417,0.2485487
3/20/2026 11:53:6.096,-0.0643001,-0.0086679,-0.1047523,0.9923797,-0.1298004,-0.0037643,-0.2100900,-0.5218400,-0.0703463,-0.8501379,0.2470633
3/20/2026 11:53:6.116,-0.0624894,-0.0085969,-0.1051767,0.9924511,-0.1261782,-0.0039505,-0.2109158,-0.5095283,-0.0700974,-0.8575939,0.2459015
3/20/2026 11:53:6.136,-0.0612325,-0.0084349,-0.1056341,0.9924822,-0.1236412,-0.0038358,-0.2118328,-0.5003096,-0.0689188,-0.8630993,0.2453926
3/20/2026 11:53:6.156,-0.0600164,-0.0080893,-0.1060455,0.9925156,-0.1211463,-0.0033531,-0.2126795,-0.4914584,-0.0662411,-0.8683782,0.2448476
3/20/2026 11:53:6.176,-0.0587464,-0.0073687,-0.1063702,0.9925624,-0.1184634,-0.0021452,-0.2133924,-0.4825655,-0.0605297,-0.8737658,0.2440801
3/20/2026 11:53:6.196,-0.0576554,-0.0065189,-0.1067257,0.9925941,-0.1161090,-0.0006389,-0.2141840,-0.4746139,-0.0536629,-0.8785566,0.2435576
3/20/2026 11:53:6.216,-0.0564919,-0.0060907,-0.1072452,0.9926078,-0.1136998,0.0000258,-0.2152542,-0.4654632,-0.0501839,-0.8836433,0.2433318
3/20/2026 11:53:6.236,-0.0551875,-0.0052988,-0.1078376,0.9926215,-0.1109308,0.0013917,-0.2165070,-0.4551372,-0.0437001,-0.8893483,0.2431067
3/20/2026 11:53:6.256,-0.0541735,-0.0042559,-0.1083334,0.9926285,-0.1086843,0.0033080,-0.2175952,-0.4469830,-0.0351155,-0.8938529,0.2429917
3/20/2026 11:53:6.277,-0.0530456,-0.0031616,-0.1086966,0.9926536,-0.1061986,0.0052848,-0.2184138,-0.4384265,-0.0261311,-0.8983871,0.2425762
3/20/2026 11:53:6.297,-0.0514616,-0.0021904,-0.1088581,0.9927220,-0.1028322,0.0068915,-0.2187943,-0.4273186,-0.0181887,-0.9039181,0.2414425
3/20/2026 11:53:6.316,-0.0493334,-0.0013107,-0.1092102,0.9927928,-0.0984008,0.0082128,-0.2195294,-0.4116501,-0.0109366,-0.9112763,0.2402637
3/20/2026 11:53:6.336,-0.0470615,-0.0006088,-0.1098243,0.9928361,-0.0937196,0.0091685,-0.2207677,-0.3938715,-0.0050953,-0.9191514,0.2395414
3/20/2026 11:53:6.356,-0.0452520,0.0000796,-0.1103642,0.9928605,-0.0899616,0.0101878,-0.2218652,-0.3793727,0.0006673,-0.9252437,0.2391320
3/20/2026 11:53:6.376,-0.0435686,0.0008944,-0.1107184,0.9928960,-0.0864278,0.0114668,-0.2225994,-0.3661672,0.0075166,-0.9305187,0.2385366
3/20/2026 11:53:6.397,-0.0419691,0.0015004,-0.1108653,0.9929478,-0.0831092,0.0123283,-0.2228970,-0.3540118,0.0126560,-0.9351553,0.2376634
3/20/2026 11:53:6.417,-0.0402441,0.0016967,-0.1109625,0.9930080,-0.0796331,0.0123402,-0.2230559,-0.3409154,0.0143727,-0.9399841,0.2366457
3/20/2026 11:53:6.437,-0.0387903,0.0019245,-0.1108757,0.9930752,-0.0766918,0.0124611,-0.2228547,-0.3301835,0.0163814,-0.9437746,0.2355048
3/20/2026 11:53:6.457,-0.0373863,0.0022305,-0.1109563,0.9931194,-0.0738302,0.0127620,-0.2229985,-0.3192495,0.0190470,-0.9474792,0.2347507
3/20/2026 11:53:6.477,-0.0354167,0.0022996,-0.1111998,0.9931643,-0.0698946,0.0124751,-0.2234378,-0.3034163,0.0197005,-0.9526544,0.2339829
3/20/2026 11:53:6.496,-0.0333761,0.0021889,-0.1114093,0.9932116,-0.0658590,0.0118107,-0.2237966,-0.2869290,0.0188174,-0.9577671,0.2331706
3/20/2026 11:53:6.517,-0.0315187,0.0020642,-0.1114709,0.9932657,-0.0621927,0.0111492,-0.2238648,-0.2720420,0.0178165,-0.9621204,0.2322392
3/20/2026 11:53:6.537,-0.0297382,0.0018975,-0.1116506,0.9933007,-0.0586878,0.0104283,-0.2241737,-0.2573424,0.0164205,-0.9661808,0.2316345
3/20/2026 11:53:6.557,-0.0277728,0.0016459,-0.1120835,0.9933093,-0.0548325,0.0095099,-0.2249871,-0.2404890,0.0142518,-0.9705473,0.2314859
3/20/2026 11:53:6.577,-0.0257978,0.0015580,-0.1125136,0.9933140,-0.0509221,0.0089120,-0.2258075,-0.2234667,0.0134956,-0.9746182,0.2314033
3/20/2026 11:53:6.597,-0.0237565,0.0014492,-0.1129003,0.9933213,-0.0468857,0.0082525,-0.2265410,-0.2058949,0.0125602,-0.9784935,0.2312773
3/20/2026 11:53:6.617,-0.0219064,0.0015689,-0.1132339,0.9933257,-0.0431784,0.0080856,-0.2271841,-0.1899219,0.0136020,-0.9817050,0.2312019
3/20/2026 11:53:6.637,-0.0204420,0.0018533,-0.1134464,0.9933322,-0.0402018,0.0083269,-0.2275977,-0.1773124,0.0160757,-0.9840234,0.2310881
3/20/2026 11:53:6.657,-0.0189555,0.0018347,-0.1136104,0.9933429,-0.0372503,0.0079576,-0.2279021,-0.1645505,0.0159268,-0.9862401,0.2309019
3/20/2026 11:53:6.677,-0.0177374,0.0016665,-0.1135665,0.9933708,-0.0348683,0.0073441,-0.2277883,-0.1542985,0.0144966,-0.9879179,0.2304182
3/20/2026 11:53:6.697,-0.0166128,0.0015060,-0.1135412,0.9933934,-0.0326699,0.0067682,-0.2277155,-0.1447614,0.0131228,-0.9893796,0.2300248
3/20/2026 11:53:6.717,-0.0159770,0.0015082,-0.1135851,0.9933988,-0.0314055,0.0066293,-0.2277950,-0.1392774,0.0131474,-0.9901661,0.2299303
3/20/2026 11:53:6.737,-0.0155530,0.0016198,-0.1137422,0.9933873,-0.0305366,0.0067594,-0.2281089,-0.1354650,0.0141079,-0.9906816,0.2301307
3/20/2026 11:53:6.757,-0.0152157,0.0017359,-0.1140061,0.9933621,-0.0298381,0.0069214,-0.2286391,-0.1322762,0.0150912,-0.9910980,0.2305695
3/20/2026 11:53:6.777,-0.0143841,0.0016081,-0.1142126,0.9933510,-0.0282133,0.0064831,-0.2290403,-0.1249421,0.0139678,-0.9920657,0.2307612
3/20/2026 11:53:6.797,-0.0138257,0.0014403,-0.1143437,0.9933441,-0.0271414,0.0060254,-0.2292927,-0.1200301,0.0125039,-0.9926915,0.2308812
3/20/2026 11:53:6.817,-0.0133580,0.0012267,-0.1145126,0.9933313,-0.0262599,0.0054983,-0.2296217,-0.1158588,0.0106398,-0.9932087,0.2311047
3/20/2026 11:53:6.837,-0.0131153,0.0013653,-0.1145434,0.9933307,-0.0257458,0.0057190,-0.2296843,-0.1137499,0.0118417,-0.9934389,0.2311140
3/20/2026 11:53:6.857,-0.0130383,0.0014983,-0.1144874,0.9933381,-0.0255627,0.0059641,-0.2295741,-0.1131435,0.0130020,-0.9934936,0.2309857
3/20/2026 11:53:6.877,-0.0129959,0.0012024,-0.1143388,0.9933562,-0.0255469,0.0053625,-0.2292668,-0.1129279,0.0104486,-0.9935482,0.2306710
3/20/2026 11:53:6.897,-0.0123127,0.0000835,-0.1144708,0.9933503,-0.0244449,0.0029858,-0.2294986,-0.1069447,0.0007257,-0.9942647,0.2307736
3/20/2026 11:53:6.917,-0.0119649,-0.0006401,-0.1143220,0.9933715,-0.0239199,0.0014644,-0.2291790,-0.1040899,-0.0055685,-0.9945523,0.2304047
3/20/2026 11:53:6.937,-0.0118715,-0.0007600,-0.1142803,0.9933774,-0.0237617,0.0012037,-0.2290917,-0.1033224,-0.0066150,-0.9946259,0.2303020
3/20/2026 11:53:6.957,-0.0120494,-0.0004286,-0.1141778,0.9933872,-0.0240397,0.0019006,-0.2288942,-0.1049486,-0.0037329,-0.9944707,0.2301318
3/20/2026 11:53:6.977,-0.0123011,0.0000483,-0.1140621,0.9933975,-0.0244313,0.0029030,-0.2286747,-0.1072242,0.0004208,-0.9942348,0.2299521
3/20/2026 11:53:6.997,-0.0124234,0.0003399,-0.1138957,0.9934149,-0.0246082,0.0035063,-0.2283476,-0.1084334,0.0029667,-0.9940993,0.2296485
3/20/2026 11:53:7.017,-0.0123896,0.0004983,-0.1137553,0.9934316,-0.0245056,0.0038100,-0.2280683,-0.1082735,0.0043547,-0.9941115,0.2293580
3/20/2026 11:53:7.037,-0.0122586,0.0007416,-0.1134951,0.9934627,-0.0241909,0.0042574,-0.2275491,-0.1073829,0.0064964,-0.9941965,0.2288135
3/20/2026 11:53:7.057,-0.0119220,0.0010182,-0.1131345,0.9935076,-0.0234609,0.0047220,-0.2268263,-0.1047943,0.0089496,-0.9944536,0.2280259
3/20/2026 11:53:7.077,-0.0115425,0.0014913,-0.1123310,0.9936027,-0.0226042,0.0055581,-0.2252154,-0.1022072,0.0132053,-0.9946755,0.2263473
3/20/2026 11:53:7.097,-0.0107146,0.0012637,-0.1115897,0.9936959,-0.0210136,0.0049039,-0.2237099,-0.0955720,0.0112723,-0.9953587,0.2246914
3/20/2026 11:53:7.117,-0.0091747,0.0007688,-0.1111845,0.9937571,-0.0180649,0.0035688,-0.2228715,-0.0822363,0.0068914,-0.9965890,0.2235957
3/20/2026 11:53:7.137,-0.0087798,0.0005314,-0.1109328,0.9937891,-0.0173335,0.0030046,-0.2223579,-0.0788978,0.0047755,-0.9968713,0.2230222
3/20/2026 11:53:7.157,-0.0084975,0.0003245,-0.1110097,0.9937829,-0.0168180,0.0025320,-0.2225072,-0.0763235,0.0029149,-0.9970788,0.2231325
3/20/2026 11:53:7.177,-0.0083991,0.0003363,-0.1109785,0.9937874,-0.0166200,0.0025329,-0.2224441,-0.0754662,0.0030213,-0.9971437,0.2230522
3/20/2026 11:53:7.197,-0.0085675,0.0006176,-0.1109293,0.9937912,-0.0168924,0.0031287,-0.2223508,-0.0770032,0.0055508,-0.9970154,0.2229836
3/20/2026 11:53:7.217,-0.0088556,0.0008773,-0.1111022,0.9937692,-0.0174068,0.0037119,-0.2227052,-0.0794524,0.0078708,-0.9968076,0.2233787
3/20/2026 11:53:7.237,-0.0092410,0.0011910,-0.1112984,0.9937434,-0.0181022,0.0044249,-0.2231088,-0.0827393,0.0106639,-0.9965142,0.2238413
3/20/2026 11:53:7.257,-0.0093488,0.0013687,-0.1114720,0.9937227,-0.0182760,0.0048053,-0.2234622,-0.0835667,0.0122345,-0.9964271,0.2242114
3/20/2026 11:53:7.277,-0.0091968,0.0014744,-0.1116920,0.9936993,-0.0179493,0.0049855,-0.2239055,-0.0820558,0.0131553,-0.9965410,0.2246308
3/20/2026 11:53:7.297,-0.0088488,0.0014712,-0.1121397,0.9936520,-0.0172562,0.0049091,-0.2248036,-0.0786576,0.0130778,-0.9968160,0.2254727
3/20/2026 11:53:7.317,-0.0084227,0.0015773,-0.1125721,0.9936066,-0.0163834,0.0050315,-0.2256719,-0.0746051,0.0139713,-0.9971153,0.2262776
3/20/2026 11:53:7.337,-0.0079712,0.0017690,-0.1127257,0.9935927,-0.0154421,0.0053132,-0.2259802,-0.0705288,0.0156521,-0.9973869,0.2265246
3/20/2026 11:53:7.357,-0.0074386,0.0019555,-0.1128343,0.9935841,-0.0143409,0.0055652,-0.2261967,-0.0657721,0.0172907,-0.9976848,0.2266764
3/20/2026 11:53:7.377,-0.0066402,0.0019016,-0.1129523,0.9935764,-0.0127658,0.0052794,-0.2264269,-0.0586778,0.0168044,-0.9981355,0.2268124
3/20/2026 11:53:7.397,-0.0057970,0.0020502,-0.1129590,0.9935808,-0.0110567,0.0053841,-0.2264352,-0.0512441,0.0181231,-0.9985217,0.2267355
3/20/2026 11:53:7.417,-0.0050891,0.0023757,-0.1129725,0.9935824,-0.0095763,0.0058710,-0.2264601,-0.0449921,0.0210027,-0.9987665,0.2267070
3/20/2026 11:53:7.437,-0.0046921,0.0028079,-0.1130259,0.9935771,-0.0086893,0.0066406,-0.2265682,-0.0414651,0.0248138,-0.9988318,0.2267997
3/20/2026 11:53:7.457,-0.0044745,0.0029975,-0.1131724,0.9935609,-0.0082129,0.0069694,-0.2268628,-0.0394920,0.0264559,-0.9988695,0.2270872
3/20/2026 11:53:7.477,-0.0041450,0.0031252,-0.1131513,0.9935643,-0.0075296,0.0071484,-0.2268182,-0.0365942,0.0275902,-0.9989493,0.2270261
3/20/2026 11:53:7.497,-0.0037096,0.0032920,-0.1130937,0.9935720,-0.0066270,0.0073810,-0.2266995,-0.0327701,0.0290806,-0.9990397,0.2268903
3/20/2026 11:53:7.517,-0.0031255,0.0033863,-0.1131322,0.9935694,-0.0054447,0.0074365,-0.2267725,-0.0276043,0.0299076,-0.9991714,0.2269366
3/20/2026 11:53:7.537,-0.0023652,0.0033864,-0.1131877,0.9935651,-0.0039333,0.0072649,-0.2268778,-0.0208822,0.0298990,-0.9993348,0.2270124
3/20/2026 11:53:7.557,-0.0013655,0.0034165,-0.1130937,0.9935775,-0.0019407,0.0070980,-0.2266807,-0.0120676,0.0301934,-0.9994712,0.2267924
3/20/2026 11:53:7.577,-0.0000281,0.0034483,-0.1129664,0.9935929,0.0007232,0.0068588,-0.2264150,-0.0002490,0.0305108,-0.9995343,0.2265214
3/20/2026 11:53:7.597,0.0012626,0.0032539,-0.1129286,0.9935970,0.0032440,0.0061810,-0.2263314,0.0111754,0.0288000,-0.9995227,0.2264476
3/20/2026 11:53:7.617,0.0028189,0.0031400,-0.1128178,0.9936069,0.0063103,0.0056040,-0.2261012,0.0249688,0.0278131,-0.9993012,0.2262734
3/20/2026 11:53:7.637,0.0043383,0.0032373,-0.1125670,0.9936295,0.0093504,0.0054570,-0.2255900,0.0384956,0.0287261,-0.9988458,0.2258729
3/20/2026 11:53:7.657,0.0058976,0.0033897,-0.1123827,0.9936417,0.0124824,0.0054112,-0.2252126,0.0523821,0.0301071,-0.9981732,0.2256549
3/20/2026 11:53:7.677,0.0074780,0.0036295,-0.1121204,0.9936600,0.0156757,0.0055368,-0.2246778,0.0665136,0.0322826,-0.9972631,0.2253307
3/20/2026 11:53:7.697,0.0089643,0.0040372,-0.1118217,0.9936796,0.0187193,0.0060196,-0.2240666,0.0798579,0.0359651,-0.9961572,0.2249805
3/20/2026 11:53:7.717,0.0102966,0.0045296,-0.1114978,0.9937010,0.0214753,0.0067077,-0.2234024,0.0918818,0.0404201,-0.9949493,0.2246000
3/20/2026 11:53:7.737,0.0120599,0.0046998,-0.1112893,0.9937038,0.0250166,0.0066583,-0.2229760,0.1076396,0.0419477,-0.9933046,0.2245489
3/20/2026 11:53:7.757,0.0143290,0.0046537,-0.1111396,0.9936907,0.0295159,0.0060664,-0.2226753,0.1277595,0.0414933,-0.9909369,0.2247839
3/20/2026 11:53:7.777,0.0167582,0.0044531,-0.1109333,0.9936767,0.0342992,0.0051349,-0.2222696,0.1492533,0.0396608,-0.9880032,0.2250336
3/20/2026 11:53:7.797,0.0194015,0.0046319,-0.1104268,0.9936841,0.0395913,0.0049242,-0.2212516,0.1728978,0.0412772,-0.9840745,0.2249008
3/20/2026 11:53:7.817,0.0214442,0.0050595,-0.1099134,0.9936970,0.0437443,0.0053464,-0.2202086,0.1912956,0.0451339,-0.9804943,0.2246712
3/20/2026 11:53:7.837,0.0229633,0.0052491,-0.1095581,0.9937013,0.0468045,0.0054063,-0.2194917,0.2049162,0.0468407,-0.9776581,0.2245946
3/20/2026 11:53:7.857,0.0241068,0.0054274,-0.1090546,0.9937286,0.0491148,0.0055354,-0.2184749,0.2155878,0.0485370,-0.9752775,0.2241058
3/20/2026 11:53:7.877,0.0250193,0.0056582,-0.1085798,0.9937568,0.0509770,0.0058201,-0.2175120,0.2242507,0.0507147,-0.9732111,0.2236021
3/20/2026 11:53:7.897,0.0257449,0.0059728,-0.1083312,0.9937635,0.0524869,0.0063019,-0.2169992,0.2308789,0.0535638,-0.9715070,0.2234813
3/20/2026 11:53:7.917,0.0264737,0.0062027,-0.1082636,0.9937505,0.0539857,0.0066052,-0.2168546,0.2371644,0.0555665,-0.9698791,0.2237153
3/20/2026 11:53:7.937,0.0271158,0.0063469,-0.1082498,0.9937336,0.0552941,0.0067540,-0.2168225,0.2425936,0.0567829,-0.9684647,0.2240163
3/20/2026 11:53:7.957,0.0276976,0.0064648,-0.1082353,0.9937184,0.0564767,0.0068636,-0.2167898,0.2474992,0.0577678,-0.9671645,0.2242891
3/20/2026 11:53:7.977,0.0283650,0.0065841,-0.1082678,0.9936953,0.0578303,0.0069548,-0.2168521,0.2529988,0.0587262,-0.9656826,0.2247010
3/20/2026 11:53:7.997,0.0290603,0.0069256,-0.1082483,0.9936750,0.0592870,0.0074854,-0.2167969,0.2587852,0.0616734,-0.9639640,0.2250633
3/20/2026 11:53:8.017,0.0297959,0.0072680,-0.1079165,0.9936869,0.0608218,0.0080283,-0.2161121,0.2655843,0.0647833,-0.9619086,0.2248519
3/20/2026 11:53:8.037,0.0307462,0.0075418,-0.1074748,0.9937037,0.0627676,0.0083964,-0.2152104,0.2744207,0.0673134,-0.9592507,0.2245510
3/20/2026 11:53:8.057,0.0318929,0.0080429,-0.1070379,0.9937108,0.0651524,0.0091768,-0.2143042,0.2848149,0.0718262,-0.9558879,0.2244244
3/20/2026 11:53:8.077,0.0330178,0.0084989,-0.1065835,0.9937191,0.0674837,0.0098753,-0.2133640,0.2950555,0.0759480,-0.9524570,0.2242763
3/20/2026 11:53:8.097,0.0343333,0.0090697,-0.1057971,0.9937534,0.0702145,0.0107882,-0.2117463,0.3076525,0.0812714,-0.9480215,0.2236619
3/20/2026 11:53:8.117,0.0356714,0.0098172,-0.1047566,0.9938096,0.0730229,0.0120716,-0.2096017,0.3210804,0.0883648,-0.9429204,0.2226534
3/20/2026 11:53:8.137,0.0370021,0.0105087,-0.1036817,0.9938666,0.0758020,0.0132540,-0.2073885,0.3345972,0.0950263,-0.9375578,0.2216252
3/20/2026 11:53:8.157,0.0382595,0.0111078,-0.1026671,0.9939178,0.0784148,0.0142689,-0.2053009,0.3474162,0.1008649,-0.9322705,0.2206962
3/20/2026 11:53:8.177,0.0392573,0.0116808,-0.1016526,0.9939765,0.0805033,0.0152898,-0.2032128,0.3582066,0.1065828,-0.9275387,0.2196274
3/20/2026 11:53:8.197,0.0402386,0.0121670,-0.1007356,0.9940248,0.0825414,0.0161373,-0.2013262,0.3686372,0.1114654,-0.9228662,0.2187445
3/20/2026 11:53:8.217,0.0412835,0.0125995,-0.0997902,0.9940718,0.0846934,0.0168715,-0.1993854,0.3797053,0.1158838,-0.9178206,0.2178812
3/20/2026 11:53:8.237,0.0426882,0.0132586,-0.0986506,0.9941177,0.0876021,0.0180088,-0.1970316,0.3941474,0.1224188,-0.9108575,0.2170353
3/20/2026 11:53:8.257,0.0440121,0.0139802,-0.0970324,0.9942094,0.0903505,0.0193375,-0.1937045,0.4095649,0.1300964,-0.9029571,0.2153358
3/20/2026 11:53:8.277,0.0451832,0.0148074,-0.0951437,0.9943274,0.0928046,0.0209407,-0.1898197,0.4248016,0.1392157,-0.8945180,0.2131292
3/20/2026 11:53:8.297,0.0461183,0.0154569,-0.0927694,0.9944990,0.0947388,0.0222887,-0.1849701,0.4402822,0.1475636,-0.8856503,0.2098777
3/20/2026 11:53:8.317,0.0467535,0.0160180,-0.0905349,0.9946663,0.0960562,0.0235100,-0.1804105,0.4532759,0.1552947,-0.8777383,0.2066574
3/20/2026 11:53:8.337,0.0475218,0.0165232,-0.0882703,0.9948252,0.0976237,0.0246056,-0.1757933,0.4677246,0.1626269,-0.8687844,0.2035541
3/20/2026 11:53:8.357,0.0482010,0.0169392,-0.0859766,0.9949864,0.0989931,0.0255481,-0.1711258,0.4819559,0.1693731,-0.8596693,0.2003553
3/20/2026 11:53:8.377,0.0488255,0.0172157,-0.0836984,0.9951454,0.1002265,0.0262257,-0.1665030,0.4961129,0.1749280,-0.8504542,0.1971508
3/20/2026 11:53:8.397,0.0494020,0.0176002,-0.0812088,0.9953164,0.1013733,0.0271546,-0.1614436,0.5110342,0.1820640,-0.8400576,0.1936433
3/20/2026 11:53:8.417,0.0498998,0.0180059,-0.0785092,0.9955009,0.1023564,0.0281657,-0.1559594,0.5266370,0.1900322,-0.8285779,0.1897884
3/20/2026 11:53:8.437,0.0503915,0.0183723,-0.0758604,0.9956749,0.1033182,0.0290994,-0.1505812,0.5423886,0.1977499,-0.8165228,0.1860798
3/20/2026 11:53:8.457,0.0508224,0.0186804,-0.0733169,0.9958377,0.1041491,0.0299195,-0.1454219,0.5576051,0.2049544,-0.8044068,0.1825408
3/20/2026 11:53:8.477,0.0512947,0.0188609,-0.0709279,0.9959832,0.1050460,0.0304665,-0.1405861,0.5728609,0.2106396,-0.7921246,0.1793211
3/20/2026 11:53:8.497,0.0517249,0.0190550,-0.0687477,0.9961101,0.1058649,0.0310285,-0.1361697,0.5869948,0.2162438,-0.7801766,0.1764640
3/20/2026 11:53:8.517,0.0522311,0.0192982,-0.0666809,0.9962195,0.1068440,0.0316707,-0.1319749,0.6012376,0.2221437,-0.7675712,0.1739625
3/20/2026 11:53:8.537,0.0525713,0.0196680,-0.0646225,0.9963301,0.1075056,0.0325909,-0.1277858,0.6141809,0.2297775,-0.7549729,0.1713981
3/20/2026 11:53:8.557,0.0529141,0.0200344,-0.0623710,0.9964480,0.1081623,0.0335281,-0.1232084,0.6283547,0.2379087,-0.7406551,0.1686195
3/20/2026 11:53:8.577,0.0532476,0.0203996,-0.0599553,0.9965712,0.1087906,0.0344850,-0.1183005,0.6435445,0.2465470,-0.7246137,0.1656690
3/20/2026 11:53:8.597,0.0536165,0.0207585,-0.0575830,0.9966838,0.1094867,0.0354241,-0.1134795,0.6589041,0.2551057,-0.7076486,0.1629247
3/20/2026 11:53:8.617,0.0539595,0.0210856,-0.0551865,0.9967940,0.1101227,0.0363081,-0.1086137,0.6744001,0.2635330,-0.6897354,0.1601931
3/20/2026 11:53:8.637,0.0543215,0.0213211,-0.0526402,0.9969071,0.1107780,0.0370268,-0.1034558,0.6912000,0.2712955,-0.6698070,0.1573399
3/20/2026 11:53:8.657,0.0546872,0.0215532,-0.0501693,0.9970096,0.1114404,0.0377332,-0.0984498,0.7076506,0.2788976,-0.6491894,0.1547105
3/20/2026 11:53:8.677,0.0550311,0.0217896,-0.0476456,0.9971093,0.1120547,0.0384598,-0.0933375,0.7242618,0.2867718,-0.6270620,0.1521078
3/20/2026 11:53:8.697,0.0553658,0.0221738,-0.0448682,0.9972110,0.1126507,0.0395163,-0.0876983,0.7418328,0.2971014,-0.6011779,0.1494057
3/20/2026 11:53:8.717,0.0555602,0.0229468,-0.0414033,0.9973326,0.1129642,0.0414463,-0.0806367,0.7611893,0.3143771,-0.5672370,0.1461110
3/20/2026 11:53:8.737,0.0556905,0.0236709,-0.0376682,0.9974566,0.1131220,0.0433161,-0.0730396,0.7813076,0.3320900,-0.5284646,0.1426736
3/20/2026 11:53:8.757,0.0559856,0.0241749,-0.0336552,0.9975713,0.1135704,0.0447672,-0.0649034,0.8037832,0.3470784,-0.4831864,0.1394169
3/20/2026 11:53:8.777,0.0562734,0.0246434,-0.0304978,0.9976452,0.1140320,0.0460536,-0.0584914,0.8204737,0.3593041,-0.4446611,0.1372800
3/20/2026 11:53:8.797,0.0564907,0.0251884,-0.0275781,0.9977043,0.1143603,0.0474732,-0.0525512,0.8341609,0.3719415,-0.4072286,0.1355466
3/20/2026 11:53:8.817,0.0565916,0.0258343,-0.0246537,0.9977586,0.1144530,0.0491032,-0.0465944,0.8457043,0.3860669,-0.3684242,0.1339334
3/20/2026 11:53:8.837,0.0566539,0.0264946,-0.0218004,0.9978041,0.1144640,0.0507564,-0.0407811,0.8553655,0.4000175,-0.3291442,0.1325654
3/20/2026 11:53:8.857,0.0566479,0.0272147,-0.0189537,0.9978433,0.1143320,0.0525317,-0.0349778,0.8629827,0.4145935,-0.2887439,0.1313776
3/20/2026 11:53:8.877,0.0567142,0.0278029,-0.0159445,0.9978760,0.1143229,0.0540582,-0.0288601,0.8705982,0.4267926,-0.2447586,0.1303768
3/20/2026 11:53:8.897,0.0568172,0.0282236,-0.0128597,0.9979028,0.1143713,0.0552564,-0.0226079,0.8777397,0.4360114,-0.1986629,0.1295507
3/20/2026 11:53:8.917,0.0568127,0.0287450,-0.0096992,0.9979240,0.1141952,0.0566677,-0.0161981,0.8821136,0.4463144,-0.1505961,0.1288953
3/20/2026 11:53:8.937,0.0567754,0.0293560,-0.0064817,0.9979343,0.1139431,0.0582652,-0.0096660,0.8837527,0.4569484,-0.1008925,0.1285746
3/20/2026 11:53:8.957,0.0568755,0.0298180,-0.0031102,0.9979311,0.1139477,0.0595801,-0.0028340,0.8846281,0.4637811,-0.0483747,0.1286729
3/20/2026 11:53:8.977,0.0568492,0.0304168,0.0006348,0.9979192,0.1136679,0.0612121,0.0047561,0.8816835,0.4717385,0.0098459,0.1290433
3/20/2026 11:53:8.997,0.0566242,0.0310924,0.0043876,0.9979018,0.1129782,0.0629942,0.0123570,0.8745337,0.4802071,0.0677642,0.1295820
3/20/2026 11:53:9.017,0.0562714,0.0317655,0.0083105,0.9978755,0.1120098,0.0647823,0.0202892,0.8637145,0.4875716,0.1275583,0.1303933
3/20/2026 11:53:9.037,0.0559520,0.0322547,0.0130255,0.9978274,0.1110486,0.0662834,0.0297917,0.8492544,0.4895714,0.1977041,0.1318616
3/20/2026 11:53:9.057,0.0556515,0.0325473,0.0171115,0.9977731,0.1101639,0.0673127,0.0380089,0.8343242,0.4879476,0.2565347,0.1334998
3/20/2026 11:53:9.077,0.0553406,0.0328993,0.0211278,0.9977017,0.1092538,0.0684471,0.0460909,0.8167223,0.4855320,0.3118066,0.1356223
3/20/2026 11:53:9.097,0.0549858,0.0334222,0.0250702,0.9976127,0.1082444,0.0699076,0.0540386,0.7962271,0.4839737,0.3630315,0.1382258
3/20/2026 11:53:9.117,0.0546587,0.0339380,0.0286829,0.9975159,0.1073047,0.0713131,0.0613242,0.7759396,0.4817868,0.4071844,0.1409996
3/20/2026 11:53:9.137,0.0540284,0.0343042,0.0312869,0.9974595,0.1058332,0.0722819,0.0665428,0.7584311,0.4815501,0.4391944,0.1425933
3/20/2026 11:53:9.157,0.0534505,0.0344526,0.0332551,0.9974218,0.1045242,0.0727433,0.0704643,0.7448266,0.4800923,0.4634057,0.1436470
3/20/2026 11:53:9.177,0.0529639,0.0345445,0.0349901,0.9973853,0.1034176,0.0730699,0.0739184,0.7328717,0.4779993,0.4841651,0.1446601
3/20/2026 11:53:9.197,0.0524702,0.0346369,0.0364355,0.9973564,0.1023173,0.0733633,0.0767898,0.7220712,0.4766571,0.5014092,0.1454579
3/20/2026 11:53:9.217,0.0521830,0.0346598,0.0375357,0.9973298,0.1016605,0.0734971,0.0789776,0.7145483,0.4746000,0.5139802,0.1461878
3/20/2026 11:53:9.237,0.0519838,0.0346891,0.0384019,0.9973062,0.1011959,0.0736267,0.0807035,0.7087001,0.4729199,0.5235369,0.1468328
3/20/2026 11:53:9.257,0.0516444,0.0346996,0.0392047,0.9972922,0.1004572,0.0736986,0.0822884,0.7022575,0.4718428,0.5331030,0.1472142
3/20/2026 11:53:9.277,0.0512099,0.0347210,0.0401493,0.9972764,0.0995170,0.0737967,0.0841511,0.6943139,0.4707541,0.5443516,0.1476447
3/20/2026 11:53:9.297,0.0507660,0.0347757,0.0413366,0.9972486,0.0985371,0.0739830,0.0865034,0.6848248,0.4691179,0.5576229,0.1483960
3/20/2026 11:53:9.317,0.0503235,0.0348920,0.0425350,0.9972166,0.0975532,0.0742921,0.0888841,0.6749429,0.4679751,0.5704834,0.1492571
3/20/2026 11:53:9.337,0.0497963,0.0350323,0.0437201,0.9971869,0.0963985,0.0746371,0.0912327,0.6643420,0.4673720,0.5832779,0.1500512
3/20/2026 11:53:9.357,0.0493199,0.0351076,0.0451060,0.9971461,0.0953356,0.0748737,0.0939820,0.6532844,0.4650297,0.5974670,0.1511351
3/20/2026 11:53:9.377,0.0489121,0.0351667,0.0467462,0.9970887,0.0943916,0.0751062,0.0972457,0.6414571,0.4611937,0.6130523,0.1526497
3/20/2026 11:53:9.397,0.0484200,0.0352115,0.0484582,0.9970294,0.0932750,0.0753048,0.1006450,0.6286433,0.4571558,0.6291392,0.1541975
3/20/2026 11:53:9.417,0.0477809,0.0353024,0.0503453,0.9969634,0.0918460,0.0755918,0.1043870,0.6135888,0.4533440,0.6465200,0.1558999
3/20/2026 11:53:9.437,0.0468746,0.0355770,0.0527602,0.9968718,0.0898226,0.0762587,0.1091817,0.5930842,0.4501405,0.6675513,0.1582354
3/20/2026 11:53:9.457,0.0459336,0.0359121,0.0554423,0.9967580,0.0876996,0.0770568,0.1145135,0.5709041,0.4463485,0.6890875,0.1610890
3/20/2026 11:53:9.477,0.0448997,0.0362192,0.0582349,0.9966349,0.0853824,0.0777855,0.1200548,0.5477562,0.4418576,0.7104399,0.1641216
3/20/2026 11:53:9.497,0.0440036,0.0363706,0.0603664,0.9965424,0.0834084,0.0781534,0.1242668,0.5296165,0.4377480,0.7265556,0.1663635
3/20/2026 11:53:9.517,0.0433056,0.0364978,0.0622351,0.9964535,0.0818525,0.0784699,0.1279662,0.5146435,0.4337398,0.7396024,0.1684892
3/20/2026 11:53:9.537,0.0428423,0.0366754,0.0637505,0.9963712,0.0807854,0.0788859,0.1309809,0.5033425,0.4308894,0.7489864,0.1704358
3/20/2026 11:53:9.557,0.0426823,0.0367454,0.0649221,0.9962997,0.0803641,0.0790984,0.1333241,0.4966124,0.4275358,0.7553736,0.1721056
3/20/2026 11:53:9.577,0.0424752,0.0367477,0.0658496,0.9962476,0.0798770,0.0791484,0.1351676,0.4907658,0.4245894,0.7608370,0.1733136
3/20/2026 11:53:9.597,0.0421731,0.0367230,0.0666735,0.9962066,0.0792121,0.0791215,0.1367925,0.4846359,0.4220061,0.7661846,0.1742586
3/20/2026 11:53:9.617,0.0418620,0.0366232,0.0675615,0.9961635,0.0785349,0.0789470,0.1385392,0.4783607,0.4184968,0.7720308,0.1752463
3/20/2026 11:53:9.637,0.0415204,0.0365684,0.0683280,0.9961276,0.0778004,0.0788476,0.1400431,0.4722523,0.4159288,0.7771621,0.1760658
3/20/2026 11:53:9.657,0.0410306,0.0366148,0.0690796,0.9960944,0.0767573,0.0789265,0.1415113,0.4646949,0.4146840,0.7823655,0.1768194
3/20/2026 11:53:9.677,0.0404531,0.0367863,0.0700836,0.9960415,0.0755013,0.0792600,0.1434878,0.4550924,0.4138415,0.7884327,0.1780130
3/20/2026 11:53:9.697,0.0398676,0.0369292,0.0711570,0.9959837,0.0742275,0.0795381,0.1456003,0.4452737,0.4124557,0.7947400,0.1793105
3/20/2026 11:53:9.717,0.0392265,0.0371771,0.0721603,0.9959278,0.0728324,0.0800099,0.1475743,0.4350993,0.4123682,0.8004006,0.1805550
3/20/2026 11:53:9.737,0.0386122,0.0372745,0.0731096,0.9958789,0.0715169,0.0801782,0.1494312,0.4257441,0.4109943,0.8061177,0.1816348
3/20/2026 11:53:9.757,0.0382293,0.0370658,0.0739757,0.9958375,0.0707154,0.0797629,0.1511205,0.4194252,0.4066602,0.8116094,0.1825473
3/20/2026 11:53:9.777,0.0378187,0.0368423,0.0747610,0.9958029,0.0698680,0.0793065,0.1526441,0.4132060,0.4025387,0.8168374,0.1833030
3/20/2026 11:53:9.797,0.0372611,0.0366199,0.0754764,0.9957781,0.0687338,0.0788228,0.1540148,0.4059217,0.3989369,0.8222389,0.1838454
3/20/2026 11:53:9.817,0.0366459,0.0363690,0.0761847,0.9957561,0.0674905,0.0782710,0.1553649,0.3981902,0.3951815,0.8278142,0.1843227
3/20/2026 11:53:9.837,0.0359716,0.0361089,0.0769896,0.9957284,0.0661240,0.0776960,0.1569037,0.3895895,0.3910769,0.8338338,0.1849253
3/20/2026 11:53:9.857,0.0352899,0.0359468,0.0780929,0.9956726,0.0647052,0.0773331,0.1590482,0.3797460,0.3868147,0.8403378,0.1861286
3/20/2026 11:53:9.877,0.0346619,0.0357408,0.0791253,0.9956206,0.0634068,0.0768838,0.1610528,0.3707709,0.3823106,0.8463849,0.1872451
3/20/2026 11:53:9.897,0.0341302,0.0354623,0.0798903,0.9955878,0.0623333,0.0762870,0.1625251,0.3637276,0.3779244,0.8513961,0.1879452
3/20/2026 11:53:9.917,0.0335989,0.0351789,0.0804676,0.9955695,0.0612769,0.0756673,0.1636209,0.3573244,0.3741275,0.8557733,0.1883360
3/20/2026 11:53:9.937,0.0329059,0.0347624,0.0811320,0.9955533,0.0599144,0.0747588,0.1648707,0.3493200,0.3690283,0.8612744,0.1886793
3/20/2026 11:53:9.957,0.0317681,0.0343423,0.0819785,0.9955356,0.0576538,0.0737759,0.1664499,0.3365694,0.3638419,0.8685275,0.1890560
3/20/2026 11:53:9.977,0.0300972,0.0336133,0.0829941,0.9955281,0.0543725,0.0720906,0.1683103,0.3186053,0.3558266,0.8785660,0.1892138
3/20/2026 11:53:9.997,0.0281993,0.0326882,0.0840540,0.9955257,0.0506728,0.0699713,0.1702379,0.2984297,0.3459352,0.8895329,0.1892643
3/20/2026 11:53:10.017,0.0262633,0.0314078,0.0849310,0.9955453,0.0469749,0.0671212,0.1717873,0.2785552,0.3331185,0.9007991,0.1888488
3/20/2026 11:53:10.037,0.0241207,0.0301253,0.0856720,0.9955758,0.0428794,0.0642200,0.1730600,0.2567047,0.3206080,0.9117638,0.1882016
3/20/2026 11:53:10.057,0.0218822,0.0292013,0.0863686,0.9955948,0.0385370,0.0620109,0.1742635,0.2333832,0.3114446,0.9211593,0.1877965
3/20/2026 11:53:10.077,0.0194690,0.0285112,0.0871388,0.9955978,0.0338041,0.0602352,0.1756217,0.2077159,0.3041884,0.9296900,0.1877316
3/20/2026 11:53:10.097,0.0175974,0.0282075,0.0878599,0.9955779,0.0300871,0.0593194,0.1769370,0.1873261,0.3002721,0.9352784,0.1881559
3/20/2026 11:53:10.117,0.0160481,0.0278509,0.0884654,0.9955606,0.0270292,0.0583484,0.1780431,0.1704990,0.2958959,0.9398807,0.1885248
3/20/2026 11:53:10.137,0.0147934,0.0273315,0.0889600,0.9955504,0.0245949,0.0571001,0.1789443,0.1569889,0.2900435,0.9440494,0.1887413
3/20/2026 11:53:10.157,0.0136458,0.0266190,0.0893668,0.9955495,0.0224144,0.0554824,0.1796748,0.1447985,0.2824589,0.9482881,0.1887603
3/20/2026 11:53:10.177,0.0125538,0.0257821,0.0897092,0.9955552,0.0203716,0.0536242,0.1802803,0.1332943,0.2737508,0.9525194,0.1886401
3/20/2026 11:53:10.197,0.0111296,0.0249932,0.0901256,0.9955546,0.0176562,0.0518014,0.1810213,0.1181654,0.2653573,0.9568816,0.1886515
3/20/2026 11:53:10.217,0.0090152,0.0244834,0.0907665,0.9955304,0.0135057,0.0504105,0.1821857,0.0954579,0.2592433,0.9610831,0.1891659
3/20/2026 11:53:10.237,0.0063570,0.0244045,0.0916405,0.9954727,0.0081837,0.0497754,0.1838008,0.0668828,0.2567620,0.9641576,0.1903826
3/20/2026 11:53:10.257,0.0040836,0.0242753,0.0923868,0.9954190,0.0036443,0.0491029,0.1851832,0.0427107,0.2538995,0.9662871,0.1915105
3/20/2026 11:53:10.277,0.0026464,0.0239755,0.0930254,0.9953715,0.0008077,0.0482401,0.1863940,0.0275377,0.2494799,0.9679884,0.1925005
3/20/2026 11:53:10.297,0.0016535,0.0235248,0.0935380,0.9953364,-0.0011094,0.0471569,0.1873761,0.0171405,0.2438681,0.9696569,0.1932297
3/20/2026 11:53:10.317,0.0009513,0.0229241,0.0937703,0.9953296,-0.0024054,0.0458287,0.1878109,0.0098548,0.2374661,0.9713459,0.1933718
3/20/2026 11:53:10.337,-0.0004458,0.0226097,0.0942784,0.9952890,-0.0051506,0.0449380,0.1887699,-0.0045981,0.2332035,0.9724171,0.1942097
3/20/2026 11:53:10.357,-0.0025629,0.0226017,0.0950264,0.9952148,-0.0093970,0.0445167,0.1901802,-0.0262296,0.2313120,0.9725260,0.1957345
3/20/2026 11:53:10.377,-0.0050810,0.0228243,0.0955934,0.9951457,-0.0144769,0.0444749,0.1912098,-0.0516301,0.2319268,0.9713621,0.1971435
3/20/2026 11:53:10.397,-0.0075528,0.0230387,0.0959956,0.9950864,-0.0194559,0.0444240,0.1919118,-0.0762835,0.2326907,0.9695544,0.1983451
3/20/2026 11:53:10.417,-0.0097865,0.0230327,0.0961746,0.9950499,-0.0239087,0.0439817,0.1921816,-0.0984781,0.2317705,0.9677730,0.1990818
3/20/2026 11:53:10.437,-0.0114879,0.0231140,0.0962564,0.9950219,-0.0273145,0.0438167,0.1922773,-0.1152740,0.2319359,0.9658766,0.1996448
3/20/2026 11:53:10.457,-0.0132211,0.0233483,0.0962594,0.9949946,-0.0308097,0.0439526,0.1922098,-0.1323048,0.2336490,0.9632775,0.2001907
3/20/2026 11:53:10.477,-0.0150472,0.0236372,0.0962608,0.9949617,-0.0345003,0.0441799,0.1921338,-0.1500876,0.2357683,0.9601495,0.2008493
3/20/2026 11:53:10.497,-0.0164604,0.0238012,0.0961264,0.9949484,-0.0373390,0.0442427,0.1918047,-0.1639681,0.2370927,0.9575498,0.2011143
3/20/2026 11:53:10.517,-0.0177471,0.0240537,0.0959149,0.9949406,-0.0399394,0.0445098,0.1913221,-0.1766493,0.2394240,0.9547099,0.2012686
3/20/2026 11:53:10.537,-0.0191440,0.0242107,0.0957258,0.9949291,-0.0427420,0.0445661,0.1908842,-0.1903385,0.2407138,0.9517500,0.2014975
3/20/2026 11:53:10.557,-0.0203633,0.0242385,0.0954397,0.9949317,-0.0451621,0.0444042,0.1902636,-0.2025126,0.2410520,0.9491484,0.2014465
3/20/2026 11:53:10.577,-0.0216415,0.0243816,0.0951175,0.9949321,-0.0477200,0.0444643,0.1895634,-0.2152326,0.2424837,0.9459791,0.2014382
3/20/2026 11:53:10.597,-0.0234451,0.0247580,0.0949194,0.9949008,-0.0513737,0.0448870,0.1890825,-0.2324567,0.2454739,0.9411197,0.2020597
3/20/2026 11:53:10.617,-0.0255366,0.0250729,0.0949551,0.9948382,-0.0555997,0.0451222,0.1890641,-0.2516531,0.2470834,0.9357460,0.2032982
3/20/2026 11:53:10.637,-0.0279055,0.0252201,0.0950120,0.9947652,-0.0603479,0.0449705,0.1890886,-0.2730844,0.2468053,0.9297913,0.2047311
3/20/2026 11:53:10.657,-0.0304350,0.0252655,0.0950004,0.9946911,-0.0653938,0.0445901,0.1889784,-0.2957542,0.2455194,0.9231737,0.2061761
3/20/2026 11:53:10.677,-0.0329691,0.0253587,0.0949527,0.9946126,-0.0704570,0.0443075,0.1887953,-0.3180411,0.2446260,0.9159738,0.2076961
3/20/2026 11:53:10.697,-0.0355387,0.0253782,0.0946091,0.9945562,-0.0755644,0.0438948,0.1880237,-0.3410577,0.2435494,0.9079446,0.2087812
3/20/2026 11:53:10.717,-0.0375493,0.0252641,0.0940749,0.9945360,-0.0795255,0.0433377,0.1868979,-0.3596846,0.2420049,0.9011440,0.2091687
3/20/2026 11:53:10.737,-0.0393255,0.0251123,0.0936558,0.9945107,-0.0830184,0.0427429,0.1860162,-0.3758340,0.2399985,0.8950696,0.2096534
3/20/2026 11:53:10.757,-0.0409823,0.0249227,0.0934211,0.9944707,-0.0862749,0.0420814,0.1855145,-0.3902511,0.2373244,0.8895961,0.2104176
3/20/2026 11:53:10.777,-0.0424589,0.0243405,0.0932373,0.9944404,-0.0891025,0.0406654,0.1851575,-0.4032125,0.2311506,0.8854316,0.2109935
3/20/2026 11:53:10.797,-0.0436741,0.0242048,0.0931447,0.9943997,-0.0914958,0.0401813,0.1849538,-0.4132496,0.2290286,0.8813459,0.2117642
3/20/2026 11:53:10.817,-0.0447903,0.0240652,0.0931776,0.9943504,-0.0936961,0.0396961,0.1850070,-0.4219611,0.2267143,0.8778095,0.2126961
3/20/2026 11:53:10.837,-0.0458982,0.0239149,0.0934687,0.9942761,-0.0958885,0.0391658,0.1855832,-0.4295944,0.2238366,0.8748404,0.2140909
3/20/2026 11:53:10.857,-0.0470419,0.0238951,0.0940459,0.9941687,-0.0981873,0.0388603,0.1867241,-0.4362366,0.2215883,0.8721216,0.2160922
3/20/2026 11:53:10.877,-0.0484417,0.0238910,0.0945437,0.9940545,-0.1009965,0.0385441,0.1876996,-0.4448897,0.2194153,0.8682914,0.2182000
3/20/2026 11:53:10.897,-0.0499346,0.0237412,0.0949556,0.9939449,-0.1039602,0.0379255,0.1885166,-0.4544453,0.2160640,0.8641735,0.2202042
3/20/2026 11:53:10.917,-0.0512038,0.0235520,0.0952893,0.9938529,-0.1064676,0.0372758,0.1891867,-0.4625059,0.2127372,0.8607155,0.2218719
3/20/2026 11:53:10.937,-0.0524664,0.0232917,0.0955894,0.9937643,-0.1089468,0.0364868,0.1897987,-0.4705449,0.2088915,0.8572934,0.2234663
3/20/2026 11:53:10.957,-0.0537675,0.0231609,0.0957561,0.9936819,-0.1115222,0.0359631,0.1901291,-0.4790635,0.2063616,0.8531781,0.2249401
3/20/2026 11:53:10.977,-0.0553202,0.0229708,0.0956443,0.9936118,-0.1145783,0.0353047,0.1899021,-0.4901971,0.2035460,0.8475115,0.2261868
3/20/2026 11:53:10.997,-0.0569040,0.0226292,0.0952652,0.9935666,-0.1176587,0.0343695,0.1891552,-0.5024632,0.1998157,0.8411923,0.2269861
3/20/2026 11:53:11.017,-0.0581239,0.0219724,0.0947829,0.9935568,-0.1199514,0.0328855,0.1882446,-0.5128475,0.1938701,0.8363025,0.2271587
3/20/2026 11:53:11.037,-0.0591395,0.0212073,0.0942896,0.9935604,-0.1218176,0.0312255,0.1873304,-0.5219550,0.1871724,0.8321837,0.2270945
3/20/2026 11:53:11.057,-0.0602387,0.0206697,0.0938158,0.9935505,-0.1238953,0.0300045,0.1864301,-0.5312513,0.1822879,0.8273713,0.2272691
3/20/2026 11:53:11.077,-0.0615274,0.0201942,0.0932018,0.9935391,-0.1263601,0.0288929,0.1852403,-0.5421394,0.1779381,0.8212326,0.2274709
3/20/2026 11:53:11.097,-0.0630561,0.0197285,0.0926091,0.9935082,-0.1293077,0.0277571,0.1840943,-0.5542822,0.1734198,0.8140619,0.2280154
3/20/2026 11:53:11.117,-0.0646937,0.0193761,0.0920258,0.9934639,-0.1324953,0.0268303,0.1829554,-0.5667595,0.1697475,0.8062069,0.2287916
3/20/2026 11:53:11.137,-0.0662413,0.0188535,0.0913861,0.9934310,-0.1354722,0.0255896,0.1817285,-0.5788680,0.1647570,0.7986031,0.2293673
3/20/2026 11:53:11.157,-0.0675436,0.0183225,0.0907750,0.9934093,-0.1379605,0.0243750,0.1805643,-0.5892780,0.1598532,0.7919586,0.2297462
3/20/2026 11:53:11.177,-0.0687965,0.0179664,0.0903980,0.9933642,-0.1403888,0.0234894,0.1798524,-0.5981724,0.1562143,0.7859941,0.2305322
3/20/2026 11:53:11.197,-0.0698423,0.0178256,0.0901502,0.9933163,-0.1424462,0.0230558,0.1793729,-0.6050923,0.1544354,0.7810332,0.2313641
3/20/2026 11:53:11.217,-0.0707923,0.0175050,0.0898624,0.9932808,-0.1442795,0.0222851,0.1788390,-0.6117071,0.1512586,0.7764891,0.2319778
3/20/2026 11:53:11.237,-0.0717517,0.0172127,0.0895162,0.9932483,-0.1461357,0.0215787,0.1781844,-0.6185092,0.1483757,0.7716418,0.2325385
3/20/2026 11:53:11.257,-0.0725896,0.0169220,0.0891802,0.9932227,-0.1477505,0.0208967,0.1775507,-0.6245506,0.1455944,0.7672932,0.2329799
3/20/2026 11:53:11.277,-0.0732852,0.0165673,0.0886560,0.9932246,-0.1490663,0.0201406,0.1765459,-0.6306197,0.1425622,0.7628858,0.2329471
3/20/2026 11:53:11.297,-0.0739958,0.0159613,0.0878415,0.9932542,-0.1503634,0.0189220,0.1749920,-0.6381259,0.1376468,0.7575279,0.2324377
3/20/2026 11:53:11.317,-0.0749807,0.0152916,0.0869510,0.9932693,-0.1521983,0.0175417,0.1732980,-0.6473384,0.1320184,0.7506825,0.2321775
3/20/2026 11:53:11.337,-0.0758874,0.0147594,0.0862577,0.9932689,-0.1539063,0.0164232,0.1719837,-0.6551489,0.1274204,0.7446770,0.2321837
3/20/2026 11:53:11.357,-0.0767222,0.0141838,0.0854567,0.9932823,-0.1554633,0.0152486,0.1704592,-0.6630184,0.1225735,0.7385001,0.2319520
3/20/2026 11:53:11.377,-0.0776138,0.0136353,0.0843862,0.9933124,-0.1571366,0.0141641,0.1683868,-0.6722178,0.1180959,0.7308739,0.2314322
3/20/2026 11:53:11.397,-0.0784261,0.0129207,0.0831511,0.9933622,-0.1586241,0.0127884,0.1660080,-0.6817932,0.1123259,0.7228700,0.2305664
3/20/2026 11:53:11.417,-0.0792386,0.0121427,0.0818683,0.9934141,-0.1601048,0.0112960,0.1635445,-0.6915560,0.1059758,0.7145064,0.2296630
3/20/2026 11:53:11.437,-0.0800497,0.0114840,0.0806183,0.9934590,-0.1616064,0.0100417,0.1611304,-0.7010279,0.1005697,0.7060069,0.2288772
3/20/2026 11:53:11.457,-0.0813367,0.0110591,0.0795540,0.9934452,-0.1641022,0.0091551,0.1590642,-0.7115442,0.0967469,0.6959490,0.2291203
3/20/2026 11:53:11.477,-0.0826244,0.0107033,0.0788044,0.9934025,-0.1666153,0.0083589,0.1576263,-0.7204784,0.0933321,0.6871680,0.2298658
3/20/2026 11:53:11.497,-0.0836704,0.0102807,0.0781406,0.9933719,-0.1686365,0.0074548,0.1563711,-0.7279159,0.0894400,0.6798079,0.2303985
3/20/2026 11:53:11.517,-0.0844647,0.0095387,0.0773796,0.9933717,-0.1701051,0.0059654,0.1549697,-0.7348126,0.0829834,0.6731747,0.2304026
3/20/2026 11:53:11.537,-0.0852812,0.0087774,0.0765625,0.9933722,-0.1716172,0.0044452,0.1534607,-0.7419474,0.0763639,0.6660950,0.2303933
3/20/2026 11:53:11.557,-0.0861663,0.0080227,0.0756211,0.9933742,-0.1732699,0.0029513,0.1517021,-0.7497672,0.0698087,0.6580091,0.2303580
3/20/2026 11:53:11.577,-0.0870534,0.0074027,0.0745515,0.9933827,-0.1749495,0.0017543,0.1496620,-0.7579604,0.0644543,0.6491084,0.2302107
3/20/2026 11:53:11.597,-0.0879278,0.0068590,0.0735361,0.9933853,-0.1766179,0.0007065,0.1477200,-0.7657220,0.0597318,0.6403919,0.2301650
3/20/2026 11:53:11.617,-0.0888444,0.0062869,0.0725531,0.9933798,-0.1783691,-0.0004078,0.1458513,-0.7733850,0.0547270,0.6315699,0.2302615
3/20/2026 11:53:11.637,-0.0900386,0.0057195,0.0715071,0.9933515,-0.1806793,-0.0015389,0.1438634,-0.7821190,0.0496823,0.6211453,0.2307539
3/20/2026 11:53:11.657,-0.0913760,0.0052545,0.0703942,0.9933114,-0.1832939,-0.0024673,0.1417273,-0.7913631,0.0455068,0.6096504,0.2314487
3/20/2026 11:53:11.677,-0.0926748,0.0048119,0.0693621,0.9932659,-0.1858368,-0.0033550,0.1397518,-0.7999057,0.0415332,0.5986868,0.2322351
3/20/2026 11:53:11.697,-0.0938652,0.0042975,0.0683295,0.9932281,-0.1881547,-0.0043677,0.1377872,-0.8079208,0.0369900,0.5881289,0.2328866
3/20/2026 11:53:11.717,-0.0950440,0.0038282,0.0672667,0.9931905,-0.1904580,-0.0052778,0.1357542,-0.8158110,0.0328591,0.5773844,0.2335331
3/20/2026 11:53:11.737,-0.0964716,0.0034350,0.0660562,0.9931354,-0.1932735,-0.0060347,0.1334157,-0.8247548,0.0293662,0.5647275,0.2344777
3/20/2026 11:53:11.757,-0.0976068,0.0029462,0.0649598,0.9930984,-0.1954920,-0.0069620,0.1313199,-0.8322260,0.0251203,0.5538671,0.2351087
3/20/2026 11:53:11.777,-0.0985493,0.0026108,0.0639892,0.9930694,-0.1973451,-0.0075739,0.1294444,-0.8385001,0.0222138,0.5444484,0.2356042
3/20/2026 11:53:11.797,-0.0993588,0.0021119,0.0628503,0.9930626,-0.1989136,-0.0084620,0.1272554,-0.8449786,0.0179599,0.5344984,0.2357188
3/20/2026 11:53:11.817,-0.1003948,0.0016383,0.0615747,0.9930391,-0.2009432,-0.0092970,0.1247923,-0.8523583,0.0139089,0.5227730,0.2361179
3/20/2026 11:53:11.837,-0.1016048,0.0014354,0.0602680,0.9929966,-0.2033581,-0.0095941,0.1222174,-0.8600133,0.0121499,0.5101269,0.2368385
3/20/2026 11:53:11.857,-0.1027092,0.0012229,0.0589450,0.9929627,-0.2055617,-0.0098881,0.1196074,-0.8672713,0.0103262,0.4977286,0.2374119
3/20/2026 11:53:11.877,-0.1037692,0.0010779,0.0576820,0.9929268,-0.2076845,-0.0100467,0.1171035,-0.8740051,0.0090786,0.4858319,0.2380171
3/20/2026 11:53:11.897,-0.1047564,0.0009634,0.0563197,0.9929014,-0.2096669,-0.0101081,0.1143880,-0.8807495,0.0081000,0.4735132,0.2384444
3/20/2026 11:53:11.917,-0.1055727,0.0007013,0.0548387,0.9928981,-0.2112915,-0.0104182,0.1114557,-0.8874047,0.0058947,0.4609535,0.2385006
3/20/2026 11:53:11.937,-0.1062591,0.0003655,0.0533852,0.9929044,-0.2126482,-0.0108644,0.1085908,-0.8935612,0.0030736,0.4489309,0.2383953
3/20/2026 11:53:11.957,-0.1070579,0.0001663,0.0521189,0.9928858,-0.2142451,-0.0110829,0.1060814,-0.8991131,0.0013963,0.4377142,0.2387079
3/20/2026 11:53:11.977,-0.1082637,0.0000158,0.0506300,0.9928322,-0.2166683,-0.0111933,0.1031215,-0.9058399,0.0001323,0.4236201,0.2396063
3/20/2026 11:53:11.997,-0.1092766,-0.0002504,0.0492439,0.9927908,-0.2186920,-0.0115345,0.1003894,-0.9117026,-0.0020889,0.4108455,0.2402975
3/20/2026 11:53:12.017,-0.1099689,-0.0001186,0.0480276,0.9927741,-0.2201101,-0.0110657,0.0979032,-0.9164131,-0.0009880,0.4002328,0.2405768
3/20/2026 11:53:12.037,-0.1105223,-0.0001941,0.0469343,0.9927648,-0.2212273,-0.0110289,0.0957087,-0.9204426,-0.0016161,0.3908744,0.2407317
3/20/2026 11:53:12.057,-0.1109928,-0.0001597,0.0457134,0.9927693,-0.2221896,-0.0107287,0.0932259,-0.9246465,-0.0013302,0.3808241,0.2406563
3/20/2026 11:53:12.077,-0.1113899,-0.0001540,0.0444388,0.9927827,-0.2230019,-0.0104652,0.0906370,-0.9288125,-0.0012841,0.3705480,0.2404327
3/20/2026 11:53:12.097,-0.1116904,-0.0003423,0.0429532,0.9928144,-0.2236049,-0.0105370,0.0876585,-0.9333549,-0.0028601,0.3589436,0.2399033
3/20/2026 11:53:12.117,-0.1120960,-0.0005037,0.0411237,0.9928460,-0.2244259,-0.0104829,0.0839753,-0.9388090,-0.0042187,0.3444126,0.2393748
3/20/2026 11:53:12.137,-0.1125711,-0.0005939,0.0392668,0.9928674,-0.2253932,-0.0102801,0.0802213,-0.9441941,-0.0049812,0.3293516,0.2390171
3/20/2026 11:53:12.157,-0.1130094,-0.0006229,0.0376069,0.9928818,-0.2262893,-0.0099916,0.0768535,-0.9488285,-0.0052295,0.3157483,0.2387750
3/20/2026 11:53:12.177,-0.1135833,-0.0005311,0.0360561,0.9928738,-0.2274659,-0.0094900,0.0736832,-0.9531197,-0.0044569,0.3025606,0.2389081
3/20/2026 11:53:12.197,-0.1142149,-0.0004000,0.0345082,0.9928565,-0.2287605,-0.0089092,0.0705097,-0.9572570,-0.0033523,0.2892196,0.2391990
3/20/2026 11:53:12.217,-0.1147842,-0.0002815,0.0328870,0.9928460,-0.2299282,-0.0083280,0.0671865,-0.9613187,-0.0023575,0.2754285,0.2393758
3/20/2026 11:53:12.237,-0.1154670,-0.0001120,0.0309722,0.9928284,-0.2313286,-0.0075767,0.0632531,-0.9658566,-0.0009365,0.2590757,0.2396701
3/20/2026 11:53:12.257,-0.1159195,0.0001371,0.0293024,0.9928263,-0.2322666,-0.0067013,0.0597941,-0.9695038,0.0011463,0.2450736,0.2397040
3/20/2026 11:53:12.277,-0.1163062,0.0004034,0.0273264,0.9928374,-0.2330729,-0.0057098,0.0557027,-0.9734857,0.0033766,0.2287227,0.2395195
3/20/2026 11:53:12.297,-0.1167827,0.0006508,0.0251958,0.9928377,-0.2340565,-0.0047214,0.0513004,-0.9774938,0.0054473,0.2108940,0.2395145
3/20/2026 11:53:12.317,-0.1172777,0.0009707,0.0231919,0.9928278,-0.2350772,-0.0036117,0.0471378,-0.9809701,0.0081193,0.1939887,0.2396791
3/20/2026 11:53:12.337,-0.1178894,0.0012689,0.0211692,0.9928004,-0.2363288,-0.0025424,0.0429418,-0.9842021,0.0105935,0.1767317,0.2401383
3/20/2026 11:53:12.357,-0.1185424,0.0014765,0.0189817,0.9927665,-0.2376567,-0.0016141,0.0384288,-0.9873466,0.0122976,0.1580994,0.2407029
3/20/2026 11:53:12.377,-0.1190166,0.0016358,0.0166722,0.9927509,-0.2386203,-0.0007417,0.0336744,-0.9902387,0.0136100,0.1387156,0.2409619
3/20/2026 11:53:12.397,-0.1193434,0.0018147,0.0142718,0.9927489,-0.2392847,0.0002023,0.0287264,-0.9928123,0.0150960,0.1187263,0.2409967
3/20/2026 11:53:12.417,-0.1196667,0.0020273,0.0118853,0.9927410,-0.2399400,0.0012154,0.0237973,-0.9949625,0.0168558,0.0988198,0.2411265
3/20/2026 11:53:12.437,-0.1199871,0.0022953,0.0098058,0.9927244,-0.2405874,0.0022695,0.0194808,-0.9964961,0.0190629,0.0814374,0.2414029
3/20/2026 11:53:12.457,-0.1203787,0.0025530,0.0079364,0.9926931,-0.2413757,0.0032522,0.0155953,-0.9976104,0.0211571,0.0657711,0.2419231
3/20/2026 11:53:12.477,-0.1207391,0.0026265,0.0056412,0.9926648,-0.2420945,0.0039680,0.0108831,-0.9986746,0.0217247,0.0466599,0.2423909
3/20/2026 11:53:12.497,-0.1211394,0.0027341,0.0036616,0.9926250,-0.2428933,0.0046781,0.0068067,-0.9992892,0.0225540,0.0302045,0.2430487
3/20/2026 11:53:12.517,-0.1215890,0.0029374,0.0018713,0.9925746,-0.2437910,0.0055399,0.0030920,-0.9995900,0.0241483,0.0153838,0.2438792
3/20/2026 11:53:12.537,-0.1219923,0.0031155,0.0000601,0.9925262,-0.2445930,0.0063591,-0.0006606,-0.9996740,0.0255301,0.0004922,0.2446737
3/20/2026 11:53:12.557,-0.1223198,0.0033069,-0.0015590,0.9924840,-0.2452415,0.0071597,-0.0040241,-0.9995537,0.0270224,-0.0127399,0.2453634
3/20/2026 11:53:12.577,-0.1226412,0.0034885,-0.0030098,0.9924404,-0.2458771,0.0079002,-0.0070419,-0.9992950,0.0284249,-0.0245246,0.2460755
3/20/2026 11:53:12.597,-0.1229928,0.0037374,-0.0045182,0.9923903,-0.2465708,0.0087954,-0.0101957,-0.9988655,0.0303523,-0.0366935,0.2468910
3/20/2026 11:53:12.617,-0.1234334,0.0041520,-0.0062105,0.9923249,-0.2474376,0.0100805,-0.0137709,-0.9981735,0.0335758,-0.0502227,0.2479508
3/20/2026 11:53:12.637,-0.1237328,0.0044701,-0.0082333,0.9922713,-0.2480142,0.0112530,-0.0179976,-0.9971460,0.0360237,-0.0663508,0.2488160
3/20/2026 11:53:12.657,-0.1238902,0.0047032,-0.0104646,0.9922297,-0.2483002,0.0123039,-0.0226285,-0.9957395,0.0378010,-0.0841072,0.2494856
3/20/2026 11:53:12.677,-0.1241016,0.0050508,-0.0124798,0.9921783,-0.2486914,0.0135369,-0.0268478,-0.9941670,0.0404611,-0.0999745,0.2503102
3/20/2026 11:53:12.697,-0.1242784,0.0053814,-0.0143981,0.9921283,-0.2490106,0.0147111,-0.0308647,-0.9924381,0.0429740,-0.1149776,0.2511111
3/20/2026 11:53:12.717,-0.1244454,0.0056823,-0.0165660,0.9920719,-0.2493038,0.0158895,-0.0353858,-0.9902419,0.0452152,-0.1318199,0.2520091
3/20/2026 11:53:12.737,-0.1247588,0.0061963,-0.0192203,0.9919816,-0.2498708,0.0176378,-0.0409629,-0.9871514,0.0490284,-0.1520805,0.2534421
3/20/2026 11:53:12.757,-0.1250288,0.0066945,-0.0217734,0.9918916,-0.2503452,0.0193288,-0.0463293,-0.9838051,0.0526768,-0.1713268,0.2548634
3/20/2026 11:53:12.777,-0.1251003,0.0070115,-0.0242948,0.9918219,-0.2504230,0.0206319,-0.0515789,-0.9801775,0.0549363,-0.1903527,0.2559576
3/20/2026 11:53:12.797,-0.1251452,0.0073061,-0.0269418,0.9917457,-0.2504404,0.0219204,-0.0570799,-0.9760135,0.0569805,-0.2101208,0.2571485
3/20/2026 11:53:12.817,-0.1252934,0.0076118,-0.0296832,0.9916465,-0.2506582,0.0232636,-0.0627815,-0.9713699,0.0590122,-0.2301264,0.2586919
3/20/2026 11:53:12.837,-0.1254478,0.0077742,-0.0326024,0.9915339,-0.2508882,0.0243617,-0.0688121,-0.9661126,0.0598718,-0.2510810,0.2604310
3/20/2026 11:53:12.857,-0.1255601,0.0079256,-0.0349577,0.9914383,-0.2510447,0.0252894,-0.0736834,-0.9615836,0.0606972,-0.2677181,0.2619004
3/20/2026 11:53:12.877,-0.1256448,0.0081132,-0.0370566,0.9913499,-0.2511465,0.0262236,-0.0780380,-0.9573197,0.0618165,-0.2823435,0.2632508
3/20/2026 11:53:12.897,-0.1259046,0.0083229,-0.0388549,0.9912463,-0.2516045,0.0271419,-0.0817913,-0.9536329,0.0630397,-0.2942965,0.2648247
3/20/2026 11:53:12.917,-0.1261952,0.0084725,-0.0404394,0.9911447,-0.2521330,0.0278866,-0.0850933,-0.9503589,0.0638050,-0.3045437,0.2663589
3/20/2026 11:53:12.937,-0.1263449,0.0085906,-0.0418646,0.9910655,-0.2523838,0.0285134,-0.0880542,-0.9472752,0.0644080,-0.3138811,0.2675494
3/20/2026 11:53:12.957,-0.1266330,0.0087223,-0.0433338,0.9909643,-0.2529091,0.0291948,-0.0911170,-0.9441337,0.0650309,-0.3230827,0.2690628
3/20/2026 11:53:12.977,-0.1270307,0.0089397,-0.0447405,0.9908490,-0.2536476,0.0300484,-0.0940809,-0.9411377,0.0662317,-0.3314712,0.2707763
3/20/2026 11:53:12.997,-0.1273484,0.0090824,-0.0463804,0.9907315,-0.2542232,0.0308042,-0.0975006,-0.9375201,0.0668634,-0.3414458,0.2725124
3/20/2026 11:53:13.017,-0.1274969,0.0091363,-0.0478789,0.9906406,-0.2544698,0.0313242,-0.1005982,-0.9340664,0.0669346,-0.3507702,0.2738466
3/20/2026 11:53:13.037,-0.1275190,0.0091071,-0.0494242,0.9905621,-0.2544681,0.0316724,-0.1037629,-0.9303548,0.0664437,-0.3605898,0.2749944
3/20/2026 11:53:13.057,-0.1275251,0.0089473,-0.0511880,0.9904732,-0.2544408,0.0318089,-0.1073414,-0.9260684,0.0649740,-0.3717199,0.2762890
3/20/2026 11:53:13.077,-0.1277305,0.0087350,-0.0532762,0.9903385,-0.2548107,0.0319481,-0.1115849,-0.9211025,0.0629908,-0.3841906,0.2782387
3/20/2026 11:53:13.097,-0.1279898,0.0084276,-0.0553758,0.9901925,-0.2553000,0.0319042,-0.1158311,-0.9161104,0.0603217,-0.3963622,0.2803369
3/20/2026 11:53:13.117,-0.1282517,0.0082972,-0.0569726,0.9900692,-0.2557910,0.0320928,-0.1190927,-0.9122930,0.0590204,-0.4052629,0.2820969
3/20/2026 11:53:13.137,-0.1284546,0.0083285,-0.0582374,0.9899690,-0.2561541,0.0325182,-0.1217118,-0.9091858,0.0589483,-0.4121970,0.2835179
3/20/2026 11:53:13.157,-0.1286369,0.0083710,-0.0594692,0.9898717,-0.2564750,0.0329560,-0.1242654,-0.9061158,0.0589649,-0.4189002,0.2848916
3/20/2026 11:53:13.177,-0.1288114,0.0085375,-0.0607652,0.9897689,-0.2567614,0.0336646,-0.1269832,-0.9027973,0.0598367,-0.4258833,0.2863365
3/20/2026 11:53:13.197,-0.1289746,0.0087171,-0.0619886,0.9896702,-0.2570245,0.0343799,-0.1295553,-0.8996351,0.0608043,-0.4323881,0.2877167
3/20/2026 11:53:13.217,-0.1292657,0.0089426,-0.0633314,0.9895452,-0.2575332,0.0352406,-0.1323948,-0.8962865,0.0620051,-0.4391194,0.2894561
3/20/2026 11:53:13.237,-0.1296697,0.0093347,-0.0644079,0.9894192,-0.2582542,0.0363899,-0.1347405,-0.8937480,0.0643393,-0.4439313,0.2911974
3/20/2026 11:53:13.257,-0.1299617,0.0096744,-0.0653927,0.9893130,-0.2587582,0.0373924,-0.1368766,-0.8913235,0.0663507,-0.4484864,0.2926579
3/20/2026 11:53:13.277,-0.1302749,0.0098145,-0.0664503,0.9892000,-0.2593285,0.0380105,-0.1391120,-0.8888083,0.0669602,-0.4533609,0.2942040
3/20/2026 11:53:13.297,-0.1306291,0.0098885,-0.0676564,0.9890707,-0.2599837,0.0385412,-0.1416395,-0.8859696,0.0670674,-0.4588680,0.2959629
3/20/2026 11:53:13.317,-0.1309294,0.0100569,-0.0689947,0.9889370,-0.2605106,0.0392938,-0.1444608,-0.8826471,0.0677978,-0.4651211,0.2977717
3/20/2026 11:53:13.337,-0.1311274,0.0101689,-0.0704238,0.9888087,-0.2608353,0.0399404,-0.1474466,-0.8789356,0.0681611,-0.4720447,0.2994962
3/20/2026 11:53:13.357,-0.1312723,0.0100616,-0.0719116,0.9886836,-0.2610825,0.0401465,-0.1504907,-0.8750529,0.0670703,-0.4793578,0.3011680
3/20/2026 11:53:13.377,-0.1313541,0.0097859,-0.0736372,0.9885484,-0.2612192,0.0400621,-0.1539748,-0.8704464,0.0648481,-0.4879731,0.3029657
3/20/2026 11:53:13.397,-0.1314163,0.0094947,-0.0755696,0.9883971,-0.2613117,0.0399994,-0.1578794,-0.8651959,0.0625095,-0.4975223,0.3049641
3/20/2026 11:53:13.417,-0.1315788,0.0092370,-0.0774697,0.9882308,-0.2616029,0.0400150,-0.1617356,-0.8601602,0.0603840,-0.5064368,0.3071460
3/20/2026 11:53:13.437,-0.1319364,0.0090925,-0.0791974,0.9880475,-0.2622753,0.0402527,-0.1652852,-0.8558981,0.0589849,-0.5137697,0.3095331
3/20/2026 11:53:13.457,-0.1322292,0.0090977,-0.0805620,0.9878980,-0.2628068,0.0406884,-0.1681225,-0.8525141,0.0586551,-0.5194027,0.3114674
3/20/2026 11:53:13.477,-0.1324762,0.0089809,-0.0821819,0.9877326,-0.2632562,0.0409371,-0.1714501,-0.8483620,0.0575125,-0.5262835,0.3135930
3/20/2026 11:53:13.497,-0.1326180,0.0087576,-0.0839012,0.9875710,-0.2635087,0.0409765,-0.1749451,-0.8437660,0.0557189,-0.5338112,0.3156559
3/20/2026 11:53:13.517,-0.1327642,0.0084793,-0.0861546,0.9873597,-0.2637585,0.0410515,-0.1795275,-0.8376525,0.0534985,-0.5435772,0.3183334
3/20/2026 11:53:13.537,-0.1329793,0.0081946,-0.0886085,0.9871160,-0.2641405,0.0411839,-0.1845293,-0.8310864,0.0512142,-0.5537802,0.3213942
3/20/2026 11:53:13.557,-0.1330453,0.0080125,-0.0904326,0.9869431,-0.2642311,0.0413247,-0.1882477,-0.8260130,0.0497460,-0.5614515,0.3235477
3/20/2026 11:53:13.577,-0.1330298,0.0082050,-0.0917331,0.9868237,-0.2641084,0.0420710,-0.1909797,-0.8221872,0.0507108,-0.5669538,0.3250268
3/20/2026 11:53:13.597,-0.1331481,0.0084682,-0.0929871,0.9866880,-0.2642407,0.0429774,-0.1936483,-0.8187457,0.0520718,-0.5717902,0.3267001
3/20/2026 11:53:13.617,-0.1333161,0.0085309,-0.0942665,0.9865434,-0.2645096,0.0434927,-0.1963209,-0.8153908,0.0521772,-0.5765547,0.3284737
3/20/2026 11:53:13.637,-0.1334679,0.0085076,-0.0955429,0.9864003,-0.2647623,0.0438283,-0.1989631,-0.8120416,0.0517615,-0.5812995,0.3302197
3/20/2026 11:53:13.657,-0.1334525,0.0085371,-0.0966972,0.9862896,-0.2646739,0.0442022,-0.2013512,-0.8086871,0.0517325,-0.5859598,0.3315639
3/20/2026 11:53:13.677,-0.1334579,0.0086051,-0.0976709,0.9861924,-0.2646271,0.0446095,-0.2033793,-0.8058859,0.0519617,-0.5897864,0.3327400
3/20/2026 11:53:13.697,-0.1335132,0.0086464,-0.0986173,0.9860904,-0.2646866,0.0449663,-0.2053492,-0.8032780,0.0520209,-0.5933282,0.3339701
3/20/2026 11:53:13.717,-0.1335972,0.0087594,-0.0994641,0.9859930,-0.2647928,0.0454487,-0.2071360,-0.8010028,0.0525181,-0.5963526,0.3351400
3/20/2026 11:53:13.737,-0.1335018,0.0088579,-0.1002491,0.9859255,-0.2645445,0.0458436,-0.2087729,-0.7985236,0.0529822,-0.5996273,0.3359481
3/20/2026 11:53:13.757,-0.1333604,0.0088996,-0.1007553,0.9858927,-0.2642285,0.0460350,-0.2098139,-0.7967555,0.0531703,-0.6019581,0.3363408
3/20/2026 11:53:13.777,-0.1331964,0.0088728,-0.1011579,0.9858738,-0.2638867,0.0460526,-0.2106203,-0.7952495,0.0529751,-0.6039634,0.3365658
3/20/2026 11:53:13.797,-0.1329954,0.0089916,-0.1014135,0.9858736,-0.2634464,0.0463183,-0.2111583,-0.7940437,0.0536841,-0.6054855,0.3365679
3/20/2026 11:53:13.817,-0.1327215,0.0091100,-0.1016657,0.9858834,-0.2628602,0.0465650,-0.2116811,-0.7926831,0.0544099,-0.6072010,0.3364512
3/20/2026 11:53:13.837,-0.1325507,0.0092210,-0.1019141,0.9858798,-0.2624823,0.0468193,-0.2122051,-0.7915598,0.0550655,-0.6086057,0.3364939
3/20/2026 11:53:13.857,-0.1322217,0.0091296,-0.1020742,0.9859083,-0.2618347,0.0465992,-0.2124761,-0.7903864,0.0545741,-0.6101729,0.3361541
3/20/2026 11:53:13.877,-0.1316069,0.0089217,-0.1022904,0.9859700,-0.2606366,0.0460897,-0.2128018,-0.7884285,0.0534480,-0.6127999,0.3354158
3/20/2026 11:53:13.897,-0.1308322,0.0087750,-0.1026880,0.9860331,-0.2590968,0.0457160,-0.2135014,-0.7855431,0.0526869,-0.6165598,0.3346587
3/20/2026 11:53:13.917,-0.1301081,0.0087008,-0.1032702,0.9860687,-0.2576346,0.0455504,-0.2146063,-0.7821879,0.0523079,-0.6208430,0.3342311
3/20/2026 11:53:13.937,-0.1295065,0.0085672,-0.1039102,0.9860818,-0.2564286,0.0453064,-0.2158280,-0.7789357,0.0515286,-0.6249833,0.3340734
3/20/2026 11:53:13.957,-0.1288438,0.0083983,-0.1045761,0.9860998,-0.2551073,0.0449816,-0.2170875,-0.7754445,0.0505451,-0.6293895,0.3338568
3/20/2026 11:53:13.977,-0.1283091,0.0082250,-0.1051173,0.9861135,-0.2540494,0.0446439,-0.2181025,-0.7726025,0.0495262,-0.6329553,0.3336917
3/20/2026 11:53:13.997,-0.1275534,0.0080556,-0.1055597,0.9861655,-0.2525530,0.0442345,-0.2188923,-0.7694890,0.0485970,-0.6368084,0.3330645
3/20/2026 11:53:14.017,-0.1266640,0.0079322,-0.1059161,0.9862429,-0.2507832,0.0438634,-0.2195033,-0.7662560,0.0479861,-0.6407410,0.3321290
3/20/2026 11:53:14.037,-0.1256673,0.0077509,-0.1063304,0.9863273,-0.2488090,0.0433629,-0.2202089,-0.7625518,0.0470327,-0.6452153,0.3311070
3/20/2026 11:53:14.057,-0.1246037,0.0075964,-0.1067604,0.9864170,-0.2466950,0.0429037,-0.2209475,-0.7585726,0.0462463,-0.6499452,0.3300166
3/20/2026 11:53:14.077,-0.1233962,0.0075194,-0.1072255,0.9865190,-0.2442749,0.0425748,-0.2217638,-0.7540370,0.0459485,-0.6552228,0.3287725
3/20/2026 11:53:14.097,-0.1220522,0.0073443,-0.1077916,0.9866258,-0.2415999,0.0420375,-0.2227512,-0.7487765,0.0450564,-0.6612894,0.3274645
3/20/2026 11:53:14.117,-0.1205983,0.0075548,-0.1083755,0.9867390,-0.2386185,0.0422586,-0.2238586,-0.7429875,0.0465439,-0.6676850,0.3260721
3/20/2026 11:53:14.137,-0.1190183,0.0082724,-0.1086985,0.9868895,-0.2352822,0.0434115,-0.2245367,-0.7374234,0.0512550,-0.6734833,0.3242131
3/20/2026 11:53:14.157,-0.1158266,0.0068140,-0.1103532,0.9870968,-0.2291607,0.0400739,-0.2272833,-0.7233505,0.0425543,-0.6891685,0.3216341
3/20/2026 11:53:14.177,-0.1140919,0.0068993,-0.1107670,0.9872519,-0.2256566,0.0399203,-0.2279875,-0.7168098,0.0433465,-0.6959202,0.3196911
3/20/2026 11:53:14.197,-0.1127666,0.0072311,-0.1114104,0.9873294,-0.2229056,0.0404163,-0.2292569,-0.7106326,0.0455688,-0.7020860,0.3187160
3/20/2026 11:53:14.217,-0.1119259,0.0077549,-0.1119827,0.9873563,-0.2210811,0.0414004,-0.2304672,-0.7060808,0.0489215,-0.7064394,0.3183762
3/20/2026 11:53:14.237,-0.1112130,0.0085822,-0.1126047,0.9873593,-0.2194385,0.0430387,-0.2318564,-0.7016656,0.0541469,-0.7104459,0.3183386
3/20/2026 11:53:14.257,-0.1109568,0.0094364,-0.1131275,0.9873206,-0.2187042,0.0448204,-0.2330903,-0.6989859,0.0594460,-0.7126604,0.3188264
3/20/2026 11:53:14.277,-0.1107596,0.0101633,-0.1134694,0.9872963,-0.2181241,0.0463176,-0.2339302,-0.6970800,0.0639638,-0.7141345,0.3191327
3/20/2026 11:53:14.297,-0.1103883,0.0105791,-0.1136852,0.9873087,-0.2172748,0.0471135,-0.2344257,-0.6950802,0.0666134,-0.7158394,0.3189766
3/20/2026 11:53:14.317,-0.1099264,0.0107562,-0.1137921,0.9873460,-0.2163057,0.0473792,-0.2346365,-0.6931847,0.0678278,-0.7175614,0.3185063
3/20/2026 11:53:14.337,-0.1094800,0.0109738,-0.1139294,0.9873773,-0.2153565,0.0477370,-0.2349195,-0.6912218,0.0692852,-0.7193135,0.3181107
3/20/2026 11:53:14.357,-0.1091458,0.0113611,-0.1142924,0.9873679,-0.2145801,0.0485156,-0.2357125,-0.6888586,0.0717042,-0.7213407,0.3182296
3/20/2026 11:53:14.377,-0.1087845,0.0119486,-0.1147104,0.9873525,-0.2136988,0.0497030,-0.2366573,-0.6861590,0.0753661,-0.7235369,0.3184244
3/20/2026 11:53:14.397,-0.1080829,0.0125349,-0.1153283,0.9873501,-0.2121275,0.0508437,-0.2379746,-0.6816752,0.0790569,-0.7273713,0.3184544
3/20/2026 11:53:14.417,-0.1072265,0.0129600,-0.1160761,0.9873504,-0.2102777,0.0516451,-0.2395058,-0.6762804,0.0817394,-0.7320952,0.3184507
3/20/2026 11:53:14.437,-0.1059116,0.0131518,-0.1168639,0.9873970,-0.2075669,0.0518626,-0.2410204,-0.6692096,0.0831007,-0.7384124,0.3178622
3/20/2026 11:53:14.457,-0.1041241,0.0132128,-0.1175742,0.9875020,-0.2039496,0.0516734,-0.2422996,-0.6606551,0.0838336,-0.7459938,0.3165330
3/20/2026 11:53:14.477,-0.1021520,0.0132260,-0.1184517,0.9876028,-0.1999680,0.0513700,-0.2438931,-0.6507586,0.0842562,-0.7545954,0.3152514
3/20/2026 11:53:14.497,-0.0994443,0.0130389,-0.1196425,0.9877381,-0.1945549,0.0505279,-0.2460144,-0.6369728,0.0835182,-0.7663487,0.3135220
3/20/2026 11:53:14.517,-0.0968567,0.0127607,-0.1207334,0.9878661,-0.1894121,0.0495047,-0.2479313,-0.6236421,0.0821640,-0.7773799,0.3118784
3/20/2026 11:53:14.537,-0.0943623,0.0125012,-0.1218617,0.9879723,-0.1844519,0.0485421,-0.2499424,-0.6102411,0.0808452,-0.7880799,0.3105076
3/20/2026 11:53:14.557,-0.0921148,0.0121945,-0.1229392,0.9880549,-0.1800009,0.0475323,-0.2518699,-0.5977461,0.0791322,-0.7977705,0.3094380
3/20/2026 11:53:14.577,-0.0904540,0.0123167,-0.1238346,0.9880948,-0.1766207,0.0474993,-0.2535605,-0.5879512,0.0800586,-0.8049248,0.3089193
3/20/2026 11:53:14.597,-0.0892647,0.0125801,-0.1245316,0.9881122,-0.1741529,0.0478351,-0.2549151,-0.5806388,0.0818294,-0.8100386,0.3086937
3/20/2026 11:53:14.617,-0.0877011,0.0125726,-0.1251547,0.9881735,-0.1710130,0.0475109,-0.2560376,-0.5719374,0.0819915,-0.8161893,0.3078948
3/20/2026 11:53:14.637,-0.0858903,0.0126477,-0.1257894,0.9882510,-0.1673607,0.0472844,-0.2571757,-0.5619619,0.0827511,-0.8230134,0.3068825
3/20/2026 11:53:14.657,-0.0840989,0.0128288,-0.1262821,0.9883399,-0.1637270,0.0472480,-0.2580445,-0.5523223,0.0842536,-0.8293621,0.3057166
3/20/2026 11:53:14.677,-0.0824891,0.0131407,-0.1266409,0.9884256,-0.1604277,0.0474976,-0.2586786,-0.5437394,0.0866186,-0.8347722,0.3045887
3/20/2026 11:53:14.697,-0.0811258,0.0134644,-0.1269557,0.9884937,-0.1576178,0.0478287,-0.2592468,-0.5363237,0.0890135,-0.8393054,0.3036900
3/20/2026 11:53:14.717,-0.0799732,0.0137310,-0.1272402,0.9885473,-0.1552431,0.0480958,-0.2597629,-0.5299339,0.0909870,-0.8431438,0.3029799
3/20/2026 11:53:14.737,-0.0786044,0.0137869,-0.1276831,0.9885992,-0.1524860,0.0479064,-0.2605498,-0.5220408,0.0915640,-0.8479913,0.3022911
3/20/2026 11:53:14.757,-0.0767066,0.0137040,-0.1283607,0.9886616,-0.1487030,0.0473293,-0.2617477,-0.5108306,0.0912626,-0.8548236,0.3014618
3/20/2026 11:53:14.777,-0.0750057,0.0135831,-0.1289254,0.9887204,-0.1453278,0.0467093,-0.2627302,-0.5007940,0.0906913,-0.8608022,0.3006780
3/20/2026 11:53:14.797,-0.0736212,0.0134328,-0.1294257,0.9887611,-0.1425931,0.0461046,-0.2636072,-0.4924351,0.0898487,-0.8656991,0.3001339
3/20/2026 11:53:14.817,-0.0722729,0.0133686,-0.1298946,0.9888000,-0.1399098,0.0456755,-0.2644373,-0.4842498,0.0895737,-0.8703325,0.2996120
3/20/2026 11:53:14.837,-0.0706529,0.0135590,-0.1302720,0.9888649,-0.1366243,0.0456655,-0.2650944,-0.4747640,0.0911121,-0.8753844,0.2987417
3/20/2026 11:53:14.857,-0.0687341,0.0141610,-0.1304955,0.9889622,-0.1326435,0.0463722,-0.2654688,-0.4638904,0.0955735,-0.8807220,0.2974316
3/20/2026 11:53:14.877,-0.0666508,0.0147007,-0.1306944,0.9890706,-0.1283542,0.0469047,-0.2657700,-0.4520440,0.0997042,-0.8864058,0.2959645
3/20/2026 11:53:14.897,-0.0645657,0.0149774,-0.1308524,0.9891838,-0.1241336,0.0469059,-0.2659549,-0.4401768,0.1021083,-0.8920865,0.2944243
3/20/2026 11:53:14.917,-0.0623139,0.0152883,-0.1310069,0.9893031,-0.1195737,0.0469288,-0.2661245,-0.4271730,0.1048039,-0.8980753,0.2927936
3/20/2026 11:53:14.937,-0.0599780,0.0160439,-0.1311868,0.9894116,-0.1147280,0.0478172,-0.2663902,-0.4132513,0.1105435,-0.9038825,0.2913025
3/20/2026 11:53:14.957,-0.0575202,0.0174830,-0.1313291,0.9895142,-0.1094606,0.0500277,-0.2666407,-0.3982421,0.1210439,-0.9092588,0.2898847
3/20/2026 11:53:14.977,-0.0548317,0.0186084,-0.1314949,0.9896244,-0.1038181,0.0515511,-0.2668784,-0.3816259,0.1295136,-0.9151983,0.2883547
3/20/2026 11:53:14.997,-0.0517209,0.0192625,-0.1315587,0.9897708,-0.0974697,0.0520098,-0.2668249,-0.3625298,0.1350176,-0.9221402,0.2863097
3/20/2026 11:53:15.017,-0.0478197,0.0195223,-0.1315323,0.9899655,-0.0896642,0.0514618,-0.2664929,-0.3384023,0.1381521,-0.9308050,0.2835677
3/20/2026 11:53:15.037,-0.0444339,0.0196512,-0.1314801,0.9901276,-0.0829180,0.0507949,-0.2661449,-0.3170007,0.1401955,-0.9380062,0.2812646
3/20/2026 11:53:15.057,-0.0411900,0.0197310,-0.1314322,0.9902726,-0.0764666,0.0500727,-0.2658198,-0.2960299,0.1418051,-0.9445938,0.2791870
3/20/2026 11:53:15.077,-0.0379343,0.0198612,-0.1313006,0.9904175,-0.0699831,0.0494445,-0.2653360,-0.2746747,0.1438111,-0.9507219,0.2770964
3/20/2026 11:53:15.097,-0.0350158,0.0201989,-0.1311076,0.9905437,-0.0641169,0.0493188,-0.2647706,-0.2552209,0.1472245,-0.9556083,0.2752630
3/20/2026 11:53:15.117,-0.0324809,0.0203156,-0.1308771,0.9906582,-0.0590717,0.0488583,-0.2641451,-0.2381839,0.1489752,-0.9597265,0.2735897
3/20/2026 11:53:15.137,-0.0300453,0.0203101,-0.1304115,0.9907965,-0.0542668,0.0481723,-0.2630487,-0.2219654,0.1500448,-0.9634407,0.2715532
3/20/2026 11:53:15.157,-0.0274158,0.0202188,-0.1298452,0.9909490,-0.0491044,0.0472657,-0.2617388,-0.2042307,0.1506173,-0.9672663,0.2692911
3/20/2026 11:53:15.177,-0.0249298,0.0202845,-0.1293869,0.9910733,-0.0441798,0.0467206,-0.2606685,-0.1869938,0.1521501,-0.9705068,0.2674323
3/20/2026 11:53:15.197,-0.0225640,0.0204191,-0.1290667,0.9911690,-0.0394690,0.0463547,-0.2598911,-0.1701589,0.1539833,-0.9733114,0.2659933
3/20/2026 11:53:15.217,-0.0199609,0.0204956,-0.1286985,0.9912710,-0.0343046,0.0458144,-0.2590052,-0.1514027,0.1554584,-0.9761711,0.2644498
3/20/2026 11:53:15.237,-0.0168639,0.0206370,-0.1281877,0.9913917,-0.0281503,0.0452755,-0.2578121,-0.1288017,0.1576198,-0.9790639,0.2626124
3/20/2026 11:53:15.257,-0.0140568,0.0207655,-0.1276312,0.9915048,-0.0225760,0.0447926,-0.2565472,-0.1080698,0.1596469,-0.9812409,0.2608795
3/20/2026 11:53:15.277,-0.0110271,0.0207226,-0.1270091,0.9916238,-0.0166063,0.0439193,-0.2551414,-0.0853753,0.1604411,-0.9833462,0.2590429
3/20/2026 11:53:15.297,-0.0080321,0.0207011,-0.1264536,0.9917240,-0.0106959,0.0431067,-0.2538795,-0.0625607,0.1612382,-0.9849306,0.2574877
3/20/2026 11:53:15.317,-0.0054493,0.0208116,-0.1259474,0.9918037,-0.0055669,0.0426684,-0.2527430,-0.0426486,0.1628817,-0.9857234,0.2562423
3/20/2026 11:53:15.337,-0.0032049,0.0210623,-0.1254289,0.9918739,-0.0010742,0.0425991,-0.2516006,-0.0251910,0.1655509,-0.9858795,0.2551409
3/20/2026 11:53:15.357,-0.0012512,0.0212643,-0.1250059,0.9919273,0.0028340,0.0425112,-0.2506644,-0.0098673,0.1676896,-0.9857904,0.2543000
3/20/2026 11:53:15.377,0.0007182,0.0215438,-0.1245557,0.9919785,0.0067918,0.0425768,-0.2496738,0.0056820,0.1704315,-0.9853532,0.2534912
3/20/2026 11:53:15.398,0.0027970,0.0217485,-0.1241132,0.9920258,0.0109482,0.0424711,-0.2486957,0.0221924,0.1725586,-0.9847493,0.2527422
3/20/2026 11:53:15.417,0.0048239,0.0220823,-0.1235622,0.9920794,0.0150291,0.0426405,-0.2475008,0.0384031,0.1757971,-0.9836770,0.2518895
3/20/2026 11:53:15.437,0.0072994,0.0227334,-0.1228151,0.9921424,0.0200695,0.0433388,-0.2458875,0.0583419,0.1817004,-0.9816217,0.2508844
3/20/2026 11:53:15.457,0.0094008,0.0231994,-0.1223518,0.9921711,0.0243338,0.0437621,-0.2448629,0.0752751,0.1857646,-0.9797066,0.2504257
3/20/2026 11:53:15.477,0.0112965,0.0233884,-0.1222032,0.9921651,0.0281359,0.0436805,-0.2444874,0.0904204,0.1872071,-0.9781501,0.2505211
3/20/2026 11:53:15.497,0.0130949,0.0236344,-0.1219596,0.9921672,0.0317549,0.0437405,-0.2439230,0.1048290,0.1892013,-0.9763267,0.2504877
3/20/2026 11:53:15.517,0.0146618,0.0240219,-0.1214634,0.9921970,0.0349374,0.0441485,-0.2428537,0.1175940,0.1926668,-0.9741926,0.2500111
3/20/2026 11:53:15.537,0.0161043,0.0247275,-0.1205928,0.9922634,0.0379324,0.0452363,-0.2410217,0.1297156,0.1991734,-0.9713413,0.2489427
3/20/2026 11:53:15.557,0.0176942,0.0254561,-0.1195355,0.9923459,0.0412149,0.0463482,-0.2388044,0.1432839,0.2061384,-0.9679756,0.2476112
3/20/2026 11:53:15.577,0.0192318,0.0262662,-0.1183663,0.9924362,0.0444052,0.0476472,-0.2363571,0.1566596,0.2139610,-0.9641984,0.2461434
3/20/2026 11:53:15.597,0.0209222,0.0272294,-0.1172887,0.9925041,0.0479365,0.0492192,-0.2340778,0.1711959,0.2228047,-0.9597136,0.2450359
3/20/2026 11:53:15.617,0.0228437,0.0282891,-0.1162581,0.9925532,0.0519482,0.0509360,-0.2318746,0.1875331,0.2322363,-0.9544097,0.2442298
3/20/2026 11:53:15.638,0.0247475,0.0293481,-0.1150208,0.9926211,0.0559102,0.0526767,-0.2292494,0.2040894,0.2420296,-0.9485617,0.2431126
3/20/2026 11:53:15.657,0.0265637,0.0306010,-0.1135331,0.9927076,0.0597239,0.0548492,-0.2261059,0.2203579,0.2538490,-0.9418085,0.2416819
3/20/2026 11:53:15.677,0.0279911,0.0316663,-0.1121156,0.9927961,0.0627206,0.0567418,-0.2231249,0.2336149,0.2642885,-0.9357220,0.2402100
3/20/2026 11:53:15.697,0.0295795,0.0326701,-0.1105726,0.9928905,0.0660112,0.0584950,-0.2198829,0.2485008,0.2744652,-0.9289328,0.2386288
3/20/2026 11:53:15.717,0.0311826,0.0335339,-0.1090248,0.9929838,0.0692952,0.0599778,-0.2166347,0.2636988,0.2835828,-0.9219781,0.2370563
3/20/2026 11:53:15.737,0.0329104,0.0340143,-0.1078233,0.9930429,0.0727622,0.0606558,-0.2141015,0.2794855,0.2888595,-0.9156681,0.2360542
3/20/2026 11:53:15.757,0.0344671,0.0343655,-0.1066878,0.9931006,0.0758641,0.0611162,-0.2117170,0.2939228,0.2930571,-0.9097950,0.2350711
3/20/2026 11:53:15.777,0.0359509,0.0349854,-0.1052424,0.9931806,0.0788571,0.0621596,-0.2086892,0.3083627,0.3000812,-0.9026980,0.2337039
3/20/2026 11:53:15.797,0.0373040,0.0357932,-0.1035862,0.9932760,0.0816123,0.0636312,-0.2052248,0.3222233,0.3091730,-0.8947538,0.2320612
3/20/2026 11:53:15.817,0.0386702,0.0364278,-0.1020752,0.9933571,0.0843635,0.0647525,-0.2020629,0.3360505,0.3165635,-0.8870499,0.2306555
3/20/2026 11:53:15.837,0.0400072,0.0371141,-0.1003799,0.9934516,0.0870513,0.0660079,-0.1985237,0.3501578,0.3248361,-0.8785619,0.2290077
3/20/2026 11:53:15.857,0.0414037,0.0380203,-0.0983415,0.9935639,0.0898732,0.0677327,-0.1942674,0.3655199,0.3356507,-0.8681784,0.2270335
3/20/2026 11:53:15.877,0.0427395,0.0386912,-0.0963350,0.9936780,0.0925251,0.0690083,-0.1900957,0.3806914,0.3446327,-0.8580806,0.2250102
3/20/2026 11:53:15.898,0.0439417,0.0393217,-0.0942668,0.9937991,0.0948943,0.0702448,-0.1858072,0.3951937,0.3536430,-0.8477963,0.2228411
3/20/2026 11:53:15.918,0.0449882,0.0402437,-0.0919003,0.9939371,0.0969796,0.0721317,-0.1808956,0.4091666,0.3660157,-0.8358320,0.2203452
3/20/2026 11:53:15.937,0.0458156,0.0410958,-0.0896972,0.9940657,0.0986196,0.0739109,-0.1763287,0.4211690,0.3777817,-0.8245591,0.2179941
3/20/2026 11:53:15.957,0.0468042,0.0419330,-0.0875082,0.9941797,0.1005721,0.0756404,-0.1717799,0.4344409,0.3892259,-0.8122588,0.2158875
3/20/2026 11:53:15.977,0.0480334,0.0428987,-0.0848953,0.9943065,0.1029856,0.0776422,-0.1663462,0.4507703,0.4025834,-0.7967011,0.2135211
3/20/2026 11:53:15.997,0.0493039,0.0437912,-0.0821657,0.9944347,0.1054507,0.0795177,-0.1606778,0.4679777,0.4156521,-0.7798911,0.2111010
3/20/2026 11:53:16.017,0.0505476,0.0445885,-0.0796503,0.9945414,0.1078554,0.0811985,-0.1554484,0.4844392,0.4273281,-0.7633539,0.2090659
3/20/2026 11:53:16.037,0.0516935,0.0453187,-0.0771386,0.9946476,0.1100473,0.0827718,-0.1502359,0.5002928,0.4385974,-0.7465516,0.2070211
3/20/2026 11:53:16.057,0.0526500,0.0462083,-0.0744335,0.9947626,0.1118605,0.0847250,-0.1446261,0.5150988,0.4520771,-0.7282168,0.2047824
3/20/2026 11:53:16.077,0.0534078,0.0472460,-0.0716370,0.9948787,0.1132798,0.0870230,-0.1388262,0.5283903,0.4674286,-0.7087412,0.2024978
3/20/2026 11:53:16.097,0.0541655,0.0483499,-0.0687025,0.9949917,0.1146832,0.0894792,-0.1327379,0.5418813,0.4837010,-0.6873121,0.2002504
3/20/2026 11:53:16.117,0.0550177,0.0493135,-0.0657019,0.9951004,0.1162378,0.0916602,-0.1265226,0.5564581,0.4987654,-0.6645205,0.1980632
3/20/2026 11:53:16.137,0.0559666,0.0503261,-0.0626224,0.9951952,0.1179720,0.0939493,-0.1201316,0.5716077,0.5139989,-0.6395856,0.1961355
3/20/2026 11:53:16.157,0.0569090,0.0511914,-0.0597488,0.9952743,0.1196829,0.0959308,-0.1141692,0.5860646,0.5271835,-0.6153097,0.1945132
3/20/2026 11:53:16.178,0.0576518,0.0515813,-0.0572635,0.9953575,0.1209706,0.0969401,-0.1090593,0.5989991,0.5359270,-0.5949641,0.1927930
3/20/2026 11:53:16.197,0.0584055,0.0518752,-0.0550242,0.9954247,0.1222899,0.0977326,-0.1044538,0.6112523,0.5429090,-0.5758650,0.1913908
3/20/2026 11:53:16.217,0.0589273,0.0522445,-0.0527979,0.9954951,0.1231515,0.0987024,-0.0998842,0.6215096,0.5510261,-0.5568628,0.1899104
3/20/2026 11:53:16.237,0.0592736,0.0526816,-0.0502349,0.9955842,0.1236314,0.0998697,-0.0946434,0.6314194,0.5611971,-0.5351331,0.1880226
3/20/2026 11:53:16.257,0.0596966,0.0531874,-0.0480279,0.9956409,0.1243016,0.1011280,-0.0901030,0.6400422,0.5702526,-0.5149349,0.1868098
3/20/2026 11:53:16.277,0.0601863,0.0537097,-0.0459019,0.9956838,0.1251100,0.1024084,-0.0857164,0.6484742,0.5786923,-0.4945670,0.1858886
3/20/2026 11:53:16.297,0.0605890,0.0541281,-0.0437417,0.9957338,0.1257273,0.1034939,-0.0812813,0.6566314,0.5866113,-0.4740489,0.1848078
3/20/2026 11:53:16.317,0.0609431,0.0545740,-0.0412426,0.9957945,0.1262100,0.1046844,-0.0761653,0.6652078,0.5956877,-0.4501718,0.1834866
3/20/2026 11:53:16.337,0.0613137,0.0549340,-0.0382536,0.9958713,0.1266624,0.1057663,-0.0700731,0.6754327,0.6051539,-0.4214019,0.1818029
3/20/2026 11:53:16.357,0.0615528,0.0553975,-0.0349065,0.9959539,0.1268146,0.1071127,-0.0632606,0.6849317,0.6164380,-0.3884233,0.1799736
3/20/2026 11:53:16.377,0.0615729,0.0560541,-0.0315545,0.9960277,0.1265315,0.1088605,-0.0564363,0.6914827,0.6295047,-0.3543663,0.1783239
3/20/2026 11:53:16.397,0.0616541,0.0567795,-0.0284060,0.9960763,0.1263862,0.1107180,-0.0500074,0.6966657,0.6415847,-0.3209767,0.1772294
3/20/2026 11:53:16.417,0.0620739,0.0573098,-0.0255980,0.9960960,0.1269377,0.1121293,-0.0442517,0.7031711,0.6492038,-0.2899739,0.1767843
3/20/2026 11:53:16.437,0.0626356,0.0576805,-0.0228559,0.9961061,0.1277674,0.1132110,-0.0386325,0.7104554,0.6542509,-0.2592468,0.1765533
3/20/2026 11:53:16.457,0.0631077,0.0580587,-0.0200786,0.9961142,0.1284091,0.1143201,-0.0329504,0.7165527,0.6592243,-0.2279811,0.1763706
3/20/2026 11:53:16.477,0.0635462,0.0584925,-0.0174181,0.9961111,0.1289932,0.1155309,-0.0274987,0.7212371,0.6638787,-0.1976921,0.1764410
3/20/2026 11:53:16.497,0.0638789,0.0588551,-0.0149882,0.9961079,0.1293855,0.1165733,-0.0225308,0.7247235,0.6677278,-0.1700456,0.1765127
3/20/2026 11:53:16.518,0.0640933,0.0593405,-0.0125401,0.9960992,0.1295368,0.1178685,-0.0175234,0.7263425,0.6724812,-0.1421113,0.1767100
3/20/2026 11:53:16.538,0.0640048,0.0599565,-0.0100906,0.9960958,0.1290781,0.1194279,-0.0125321,0.7250273,0.6791686,-0.1143037,0.1767870
3/20/2026 11:53:16.558,0.0637743,0.0604897,-0.0077286,0.9960995,0.1283382,0.1208065,-0.0077453,0.7227556,0.6855310,-0.0875884,0.1767046
3/20/2026 11:53:16.577,0.0634616,0.0609036,-0.0058304,0.9961072,0.1274843,0.1218812,-0.0039171,0.7199181,0.6909004,-0.0661410,0.1765289
3/20/2026 11:53:16.597,0.0631483,0.0612197,-0.0041177,0.9961162,0.1266486,0.1227322,-0.0004754,0.7172004,0.6952959,-0.0467663,0.1763246
3/20/2026 11:53:16.617,0.0628496,0.0614390,-0.0026278,0.9961267,0.1258673,0.1233578,0.0025074,0.7147663,0.6987246,-0.0298850,0.1760862
3/20/2026 11:53:16.637,0.0624939,0.0616616,-0.0011310,0.9961381,0.1249696,0.1239875,0.0054965,0.7117716,0.7022929,-0.0128819,0.1758270
3/20/2026 11:53:16.658,0.0620355,0.0618855,0.0005366,0.9961534,0.1238437,0.1246360,0.0088149,0.7079492,0.7062368,0.0061238,0.1754777
3/20/2026 11:53:16.678,0.0616197,0.0621421,0.0023204,0.9961606,0.1227862,0.1253624,0.0123747,0.7038687,0.7098355,0.0265050,0.1753130
3/20/2026 11:53:16.698,0.0613518,0.0624450,0.0041668,0.9961523,0.1220137,0.1261910,0.0160840,0.7000430,0.7125162,0.0475445,0.1755036
3/20/2026 11:53:16.717,0.0609812,0.0627688,0.0061326,0.9961445,0.1210174,0.1270702,0.0200211,0.6951147,0.7154921,0.0699048,0.1756817
3/20/2026 11:53:16.738,0.0604262,0.0630941,0.0082008,0.9961428,0.1196365,0.1279535,0.0241382,0.6886450,0.7190502,0.0934598,0.1757197
3/20/2026 11:53:16.758,0.0597100,0.0633868,0.0105327,0.9961455,0.1178974,0.1287900,0.0287574,0.6807196,0.7226357,0.1200770,0.1756572
3/20/2026 11:53:16.778,0.0588902,0.0636074,0.0131378,0.9961494,0.1159150,0.1295006,0.0339001,0.6717029,0.7255068,0.1498499,0.1755702
3/20/2026 11:53:16.798,0.0577052,0.0639685,0.0161924,0.9961507,0.1131357,0.1305155,0.0399085,0.6582940,0.7297445,0.1847213,0.1755403
3/20/2026 11:53:16.818,0.0563801,0.0644411,0.0193707,0.9961392,0.1100504,0.1317442,0.0461538,0.6422363,0.7340598,0.2206554,0.1758012
3/20/2026 11:53:16.838,0.0550607,0.0648655,0.0223713,0.9961227,0.1069962,0.1328393,0.0520332,0.6258638,0.7373133,0.2542905,0.1761770
3/20/2026 11:53:16.858,0.0540518,0.0652540,0.0250196,0.9960896,0.1046062,0.1338309,0.0572417,0.6117938,0.7385882,0.2831887,0.1769288
3/20/2026 11:53:16.878,0.0532940,0.0655160,0.0272955,0.9960535,0.1027717,0.1345374,0.0617234,0.6004552,0.7381576,0.3075337,0.1777432
3/20/2026 11:53:16.898,0.0526086,0.0657518,0.0293590,0.9960157,0.1011093,0.1351682,0.0657854,0.5899205,0.7373007,0.3292135,0.1785927
3/20/2026 11:53:16.918,0.0520609,0.0659287,0.0310062,0.9959828,0.0997806,0.1356443,0.0690257,0.5813934,0.7362630,0.3462636,0.1793291
3/20/2026 11:53:16.938,0.0513571,0.0661413,0.0329087,0.9959443,0.0981016,0.1361997,0.0727578,0.5708033,0.7351210,0.3657606,0.1801884
3/20/2026 11:53:16.958,0.0507855,0.0662179,0.0345012,0.9959145,0.0967377,0.1364582,0.0758735,0.5624015,0.7332999,0.3820678,0.1808484
3/20/2026 11:53:16.978,0.0502645,0.0662521,0.0358596,0.9958907,0.0955094,0.1366097,0.0785228,0.5550187,0.7315531,0.3959602,0.1813756
3/20/2026 11:53:16.998,0.0497246,0.0662603,0.0371141,0.9958714,0.0942598,0.1366945,0.0809586,0.5477683,0.7299256,0.4088502,0.1818003
3/20/2026 11:53:17.018,0.0491016,0.0662749,0.0382361,0.9958588,0.0928616,0.1367693,0.0831172,0.5400889,0.7289862,0.4205747,0.1820772
3/20/2026 11:53:17.038,0.0484647,0.0662003,0.0393522,0.9958516,0.0914445,0.1366598,0.0852536,0.5326148,0.7275239,0.4324703,0.1822371
3/20/2026 11:53:17.058,0.0479824,0.0663159,0.0405568,0.9958188,0.0903071,0.1369533,0.0876069,0.5252547,0.7259479,0.4439674,0.1829562
3/20/2026 11:53:17.078,0.0475928,0.0665297,0.0417944,0.9957721,0.0893407,0.1374539,0.0900484,0.5181077,0.7242600,0.4549854,0.1839765
3/20/2026 11:53:17.098,0.0473548,0.0665870,0.0428738,0.9957337,0.0887122,0.1376401,0.0921808,0.5131984,0.7216231,0.4646368,0.1848091
3/20/2026 11:53:17.118,0.0472132,0.0665498,0.0439492,0.9956961,0.0882850,0.1376452,0.0943107,0.5094242,0.7180635,0.4742065,0.1856225
3/20/2026 11:53:17.138,0.0469548,0.0665670,0.0449399,0.9956629,0.0876314,0.1377388,0.0962586,0.5047007,0.7155048,0.4830426,0.1863376
3/20/2026 11:53:17.158,0.0464813,0.0665816,0.0460089,0.9956353,0.0865380,0.1378090,0.0983315,0.4980327,0.7134021,0.4929714,0.1869312
3/20/2026 11:53:17.178,0.0457235,0.0664833,0.0471146,0.9956253,0.0848842,0.1376213,0.1004264,0.4893521,0.7115313,0.5042397,0.1871456
3/20/2026 11:53:17.198,0.0445461,0.0666913,0.0483543,0.9956053,0.0823440,0.1380082,0.1027536,0.4756682,0.7121374,0.5163333,0.1875726
3/20/2026 11:53:17.218,0.0431821,0.0665116,0.0498630,0.9956029,0.0794351,0.1376111,0.1055598,0.4609837,0.7100331,0.5323036,0.1876235
3/20/2026 11:53:17.238,0.0421035,0.0662798,0.0514170,0.9955856,0.0770957,0.1371396,0.1084956,0.4485843,0.7061672,0.5478138,0.1879922
3/20/2026 11:53:17.258,0.0412439,0.0660139,0.0528105,0.9955662,0.0752206,0.1366083,0.1111404,0.4384712,0.7018053,0.5614377,0.1884045
3/20/2026 11:53:17.278,0.0405327,0.0654250,0.0538981,0.9955761,0.0737210,0.1354206,0.1131713,0.4313863,0.6963122,0.5736332,0.1881953
3/20/2026 11:53:17.298,0.0398174,0.0647347,0.0547270,0.9956048,0.0722622,0.1340080,0.1146779,0.4251548,0.6912123,0.5843535,0.1875827
3/20/2026 11:53:17.318,0.0388449,0.0641176,0.0555091,0.9956399,0.0702908,0.1327046,0.1160618,0.4164311,0.6873635,0.5950769,0.1868315
3/20/2026 11:53:17.338,0.0375364,0.0634414,0.0564919,0.9956782,0.0676320,0.1312510,0.1177991,0.4041755,0.6831089,0.6082801,0.1860093
3/20/2026 11:53:17.358,0.0362464,0.0628267,0.0574725,0.9957088,0.0650058,0.1299193,0.1195427,0.3916735,0.6788965,0.6210405,0.1853496
3/20/2026 11:53:17.378,0.0348705,0.0623281,0.0585498,0.9957265,0.0621845,0.1288109,0.1214788,0.3775842,0.6748995,0.6339881,0.1849666
3/20/2026 11:53:17.398,0.0335970,0.0618422,0.0595974,0.9957385,0.0595715,0.1277349,0.1233734,0.3643017,0.6705728,0.6462325,0.1847057
3/20/2026 11:53:17.418,0.0324813,0.0613724,0.0605014,0.9957500,0.0572916,0.1266995,0.1250054,0.3526821,0.6663818,0.6569251,0.1844560
3/20/2026 11:53:17.438,0.0312844,0.0611456,0.0615064,0.9957407,0.0548081,0.1261419,0.1268445,0.3393167,0.6631962,0.6671094,0.1846592
3/20/2026 11:53:17.458,0.0302855,0.0608979,0.0623796,0.9957324,0.0527394,0.1255582,0.1284464,0.3281648,0.6598718,0.6759269,0.1848375
3/20/2026 11:53:17.478,0.0295548,0.0605545,0.0631655,0.9957258,0.0512295,0.1248122,0.1299054,0.3199987,0.6556417,0.6839114,0.1849821
3/20/2026 11:53:17.498,0.0289726,0.0600724,0.0639912,0.9957195,0.0500298,0.1238090,0.1314577,0.3134605,0.6499356,0.6923339,0.1851176
3/20/2026 11:53:17.518,0.0282682,0.0596846,0.0650336,0.9956955,0.0485491,0.1229865,0.1334340,0.3049888,0.6439435,0.7016541,0.1856353
3/20/2026 11:53:17.538,0.0274898,0.0591686,0.0661017,0.9956778,0.0469369,0.1218955,0.1354475,0.2959824,0.6370673,0.7117159,0.1860182
3/20/2026 11:53:17.558,0.0263845,0.0587087,0.0671637,0.9956638,0.0446688,0.1208668,0.1374116,0.2836248,0.6311007,0.7219896,0.1863196
3/20/2026 11:53:17.578,0.0252120,0.0581432,0.0681945,0.9956573,0.0422875,0.1196117,0.1393027,0.2708184,0.6245545,0.7325223,0.1864593
3/20/2026 11:53:17.598,0.0240012,0.0576377,0.0693318,0.9956380,0.0398114,0.1184713,0.1414079,0.2572454,0.6177614,0.7430987,0.1868724
3/20/2026 11:53:17.618,0.0227332,0.0571183,0.0705387,0.9956129,0.0372175,0.1172923,0.1436481,0.2429590,0.6104456,0.7538747,0.1874095
3/20/2026 11:53:17.638,0.0211544,0.0566095,0.0718535,0.9955828,0.0339932,0.1160865,0.1460703,0.2253135,0.6029435,0.7653057,0.1880531
3/20/2026 11:53:17.658,0.0192513,0.0560893,0.0729636,0.9955700,0.0301516,0.1147950,0.1480476,0.2047510,0.5965496,0.7760190,0.1883246
3/20/2026 11:53:17.678,0.0169669,0.0556895,0.0740729,0.9955522,0.0255355,0.1136788,0.1499871,0.1800921,0.5911050,0.7862327,0.1887033
3/20/2026 11:53:17.698,0.0147016,0.0554200,0.0751039,0.9955260,0.0209486,0.1128163,0.1517805,0.1555907,0.5865258,0.7948453,0.1892580
3/20/2026 11:53:17.718,0.0122601,0.0554879,0.0762095,0.9954713,0.0159524,0.1125939,0.1537134,0.1289673,0.5836914,0.8016681,0.1904127
3/20/2026 11:53:17.738,0.0094530,0.0557922,0.0773517,0.9953968,0.0101878,0.1127778,0.1556822,0.0986322,0.5821354,0.8070874,0.1919738
3/20/2026 11:53:17.758,0.0067817,0.0557717,0.0783488,0.9953417,0.0047609,0.1123237,0.1573747,0.0703418,0.5784807,0.8126574,0.1931197
3/20/2026 11:53:17.778,0.0041649,0.0555760,0.0791188,0.9953062,-0.0005036,0.1115203,0.1586222,0.0430356,0.5742676,0.8175358,0.1938553
3/20/2026 11:53:17.798,0.0012900,0.0553332,0.0799391,0.9952620,-0.0062788,0.1105757,0.1599478,0.0132677,0.5690954,0.8221645,0.1947671
3/20/2026 11:53:17.818,-0.0012003,0.0551903,0.0807648,0.9952034,-0.0113042,0.1098852,0.1613315,-0.0122694,0.5641548,0.8255778,0.1959674
3/20/2026 11:53:17.838,-0.0039153,0.0553772,0.0818087,0.9951007,-0.0168537,0.1098073,0.1631277,-0.0396016,0.5601201,0.8274643,0.1980559
3/20/2026 11:53:17.858,-0.0065268,0.0554603,0.0828645,0.9949951,-0.0221814,0.1095295,0.1649631,-0.0653167,0.5550203,0.8292685,0.2001812
3/20/2026 11:53:17.878,-0.0090658,0.0553909,0.0838464,0.9948968,-0.0273311,0.1089522,0.1666652,-0.0898501,0.5489747,0.8309956,0.2021401
3/20/2026 11:53:17.898,-0.0114202,0.0553623,0.0846763,0.9948038,-0.0321030,0.1084837,0.1680846,-0.1121709,0.5437755,0.8317007,0.2039737
3/20/2026 11:53:17.918,-0.0135567,0.0552932,0.0853009,0.9947276,-0.0364117,0.1079716,0.1691196,-0.1321908,0.5391609,0.8317639,0.2054670
3/20/2026 11:53:17.938,-0.0156829,0.0550787,0.0857917,0.9946659,-0.0406602,0.1071723,0.1698965,-0.1520401,0.5339692,0.8317215,0.2066655
3/20/2026 11:53:17.958,-0.0177948,0.0548618,0.0862070,0.9946065,-0.0448716,0.1063711,0.1705277,-0.1715632,0.5289344,0.8311406,0.2078145
3/20/2026 11:53:17.978,-0.0197017,0.0544494,0.0865467,0.9945637,-0.0486331,0.1052147,0.1710408,-0.1892013,0.5228944,0.8311344,0.2086381
3/20/2026 11:53:17.998,-0.0216121,0.0540847,0.0868461,0.9945177,-0.0524053,0.1041535,0.1714757,-0.2066797,0.5172198,0.8305223,0.2095189
3/20/2026 11:53:18.018,-0.0237318,0.0539072,0.0872165,0.9944467,-0.0566335,0.1034259,0.1720273,-0.2254974,0.5122212,0.8287221,0.2108735
3/20/2026 11:53:18.038,-0.0261158,0.0538221,0.0876850,0.9943503,-0.0614139,0.1028307,0.1727500,-0.2460309,0.5070450,0.8260595,0.2126972
3/20/2026 11:53:18.058,-0.0286188,0.0536692,0.0881248,0.9942508,-0.0664165,0.1020791,0.1734127,-0.2672740,0.5012226,0.8230070,0.2145645
3/20/2026 11:53:18.078,-0.0313118,0.0533299,0.0884294,0.9941610,-0.0717514,0.1009297,0.1738051,-0.2901697,0.4942133,0.8194845,0.2162347
3/20/2026 11:53:18.098,-0.0341454,0.0528649,0.0886270,0.9940749,-0.0773337,0.0995120,0.1739873,-0.3141298,0.4863447,0.8153474,0.2178252
3/20/2026 11:53:18.118,-0.0369481,0.0524335,0.0888479,0.9939778,-0.0828632,0.0981638,0.1742259,-0.3371706,0.4784831,0.8107834,0.2196045
3/20/2026 11:53:18.138,-0.0400086,0.0521178,0.0889391,0.9938676,-0.0889142,0.0970145,0.1741811,-0.3618189,0.4713291,0.8043233,0.2216058
3/20/2026 11:53:18.158,-0.0437313,0.0520043,0.0888195,0.9937275,-0.0963007,0.0961810,0.1736483,-0.3910540,0.4650332,0.7942424,0.2241261
3/20/2026 11:53:18.178,-0.0466578,0.0518633,0.0884659,0.9936333,-0.1020749,0.0954519,0.1727177,-0.4141356,0.4603396,0.7852255,0.2258052
3/20/2026 11:53:18.198,-0.0488866,0.0514967,0.0879881,0.9935876,-0.1064092,0.0944035,0.1716201,-0.4323758,0.4554608,0.7782074,0.2266153
3/20/2026 11:53:18.218,-0.0509494,0.0508828,0.0874451,0.9935636,-0.1103658,0.0928980,0.1704356,-0.4497793,0.4491916,0.7719621,0.2270387
3/20/2026 11:53:18.238,-0.0531607,0.0504175,0.0868465,0.9935240,-0.1146410,0.0916775,0.1691176,-0.4678675,0.4437238,0.7643358,0.2277375
3/20/2026 11:53:18.258,-0.0555672,0.0501456,0.0860757,0.9934731,-0.1193246,0.0908406,0.1674209,-0.4871445,0.4396146,0.7546054,0.2286317
3/20/2026 11:53:18.278,-0.0579217,0.0499862,0.0854049,0.9934046,-0.1239344,0.0902329,0.1659197,-0.5051483,0.4359409,0.7448360,0.2298294
3/20/2026 11:53:18.298,-0.0598329,0.0498531,0.0848063,0.9933493,-0.1276722,0.0897446,0.1645946,-0.5196496,0.4329752,0.7365438,0.2307922
3/20/2026 11:53:18.318,-0.0613976,0.0496656,0.0842587,0.9933098,-0.1307150,0.0891982,0.1634055,-0.5316680,0.4300756,0.7296328,0.2314766
3/20/2026 11:53:18.338,-0.0627181,0.0493839,0.0837811,0.9932817,-0.1332623,0.0884940,0.1623883,-0.5419716,0.4267455,0.7239856,0.2319633
3/20/2026 11:53:18.358,-0.0641502,0.0490088,0.0833341,0.9932464,-0.1360211,0.0875837,0.1614399,-0.5529020,0.4224007,0.7182459,0.2325713
3/20/2026 11:53:18.378,-0.0655817,0.0486428,0.0828671,0.9932100,-0.1387796,0.0866970,0.1604525,-0.5637269,0.4181238,0.7123092,0.2331993
3/20/2026 11:53:18.398,-0.0668871,0.0482779,0.0823581,0.9931831,-0.1412840,0.0858398,0.1593906,-0.5738161,0.4141699,0.7065398,0.2336610
3/20/2026 11:53:18.418,-0.0683070,0.0479992,0.0820923,0.9931219,-0.1440528,0.0851064,0.1588026,-0.5833965,0.4099517,0.7011334,0.2347079
3/20/2026 11:53:18.438,-0.0698186,0.0477757,0.0821230,0.9930250,-0.1470394,0.0844276,0.1588024,-0.5921650,0.4052082,0.6965249,0.2363577
3/20/2026 11:53:18.458,-0.0713791,0.0475635,0.0821309,0.9929237,-0.1501241,0.0837680,0.1587535,-0.6010620,0.4005180,0.6915995,0.2380693
3/20/2026 11:53:18.478,-0.0728968,0.0473082,0.0820664,0.9928309,-0.1531108,0.0830391,0.1585701,-0.6098729,0.3957925,0.6865882,0.2396282
3/20/2026 11:53:18.498,-0.0743604,0.0470328,0.0819724,0.9927433,-0.1559841,0.0822825,0.1583357,-0.6183610,0.3911117,0.6816607,0.2410899
3/20/2026 11:53:18.518,-0.0755396,0.0467940,0.0818138,0.9926786,-0.1582900,0.0816529,0.1579836,-0.6253968,0.3874107,0.6773418,0.2421631
3/20/2026 11:53:18.538,-0.0765395,0.0465708,0.0814155,0.9926453,-0.1602210,0.0811203,0.1571553,-0.6322426,0.3846905,0.6725195,0.2427141
3/20/2026 11:53:18.558,-0.0775098,0.0462372,0.0808401,0.9926326,-0.1620615,0.0804002,0.1559892,-0.6397086,0.3816075,0.6671946,0.2429238
3/20/2026 11:53:18.578,-0.0788193,0.0457928,0.0802127,0.9926009,-0.1645602,0.0794185,0.1547184,-0.6491301,0.3771343,0.6606055,0.2434457
3/20/2026 11:53:18.598,-0.0801777,0.0453045,0.0796647,0.9925586,-0.1671579,0.0783309,0.1536154,-0.6584470,0.3720564,0.6542336,0.2441417
3/20/2026 11:53:18.618,-0.0814170,0.0447593,0.0791078,0.9925270,-0.1695094,0.0771492,0.1525134,-0.6672144,0.3668030,0.6482905,0.2446601
3/20/2026 11:53:18.638,-0.0826792,0.0442217,0.0784428,0.9924995,-0.1719013,0.0760011,0.1511922,-0.6763211,0.3617363,0.6416671,0.2451100
3/20/2026 11:53:18.658,-0.0838911,0.0434156,0.0774057,0.9925149,-0.1741261,0.0743863,0.1491686,-0.6869338,0.3555042,0.6338286,0.2448583
3/20/2026 11:53:18.678,-0.0849847,0.0423842,0.0761698,0.9925621,-0.1760703,0.0723724,0.1467910,-0.6980829,0.3481528,0.6256756,0.2440840
3/20/2026 11:53:18.698,-0.0859979,0.0413606,0.0748627,0.9926174,-0.1778549,0.0704023,0.1442747,-0.7090390,0.3410119,0.6172314,0.2431746
3/20/2026 11:53:18.718,-0.0870862,0.0407438,0.0736986,0.9926351,-0.1798635,0.0692223,0.1419748,-0.7188732,0.3363293,0.6083617,0.2428815
3/20/2026 11:53:18.738,-0.0882785,0.0402316,0.0724892,0.9926398,-0.1820949,0.0682531,0.1395612,-0.7289435,0.3322051,0.5985661,0.2428037
3/20/2026 11:53:18.758,-0.0893952,0.0396087,0.0710758,0.9926671,-0.1841488,0.0671130,0.1367591,-0.7395332,0.3276677,0.5879834,0.2423535
3/20/2026 11:53:18.778,-0.0904866,0.0392111,0.0697667,0.9926768,-0.1861931,0.0664179,0.1341292,-0.7490592,0.3245941,0.5775369,0.2421927
3/20/2026 11:53:18.798,-0.0917309,0.0386448,0.0681025,0.9927005,-0.1885005,0.0654362,0.1308047,-0.7605799,0.3204206,0.5646670,0.2418006
3/20/2026 11:53:18.818,-0.0930361,0.0382382,0.0665688,0.9926988,-0.1909632,0.0647530,0.1277134,-0.7713132,0.3170128,0.5518867,0.2418283
3/20/2026 11:53:18.838,-0.0944142,0.0379139,0.0651478,0.9926753,-0.1935923,0.0642135,0.1248327,-0.7814913,0.3138234,0.5392458,0.2422173
3/20/2026 11:53:18.858,-0.0956494,0.0371225,0.0635512,0.9926905,-0.1958688,0.0627860,0.1216939,-0.7925332,0.3075901,0.5265734,0.2419656
3/20/2026 11:53:18.878,-0.0966872,0.0363592,0.0620195,0.9927152,-0.1977623,0.0614310,0.1186918,-0.8024780,0.3017719,0.5147452,0.2415563
3/20/2026 11:53:18.898,-0.0978146,0.0357411,0.0602961,0.9927332,-0.1998452,0.0604053,0.1152690,-0.8128458,0.2970110,0.5010650,0.2412573
3/20/2026 11:53:18.918,-0.0991741,0.0351805,0.0583217,0.9927364,-0.2023900,0.0595314,0.1113162,-0.8243186,0.2924143,0.4847603,0.2412038
3/20/2026 11:53:18.938,-0.1006181,0.0347229,0.0562615,0.9927261,-0.2051147,0.0588865,0.1071650,-0.8357309,0.2884074,0.4673063,0.2413752
3/20/2026 11:53:18.958,-0.1021380,0.0343618,0.0540579,0.9927058,-0.2079975,0.0584725,0.1026989,-0.8471833,0.2850141,0.4483830,0.2417116
3/20/2026 11:53:18.978,-0.1036492,0.0340649,0.0516963,0.9926853,-0.2108633,0.0582369,0.0978969,-0.8585106,0.2821540,0.4281924,0.2420525
3/20/2026 11:53:18.998,-0.1051636,0.0338098,0.0492862,0.9926574,-0.2137394,0.0581112,0.0929854,-0.8693992,0.2795096,0.4074547,0.2425142
3/20/2026 11:53:19.018,-0.1067026,0.0335558,0.0469670,0.9926142,-0.2166725,0.0579804,0.0882558,-0.8795496,0.2766007,0.3871493,0.2432276
3/20/2026 11:53:19.038,-0.1080186,0.0331964,0.0448090,0.9925836,-0.2191601,0.0576297,0.0838852,-0.8885720,0.2730775,0.3686034,0.2437302
3/20/2026 11:53:19.058,-0.1090304,0.0327062,0.0429659,0.9925708,-0.2210471,0.0569737,0.0801976,-0.8961217,0.2688127,0.3531366,0.2439410
3/20/2026 11:53:19.078,-0.1102622,0.0319158,0.0410389,0.9925419,-0.2233518,0.0557176,0.0763988,-0.9045008,0.2618113,0.3366497,0.2444157
3/20/2026 11:53:19.098,-0.1115611,0.0312814,0.0390926,0.9924955,-0.2258076,0.0547884,0.0725231,-0.9123341,0.2558153,0.3196949,0.2451753
3/20/2026 11:53:19.118,-0.1131084,0.0308511,0.0370148,0.9924135,-0.2287749,0.0543015,0.0683220,-0.9199942,0.2509346,0.3010688,0.2465131
3/20/2026 11:53:19.138,-0.1146249,0.0305259,0.0348964,0.9923264,-0.2316884,0.0540532,0.0640134,-0.9270372,0.2468804,0.2822274,0.2479267
3/20/2026 11:53:19.158,-0.1157375,0.0302178,0.0325999,0.9922848,-0.2337831,0.0539154,0.0593516,-0.9335176,0.2437315,0.2629444,0.2485987
3/20/2026 11:53:19.178,-0.1166366,0.0298423,0.0304320,0.9922597,-0.2354534,0.0536283,0.0549764,-0.9392515,0.2403141,0.2450629,0.2490032
3/20/2026 11:53:19.198,-0.1175214,0.0293680,0.0283780,0.9922304,-0.2370986,0.0531199,0.0508574,-0.9445927,0.2360488,0.2280913,0.2494751
3/20/2026 11:53:19.218,-0.1185361,0.0288521,0.0264386,0.9921784,-0.2390126,0.0525009,0.0469768,-0.9495888,0.2311332,0.2117986,0.2503092
3/20/2026 11:53:19.238,-0.1197088,0.0284129,0.0243581,0.9921035,-0.2412444,0.0520763,0.0427815,-0.9544443,0.2265376,0.1942082,0.2515068
3/20/2026 11:53:19.258,-0.1208719,0.0280698,0.0220122,0.9920271,-0.2434498,0.0519244,0.0380186,-0.9591055,0.2227306,0.1746646,0.2527214
3/20/2026 11:53:19.278,-0.1221766,0.0276993,0.0193699,0.9919327,-0.2459265,0.0517996,0.0326476,-0.9637979,0.2185075,0.1528007,0.2542144
3/20/2026 11:53:19.298,-0.1233151,0.0273102,0.0161933,0.9918596,-0.2480428,0.0517895,0.0261926,-0.9684162,0.2144720,0.1271687,0.2553657
3/20/2026 11:53:19.318,-0.1240635,0.0270183,0.0137599,0.9918110,-0.2494166,0.0518053,0.0212503,-0.9714105,0.2115515,0.1077396,0.2561285
3/20/2026 11:53:19.338,-0.1246770,0.0266552,0.0113149,0.9917748,-0.2505184,0.0516861,0.0163073,-0.9740724,0.2082506,0.0884006,0.2566944
3/20/2026 11:53:19.358,-0.1254553,0.0261987,0.0088279,0.9917141,-0.2519514,0.0513927,0.0112931,-0.9765695,0.2039361,0.0687181,0.2576408
3/20/2026 11:53:19.378,-0.1262719,0.0261114,0.0061335,0.9916329,-0.2534560,0.0519183,0.0057540,-0.9781756,0.2022745,0.0475134,0.2589016
3/20/2026 11:53:19.398,-0.1269689,0.0260852,0.0035857,0.9915572,-0.2547267,0.0525382,0.0005030,-0.9791668,0.2011658,0.0276521,0.2600727
3/20/2026 11:53:19.418,-0.1276745,0.0260509,0.0012400,0.9914733,-0.2560243,0.0530956,-0.0043348,-0.9797675,0.1999129,0.0095153,0.2613639
3/20/2026 11:53:19.438,-0.1283345,0.0259189,-0.0014162,0.9913912,-0.2572128,0.0535412,-0.0097830,-0.9801514,0.1979551,-0.0108165,0.2626197
3/20/2026 11:53:19.458,-0.1290123,0.0257320,-0.0044969,0.9912989,-0.2584146,0.0539948,-0.0160906,-0.9801111,0.1954871,-0.0341632,0.2640272
3/20/2026 11:53:19.478,-0.1296292,0.0256298,-0.0078479,0.9912003,-0.2594767,0.0547007,-0.0229742,-0.9792836,0.1936205,-0.0592868,0.2655209
3/20/2026 11:53:19.498,-0.1302244,0.0253037,-0.0114413,0.9910956,-0.2604866,0.0550195,-0.0302968,-0.9780098,0.1900353,-0.0859262,0.2670977
3/20/2026 11:53:19.518,-0.1306833,0.0248710,-0.0151609,0.9909962,-0.2612199,0.0551548,-0.0378432,-0.9760494,0.1857570,-0.1132342,0.2685860
3/20/2026 11:53:19.538,-0.1312000,0.0246482,-0.0187514,0.9908721,-0.2620701,0.0556962,-0.0451877,-0.9732523,0.1828419,-0.1390997,0.2704334
3/20/2026 11:53:19.558,-0.1316544,0.0245377,-0.0225408,0.9907357,-0.2627770,0.0565254,-0.0529692,-0.9694352,0.1806830,-0.1659790,0.2724510
3/20/2026 11:53:19.578,-0.1320516,0.0244670,-0.0266658,0.9905820,-0.2633443,0.0575296,-0.0614493,-0.9644374,0.1786944,-0.1947533,0.2747047
3/20/2026 11:53:19.598,-0.1321869,0.0244037,-0.0303349,0.9904599,-0.2634066,0.0584082,-0.0689773,-0.9592592,0.1770937,-0.2201354,0.2764820
3/20/2026 11:53:19.618,-0.1323887,0.0243270,-0.0336463,0.9903280,-0.2636222,0.0591696,-0.0757737,-0.9541755,0.1753338,-0.2425017,0.2783908
3/20/2026 11:53:19.638,-0.1326608,0.0240213,-0.0364112,0.9902011,-0.2640295,0.0593218,-0.0813927,-0.9499627,0.1720124,-0.2607349,0.2802132
3/20/2026 11:53:19.658,-0.1330101,0.0238027,-0.0384978,0.9900807,-0.2646265,0.0594786,-0.0856497,-0.9466892,0.1694135,-0.2740050,0.2819332
3/20/2026 11:53:19.678,-0.1335208,0.0238595,-0.0401577,0.9899446,-0.2655500,0.0601047,-0.0891206,-0.9439052,0.1686714,-0.2838891,0.2838636
3/20/2026 11:53:19.698,-0.1340197,0.0239327,-0.0417789,0.9898083,-0.2664495,0.0607559,-0.0925169,-0.9411086,0.1680590,-0.2933781,0.2857837
3/20/2026 11:53:19.718,-0.1343559,0.0238980,-0.0435699,0.9896863,-0.2670197,0.0612172,-0.0962198,-0.9379029,0.1668258,-0.3041501,0.2874922
3/20/2026 11:53:19.738,-0.1345220,0.0238244,-0.0455627,0.9895759,-0.2672379,0.0616359,-0.1003124,-0.9340965,0.1654323,-0.3163792,0.2890301
3/20/2026 11:53:19.758,-0.1346949,0.0237492,-0.0476264,0.9894571,-0.2674651,0.0620732,-0.1045518,-0.9300365,0.1639827,-0.3288491,0.2906752
3/20/2026 11:53:19.778,-0.1348470,0.0236797,-0.0497910,0.9893312,-0.2676426,0.0625487,-0.1089992,-0.9256182,0.1625425,-0.3417760,0.2924077
3/20/2026 11:53:19.798,-0.1349405,0.0235739,-0.0522091,0.9891965,-0.2676894,0.0630131,-0.1139532,-0.9204909,0.1608082,-0.3561422,0.2942520
3/20/2026 11:53:19.818,-0.1350351,0.0234667,-0.0554195,0.9890115,-0.2676869,0.0636947,-0.1205380,-0.9133906,0.1587308,-0.3748630,0.2967646
3/20/2026 11:53:19.838,-0.1350263,0.0232739,-0.0584891,0.9888405,-0.2674950,0.0641473,-0.1268001,-0.9063444,0.1562229,-0.3925993,0.2990700
3/20/2026 11:53:19.858,-0.1351741,0.0229386,-0.0617443,0.9886301,-0.2676249,0.0643829,-0.1334227,-0.8989543,0.1525499,-0.4106213,0.3018807
3/20/2026 11:53:19.878,-0.1353593,0.0227007,-0.0648873,0.9884090,-0.2678252,0.0647951,-0.1398466,-0.8916064,0.1495285,-0.4274099,0.3048078
3/20/2026 11:53:19.898,-0.1353745,0.0223309,-0.0680486,0.9882026,-0.2677018,0.0649151,-0.1462556,-0.8839225,0.1458086,-0.4443208,0.3075144
3/20/2026 11:53:19.918,-0.1355240,0.0219404,-0.0712254,0.9879671,-0.2678525,0.0650211,-0.1527069,-0.8762435,0.1418580,-0.4605145,0.3105754
3/20/2026 11:53:19.938,-0.1358042,0.0217478,-0.0743627,0.9877016,-0.2682388,0.0655474,-0.1591480,-0.8685869,0.1390961,-0.4756144,0.3139898
3/20/2026 11:53:19.958,-0.1361499,0.0217680,-0.0770847,0.9874449,-0.2687485,0.0664105,-0.1648023,-0.8619033,0.1378033,-0.4879887,0.3172560
3/20/2026 11:53:19.978,-0.1364218,0.0215883,-0.0794080,0.9872271,-0.2691686,0.0667420,-0.1695731,-0.8562801,0.1355033,-0.4984208,0.3200018
3/20/2026 11:53:19.998,-0.1365736,0.0214411,-0.0816869,0.9870234,-0.2693447,0.0671064,-0.1742489,-0.8505205,0.1335259,-0.5087100,0.3225492
3/20/2026 11:53:20.018,-0.1368209,0.0214126,-0.0838456,0.9868087,-0.2696991,0.0677010,-0.1787224,-0.8451446,0.1322658,-0.5179154,0.3252124
3/20/2026 11:53:20.038,-0.1370406,0.0214852,-0.0860190,0.9865897,-0.2699771,0.0685034,-0.1832522,-0.8396028,0.1316331,-0.5270102,0.3279067
3/20/2026 11:53:20.058,-0.1373835,0.0216531,-0.0877306,0.9863875,-0.2705148,0.0693996,-0.1868726,-0.8354748,0.1316795,-0.5335189,0.3303756
3/20/2026 11:53:20.078,-0.1378862,0.0218003,-0.0895606,0.9861497,-0.2713662,0.0703243,-0.1907536,-0.8313497,0.1314391,-0.5399828,0.3332557
3/20/2026 11:53:20.098,-0.1382026,0.0217014,-0.0916116,0.9859191,-0.2718739,0.0707699,-0.1950010,-0.8264561,0.1297753,-0.5478401,0.3360244
3/20/2026 11:53:20.118,-0.1384699,0.0213744,-0.0937509,0.9856877,-0.2723218,0.0707649,-0.1993628,-0.8213784,0.1267890,-0.5561135,0.3387813
3/20/2026 11:53:20.138,-0.1388035,0.0210632,-0.0961107,0.9854201,-0.2728849,0.0708728,-0.2041947,-0.8158234,0.1237998,-0.5648944,0.3419410
3/20/2026 11:53:20.158,-0.1394639,0.0209295,-0.0985942,0.9850844,-0.2740581,0.0714606,-0.2093781,-0.8104937,0.1216314,-0.5729798,0.3458655
3/20/2026 11:53:20.178,-0.1402956,0.0206703,-0.1015660,0.9846697,-0.2755652,0.0719809,-0.2155638,-0.8043095,0.1185022,-0.5822743,0.3506525
3/20/2026 11:53:20.198,-0.1409935,0.0201174,-0.1050525,0.9842155,-0.2768314,0.0720253,-0.2227189,-0.7966890,0.1136740,-0.5936032,0.3558225
3/20/2026 11:53:20.218,-0.1412623,0.0197266,-0.1072161,0.9839516,-0.2773007,0.0719184,-0.2271255,-0.7916683,0.1105529,-0.6008655,0.3587929
3/20/2026 11:53:20.238,-0.1412833,0.0192357,-0.1090449,0.9837572,-0.2773229,0.0714474,-0.2307766,-0.7870752,0.1071604,-0.6074780,0.3609650
3/20/2026 11:53:20.258,-0.1413765,0.0190274,-0.1106473,0.9835690,-0.2774420,0.0715084,-0.2340498,-0.7831059,0.1053955,-0.6128922,0.3630562
3/20/2026 11:53:20.278,-0.1416593,0.0191478,-0.1119156,0.9833823,-0.2778873,0.0721970,-0.2367519,-0.7802924,0.1054706,-0.6164574,0.3651179
3/20/2026 11:53:20.298,-0.1419136,0.0194738,-0.1132252,0.9831895,-0.2782215,0.0733116,-0.2395941,-0.7772309,0.1066541,-0.6201106,0.3672360
3/20/2026 11:53:20.318,-0.1419901,0.0197524,-0.1142841,0.9830503,-0.2782277,0.0742088,-0.2418783,-0.7744789,0.1077385,-0.6233578,0.3687574
3/20/2026 11:53:20.338,-0.1419331,0.0198725,-0.1152769,0.9829401,-0.2780092,0.0747263,-0.2439613,-0.7716869,0.1080464,-0.6267578,0.3699584
3/20/2026 11:53:20.358,-0.1416749,0.0199702,-0.1160730,0.9828818,-0.2774076,0.0750845,-0.2455999,-0.7689788,0.1083939,-0.6300178,0.3705917
3/20/2026 11:53:20.378,-0.1412854,0.0201453,-0.1166772,0.9828626,-0.2765386,0.0755076,-0.2468423,-0.7664424,0.1092840,-0.6329479,0.3708000
3/20/2026 11:53:20.398,-0.1409188,0.0203511,-0.1172498,0.9828429,-0.2757096,0.0759896,-0.2480309,-0.7640171,0.1103373,-0.6356913,0.3710134
3/20/2026 11:53:20.418,-0.1407948,0.0205063,-0.1178025,0.9827915,-0.2753797,0.0764301,-0.2492003,-0.7622105,0.1110136,-0.6377389,0.3715707
3/20/2026 11:53:20.438,-0.1404617,0.0206004,-0.1183866,0.9827669,-0.2746442,0.0766950,-0.2503859,-0.7598714,0.1114441,-0.6404496,0.3718365
3/20/2026 11:53:20.458,-0.1399575,0.0206813,-0.1191391,0.9827462,-0.2735566,0.0769314,-0.2518902,-0.7566935,0.1118154,-0.6441368,0.3720609
3/20/2026 11:53:20.478,-0.1393649,0.0207996,-0.1198576,0.9827406,-0.2722852,0.0772073,-0.2533202,-0.7533674,0.1124366,-0.6479164,0.3721208
3/20/2026 11:53:20.498,-0.1386636,0.0208945,-0.1204845,0.9827610,-0.2708094,0.0773766,-0.2545368,-0.7500187,0.1130162,-0.6516896,0.3719003
3/20/2026 11:53:20.518,-0.1379738,0.0209657,-0.1210794,0.9827836,-0.2693653,0.0774900,-0.2556821,-0.7467700,0.1134746,-0.6553307,0.3716565
3/20/2026 11:53:20.538,-0.1373057,0.0210364,-0.1217436,0.9827936,-0.2679594,0.0776265,-0.2569736,-0.7433679,0.1138905,-0.6591155,0.3715475
3/20/2026 11:53:20.558,-0.1362886,0.0209084,-0.1225683,0.9828354,-0.2658951,0.0772991,-0.2584901,-0.7387513,0.1133341,-0.6643808,0.3710954
3/20/2026 11:53:20.578,-0.1351722,0.0209102,-0.1232788,0.9829007,-0.2636085,0.0771728,-0.2597899,-0.7340850,0.1135579,-0.6694952,0.3703859
3/20/2026 11:53:20.598,-0.1339183,0.0208002,-0.1239943,0.9829847,-0.2610769,0.0767774,-0.2610500,-0.7290524,0.1132364,-0.6750261,0.3694733
3/20/2026 11:53:20.618,-0.1324286,0.0207325,-0.1248522,0.9830792,-0.2580532,0.0764342,-0.2625805,-0.7229391,0.1131806,-0.6815785,0.3684426
3/20/2026 11:53:20.638,-0.1311256,0.0209865,-0.1257978,0.9831281,-0.2553110,0.0768185,-0.2644034,-0.7168496,0.1147308,-0.6877233,0.3679085
3/20/2026 11:53:20.658,-0.1299339,0.0213502,-0.1267832,0.9831518,-0.2527585,0.0774641,-0.2663514,-0.7108322,0.1168009,-0.6935958,0.3676491
3/20/2026 11:53:20.678,-0.1286611,0.0218046,-0.1277768,0.9831806,-0.2500185,0.0782664,-0.2683244,-0.7044660,0.1193883,-0.6996242,0.3673333
3/20/2026 11:53:20.698,-0.1273570,0.0222317,-0.1286567,0.9832261,-0.2472319,0.0789690,-0.2700487,-0.6982624,0.1218902,-0.7053881,0.3668349
3/20/2026 11:53:20.718,-0.1259191,0.0225274,-0.1294924,0.9832949,-0.2442173,0.0793485,-0.2716270,-0.6917860,0.1237629,-0.7114176,0.3660799
3/20/2026 11:53:20.738,-0.1243148,0.0229194,-0.1302359,0.9833918,-0.2408524,0.0798450,-0.2730117,-0.6849447,0.1262802,-0.7175682,0.3650135
3/20/2026 11:53:20.758,-0.1225238,0.0233350,-0.1309735,0.9835087,-0.2371095,0.0803264,-0.2743601,-0.6774477,0.1290217,-0.7241669,0.3637232
3/20/2026 11:53:20.778,-0.1204029,0.0239587,-0.1317741,0.9836488,-0.2326470,0.0811383,-0.2758347,-0.6685410,0.1330313,-0.7316800,0.3621710
3/20/2026 11:53:20.798,-0.1184472,0.0245618,-0.1325599,0.9837657,-0.2285205,0.0819486,-0.2772955,-0.6600277,0.1368667,-0.7386684,0.3608700
3/20/2026 11:53:20.818,-0.1164536,0.0254962,-0.1333403,0.9838744,-0.2242263,0.0834083,-0.2788101,-0.6510857,0.1425477,-0.7454982,0.3596563
3/20/2026 11:53:20.838,-0.1142406,0.0265376,-0.1340986,0.9840033,-0.2194664,0.0850040,-0.2802630,-0.6412590,0.1489618,-0.7527265,0.3582125
3/20/2026 11:53:20.858,-0.1117281,0.0276554,-0.1350206,0.9841349,-0.2140744,0.0866894,-0.2820155,-0.6297311,0.1558736,-0.7610139,0.3567320
3/20/2026 11:53:20.878,-0.1089908,0.0290572,-0.1359057,0.9842797,-0.2081567,0.0888583,-0.2837080,-0.6171013,0.1645207,-0.7694926,0.3550963
3/20/2026 11:53:20.898,-0.1057788,0.0298727,-0.1369069,0.9844669,-0.2014518,0.0897132,-0.2854370,-0.6024860,0.1701462,-0.7797825,0.3529706
3/20/2026 11:53:20.918,-0.1020817,0.0302389,-0.1380796,0.9846822,-0.1938979,0.0895374,-0.2873538,-0.5854684,0.1734289,-0.7919275,0.3505089
3/20/2026 11:53:20.938,-0.0993448,0.0307693,-0.1391489,0.9847952,-0.1882148,0.0899582,-0.2892341,-0.5718682,0.1771205,-0.8009962,0.3492109
3/20/2026 11:53:20.958,-0.0970267,0.0311094,-0.1399496,0.9849022,-0.1834433,0.0900679,-0.2905912,-0.5604845,0.1797063,-0.8084323,0.3479763
3/20/2026 11:53:20.978,-0.0952517,0.0312770,-0.1404477,0.9849992,-0.1798278,0.0899410,-0.2913791,-0.5519943,0.1812536,-0.8139099,0.3468542
3/20/2026 11:53:20.998,-0.0933406,0.0310594,-0.1408112,0.9851371,-0.1760679,0.0889734,-0.2918071,-0.5434045,0.1808196,-0.8197657,0.3452519
3/20/2026 11:53:21.018,-0.0908351,0.0307637,-0.1411849,0.9853271,-0.1711522,0.0876652,-0.2921633,-0.5322050,0.1802452,-0.8272058,0.3430323
3/20/2026 11:53:21.038,-0.0878538,0.0306158,-0.1415551,0.9855490,-0.1652519,0.0865039,-0.2924790,-0.5186436,0.1807402,-0.8356684,0.3404229
3/20/2026 11:53:21.058,-0.0845579,0.0304293,-0.1419953,0.9857796,-0.1587350,0.0851792,-0.2928987,-0.5031900,0.1810795,-0.8449911,0.3376885
3/20/2026 11:53:21.078,-0.0811623,0.0302854,-0.1423413,0.9860195,-0.1520183,0.0838941,-0.2931314,-0.4870806,0.1817520,-0.8542358,0.3348218
3/20/2026 11:53:21.098,-0.0772761,0.0301652,-0.1425518,0.9863051,-0.1443361,0.0824862,-0.2930413,-0.4685333,0.1828950,-0.8643066,0.3313767
3/20/2026 11:53:21.118,-0.0742365,0.0300181,-0.1427140,0.9865196,-0.1383445,0.0812811,-0.2929697,-0.4536458,0.1834348,-0.8720993,0.3287652
3/20/2026 11:53:21.138,-0.0711222,0.0298781,-0.1429517,0.9867187,-0.1321976,0.0800803,-0.2930535,-0.4378407,0.1839352,-0.8800361,0.3263224
3/20/2026 11:53:21.158,-0.0677288,0.0297590,-0.1432556,0.9869170,-0.1254883,0.0788454,-0.2932520,-0.4200772,0.1845755,-0.8885196,0.3238717
3/20/2026 11:53:21.178,-0.0641072,0.0295081,-0.1434146,0.9871433,-0.1183786,0.0772622,-0.2931270,-0.4010760,0.1846123,-0.8972493,0.3210521
3/20/2026 11:53:21.198,-0.0606671,0.0293084,-0.1434212,0.9873658,-0.1116260,0.0758221,-0.2927335,-0.3828577,0.1849591,-0.9051023,0.3182566
3/20/2026 11:53:21.218,-0.0574651,0.0292779,-0.1433648,0.9875662,-0.1053008,0.0747883,-0.2922686,-0.3655460,0.1862424,-0.9119703,0.3157166
3/20/2026 11:53:21.238,-0.0540980,0.0291577,-0.1434585,0.9877465,-0.0986644,0.0735462,-0.2920922,-0.3466320,0.1868275,-0.9192071,0.3134151
3/20/2026 11:53:21.258,-0.0504191,0.0288039,-0.1430990,0.9880036,-0.0915125,0.0717078,-0.2909574,-0.3264820,0.1865159,-0.9266182,0.3101034
3/20/2026 11:53:21.278,-0.0467474,0.0282925,-0.1431933,0.9881852,-0.0843877,0.0696080,-0.2907473,-0.3050106,0.1845990,-0.9342868,0.3077416
3/20/2026 11:53:21.298,-0.0432584,0.0278326,-0.1432340,0.9883512,-0.0776137,0.0676641,-0.2904685,-0.2842385,0.1828804,-0.9411500,0.3055678
3/20/2026 11:53:21.318,-0.0397502,0.0275493,-0.1432806,0.9884998,-0.0707505,0.0660689,-0.2902290,-0.2628582,0.1821765,-0.9474794,0.3036088
3/20/2026 11:53:21.338,-0.0369169,0.0274523,-0.1432309,0.9886194,-0.0651757,0.0650389,-0.2898782,-0.2453964,0.1824825,-0.9520928,0.3020226
3/20/2026 11:53:21.358,-0.0342978,0.0273642,-0.1431126,0.9887334,-0.0600265,0.0640879,-0.2894149,-0.2291294,0.1828087,-0.9560756,0.3005037
3/20/2026 11:53:21.378,-0.0320387,0.0273244,-0.1430096,0.9888252,-0.0555747,0.0633419,-0.2890208,-0.2149095,0.1832870,-0.9592808,0.2992748
3/20/2026 11:53:21.398,-0.0297889,0.0270928,-0.1428028,0.9889317,-0.0512028,0.0622153,-0.2884132,-0.2007725,0.1826012,-0.9624693,0.2978424
3/20/2026 11:53:21.418,-0.0272275,0.0267118,-0.1424805,0.9890625,-0.0462641,0.0607002,-0.2875486,-0.1845961,0.1810998,-0.9659851,0.2960744
3/20/2026 11:53:21.438,-0.0248283,0.0266904,-0.1421089,0.9891796,-0.0415453,0.0599475,-0.2866200,-0.1692340,0.1819267,-0.9686396,0.2944820
3/20/2026 11:53:21.458,-0.0225999,0.0266944,-0.1417342,0.9892867,-0.0371572,0.0592989,-0.2857037,-0.1548089,0.1828560,-0.9708748,0.2930183
3/20/2026 11:53:21.478,-0.0203132,0.0267016,-0.1413293,0.9893941,-0.0326539,0.0586434,-0.2847267,-0.1398434,0.1838233,-0.9729609,0.2915439
3/20/2026 11:53:21.498,-0.0181047,0.0264855,-0.1408870,0.9895058,-0.0283703,0.0575716,-0.2836781,-0.1252977,0.1832990,-0.9750395,0.2900011
3/20/2026 11:53:21.518,-0.0160031,0.0261596,-0.1401567,0.9896544,-0.0243446,0.0563103,-0.2820582,-0.1115413,0.1823322,-0.9768897,0.2879378
3/20/2026 11:53:21.538,-0.0136752,0.0259339,-0.1392414,0.9898244,-0.0198513,0.0551872,-0.2800596,-0.0961049,0.1822549,-0.9785433,0.2855576
3/20/2026 11:53:21.558,-0.0114868,0.0256808,-0.1386791,0.9899378,-0.0156204,0.0540636,-0.2787881,-0.0811769,0.1814846,-0.9800376,0.2839597
3/20/2026 11:53:21.578,-0.0089769,0.0253275,-0.1381730,0.9900436,-0.0107762,0.0526587,-0.2776175,-0.0637741,0.1799315,-0.9816096,0.2824596
3/20/2026 11:53:21.598,-0.0061662,0.0252190,-0.1375016,0.9901612,-0.0052758,0.0516611,-0.2761071,-0.0440662,0.1802243,-0.9826379,0.2807837
3/20/2026 11:53:21.618,-0.0031469,0.0251314,-0.1368587,0.9902667,0.0006463,0.0506567,-0.2746515,-0.0226102,0.1805643,-0.9833032,0.2792726
3/20/2026 11:53:21.638,-0.0004604,0.0252495,-0.1363809,0.9903346,0.0059751,0.0501583,-0.2735525,-0.0033198,0.1820445,-0.9832847,0.2782945
3/20/2026 11:53:21.658,0.0020213,0.0255812,-0.1359392,0.9903849,0.0109590,0.0501449,-0.2725383,0.0146113,0.1849154,-0.9826458,0.2775690
3/20/2026 11:53:21.678,0.0046126,0.0255877,-0.1355890,0.9904240,0.0160764,0.0494611,-0.2717107,0.0334104,0.1853385,-0.9821066,0.2770032
3/20/2026 11:53:21.698,0.0073406,0.0254725,-0.1350989,0.9904775,0.0214257,0.0485066,-0.2706025,0.0533185,0.1850189,-0.9812875,0.2762267
3/20/2026 11:53:21.718,0.0100315,0.0253251,-0.1344486,0.9905461,0.0266864,0.0475087,-0.2691807,0.0731265,0.1846117,-0.9800873,0.2752283
3/20/2026 11:53:21.738,0.0120126,0.0255254,-0.1337434,0.9906144,0.0306322,0.0473983,-0.2676720,0.0878844,0.1867441,-0.9784697,0.2742306
3/20/2026 11:53:21.758,0.0138823,0.0263456,-0.1330357,0.9906639,0.0345221,0.0485536,-0.2661433,0.1018305,0.1932518,-0.9758505,0.2735058
3/20/2026 11:53:21.778,0.0155361,0.0271940,-0.1325026,0.9906879,0.0379985,0.0498210,-0.2649712,0.1141069,0.1997303,-0.9731842,0.2731532
3/20/2026 11:53:21.798,0.0171200,0.0282024,-0.1320312,0.9906964,0.0413804,0.0514259,-0.2639164,0.1257981,0.2072321,-0.9701699,0.2730279
3/20/2026 11:53:21.818,0.0187819,0.0293811,-0.1314613,0.9907078,0.0449549,0.0533573,-0.2626474,0.1380947,0.2160257,-0.9665727,0.2728606
3/20/2026 11:53:21.838,0.0204804,0.0306134,-0.1307729,0.9907279,0.0486070,0.0553963,-0.2611293,0.1507456,0.2253292,-0.9625500,0.2725650
3/20/2026 11:53:21.858,0.0219619,0.0317308,-0.1300973,0.9907501,0.0517969,0.0572683,-0.2596458,0.1618420,0.2338307,-0.9587129,0.2722384
3/20/2026 11:53:21.878,0.0232487,0.0325136,-0.1294034,0.9907862,0.0545106,0.0585315,-0.2581471,0.1716581,0.2400666,-0.9554588,0.2717056
3/20/2026 11:53:21.898,0.0246873,0.0334453,-0.1285563,0.9908306,0.0575529,0.0600653,-0.2563211,0.1827198,0.2475406,-0.9514921,0.2710490
3/20/2026 11:53:21.918,0.0262272,0.0343568,-0.1275707,0.9908873,0.0607796,0.0615482,-0.2542077,0.1947163,0.2550725,-0.9471133,0.2702087
3/20/2026 11:53:21.938,0.0277888,0.0348030,-0.1266548,0.9909467,0.0639339,0.0621034,-0.2522589,0.2069821,0.2592269,-0.9433768,0.2693257
3/20/2026 11:53:21.958,0.0293790,0.0350017,-0.1258525,0.9909959,0.0670894,0.0621579,-0.2505530,0.2194231,0.2614170,-0.9399546,0.2685904
3/20/2026 11:53:21.978,0.0307911,0.0352283,-0.1251545,0.9910336,0.0699049,0.0623099,-0.2490641,0.2304476,0.2636566,-0.9366851,0.2680280
3/20/2026 11:53:21.998,0.0320316,0.0355410,-0.1240646,0.9911199,0.0723763,0.0627080,-0.2467859,0.2408922,0.2672845,-0.9330220,0.2667321
3/20/2026 11:53:22.018,0.0328929,0.0358817,-0.1227637,0.9912415,0.0740874,0.0632744,-0.2440963,0.2490719,0.2717034,-0.9295915,0.2648970
3/20/2026 11:53:22.038,0.0338535,0.0361970,-0.1215056,0.9913527,0.0759909,0.0637682,-0.2414895,0.2579814,0.2758398,-0.9259363,0.2632081
3/20/2026 11:53:22.058,0.0349639,0.0364194,-0.1203770,0.9914438,0.0781772,0.0640370,-0.2391437,0.2678499,0.2790000,-0.9221797,0.2618155
3/20/2026 11:53:22.078,0.0363178,0.0364579,-0.1191432,0.9915426,0.0807966,0.0638970,-0.2365885,0.2798379,0.2809178,-0.9180284,0.2602969
3/20/2026 11:53:22.098,0.0379218,0.0367703,-0.1179213,0.9916171,0.0839785,0.0642510,-0.2340242,0.2934871,0.2845751,-0.9126239,0.2591462
3/20/2026 11:53:22.118,0.0394846,0.0372159,-0.1166804,0.9916863,0.0871076,0.0648902,-0.2314112,0.3068451,0.2892142,-0.9067531,0.2580738
3/20/2026 11:53:22.138,0.0409708,0.0378973,-0.1152845,0.9917635,0.0901265,0.0660396,-0.2284662,0.3198759,0.2958803,-0.9000746,0.2568713
3/20/2026 11:53:22.158,0.0421726,0.0385362,-0.1137417,0.9918666,0.0925576,0.0671900,-0.2252384,0.3313313,0.3027623,-0.8936188,0.2552552
3/20/2026 11:53:22.178,0.0433860,0.0391872,-0.1119082,0.9919974,0.0949912,0.0683981,-0.2214198,0.3436263,0.3103706,-0.8863357,0.2531930
3/20/2026 11:53:22.198,0.0446703,0.0398915,-0.1100151,0.9921240,0.0975689,0.0697135,-0.2174696,0.3566202,0.3184690,-0.8782936,0.2511796
3/20/2026 11:53:22.218,0.0458671,0.0408200,-0.1082653,0.9922242,0.1000264,0.0714915,-0.2137875,0.3685155,0.3279650,-0.8698480,0.2495747
3/20/2026 11:53:22.238,0.0473240,0.0412650,-0.1062891,0.9923509,0.1028774,0.0722834,-0.2096802,0.3833473,0.3342664,-0.8609941,0.2475291
3/20/2026 11:53:22.258,0.0486903,0.0414880,-0.1038178,0.9925371,0.1054637,0.0727146,-0.2045992,0.3992870,0.3402240,-0.8513620,0.2444939
3/20/2026 11:53:22.278,0.0497011,0.0414367,-0.1006422,0.9928162,0.1072340,0.0727556,-0.1981443,0.4153881,0.3463166,-0.8411407,0.2398734
3/20/2026 11:53:22.298,0.0501557,0.0411796,-0.0979914,0.9930692,0.1078959,0.0724429,-0.1928001,0.4267426,0.3503703,-0.8337455,0.2356063
3/20/2026 11:53:22.318,0.0505242,0.0408491,-0.0956810,0.9932895,0.1083995,0.0719657,-0.1881563,0.4368509,0.3531963,-0.8272930,0.2318283
3/20/2026 11:53:22.338,0.0509126,0.0405468,-0.0935415,0.9934857,0.1089631,0.0715253,-0.1838538,0.4467715,0.3558090,-0.8208504,0.2284090
3/20/2026 11:53:22.358,0.0512162,0.0402621,-0.0915694,0.9936655,0.1093750,0.0711190,-0.1798925,0.4557442,0.3582699,-0.8148252,0.2252331
3/20/2026 11:53:22.378,0.0514551,0.0403281,-0.0899179,0.9938012,0.1097449,0.0713925,-0.1765431,0.4628426,0.3627539,-0.8088179,0.2228036
3/20/2026 11:53:22.398,0.0512521,0.0404730,-0.0881118,0.9939677,0.1092353,0.0719160,-0.1728973,0.4673108,0.3690275,-0.8033924,0.2197883
3/20/2026 11:53:22.418,0.0515918,0.0403135,-0.0867114,0.9940796,0.1097843,0.0716951,-0.1700741,0.4748249,0.3710253,-0.7980486,0.2177386
3/20/2026 11:53:22.438,0.0520876,0.0401126,-0.0857214,0.9941478,0.1106682,0.0713221,-0.1680743,0.4821623,0.3713131,-0.7935024,0.2164798
3/20/2026 11:53:22.458,0.0526686,0.0396428,-0.0849564,0.9942016,0.1116943,0.0703730,-0.1665539,0.4897946,0.3686604,-0.7900574,0.2154811
3/20/2026 11:53:22.478,0.0529458,0.0393975,-0.0839638,0.9942811,0.1121368,0.0699492,-0.1645662,0.4957668,0.3689045,-0.7862091,0.2139982
3/20/2026 11:53:22.498,0.0529118,0.0392404,-0.0829477,0.9943744,0.1119719,0.0697545,-0.1625376,0.4995284,0.3704602,-0.7830905,0.2122430
3/20/2026 11:53:22.518,0.0525434,0.0392618,-0.0818609,0.9944831,0.1111638,0.0699765,-0.1603647,0.5009017,0.3742869,-0.7803889,0.2101802
3/20/2026 11:53:22.538,0.0522027,0.0393358,-0.0807873,0.9945859,0.1104200,0.0702966,-0.1582117,0.5023434,0.3785258,-0.7774119,0.2082118
3/20/2026 11:53:22.558,0.0520527,0.0393847,-0.0800616,0.9946505,0.1100770,0.0704979,-0.1567524,0.5039074,0.3812723,-0.7750540,0.2069646
3/20/2026 11:53:22.578,0.0520115,0.0397582,-0.0795342,0.9946801,0.1100156,0.0713112,-0.1556514,0.5049039,0.3859549,-0.7720821,0.2063902
3/20/2026 11:53:22.598,0.0521358,0.0406864,-0.0789294,0.9946842,0.1103640,0.0732207,-0.1543242,0.5063074,0.3951187,-0.7665077,0.2063104
3/20/2026 11:53:22.618,0.0527041,0.0417798,-0.0782595,0.9946619,0.1116165,0.0754046,-0.1528209,0.5107567,0.4048892,-0.7584144,0.2067441
3/20/2026 11:53:22.638,0.0526854,0.0426238,-0.0775675,0.9946813,0.1116546,0.0771776,-0.1513344,0.5115021,0.4138184,-0.7530736,0.2063671
3/20/2026 11:53:22.658,0.0522736,0.0437463,-0.0767875,0.9947149,0.1109405,0.0795749,-0.1496646,0.5091068,0.4260569,-0.7478542,0.2057145
3/20/2026 11:53:22.678,0.0513419,0.0449964,-0.0756123,0.9947976,0.1091709,0.0823432,-0.1472219,0.5039850,0.4416960,-0.7422289,0.2040955
3/20/2026 11:53:22.698,0.0501820,0.0458159,-0.0744512,0.9949070,0.1068782,0.0842728,-0.1448758,0.4978453,0.4545300,-0.7386153,0.2019380
3/20/2026 11:53:22.718,0.0498451,0.0457475,-0.0733783,0.9950067,0.1061052,0.0842962,-0.1427477,0.4994074,0.4583521,-0.7351909,0.1999496
3/20/2026 11:53:22.738,0.0499651,0.0460809,-0.0717557,0.9951037,0.1062538,0.0851221,-0.1394391,0.5055280,0.4662289,-0.7259973,0.1979968
3/20/2026 11:53:22.758,0.0504634,0.0461120,-0.0702672,0.9951832,0.1071257,0.0852796,-0.1364058,0.5147621,0.4703753,-0.7167755,0.1963801
3/20/2026 11:53:22.778,0.0512036,0.0458279,-0.0690970,0.9952406,0.1084654,0.0847424,-0.1340294,0.5254371,0.4702736,-0.7090548,0.1952056
3/20/2026 11:53:22.798,0.0518232,0.0456315,-0.0681858,0.9952804,0.1095993,0.0843708,-0.1321736,0.5340275,0.4702240,-0.7026409,0.1943867
3/20/2026 11:53:22.818,0.0520279,0.0454104,-0.0677250,0.9953113,0.1099402,0.0839526,-0.1312564,0.5378966,0.4694807,-0.7001823,0.1937505
3/20/2026 11:53:22.838,0.0520041,0.0450061,-0.0675640,0.9953418,0.1098260,0.0831620,-0.1309785,0.5394064,0.4668204,-0.7007991,0.1931185
3/20/2026 11:53:22.858,0.0521667,0.0444446,-0.0675601,0.9953588,0.1100766,0.0820155,-0.1310213,0.5420796,0.4618368,-0.7020374,0.1927645
3/20/2026 11:53:22.878,0.0522485,0.0441618,-0.0672724,0.9953866,0.1101795,0.0814700,-0.1304680,0.5445582,0.4602753,-0.7011442,0.1921864
3/20/2026 11:53:22.898,0.0520438,0.0443068,-0.0665639,0.9954383,0.1097313,0.0818641,-0.1290406,0.5454953,0.4644000,-0.6976874,0.1911049
3/20/2026 11:53:22.918,0.0515843,0.0446161,-0.0656203,0.9955112,0.1087752,0.0826435,-0.1271402,0.5450326,0.4714074,-0.6933359,0.1895719
3/20/2026 11:53:22.938,0.0513630,0.0448848,-0.0647430,0.9955680,0.1082943,0.0833047,-0.1253618,0.5461537,0.4772695,-0.6884257,0.1883677
3/20/2026 11:53:22.958,0.0516094,0.0449202,-0.0639124,0.9956073,0.1087215,0.0834376,-0.1236700,0.5512196,0.4797745,-0.6826224,0.1875293
3/20/2026 11:53:22.978,0.0518856,0.0447997,-0.0631939,0.9956443,0.1091982,0.0832426,-0.1222185,0.5565089,0.4805074,-0.6777983,0.1867369
3/20/2026 11:53:22.998,0.0520357,0.0447545,-0.0626129,0.9956753,0.1094440,0.0831988,-0.1210443,0.5601048,0.4817311,-0.6739568,0.1860721
3/20/2026 11:53:23.018,0.0521210,0.0449821,-0.0618909,0.9957055,0.1095816,0.0837256,-0.1195613,0.5630029,0.4858893,-0.6685353,0.1854191
3/20/2026 11:53:23.038,0.0519099,0.0453234,-0.0611491,0.9957470,0.1091378,0.0845156,-0.1180473,0.5634377,0.4919468,-0.6637214,0.1845220
3/20/2026 11:53:23.058,0.0513864,0.0456414,-0.0601737,0.9958190,0.1080459,0.0853174,-0.1160895,0.5625302,0.4996400,-0.6587258,0.1829510
3/20/2026 11:53:23.078,0.0512374,0.0460078,-0.0590973,0.9958743,0.1076980,0.0861853,-0.1138969,0.5646369,0.5070058,-0.6512528,0.1817373
3/20/2026 11:53:23.098,0.0513637,0.0463031,-0.0580599,0.9959151,0.1078937,0.0868774,-0.1117701,0.5688443,0.5127989,-0.6430036,0.1808352
3/20/2026 11:53:23.118,0.0516577,0.0461985,-0.0572242,0.9959532,0.1083968,0.0867279,-0.1100792,0.5747760,0.5140330,-0.6367124,0.1799896
3/20/2026 11:53:23.138,0.0522349,0.0459584,-0.0562744,0.9959884,0.1094416,0.0862917,-0.1081525,0.5837316,0.5135909,-0.6288735,0.1792053
3/20/2026 11:53:23.158,0.0529860,0.0455734,-0.0550310,0.9960357,0.1107943,0.0855823,-0.1056390,0.5956544,0.5123242,-0.6186435,0.1781444
3/20/2026 11:53:23.178,0.0537302,0.0450653,-0.0536532,0.9960942,0.1121111,0.0846447,-0.1028707,0.6085117,0.5103790,-0.6076405,0.1768235
3/20/2026 11:53:23.198,0.0542839,0.0445980,-0.0521113,0.9961671,0.1130404,0.0838290,-0.0997825,0.6205879,0.5098556,-0.5957500,0.1751659
3/20/2026 11:53:23.218,0.0545561,0.0443876,-0.0502814,0.9962556,0.1134103,0.0835901,-0.0961074,0.6310185,0.5134054,-0.5815760,0.1731303
3/20/2026 11:53:23.238,0.0548752,0.0441871,-0.0480966,0.9963549,0.1138466,0.0834095,-0.0917145,0.6432763,0.5179852,-0.5638146,0.1708164
3/20/2026 11:53:23.258,0.0551479,0.0437078,-0.0460817,0.9964562,0.1141812,0.0826548,-0.0876988,0.6556320,0.5196247,-0.5478476,0.1684254
3/20/2026 11:53:23.278,0.0554614,0.0427035,-0.0444272,0.9965576,0.1145860,0.0808022,-0.0844654,0.6689708,0.5150861,-0.5358773,0.1659972
3/20/2026 11:53:23.298,0.0553658,0.0406218,-0.0426174,0.9967289,0.1140791,0.0768332,-0.0810730,0.6850576,0.5026255,-0.5273175,0.1618119
3/20/2026 11:53:23.318,0.0551241,0.0392378,-0.0399384,0.9969086,0.1132837,0.0743747,-0.0758626,0.7015863,0.4993951,-0.5083123,0.1573020
3/20/2026 11:53:23.338,0.0545389,0.0380930,-0.0361158,0.9971310,0.1117488,0.0725436,-0.0683485,0.7204969,0.5032347,-0.4771153,0.1515357
3/20/2026 11:53:23.358,0.0537599,0.0367827,-0.0317852,0.9973698,0.1097957,0.0704365,-0.0598442,0.7417172,0.5074860,-0.4385356,0.1450883
3/20/2026 11:53:23.378,0.0526986,0.0354720,-0.0271006,0.9976123,0.1072738,0.0683642,-0.0506457,0.7630392,0.5136102,-0.3923977,0.1382361
3/20/2026 11:53:23.398,0.0519465,0.0336508,-0.0227050,0.9978246,0.1053900,0.0652040,-0.0420609,0.7879428,0.5104272,-0.3443981,0.1319448
3/20/2026 11:53:23.418,0.0514173,0.0319963,-0.0185948,0.9979914,0.1040054,0.0623288,-0.0340149,0.8116338,0.5050690,-0.2935229,0.1267827
3/20/2026 11:53:23.438,0.0507982,0.0306631,-0.0141355,0.9981382,0.1024534,0.0601272,-0.0252382,0.8328140,0.5027075,-0.2317457,0.1220619
3/20/2026 11:53:23.458,0.0501416,0.0291442,-0.0097337,0.9982694,0.1008478,0.0575353,-0.0165961,0.8526410,0.4955875,-0.1655186,0.1176796
3/20/2026 11:53:23.478,0.0494567,0.0274757,-0.0059336,0.9983807,0.0992422,0.0545709,-0.0091755,0.8693914,0.4829897,-0.1043052,0.1138320
3/20/2026 11:53:23.498,0.0486829,0.0259653,-0.0026680,0.9984733,0.0975101,0.0518611,-0.0028131,0.8813146,0.4700551,-0.0482991,0.1105275
3/20/2026 11:53:23.518,0.0479053,0.0245182,-0.0002016,0.9985510,0.0958282,0.0491915,0.0019554,0.8901775,0.4555983,-0.0037467,0.1076787
3/20/2026 11:53:23.538,0.0473834,0.0227714,0.0014572,0.9986162,0.0947108,0.0458393,0.0050911,0.9009737,0.4329879,0.0277077,0.1052297
3/20/2026 11:53:23.558,0.0467218,0.0204225,0.0033122,0.9986936,0.0933217,0.0412926,0.0085615,0.9143617,0.3996761,0.0648218,0.1022405
3/20/2026 11:53:23.578,0.0459158,0.0179967,0.0051859,0.9987698,0.0916603,0.0365871,0.0120626,0.9259334,0.3629200,0.1045777,0.0992142
3/20/2026 11:53:23.598,0.0447987,0.0159037,0.0076530,0.9988402,0.0893691,0.0325921,0.0167809,0.9303992,0.3302958,0.1589406,0.0963357
3/20/2026 11:53:23.618,0.0434333,0.0142006,0.0111065,0.9988937,0.0865632,0.0294490,0.0235121,0.9235983,0.3019716,0.2361762,0.0940836
3/20/2026 11:53:23.638,0.0421696,0.0126578,0.0144740,0.9989254,0.0839809,0.0266061,0.0300949,0.9098783,0.2731131,0.3122990,0.0927252
3/20/2026 11:53:23.658,0.0411589,0.0112829,0.0172397,0.9989402,0.0819331,0.0240441,0.0354981,0.8942165,0.2451327,0.3745488,0.0920877
3/20/2026 11:53:23.678,0.0405532,0.0096973,0.0194532,0.9989409,0.0807308,0.0210218,0.0397918,0.8813773,0.2107593,0.4227939,0.0920540
3/20/2026 11:53:23.698,0.0399386,0.0077573,0.0213821,0.9989432,0.0795448,0.0172615,0.0434898,0.8689572,0.1687779,0.4652177,0.0919555
3/20/2026 11:53:23.718,0.0387469,0.0060028,0.0232429,0.9989607,0.0772109,0.0138359,0.0470602,0.8500746,0.1316963,0.5099306,0.0911924
3/20/2026 11:53:23.738,0.0371643,0.0043446,0.0252641,0.9989803,0.0741010,0.0105875,0.0509614,0.8231673,0.0962310,0.5595849,0.0903252
3/20/2026 11:53:23.758,0.0356021,0.0026187,0.0273950,0.9989871,0.0710483,0.0072010,0.0550877,0.7911865,0.0581961,0.6087998,0.0900237
3/20/2026 11:53:23.778,0.0345624,0.0009920,0.0296142,0.9989633,0.0690493,0.0040386,0.0594120,0.7591931,0.0217894,0.6505006,0.0910772
3/20/2026 11:53:23.798,0.0340330,-0.0005709,0.0318840,0.9989119,0.0680809,0.0010321,0.0638510,0.7297170,-0.0122405,0.6836398,0.0933098
3/20/2026 11:53:23.818,0.0338520,-0.0022297,0.0343086,0.9988355,0.0678302,-0.0021364,0.0685977,0.7016042,-0.0462126,0.7110668,0.0965286
3/20/2026 11:53:23.838,0.0334493,-0.0037540,0.0371252,0.9987437,0.0671437,-0.0050264,0.0741409,0.6674879,-0.0749125,0.7408427,0.1002640
3/20/2026 11:53:23.858,0.0323893,-0.0047507,0.0412435,0.9986128,0.0651265,-0.0068310,0.0823322,0.6151097,-0.0902206,0.7832627,0.1053588
3/20/2026 11:53:23.878,0.0312918,-0.0059074,0.0459053,0.9984382,0.0630701,-0.0089413,0.0916075,0.5600901,-0.1057361,0.8216562,0.1117915
3/20/2026 11:53:23.898,0.0304671,-0.0068540,0.0492469,0.9982983,0.0615444,-0.0107043,0.0982523,0.5224692,-0.1175370,0.8445182,0.1166923
3/20/2026 11:53:23.918,0.0296341,-0.0077903,0.0520408,0.9981748,0.0600068,-0.0124906,0.1038027,0.4907010,-0.1289971,0.8617262,0.1208559
3/20/2026 11:53:23.938,0.0287961,-0.0087305,0.0541307,0.9980804,0.0584601,-0.0143349,0.1079443,0.4649633,-0.1409687,0.8740349,0.1239413
3/20/2026 11:53:23.958,0.0280302,-0.0097415,0.0554344,0.9980214,0.0570604,-0.0163641,0.1105075,0.4457914,-0.1549283,0.8816276,0.1258345
3/20/2026 11:53:23.978,0.0270368,-0.0107736,0.0566281,0.9979711,0.0552121,-0.0184707,0.1128549,0.4246426,-0.1692119,0.8894077,0.1274246
3/20/2026 11:53:23.998,0.0257654,-0.0115543,0.0579705,0.9979190,0.0527877,-0.0201025,0.1155216,0.3995749,-0.1791859,0.8990175,0.1290506
3/20/2026 11:53:24.018,0.0241411,-0.0117176,0.0594538,0.9978704,0.0495930,-0.0205415,0.1185112,0.3700963,-0.1796376,0.9114598,0.1305487
3/20/2026 11:53:24.038,0.0225693,-0.0119266,0.0606865,0.9978305,0.0465049,-0.0210865,0.1209968,0.3428071,-0.1811541,0.9217736,0.1317657
3/20/2026 11:53:24.058,0.0212755,-0.0123111,0.0614070,0.9978102,0.0439840,-0.0219783,0.1224451,0.3216546,-0.1861255,0.9283833,0.1323817
3/20/2026 11:53:24.078,0.0203770,-0.0130048,0.0616780,0.9978034,0.0422813,-0.0234619,0.1229743,0.3075962,-0.1963108,0.9310459,0.1325870
3/20/2026 11:53:24.098,0.0193571,-0.0139335,0.0617813,0.9978048,0.0403618,-0.0254375,0.1231630,0.2922921,-0.2103960,0.9328981,0.1325456
3/20/2026 11:53:24.118,0.0182004,-0.0151158,0.0618305,0.9978063,0.0381994,-0.0279387,0.1232409,0.2749202,-0.2283278,0.9339621,0.1325006
3/20/2026 11:53:24.138,0.0166257,-0.0158778,0.0621243,0.9978037,0.0351583,-0.0296427,0.1238404,0.2509855,-0.2396950,0.9378446,0.1325780
3/20/2026 11:53:24.158,0.0143259,-0.0163251,0.0627601,0.9977924,0.0306425,-0.0307992,0.1251605,0.2157124,-0.2458148,0.9450096,0.1329195
3/20/2026 11:53:24.178,0.0121804,-0.0166220,0.0631139,0.9977937,0.0264083,-0.0316494,0.1259206,0.1834597,-0.2503577,0.9506122,0.1328800
3/20/2026 11:53:24.198,0.0101667,-0.0171586,0.0631835,0.9978026,0.0224588,-0.0329714,0.1261062,0.1534437,-0.2589721,0.9536186,0.1326104
3/20/2026 11:53:24.218,0.0082116,-0.0181648,0.0630275,0.9978127,0.0186782,-0.0352285,0.1258347,0.1242209,-0.2747879,0.9534468,0.1323042
3/20/2026 11:53:24.238,0.0057838,-0.0191306,0.0627408,0.9978298,0.0139435,-0.0374648,0.1253280,0.0878368,-0.2905306,0.9528256,0.1317874
3/20/2026 11:53:24.258,0.0025595,-0.0195127,0.0626234,0.9978433,0.0075519,-0.0386313,0.1252073,0.0389912,-0.2972551,0.9540016,0.1313758
3/20/2026 11:53:24.278,-0.0017356,-0.0190539,0.0627964,0.9978430,-0.0010707,-0.0382530,0.1257190,-0.0264384,-0.2902507,0.9565853,0.1313867
3/20/2026 11:53:24.298,-0.0064833,-0.0181791,0.0631231,0.9978192,-0.0106435,-0.0371081,0.1265513,-0.0982201,-0.2754085,0.9562964,0.1321093
3/20/2026 11:53:24.318,-0.0107849,-0.0176166,0.0633611,0.9977769,-0.0192906,-0.0365364,0.1271867,-0.1618311,-0.2643427,0.9507543,0.1333836
3/20/2026 11:53:24.338,-0.0142702,-0.0175184,0.0634516,0.9977291,-0.0262555,-0.0367891,0.1275041,-0.2118672,-0.2600917,0.9420534,0.1348106
3/20/2026 11:53:24.358,-0.0175966,-0.0174746,0.0634277,0.9976783,-0.0329007,-0.0371289,0.1275906,-0.2583810,-0.2565890,0.9313438,0.1363102
3/20/2026 11:53:24.378,-0.0213430,-0.0168486,0.0636472,0.9976020,-0.0404500,-0.0363711,0.1281634,-0.3083697,-0.2434337,0.9195913,0.1385344
3/20/2026 11:53:24.398,-0.0250830,-0.0163648,0.0638804,0.9975081,-0.0479687,-0.0359016,0.1287666,-0.3555225,-0.2319515,0.9054294,0.1412212
3/20/2026 11:53:24.418,-0.0284013,-0.0162061,0.0640536,0.9974106,-0.0546065,-0.0360282,0.1292476,-0.3949146,-0.2253434,0.8906531,0.1439590
3/20/2026 11:53:24.438,-0.0312284,-0.0165686,0.0637986,0.9973365,-0.0602127,-0.0371094,0.1288816,-0.4281480,-0.2271594,0.8746930,0.1460048
3/20/2026 11:53:24.458,-0.0338954,-0.0170599,0.0633150,0.9972720,-0.0654924,-0.0384106,0.1280645,-0.4591914,-0.2311149,0.8577466,0.1477627
3/20/2026 11:53:24.478,-0.0368074,-0.0173970,0.0627588,0.9971981,-0.0712852,-0.0394268,0.1271106,-0.4920300,-0.2325583,0.8389416,0.1497519
3/20/2026 11:53:24.498,-0.0396586,-0.0176472,0.0622418,0.9971167,-0.0769677,-0.0402595,0.1262320,-0.5226265,-0.2325573,0.8202308,0.1519116
3/20/2026 11:53:24.518,-0.0423776,-0.0182256,0.0617456,0.9970254,-0.0823455,-0.0417296,0.1254210,-0.5498232,-0.2364662,0.8011106,0.1543011
3/20/2026 11:53:24.538,-0.0446942,-0.0190173,0.0614079,0.9969302,-0.0868876,-0.0435853,0.1249336,-0.5708405,-0.2428924,0.7843115,0.1567502
3/20/2026 11:53:24.558,-0.0473707,-0.0195347,0.0609929,0.9968221,-0.0921879,-0.0449295,0.1242950,-0.5946612,-0.2452255,0.7656648,0.1594883
3/20/2026 11:53:24.578,-0.0507798,-0.0195197,0.0606388,0.9966762,-0.0990165,-0.0453055,0.1237774,-0.6233272,-0.2396063,0.7443467,0.1631107
3/20/2026 11:53:24.598,-0.0549955,-0.0190941,0.0603144,0.9964804,-0.1075077,-0.0449624,0.1233270,-0.6560622,-0.2277801,0.7195127,0.1678490
3/20/2026 11:53:24.618,-0.0593272,-0.0189836,0.0599301,0.9962571,-0.1161962,-0.0452567,0.1227984,-0.6863472,-0.2196189,0.6933218,0.1730945
3/20/2026 11:53:24.638,-0.0626846,-0.0196552,0.0589878,0.9960948,-0.1228696,-0.0469230,0.1211868,-0.7099796,-0.2226193,0.6681090,0.1768100
3/20/2026 11:53:24.658,-0.0659180,-0.0206548,0.0576865,0.9959421,-0.1292779,-0.0491771,0.1188978,-0.7324432,-0.2295041,0.6409796,0.1802374
3/20/2026 11:53:24.678,-0.0693684,-0.0215488,0.0562670,0.9957699,-0.1361451,-0.0512176,0.1163848,-0.7549726,-0.2345265,0.6123837,0.1840232
3/20/2026 11:53:24.698,-0.0727651,-0.0221097,0.0548629,0.9955935,-0.1429493,-0.0525688,0.1138648,-0.7759637,-0.2357765,0.5850554,0.1878231
3/20/2026 11:53:24.718,-0.0772413,-0.0223809,0.0533746,0.9953312,-0.1519563,-0.0534392,0.1112164,-0.8002682,-0.2318804,0.5529940,0.1933385
3/20/2026 11:53:24.738,-0.0812489,-0.0226592,0.0519962,0.9950787,-0.1600238,-0.0542642,0.1087642,-0.8199671,-0.2286775,0.5247481,0.1985004
3/20/2026 11:53:24.758,-0.0851413,-0.0225817,0.0507726,0.9948182,-0.1678949,-0.0543660,0.1065616,-0.8374264,-0.2221074,0.4993849,0.2036925
3/20/2026 11:53:24.778,-0.0880964,-0.0227202,0.0496356,0.9946151,-0.1738631,-0.0547942,0.1045029,-0.8500378,-0.2192262,0.4789318,0.2076478
3/20/2026 11:53:24.798,-0.0900173,-0.0232388,0.0484844,0.9944879,-0.1777228,-0.0558586,0.1024076,-0.8585196,-0.2216345,0.4624092,0.2100882
3/20/2026 11:53:24.818,-0.0917076,-0.0236727,0.0472978,0.9943804,-0.1811341,-0.0567123,0.1002108,-0.8662551,-0.2236087,0.4467676,0.2121293
3/20/2026 11:53:24.838,-0.0932536,-0.0239811,0.0463453,0.9942740,-0.1842573,-0.0573327,0.0984559,-0.8726649,-0.2244148,0.4336981,0.2141299
3/20/2026 11:53:24.858,-0.0946162,-0.0245691,0.0453970,0.9941747,-0.1869872,-0.0584949,0.0967496,-0.8778557,-0.2279534,0.4211966,0.2159805
3/20/2026 11:53:24.878,-0.0958785,-0.0252676,0.0441664,0.9940917,-0.1895246,-0.0598119,0.0944865,-0.8833143,-0.2327869,0.4068983,0.2175158
3/20/2026 11:53:24.898,-0.0974465,-0.0255869,0.0427355,0.9939936,-0.1927263,-0.0603485,0.0917703,-0.8904206,-0.2338012,0.3904971,0.2193161
3/20/2026 11:53:24.918,-0.0991287,-0.0258572,0.0411093,0.9938889,-0.1961757,-0.0607504,0.0886575,-0.8980188,-0.2342432,0.3724142,0.2212217
3/20/2026 11:53:24.938,-0.1008672,-0.0261460,0.0393053,0.9937794,-0.1997499,-0.0611492,0.0851917,-0.9057152,-0.2347725,0.3529333,0.2231968
3/20/2026 11:53:24.958,-0.1025092,-0.0264026,0.0374772,0.9936752,-0.2031370,-0.0614562,0.0816621,-0.9128705,-0.2351217,0.3337443,0.2250601
3/20/2026 11:53:24.978,-0.1041194,-0.0268895,0.0356937,0.9935604,-0.2064414,-0.0622260,0.0782679,-0.9189335,-0.2373202,0.3150244,0.2270956
3/20/2026 11:53:24.998,-0.1059187,-0.0273562,0.0339493,0.9934186,-0.2101287,-0.0629699,0.0749651,-0.9247214,-0.2388330,0.2963934,0.2295850
3/20/2026 11:53:25.018,-0.1072261,-0.0279591,0.0320150,0.9933258,-0.2128338,-0.0638949,0.0712664,-0.9296245,-0.2423987,0.2775629,0.2311998
3/20/2026 11:53:25.038,-0.1082288,-0.0287606,0.0293343,0.9932769,-0.2149667,-0.0650255,0.0660680,-0.9349145,-0.2484431,0.2533990,0.2320457
3/20/2026 11:53:25.058,-0.1093714,-0.0296110,0.0259793,0.9932202,-0.2174304,-0.0661067,0.0595199,-0.9408371,-0.2547202,0.2234794,0.2330240
3/20/2026 11:53:25.078,-0.1109014,-0.0300324,0.0223573,0.9931259,-0.2207230,-0.0662657,0.0523629,-0.9474630,-0.2565754,0.1910051,0.2346407
3/20/2026 11:53:25.098,-0.1124428,-0.0303170,0.0186195,0.9930211,-0.2240572,-0.0660971,0.0449356,-0.9534123,-0.2570602,0.1578766,0.2364234
3/20/2026 11:53:25.118,-0.1137196,-0.0308318,0.0150018,0.9929212,-0.2268446,-0.0663874,0.0377809,-0.9574269,-0.2595791,0.1263031,0.2381125
3/20/2026 11:53:25.138,-0.1147751,-0.0315465,0.0116318,0.9928224,-0.2291694,-0.0671139,0.0311582,-0.9596700,-0.2637698,0.0972573,0.2397698
3/20/2026 11:53:25.158,-0.1154145,-0.0321290,0.0085770,0.9927607,-0.2306463,-0.0676132,0.0251142,-0.9609089,-0.2674971,0.0714099,0.2407992
3/20/2026 11:53:25.178,-0.1157858,-0.0327750,0.0045361,0.9927230,-0.2316555,-0.0679906,0.0170526,-0.9615113,-0.2721710,0.0376691,0.2414257
3/20/2026 11:53:25.198,-0.1161802,-0.0333639,0.0015791,0.9926664,-0.2326440,-0.0685030,0.0111894,-0.9610705,-0.2759944,0.0130626,0.2423643
3/20/2026 11:53:25.218,-0.1170478,-0.0336870,-0.0016127,0.9925535,-0.2346074,-0.0684210,0.0048166,-0.9609072,-0.2765541,-0.0132397,0.2442250
3/20/2026 11:53:25.238,-0.1182663,-0.0336764,-0.0047881,0.9923992,-0.2372776,-0.0676540,-0.0015823,-0.9610401,-0.2736567,-0.0389086,0.2467457
3/20/2026 11:53:25.258,-0.1192077,-0.0335416,-0.0076424,0.9922732,-0.2393650,-0.0666922,-0.0073805,-0.9607928,-0.2703390,-0.0615964,0.2487862
3/20/2026 11:53:25.278,-0.1199193,-0.0331867,-0.0098028,0.9921805,-0.2409382,-0.0654389,-0.0118353,-0.9607977,-0.2658930,-0.0785407,0.2502758
3/20/2026 11:53:25.298,-0.1208724,-0.0329147,-0.0118877,0.9920509,-0.2429898,-0.0643664,-0.0161036,-0.9605508,-0.2615674,-0.0944696,0.2523428
3/20/2026 11:53:25.318,-0.1216673,-0.0328308,-0.0138070,0.9919317,-0.2447130,-0.0637121,-0.0200000,-0.9597246,-0.2589730,-0.1089113,0.2542304
3/20/2026 11:53:25.338,-0.1225039,-0.0327664,-0.0156840,0.9918031,-0.2465166,-0.0631012,-0.0238053,-0.9587358,-0.2564355,-0.1227454,0.2562526
3/20/2026 11:53:25.358,-0.1234619,-0.0328302,-0.0174489,0.9916527,-0.2485599,-0.0627729,-0.0273444,-0.9575256,-0.2546193,-0.1353277,0.2585958
3/20/2026 11:53:25.378,-0.1245242,-0.0329546,-0.0193430,0.9914806,-0.2508233,-0.0625264,-0.0311290,-0.9560013,-0.2530001,-0.1485008,0.2612514
3/20/2026 11:53:25.398,-0.1257559,-0.0331190,-0.0215977,0.9912729,-0.2534522,-0.0622558,-0.0356355,-0.9539596,-0.2512347,-0.1638359,0.2644208
3/20/2026 11:53:25.418,-0.1269136,-0.0332523,-0.0238864,0.9910685,-0.2559335,-0.0619021,-0.0402279,-0.9517032,-0.2493532,-0.1791199,0.2675038
3/20/2026 11:53:25.438,-0.1281206,-0.0333390,-0.0261079,0.9908542,-0.2585081,-0.0614577,-0.0446966,-0.9494845,-0.2470706,-0.1934822,0.2706994
3/20/2026 11:53:25.459,-0.1293676,-0.0335489,-0.0286707,0.9906144,-0.2611901,-0.0611611,-0.0498349,-0.9464469,-0.2454419,-0.2097534,0.2742315
3/20/2026 11:53:25.479,-0.1302278,-0.0340364,-0.0319671,0.9903839,-0.2631539,-0.0612374,-0.0564281,-0.9413186,-0.2460238,-0.2310660,0.2775828
3/20/2026 11:53:25.498,-0.1307360,-0.0344559,-0.0360475,0.9901624,-0.2644555,-0.0609643,-0.0646708,-0.9343405,-0.2462484,-0.2576231,0.2807675
3/20/2026 11:53:25.518,-0.1312233,-0.0348913,-0.0410427,0.9898882,-0.2657746,-0.0604639,-0.0747947,-0.9250841,-0.2459729,-0.2893387,0.2846597
3/20/2026 11:53:25.538,-0.1314504,-0.0350452,-0.0453183,0.9896661,-0.2665039,-0.0595896,-0.0835326,-0.9167238,-0.2444023,-0.3160460,0.2877741
3/20/2026 11:53:25.558,-0.1315952,-0.0350226,-0.0495649,0.9894440,-0.2670467,-0.0583614,-0.0922663,-0.9080811,-0.2416758,-0.3420258,0.2908554
3/20/2026 11:53:25.578,-0.1314956,-0.0351896,-0.0538323,0.9892284,-0.2671120,-0.0575346,-0.1010018,-0.8983123,-0.2403979,-0.3677551,0.2938158
3/20/2026 11:53:25.598,-0.1311218,-0.0352902,-0.0582392,0.9890248,-0.2666236,-0.0565606,-0.1100527,-0.8874557,-0.2388507,-0.3941735,0.2965856
3/20/2026 11:53:25.618,-0.1307495,-0.0352849,-0.0625257,0.9888125,-0.2661157,-0.0554077,-0.1188850,-0.8765483,-0.2365511,-0.4191738,0.2994450
3/20/2026 11:53:25.638,-0.1306390,-0.0352243,-0.0661440,0.9885939,-0.2660863,-0.0542997,-0.1263515,-0.8674194,-0.2338827,-0.4391840,0.3023624
3/20/2026 11:53:25.658,-0.1305053,-0.0350651,-0.0695176,0.9883857,-0.2659794,-0.0530608,-0.1333432,-0.8587754,-0.2307422,-0.4574526,0.3051147
3/20/2026 11:53:25.678,-0.1301830,-0.0350157,-0.0725411,0.9882126,-0.2654848,-0.0521691,-0.1395882,-0.8503803,-0.2287290,-0.4738527,0.3073844
3/20/2026 11:53:25.698,-0.1297207,-0.0350398,-0.0754387,0.9880556,-0.2647098,-0.0514858,-0.1455557,-0.8418055,-0.2273859,-0.4895499,0.3094287
3/20/2026 11:53:25.718,-0.1291584,-0.0350490,-0.0782678,0.9879088,-0.2637264,-0.0508103,-0.1513868,-0.8330863,-0.2260698,-0.5048363,0.3113275
3/20/2026 11:53:25.738,-0.1284050,-0.0350195,-0.0816089,0.9877378,-0.2623768,-0.0499518,-0.1582834,-0.8224633,-0.2243079,-0.5227236,0.3135259
3/20/2026 11:53:25.758,-0.1277857,-0.0349026,-0.0848406,0.9875498,-0.2612744,-0.0489329,-0.1649754,-0.8123364,-0.2218768,-0.5393332,0.3159250
3/20/2026 11:53:25.778,-0.1270868,-0.0345787,-0.0874996,0.9874195,-0.2599448,-0.0476660,-0.1705418,-0.8037205,-0.2186819,-0.5533639,0.3175781
3/20/2026 11:53:25.798,-0.1263378,-0.0342945,-0.0899177,0.9873083,-0.2585055,-0.0465618,-0.1755992,-0.7954975,-0.2159383,-0.5661752,0.3189818
3/20/2026 11:53:25.818,-0.1254255,-0.0341598,-0.0923546,0.9872042,-0.2567627,-0.0457948,-0.1806538,-0.7865587,-0.2142201,-0.5791675,0.3202897
3/20/2026 11:53:25.838,-0.1245021,-0.0339533,-0.0947112,0.9871050,-0.2549787,-0.0449143,-0.1855591,-0.7777764,-0.2121097,-0.5916700,0.3215313
3/20/2026 11:53:25.858,-0.1236102,-0.0335672,-0.0968591,0.9870219,-0.2532117,-0.0437253,-0.1900784,-0.7697436,-0.2090291,-0.6031597,0.3225685
3/20/2026 11:53:25.878,-0.1227528,-0.0331430,-0.0991055,0.9869202,-0.2515068,-0.0424356,-0.1948072,-0.7614473,-0.2055895,-0.6147609,0.3238325
3/20/2026 11:53:25.898,-0.1219341,-0.0328538,-0.1012027,0.9868186,-0.2498964,-0.0414607,-0.1991919,-0.7534655,-0.2030130,-0.6253602,0.3250909
3/20/2026 11:53:25.918,-0.1210271,-0.0325637,-0.1031712,0.9867360,-0.2481003,-0.0405427,-0.2033087,-0.7455447,-0.2005974,-0.6355499,0.3261095
3/20/2026 11:53:25.938,-0.1196759,-0.0323410,-0.1049106,0.9867247,-0.2454163,-0.0399193,-0.2069297,-0.7369103,-0.1991416,-0.6459922,0.3262490
3/20/2026 11:53:25.958,-0.1179236,-0.0320990,-0.1064322,0.9867805,-0.2419148,-0.0394050,-0.2100999,-0.7276444,-0.1980663,-0.6567369,0.3255605
3/20/2026 11:53:25.978,-0.1159816,-0.0320076,-0.1080761,0.9868351,-0.2380704,-0.0392187,-0.2134798,-0.7171301,-0.1979073,-0.6682494,0.3248867
3/20/2026 11:53:25.998,-0.1139276,-0.0318974,-0.1099914,0.9868662,-0.2340094,-0.0389664,-0.2174178,-0.7052609,-0.1974585,-0.6808944,0.3245010
3/20/2026 11:53:26.018,-0.1120050,-0.0318831,-0.1116219,0.9869037,-0.2302223,-0.0389642,-0.2207473,-0.6943437,-0.1976501,-0.6919690,0.3240365
3/20/2026 11:53:26.038,-0.1097861,-0.0320677,-0.1133658,0.9869484,-0.2258935,-0.0394177,-0.2242593,-0.6817419,-0.1991316,-0.7039706,0.3234825
3/20/2026 11:53:26.058,-0.1073388,-0.0321810,-0.1148943,0.9870371,-0.2210862,-0.0398425,-0.2273437,-0.6688074,-0.2005136,-0.7158847,0.3223792
3/20/2026 11:53:26.078,-0.1042846,-0.0324766,-0.1162373,0.9871976,-0.2151040,-0.0408301,-0.2300038,-0.6538110,-0.2036115,-0.7287479,0.3203727
3/20/2026 11:53:26.098,-0.1007561,-0.0327641,-0.1176439,0.9873878,-0.2081801,-0.0419121,-0.2327983,-0.6364059,-0.2069481,-0.7430747,0.3179789
3/20/2026 11:53:26.118,-0.0972059,-0.0328849,-0.1190699,0.9875688,-0.2011805,-0.0426770,-0.2356729,-0.6184053,-0.2092076,-0.7575005,0.3156840
3/20/2026 11:53:26.138,-0.0940749,-0.0326479,-0.1202836,0.9877328,-0.1949279,-0.0426845,-0.2381890,-0.6024493,-0.2090748,-0.7702873,0.3135908
3/20/2026 11:53:26.158,-0.0911318,-0.0324806,-0.1213275,0.9878864,-0.1890616,-0.0428368,-0.2403458,-0.5872708,-0.2093111,-0.7818580,0.3116165
3/20/2026 11:53:26.178,-0.0880999,-0.0324027,-0.1222465,0.9880508,-0.1830368,-0.0432265,-0.2422321,-0.5715984,-0.2102309,-0.7931446,0.3094914
3/20/2026 11:53:26.198,-0.0849125,-0.0321408,-0.1231741,0.9882232,-0.1766602,-0.0432936,-0.2441711,-0.5549122,-0.2100434,-0.8049560,0.3072457
3/20/2026 11:53:26.218,-0.0807303,-0.0317934,-0.1244144,0.9884294,-0.1682968,-0.0433895,-0.2467649,-0.5322370,-0.2096070,-0.8202370,0.3045384
3/20/2026 11:53:26.238,-0.0765976,-0.0313118,-0.1253969,0.9886497,-0.1599910,-0.0432686,-0.2488570,-0.5098355,-0.2084123,-0.8346448,0.3016198
3/20/2026 11:53:26.258,-0.0726244,-0.0307325,-0.1262680,0.9888568,-0.1519757,-0.0429480,-0.2507372,-0.4878365,-0.2064382,-0.8481739,0.2988507
3/20/2026 11:53:26.278,-0.0686033,-0.0303053,-0.1273191,0.9890224,-0.1439135,-0.0429330,-0.2529615,-0.4642678,-0.2050887,-0.8616229,0.2966179
3/20/2026 11:53:26.298,-0.0647467,-0.0298047,-0.1282647,0.9891753,-0.1361579,-0.0427634,-0.2549815,-0.4412379,-0.2031138,-0.8741017,0.2945405
3/20/2026 11:53:26.318,-0.0604873,-0.0295871,-0.1291445,0.9893370,-0.1276733,-0.0432857,-0.2568375,-0.4153071,-0.2031457,-0.8867085,0.2923283
3/20/2026 11:53:26.338,-0.0562672,-0.0291717,-0.1299167,0.9894972,-0.1192144,-0.0434324,-0.2585056,-0.3892516,-0.2018077,-0.8987530,0.2901199
3/20/2026 11:53:26.358,-0.0524501,-0.0281996,-0.1306592,0.9896374,-0.1114126,-0.0423840,-0.2601725,-0.3652771,-0.1963900,-0.9099470,0.2881746
3/20/2026 11:53:26.378,-0.0486812,-0.0275130,-0.1311961,0.9897782,-0.1037725,-0.0419277,-0.2613880,-0.3413453,-0.1929167,-0.9199275,0.2862069
3/20/2026 11:53:26.398,-0.0442493,-0.0275977,-0.1314943,0.9899442,-0.0950093,-0.0432116,-0.2620593,-0.3128084,-0.1950947,-0.9295639,0.2838687
3/20/2026 11:53:26.419,-0.0398624,-0.0278339,-0.1315510,0.9901166,-0.0863673,-0.0448117,-0.2622443,-0.2842285,-0.1984625,-0.9379908,0.2814211
3/20/2026 11:53:26.438,-0.0361111,-0.0277598,-0.1316881,0.9902442,-0.0789108,-0.0456250,-0.2626181,-0.2591534,-0.1992198,-0.9450666,0.2795953
3/20/2026 11:53:26.458,-0.0328310,-0.0274772,-0.1319441,0.9903323,-0.0723412,-0.0458955,-0.2632431,-0.2366781,-0.1980826,-0.9511818,0.2783280
3/20/2026 11:53:26.478,-0.0286354,-0.0271460,-0.1320980,0.9904511,-0.0639393,-0.0463193,-0.2636966,-0.2077057,-0.1969025,-0.9581689,0.2766100
3/20/2026 11:53:26.498,-0.0245858,-0.0272609,-0.1320814,0.9905589,-0.0559379,-0.0476049,-0.2637846,-0.1793433,-0.1988573,-0.9634790,0.2750414
3/20/2026 11:53:26.518,-0.0201507,-0.0274116,-0.1320067,0.9906650,-0.0471796,-0.0490656,-0.2637827,-0.1478184,-0.2010822,-0.9683572,0.2734900
3/20/2026 11:53:26.538,-0.0154860,-0.0274209,-0.1320722,0.9907398,-0.0379374,-0.0503009,-0.2640962,-0.1140567,-0.2019590,-0.9727300,0.2723904
3/20/2026 11:53:26.558,-0.0105124,-0.0276504,-0.1323756,0.9907581,-0.0281547,-0.0520506,-0.2649147,-0.0775021,-0.2038503,-0.9759295,0.2721198
3/20/2026 11:53:26.578,-0.0063202,-0.0276008,-0.1326736,0.9907553,-0.0198486,-0.0530495,-0.2657126,-0.0465879,-0.2034533,-0.9779756,0.2721611
3/20/2026 11:53:26.598,-0.0028931,-0.0265701,-0.1325111,0.9908211,-0.0127752,-0.0519133,-0.2655679,-0.0214023,-0.1965543,-0.9802593,0.2711893
3/20/2026 11:53:26.618,0.0000850,-0.0240566,-0.1321058,0.9909437,-0.0061876,-0.0477190,-0.2649157,0.0006332,-0.1791549,-0.9838207,0.2693692
3/20/2026 11:53:26.639,0.0029443,-0.0211196,-0.1316965,0.9910608,0.0002732,-0.0426501,-0.2642266,0.0220693,-0.1583043,-0.9871437,0.2676200
3/20/2026 11:53:26.659,0.0061140,-0.0185277,-0.1313295,0.9911468,0.0072534,-0.0383437,-0.2636094,0.0460495,-0.1395466,-0.9891442,0.2663275
3/20/2026 11:53:26.679,0.0098378,-0.0146637,-0.1306710,0.9912686,0.0156722,-0.0316515,-0.2623807,0.0746086,-0.1112077,-0.9909927,0.2644868
3/20/2026 11:53:26.699,0.0137666,-0.0099654,-0.1299096,0.9913802,0.0247092,-0.0233451,-0.2608820,0.1050753,-0.0760622,-0.9915512,0.2627881
3/20/2026 11:53:26.718,0.0178348,-0.0061344,-0.1287975,0.9914916,0.0337923,-0.0167689,-0.2586422,0.1370104,-0.0471254,-0.9894480,0.2610829
3/20/2026 11:53:26.738,0.0211958,-0.0040255,-0.1279471,0.9915464,0.0410147,-0.0134184,-0.2569329,0.1633549,-0.0310239,-0.9860795,0.2602390
3/20/2026 11:53:26.759,0.0244049,-0.0016715,-0.1265816,0.9916546,0.0479976,-0.0095046,-0.2541487,0.1892971,-0.0129649,-0.9818343,0.2585662
3/20/2026 11:53:26.778,0.0274848,0.0005752,-0.1250954,0.9917639,0.0546881,-0.0057441,-0.2511003,0.2145904,0.0044913,-0.9766937,0.2568648
3/20/2026 11:53:26.799,0.0305110,0.0017663,-0.1241335,0.9917948,0.0609977,-0.0040788,-0.2491503,0.2386651,0.0138165,-0.9710037,0.2563813
3/20/2026 11:53:26.819,0.0334612,0.0025048,-0.1232628,0.9918067,0.0670417,-0.0032879,-0.2474045,0.2619302,0.0196073,-0.9648876,0.2561957
3/20/2026 11:53:26.838,0.0362336,0.0032171,-0.1220151,0.9918615,0.0727266,-0.0024668,-0.2448924,0.2845824,0.0252672,-0.9583185,0.2553366
3/20/2026 11:53:26.859,0.0387807,0.0038165,-0.1205512,0.9919420,0.0779354,-0.0017841,-0.2419445,0.3060999,0.0301236,-0.9515226,0.2540677
3/20/2026 11:53:26.879,0.0410502,0.0045165,-0.1189474,0.9920413,0.0826154,-0.0008074,-0.2386973,0.3260214,0.0358697,-0.9446816,0.2524952
3/20/2026 11:53:26.899,0.0430592,0.0055619,-0.1170389,0.9921779,0.0868558,0.0009613,-0.2347962,0.3449358,0.0445553,-0.9375682,0.2503168
3/20/2026 11:53:26.919,0.0452462,0.0063171,-0.1152729,0.9922828,0.0913775,0.0021143,-0.2312053,0.3649010,0.0509465,-0.9296514,0.2486305
3/20/2026 11:53:26.939,0.0475888,0.0072091,-0.1136035,0.9923596,0.0962369,0.0035117,-0.2277948,0.3857119,0.0584301,-0.9207672,0.2473891
3/20/2026 11:53:26.959,0.0503707,0.0087769,-0.1118197,0.9924124,0.1021174,0.0061880,-0.2240867,0.4096686,0.0713832,-0.9094372,0.2465316
3/20/2026 11:53:26.979,0.0528648,0.0103668,-0.1106241,0.9924012,0.1074263,0.0089314,-0.2215456,0.4296409,0.0842525,-0.8990608,0.2467128
3/20/2026 11:53:26.999,0.0551893,0.0118413,-0.1097049,0.9923603,0.1123698,0.0114652,-0.2195599,0.4473320,0.0959787,-0.8892031,0.2473775
3/20/2026 11:53:27.019,0.0574795,0.0128625,-0.1089536,0.9923003,0.1171445,0.0130919,-0.2179541,0.4640849,0.1038509,-0.8796818,0.2483477
3/20/2026 11:53:27.039,0.0591219,0.0140848,-0.1081042,0.9922801,0.1206688,0.0152811,-0.2161115,0.4767227,0.1135709,-0.8716864,0.2486737
3/20/2026 11:53:27.059,0.0606888,0.0153060,-0.1071432,0.9922717,0.1240373,0.0175060,-0.2140348,0.4890911,0.1233508,-0.8634666,0.2488102
3/20/2026 11:53:27.079,0.0623447,0.0165459,-0.1060483,0.9922667,0.1275802,0.0197748,-0.2116783,0.5022755,0.1333011,-0.8543712,0.2488909
3/20/2026 11:53:27.099,0.0640331,0.0171927,-0.1049766,0.9922621,0.1310598,0.0208558,-0.2094377,0.5157270,0.1384715,-0.8454887,0.2489638
3/20/2026 11:53:27.119,0.0658400,0.0177145,-0.1038410,0.9922543,0.1347465,0.0216790,-0.2070815,0.5300094,0.1426010,-0.8359157,0.2490906
3/20/2026 11:53:27.139,0.0675280,0.0184489,-0.1026789,0.9922484,0.1382376,0.0229654,-0.2046383,0.5433919,0.1484564,-0.8262480,0.2491855
3/20/2026 11:53:27.159,0.0688964,0.0191658,-0.1014570,0.9922663,0.1410836,0.0242989,-0.2020704,0.5550466,0.1544045,-0.8173631,0.2488966
3/20/2026 11:53:27.179,0.0699995,0.0198837,-0.1000225,0.9923206,0.1433924,0.0257258,-0.1990670,0.5659162,0.1607515,-0.8086396,0.2480202
3/20/2026 11:53:27.199,0.0709487,0.0205116,-0.0983233,0.9924103,0.1453654,0.0270486,-0.1955367,0.5769537,0.1668001,-0.7995636,0.2465655
3/20/2026 11:53:27.219,0.0722156,0.0212567,-0.0962940,0.9925022,0.1479816,0.0286033,-0.1913173,0.5908310,0.1739118,-0.7878282,0.2450661
3/20/2026 11:53:27.239,0.0732488,0.0221414,-0.0944633,0.9925830,0.1501577,0.0304631,-0.1874754,0.6025303,0.1821306,-0.7770365,0.2437410
3/20/2026 11:53:27.259,0.0744367,0.0235222,-0.0931251,0.9925894,0.1527444,0.0332249,-0.1845508,0.6125612,0.1935714,-0.7663542,0.2436351
3/20/2026 11:53:27.279,0.0754954,0.0247633,-0.0918393,0.9925991,0.1550422,0.0357293,-0.1817474,0.6216775,0.2039173,-0.7562638,0.2434761
3/20/2026 11:53:27.299,0.0764977,0.0256123,-0.0900244,0.9926670,0.1571307,0.0375469,-0.1779280,0.6328334,0.2118796,-0.7447342,0.2423545
3/20/2026 11:53:27.319,0.0777111,0.0264975,-0.0878074,0.9927481,0.1596254,0.0394754,-0.1732811,0.6464424,0.2204201,-0.7304294,0.2410086
3/20/2026 11:53:27.339,0.0786697,0.0275771,-0.0850510,0.9928832,0.1616131,0.0419384,-0.1675076,0.6605749,0.2315598,-0.7141575,0.2387509
3/20/2026 11:53:27.359,0.0796791,0.0286370,-0.0822530,0.9930084,0.1636848,0.0443733,-0.1616470,0.6749945,0.2425957,-0.6967996,0.2366396
3/20/2026 11:53:27.379,0.0805533,0.0298869,-0.0794326,0.9931307,0.1655024,0.0472287,-0.1557067,0.6884244,0.2554193,-0.6788467,0.2345572
3/20/2026 11:53:27.399,0.0810369,0.0313796,-0.0760951,0.9933065,0.1665334,0.0507293,-0.1486827,0.7015691,0.2716655,-0.6587858,0.2315334
3/20/2026 11:53:27.419,0.0812626,0.0325850,-0.0725894,0.9935117,0.1669761,0.0537221,-0.1413713,0.7145194,0.2865106,-0.6382584,0.2279535
3/20/2026 11:53:27.439,0.0817602,0.0336000,-0.0683324,0.9937390,0.1678759,0.0564282,-0.1325613,0.7317829,0.3007318,-0.6115997,0.2239203
3/20/2026 11:53:27.459,0.0823038,0.0346196,-0.0640180,0.9939464,0.1688448,0.0591575,-0.1236310,0.7491223,0.3151052,-0.5826871,0.2201771
3/20/2026 11:53:27.479,0.0829309,0.0354658,-0.0598595,0.9941235,0.1699499,0.0615108,-0.1150407,0.7660902,0.3276223,-0.5529642,0.2169296
3/20/2026 11:53:27.499,0.0835768,0.0360012,-0.0561877,0.9942645,0.1710737,0.0631608,-0.1074863,0.7814595,0.3366182,-0.5253659,0.2143083
3/20/2026 11:53:27.519,0.0839119,0.0366764,-0.0521140,0.9944335,0.1715526,0.0652010,-0.0991075,0.7963766,0.3480815,-0.4945944,0.2111248
3/20/2026 11:53:27.539,0.0837391,0.0377561,-0.0471322,0.9946562,0.1709740,0.0682625,-0.0888483,0.8110839,0.3656996,-0.4565157,0.2068538
3/20/2026 11:53:27.559,0.0834607,0.0386481,-0.0422471,0.9948648,0.1701495,0.0709302,-0.0788282,0.8245998,0.3818471,-0.4174061,0.2027736
3/20/2026 11:53:27.579,0.0834103,0.0391971,-0.0378691,0.9950238,0.1697736,0.0727967,-0.0698834,0.8371322,0.3933947,-0.3800663,0.1996053
3/20/2026 11:53:27.599,0.0834267,0.0395835,-0.0337211,0.9951564,0.1695257,0.0742893,-0.0614298,0.8486469,0.4026577,-0.3430237,0.1969265
3/20/2026 11:53:27.619,0.0834791,0.0399943,-0.0296220,0.9952658,0.1693455,0.0758204,-0.0530700,0.8589329,0.4115088,-0.3047867,0.1946874
3/20/2026 11:53:27.639,0.0834397,0.0403398,-0.0258851,0.9953595,0.1689966,0.0771602,-0.0454613,0.8671184,0.4192178,-0.2690022,0.1927496
3/20/2026 11:53:27.659,0.0831591,0.0406813,-0.0224439,0.9954526,0.1681798,0.0784459,-0.0384699,0.8729859,0.4270633,-0.2356113,0.1908060
3/20/2026 11:53:27.679,0.0825366,0.0409919,-0.0190032,0.9955634,0.1666693,0.0796702,-0.0315131,0.8771683,0.4356467,-0.2019594,0.1884653
3/20/2026 11:53:27.699,0.0818858,0.0410501,-0.0157818,0.9956710,0.1651074,0.0803378,-0.0250474,0.8809785,0.4416424,-0.1697907,0.1861632
3/20/2026 11:53:27.719,0.0813602,0.0409878,-0.0127944,0.9957595,0.1638108,0.0807130,-0.0190673,0.8843927,0.4455414,-0.1390767,0.1842501
3/20/2026 11:53:27.739,0.0806870,0.0408780,-0.0097585,0.9958532,0.1622130,0.0809928,-0.0130106,0.8869042,0.4493274,-0.1072647,0.1822017
3/20/2026 11:53:27.759,0.0797506,0.0407761,-0.0064218,0.9959599,0.1600632,0.0813264,-0.0063693,0.8880889,0.4540749,-0.0715119,0.1798409
3/20/2026 11:53:27.779,0.0787138,0.0407490,-0.0026872,0.9960605,0.1576791,0.0818597,0.0010751,0.8876488,0.4595231,-0.0303034,0.1775860
3/20/2026 11:53:27.799,0.0775328,0.0406759,0.0017266,0.9961583,0.1549487,0.0823861,0.0098658,0.8853611,0.4644856,0.0197167,0.1753661
3/20/2026 11:53:27.819,0.0763504,0.0404986,0.0055922,0.9962426,0.1522616,0.0825951,0.0175304,0.8815719,0.4676128,0.0645703,0.1734306
3/20/2026 11:53:27.839,0.0751571,0.0401057,0.0092487,0.9963220,0.1495766,0.0823175,0.0247365,0.8770924,0.4680378,0.1079330,0.1715860
3/20/2026 11:53:27.859,0.0739533,0.0396630,0.0126877,0.9963920,0.1468941,0.0818888,0.0314947,0.8713530,0.4673285,0.1494930,0.1699463
3/20/2026 11:53:27.879,0.0728929,0.0391422,0.0157314,0.9964473,0.1445391,0.0812352,0.0374567,0.8655083,0.4647632,0.1867900,0.1686378
3/20/2026 11:53:27.899,0.0717067,0.0386059,0.0186980,0.9965030,0.1419445,0.0805193,0.0432502,0.8581703,0.4620271,0.2237734,0.1673092
3/20/2026 11:53:27.919,0.0704610,0.0379468,0.0215985,0.9965585,0.1392474,0.0795289,0.0488883,0.8500262,0.4577819,0.2605593,0.1659742
3/20/2026 11:53:27.939,0.0691989,0.0371925,0.0246742,0.9966040,0.1365160,0.0783557,0.0548660,0.8403600,0.4516710,0.2996470,0.1648747
3/20/2026 11:53:27.959,0.0675976,0.0364484,0.0280488,0.9966521,0.1330905,0.0772035,0.0614188,0.8267836,0.4457987,0.3430632,0.1637022
3/20/2026 11:53:27.979,0.0658584,0.0356338,0.0320188,0.9966785,0.1293579,0.0759552,0.0691509,0.8086846,0.4375520,0.3931633,0.1630550
3/20/2026 11:53:27.999,0.0641942,0.0348001,0.0362253,0.9966725,0.1257713,0.0746782,0.0773652,0.7875426,0.4269316,0.4444166,0.1632028
3/20/2026 11:53:28.019,0.0625758,0.0338349,0.0405757,0.9966410,0.1222900,0.0731314,0.0858591,0.7640906,0.4131462,0.4954551,0.1639732
3/20/2026 11:53:28.039,0.0608699,0.0328211,0.0446060,0.9966082,0.1186773,0.0714124,0.0937002,0.7396772,0.3988345,0.5420414,0.1647719
3/20/2026 11:53:28.059,0.0586932,0.0317573,0.0486508,0.9965841,0.1141432,0.0695165,0.1015311,0.7106988,0.3845392,0.5890983,0.1653575
3/20/2026 11:53:28.079,0.0563503,0.0307770,0.0528371,0.9965369,0.1092754,0.0677513,0.1096492,0.6776743,0.3701273,0.6354238,0.1664968
3/20/2026 11:53:28.099,0.0545510,0.0296437,0.0566718,0.9964607,0.1055518,0.0656729,0.1170942,0.6489452,0.3526447,0.6741749,0.1683191
3/20/2026 11:53:28.119,0.0534996,0.0282495,0.0594192,0.9963981,0.1034410,0.0630318,0.1223908,0.6308985,0.3331350,0.7007055,0.1698016
3/20/2026 11:53:28.139,0.0523787,0.0269360,0.0619042,0.9963429,0.1012121,0.0605062,0.1271688,0.6129957,0.3152359,0.7244740,0.1710984
3/20/2026 11:53:28.159,0.0512012,0.0254164,0.0641913,0.9962991,0.0989217,0.0575308,0.1315303,0.5956820,0.2956975,0.7468106,0.1721208
3/20/2026 11:53:28.179,0.0496696,0.0236501,0.0665659,0.9962644,0.0959668,0.0540108,0.1360269,0.5751706,0.2738668,0.7708280,0.1729261
3/20/2026 11:53:28.199,0.0484753,0.0221982,0.0684551,0.9962285,0.0936827,0.0511119,0.1396092,0.5586759,0.2558332,0.7889427,0.1737552
3/20/2026 11:53:28.219,0.0471808,0.0209792,0.0703048,0.9961884,0.0911782,0.0486537,0.1431339,0.5408835,0.2405066,0.8059787,0.1746773
3/20/2026 11:53:28.239,0.0456128,0.0202778,0.0724537,0.9961218,0.0880471,0.0472084,0.1472959,0.5184190,0.2304707,0.8234835,0.1761973
3/20/2026 11:53:28.259,0.0441966,0.0200798,0.0745371,0.9960361,0.0851523,0.0467754,0.1513821,0.4968632,0.2257393,0.8379551,0.1781363
3/20/2026 11:53:28.279,0.0431917,0.0197439,0.0761053,0.9959683,0.0831256,0.0460781,0.1544469,0.4814748,0.2200928,0.8483757,0.1796537
3/20/2026 11:53:28.299,0.0427654,0.0192554,0.0771406,0.9959165,0.0823036,0.0451194,0.1564632,0.4737017,0.2132874,0.8544678,0.1808035
3/20/2026 11:53:28.319,0.0423704,0.0190937,0.0780877,0.9958627,0.0814983,0.0448102,0.1583313,0.4662703,0.2101186,0.8593267,0.1819919
3/20/2026 11:53:28.339,0.0417313,0.0190942,0.0790315,0.9958153,0.0801811,0.0447836,0.1601918,0.4566303,0.2089322,0.8647752,0.1830319
3/20/2026 11:53:28.359,0.0407271,0.0190757,0.0802028,0.9957636,0.0781287,0.0446737,0.1624874,0.4429194,0.2074538,0.8722301,0.1841607
3/20/2026 11:53:28.379,0.0392072,0.0191369,0.0816218,0.9957080,0.0750242,0.0446502,0.1652574,0.4236316,0.2067733,0.8819191,0.1853651
3/20/2026 11:53:28.399,0.0379747,0.0187951,0.0826761,0.9956754,0.0725768,0.0438363,0.1672820,0.4087632,0.2023125,0.8899339,0.1860696
3/20/2026 11:53:28.419,0.0370905,0.0185847,0.0834878,0.9956449,0.0708140,0.0433228,0.1688493,0.3978509,0.1993486,0.8955305,0.1867241
3/20/2026 11:53:28.439,0.0363756,0.0184177,0.0841940,0.9956149,0.0693865,0.0429155,0.1702180,0.3888484,0.1968820,0.9000191,0.1873662
3/20/2026 11:53:28.459,0.0356322,0.0181110,0.0848494,0.9955918,0.0679291,0.0422190,0.1714741,0.3799038,0.1930958,0.9046475,0.1878613
3/20/2026 11:53:28.479,0.0345374,0.0176609,0.0857193,0.9955640,0.0657880,0.0411868,0.1731343,0.3670758,0.1877063,0.9110553,0.1884526
3/20/2026 11:53:28.499,0.0327015,0.0171458,0.0870383,0.9955205,0.0621653,0.0399182,0.1756577,0.3458775,0.1813476,0.9205878,0.1893740
3/20/2026 11:53:28.519,0.0297693,0.0167971,0.0887358,0.9954686,0.0563175,0.0387965,0.1789023,0.3130593,0.1766420,0.9331621,0.1904691
3/20/2026 11:53:28.539,0.0268557,0.0165197,0.0903909,0.9954072,0.0504998,0.0377998,0.1820740,0.2805297,0.1725613,0.9442064,0.1917560
3/20/2026 11:53:28.559,0.0240482,0.0161349,0.0918903,0.9953480,0.0449225,0.0365842,0.1849397,0.2496033,0.1674684,0.9537571,0.1929886
3/20/2026 11:53:28.579,0.0212132,0.0160264,0.0931867,0.9952937,0.0392499,0.0358908,0.1874149,0.2189067,0.1653823,0.9616280,0.1941138
3/20/2026 11:53:28.599,0.0178081,0.0162581,0.0944209,0.9952403,0.0323821,0.0357508,0.1897577,0.1827382,0.1668335,0.9689031,0.1952117
3/20/2026 11:53:28.619,0.0135948,0.0170475,0.0955434,0.9951865,0.0238034,0.0365471,0.1918595,0.1387225,0.1739539,0.9749339,0.1963132
3/20/2026 11:53:28.639,0.0094307,0.0180304,0.0963797,0.9951366,0.0152948,0.0377166,0.1933877,0.0957395,0.1830415,0.9784323,0.1973287
3/20/2026 11:53:28.659,0.0060400,0.0187406,0.0970996,0.9950799,0.0083813,0.0384807,0.1947047,0.0609637,0.1891543,0.9800531,0.1984763
3/20/2026 11:53:28.679,0.0032570,0.0192709,0.0977207,0.9950220,0.0027152,0.0389965,0.1958442,0.0326823,0.1933744,0.9805805,0.1996424
3/20/2026 11:53:28.699,0.0008615,0.0194436,0.0981892,0.9949775,-0.0021039,0.0388710,0.1966917,0.0086067,0.1942428,0.9809158,0.2005340
3/20/2026 11:53:28.719,-0.0017221,0.0196412,0.0986055,0.9949313,-0.0073002,0.0387544,0.1974290,-0.0171252,0.1953233,0.9805893,0.2014537
3/20/2026 11:53:28.739,-0.0051604,0.0203165,0.0989713,0.9948696,-0.0142899,0.0394173,0.1980291,-0.0510091,0.2008222,0.9782988,0.2026781
3/20/2026 11:53:28.759,-0.0090755,0.0211319,0.0992166,0.9948002,-0.0222517,0.0402639,0.1983649,-0.0891088,0.2074858,0.9741710,0.2040463
3/20/2026 11:53:28.779,-0.0130377,0.0219476,0.0993348,0.9947267,-0.0303028,0.0411040,0.1984399,-0.1271195,0.2139923,0.9685287,0.2054845
3/20/2026 11:53:28.799,-0.0168622,0.0224395,0.0992185,0.9946697,-0.0380065,0.0413353,0.1980569,-0.1635318,0.2176214,0.9622360,0.2065927
3/20/2026 11:53:28.819,-0.0213178,0.0228756,0.0988782,0.9946081,-0.0469467,0.0413462,0.1972065,-0.2055627,0.2205848,0.9534603,0.2077835
3/20/2026 11:53:28.839,-0.0253650,0.0232592,0.0984670,0.9945452,-0.0550617,0.0413438,0.1962322,-0.2431749,0.2229861,0.9440038,0.2089939
3/20/2026 11:53:28.859,-0.0293499,0.0234807,0.0979275,0.9944836,-0.0630165,0.0410471,0.1950145,-0.2798080,0.2238541,0.9335935,0.2101700
3/20/2026 11:53:28.879,-0.0331937,0.0235080,0.0972506,0.9944286,-0.0706486,0.0404097,0.1935426,-0.3148887,0.2230067,0.9225580,0.2112175
3/20/2026 11:53:28.899,-0.0367912,0.0234898,0.0966039,0.9943653,-0.0777847,0.0397371,0.1921483,-0.3470614,0.2215853,0.9112894,0.2124140
3/20/2026 11:53:28.919,-0.0397898,0.0233368,0.0959698,0.9943148,-0.0837041,0.0389170,0.1908111,-0.3736822,0.2191655,0.9012925,0.2133644
3/20/2026 11:53:28.939,-0.0426436,0.0232053,0.0954293,0.9942517,-0.0893446,0.0381665,0.1896694,-0.3982822,0.2167332,0.8912900,0.2145467
3/20/2026 11:53:28.959,-0.0455385,0.0230062,0.0948428,0.9941841,-0.0950542,0.0372837,0.1884461,-0.4228467,0.2136239,0.8806620,0.2158068
3/20/2026 11:53:28.979,-0.0487093,0.0226458,0.0940532,0.9941170,-0.1012784,0.0360552,0.1868305,-0.4497141,0.2090802,0.8683564,0.2170496
3/20/2026 11:53:28.999,-0.0516929,0.0222986,0.0932062,0.9940540,-0.1071325,0.0349029,0.1851092,-0.4747306,0.2047828,0.8559759,0.2182098
3/20/2026 11:53:29.019,-0.0543463,0.0218814,0.0923245,0.9940040,-0.1123173,0.0336840,0.1833376,-0.4970210,0.2001152,0.8443483,0.2191254
3/20/2026 11:53:29.039,-0.0568641,0.0215052,0.0914789,0.9939494,-0.1172430,0.0325759,0.1816424,-0.5177086,0.1957905,0.8328528,0.2201218
3/20/2026 11:53:29.059,-0.0586436,0.0211482,0.0907459,0.9939210,-0.1207052,0.0316314,0.1801854,-0.5326584,0.1920892,0.8242432,0.2206378
3/20/2026 11:53:29.079,-0.0600861,0.0208133,0.0899955,0.9939101,-0.1235003,0.0307975,0.1786970,-0.5452757,0.1888785,0.8167002,0.2208358
3/20/2026 11:53:29.099,-0.0615359,0.0205684,0.0893458,0.9938851,-0.1263304,0.0301339,0.1774030,-0.5572938,0.1862754,0.8091508,0.2212897
3/20/2026 11:53:29.119,-0.0633246,0.0202832,0.0886685,0.9938393,-0.1298302,0.0293378,0.1760579,-0.5713614,0.1830102,0.8000335,0.2221184
3/20/2026 11:53:29.139,-0.0653371,0.0199873,0.0880941,0.9937661,-0.1337797,0.0284720,0.1749239,-0.5860592,0.1792819,0.7901852,0.2234343
3/20/2026 11:53:29.159,-0.0674164,0.0197606,0.0875757,0.9936776,-0.1378779,0.0277300,0.1738970,-0.6004749,0.1760071,0.7800329,0.2250176
3/20/2026 11:53:29.179,-0.0693049,0.0195176,0.0871180,0.9935927,-0.1415951,0.0269831,0.1729988,-0.6132060,0.1726911,0.7708153,0.2265235
3/20/2026 11:53:29.199,-0.0710476,0.0191681,0.0863731,0.9935415,-0.1449963,0.0260921,0.1715381,-0.6261347,0.1689260,0.7611959,0.2274278
3/20/2026 11:53:29.219,-0.0728377,0.0188501,0.0852880,0.9935116,-0.1484907,0.0253125,0.1693873,-0.6404396,0.1657433,0.7499108,0.2279546
3/20/2026 11:53:29.239,-0.0746611,0.0185025,0.0839768,0.9934946,-0.1520434,0.0245099,0.1667857,-0.6556101,0.1624735,0.7374129,0.2282542
3/20/2026 11:53:29.259,-0.0764908,0.0183146,0.0825569,0.9934778,-0.1556353,0.0240536,0.1639413,-0.6708196,0.1606177,0.7240186,0.2285481
3/20/2026 11:53:29.279,-0.0782911,0.0180869,0.0809816,0.9934714,-0.1591606,0.0235572,0.1607895,-0.6862718,0.1585430,0.7098557,0.2286610
3/20/2026 11:53:29.299,-0.0802355,0.0180249,0.0795002,0.9934371,-0.1630047,0.0233675,0.1578020,-0.7014784,0.1575868,0.6950499,0.2292611
3/20/2026 11:53:29.319,-0.0820221,0.0178067,0.0778283,0.9934275,-0.1665060,0.0229312,0.1544539,-0.7165769,0.1555662,0.6799387,0.2294299
3/20/2026 11:53:29.339,-0.0836359,0.0173417,0.0757963,0.9934583,-0.1696185,0.0220967,0.1504177,-0.7323874,0.1518584,0.6637377,0.2288908
3/20/2026 11:53:29.359,-0.0851288,0.0166753,0.0732463,0.9935342,-0.1724531,0.0209769,0.1453669,-0.7498078,0.1468750,0.6451480,0.2275570
3/20/2026 11:53:29.379,-0.0867120,0.0158712,0.0704021,0.9936160,-0.1754504,0.0196330,0.1397460,-0.7686186,0.1406830,0.6240463,0.2261108
3/20/2026 11:53:29.399,-0.0883645,0.0152952,0.0675767,0.9936756,-0.1786269,0.0187537,0.1341256,-0.7869373,0.1362129,0.6018103,0.2250516
3/20/2026 11:53:29.419,-0.0904413,0.0148947,0.0642419,0.9937161,-0.1826739,0.0182873,0.1274421,-0.8080109,0.1330707,0.5739430,0.2243307
3/20/2026 11:53:29.439,-0.0923136,0.0146259,0.0610130,0.9937513,-0.1863346,0.0181190,0.1209469,-0.8270584,0.1310371,0.5466294,0.2237004
3/20/2026 11:53:29.459,-0.0941239,0.0143977,0.0576707,0.9937845,-0.1898774,0.0180861,0.1142110,-0.8455132,0.1293343,0.5180542,0.2231036
3/20/2026 11:53:29.479,-0.0958356,0.0143012,0.0541101,0.9938225,-0.1932351,0.0183978,0.1070029,-0.8635280,0.1288611,0.4875594,0.2224204
3/20/2026 11:53:29.499,-0.0975229,0.0143330,0.0506334,0.9938411,-0.1965593,0.0189803,0.0999355,-0.8800541,0.1293423,0.4569193,0.2220850
3/20/2026 11:53:29.519,-0.0991153,0.0142635,0.0472291,0.9938523,-0.1996835,0.0193755,0.0930308,-0.8952267,0.1288301,0.4265816,0.2218827
3/20/2026 11:53:29.539,-0.1006448,0.0141694,0.0434793,0.9938710,-0.2026728,0.0198201,0.0854244,-0.9104270,0.1281753,0.3933113,0.2215454
3/20/2026 11:53:29.559,-0.1021635,0.0138402,0.0399929,0.9938671,-0.2056268,0.0197564,0.0783982,-0.9238716,0.1251577,0.3616585,0.2216155
3/20/2026 11:53:29.579,-0.1036939,0.0135719,0.0368344,0.9938344,-0.2086190,0.0197672,0.0720231,-0.9352278,0.1224063,0.3322134,0.2222066
3/20/2026 11:53:29.599,-0.1051987,0.0135279,0.0338354,0.9937835,-0.2115801,0.0202210,0.0659214,-0.9449177,0.1215104,0.3039172,0.2231229
3/20/2026 11:53:29.619,-0.1066923,0.0135172,0.0307518,0.9937245,-0.2145185,0.0207805,0.0596354,-0.9538412,0.1208451,0.2749243,0.2241794
3/20/2026 11:53:29.639,-0.1081602,0.0134327,0.0274723,0.9936631,-0.2173961,0.0212541,0.0529622,-0.9622781,0.1195074,0.2444154,0.2252744
3/20/2026 11:53:29.659,-0.1093708,0.0132785,0.0240399,0.9936216,-0.2197492,0.0216514,0.0459909,-0.9698902,0.1177527,0.2131835,0.2260114
3/20/2026 11:53:29.679,-0.1106011,0.0131120,0.0203188,0.9935706,-0.2221352,0.0221057,0.0384300,-0.9769218,0.1158159,0.1794729,0.2269145
3/20/2026 11:53:29.699,-0.1116190,0.0127371,0.0170132,0.9935239,-0.2240967,0.0220648,0.0317626,-0.9823513,0.1120987,0.1497322,0.2277386
3/20/2026 11:53:29.719,-0.1125220,0.0120852,0.0135370,0.9934837,-0.2258190,0.0215142,0.0248108,-0.9872439,0.1060327,0.1187712,0.2284456
3/20/2026 11:53:29.739,-0.1136604,0.0115809,0.0099389,0.9934025,-0.2280221,0.0213027,0.0175701,-0.9911060,0.1009846,0.0866663,0.2298658
3/20/2026 11:53:29.759,-0.1146149,0.0111247,0.0061066,0.9933290,-0.2298551,0.0212619,0.0098408,-0.9939259,0.0964720,0.0529560,0.2311440
3/20/2026 11:53:29.779,-0.1153795,0.0109425,0.0020977,0.9932590,-0.2313064,0.0218367,0.0016870,-0.9953699,0.0944004,0.0180967,0.2323545
3/20/2026 11:53:29.799,-0.1162392,0.0107655,-0.0019934,0.9931609,-0.2329467,0.0224556,-0.0066420,-0.9955934,0.0922073,-0.0170740,0.2340411
3/20/2026 11:53:29.819,-0.1170385,0.0103244,-0.0064876,0.9930525,-0.2344590,0.0226454,-0.0157331,-0.9946166,0.0877389,-0.0551326,0.2358901
3/20/2026 11:53:29.839,-0.1179472,0.0099130,-0.0113066,0.9929060,-0.2361866,0.0229929,-0.0255024,-0.9919712,0.0833714,-0.0950918,0.2383683
3/20/2026 11:53:29.859,-0.1188217,0.0096178,-0.0163751,0.9927341,-0.2378377,0.0236554,-0.0358141,-0.9874676,0.0799290,-0.1360849,0.2412415
3/20/2026 11:53:29.879,-0.1195799,0.0094048,-0.0212827,0.9925520,-0.2392543,0.0244585,-0.0458193,-0.9815902,0.0772005,-0.1747022,0.2442504
3/20/2026 11:53:29.899,-0.1203317,0.0092573,-0.0259633,0.9923511,-0.2406581,0.0253547,-0.0553821,-0.9747530,0.0749892,-0.2103170,0.2475263
3/20/2026 11:53:29.919,-0.1212360,0.0091204,-0.0303485,0.9921177,-0.2423732,0.0262251,-0.0643556,-0.9674953,0.0727832,-0.2421888,0.2512795
3/20/2026 11:53:29.939,-0.1223040,0.0087929,-0.0352528,0.9918275,-0.2444152,0.0268668,-0.0743586,-0.9585958,0.0689171,-0.2763051,0.2558698
3/20/2026 11:53:29.959,-0.1231877,0.0085034,-0.0394438,0.9915628,-0.2461026,0.0274104,-0.0829093,-0.9503195,0.0655983,-0.3042853,0.2599854
3/20/2026 11:53:29.979,-0.1238340,0.0081974,-0.0439544,0.9912952,-0.2473046,0.0279934,-0.0921047,-0.9405674,0.0622622,-0.3338510,0.2640833
3/20/2026 11:53:29.999,-0.1244586,0.0078878,-0.0485219,0.9910063,-0.2484615,0.0285935,-0.1014201,-0.9300773,0.0589456,-0.3626037,0.2684354
3/20/2026 11:53:30.019,-0.1250460,0.0077371,-0.0524400,0.9907340,-0.2495451,0.0293592,-0.1094480,-0.9206932,0.0569671,-0.3861073,0.2724755
3/20/2026 11:53:30.039,-0.1255398,0.0077242,-0.0555724,0.9905009,-0.2504460,0.0302015,-0.1158988,-0.9129696,0.0561734,-0.4041423,0.2758862
3/20/2026 11:53:30.059,-0.1257859,0.0075064,-0.0584065,0.9903083,-0.2508803,0.0305208,-0.1216723,-0.9056671,0.0540468,-0.4205305,0.2786742
3/20/2026 11:53:30.079,-0.1260520,0.0071411,-0.0612651,0.9901044,-0.2513732,0.0305508,-0.1274615,-0.8982313,0.0508867,-0.4365674,0.2815953
3/20/2026 11:53:30.099,-0.1264775,0.0068541,-0.0638193,0.9898907,-0.2521876,0.0306883,-0.1326586,-0.8917388,0.0483250,-0.4499629,0.2846245
3/20/2026 11:53:30.119,-0.1269958,0.0066580,-0.0659599,0.9896853,-0.2531899,0.0309225,-0.1370381,-0.8864808,0.0464754,-0.4604258,0.2875063
3/20/2026 11:53:30.139,-0.1275183,0.0065434,-0.0679109,0.9894870,-0.2541952,0.0312791,-0.1410519,-0.8817329,0.0452451,-0.4695741,0.2902617
3/20/2026 11:53:30.159,-0.1280706,0.0064611,-0.0697640,0.9892873,-0.2552586,0.0316849,-0.1448769,-0.8773022,0.0442591,-0.4778933,0.2930109
3/20/2026 11:53:30.179,-0.1284451,0.0062881,-0.0712546,0.9891335,-0.2559893,0.0317851,-0.1479223,-0.8736569,0.0427705,-0.4846590,0.2951095
3/20/2026 11:53:30.199,-0.1288159,0.0060500,-0.0729884,0.9889604,-0.2567149,0.0318184,-0.1514513,-0.8693179,0.0408285,-0.4925642,0.2974549
3/20/2026 11:53:30.219,-0.1289999,0.0056275,-0.0751762,0.9887750,-0.2570801,0.0315665,-0.1558530,-0.8633808,0.0376641,-0.5031451,0.2999473
3/20/2026 11:53:30.239,-0.1292188,0.0052427,-0.0775434,0.9885657,-0.2575060,0.0314476,-0.1606375,-0.8569390,0.0347682,-0.5142438,0.3027365
3/20/2026 11:53:30.259,-0.1294228,0.0049702,-0.0797268,0.9883667,-0.2578910,0.0315086,-0.1650735,-0.8509626,0.0326790,-0.5242087,0.3053641
3/20/2026 11:53:30.279,-0.1296142,0.0047610,-0.0820663,0.9881511,-0.2582359,0.0317406,-0.1698478,-0.8444794,0.0310192,-0.5346889,0.3081862
3/20/2026 11:53:30.299,-0.1299314,0.0045880,-0.0846361,0.9878936,-0.2588201,0.0321343,-0.1751177,-0.8375441,0.0295744,-0.5455686,0.3115243
3/20/2026 11:53:30.319,-0.1299285,0.0044706,-0.0874050,0.9876534,-0.2587445,0.0326356,-0.1807881,-0.8293884,0.0285379,-0.5579430,0.3146060
3/20/2026 11:53:30.339,-0.1296282,0.0043286,-0.0903325,0.9874300,-0.2580705,0.0330685,-0.1867548,-0.8201331,0.0273862,-0.5715169,0.3174454
3/20/2026 11:53:30.359,-0.1289944,0.0042056,-0.0933959,0.9872286,-0.2567188,0.0335028,-0.1929778,-0.8097012,0.0263984,-0.5862483,0.3199838
3/20/2026 11:53:30.379,-0.1283931,0.0044350,-0.0954211,0.9871122,-0.2553978,0.0343802,-0.1971562,-0.8023058,0.0277136,-0.5962697,0.3214412
3/20/2026 11:53:30.399,-0.1279575,0.0046578,-0.0974760,0.9869669,-0.2544070,0.0352825,-0.2014071,-0.7951446,0.0289443,-0.6057287,0.3232522
3/20/2026 11:53:30.419,-0.1278037,0.0049150,-0.0990371,0.9868302,-0.2539897,0.0361837,-0.2046748,-0.7900824,0.0303847,-0.6122472,0.3249465
3/20/2026 11:53:30.439,-0.1275486,0.0051014,-0.1006605,0.9866980,-0.2533793,0.0369327,-0.2080428,-0.7846031,0.0313808,-0.6192036,0.3265777
3/20/2026 11:53:30.459,-0.1270189,0.0052521,-0.1024450,0.9865819,-0.2522186,0.0375858,-0.2117073,-0.7779790,0.0321684,-0.6274663,0.3280031
3/20/2026 11:53:30.479,-0.1261422,0.0054512,-0.1042999,0.9864989,-0.2503481,0.0382705,-0.2154945,-0.7702482,0.0332860,-0.6368750,0.3290179
3/20/2026 11:53:30.499,-0.1252131,0.0056947,-0.1061324,0.9864204,-0.2483621,0.0390199,-0.2192396,-0.7623779,0.0346729,-0.6462027,0.3299752
3/20/2026 11:53:30.519,-0.1244115,0.0057846,-0.1078673,0.9863330,-0.2466682,0.0394552,-0.2227557,-0.7550909,0.0351087,-0.6546795,0.3310376
3/20/2026 11:53:30.539,-0.1236936,0.0057189,-0.1094896,0.9862450,-0.2451811,0.0395598,-0.2260082,-0.7483429,0.0345990,-0.6624092,0.3321038
3/20/2026 11:53:30.559,-0.1227939,0.0057715,-0.1108811,0.9862018,-0.2433129,0.0397972,-0.2287963,-0.7417404,0.0348630,-0.6697803,0.3326269
3/20/2026 11:53:30.579,-0.1216370,0.0058965,-0.1121027,0.9862063,-0.2409201,0.0400697,-0.2312257,-0.7348717,0.0356240,-0.6772699,0.3325722
3/20/2026 11:53:30.599,-0.1204684,0.0060763,-0.1134375,0.9861959,-0.2384866,0.0404723,-0.2338988,-0.7275424,0.0366962,-0.6850806,0.3326982
3/20/2026 11:53:30.619,-0.1192048,0.0062606,-0.1148501,0.9861849,-0.2358585,0.0408722,-0.2367215,-0.7196234,0.0377943,-0.6933352,0.3328307
3/20/2026 11:53:30.639,-0.1175821,0.0062101,-0.1161586,0.9862267,-0.2325734,0.0406714,-0.2392375,-0.7108980,0.0375460,-0.7022921,0.3323258
3/20/2026 11:53:30.659,-0.1158538,0.0060384,-0.1175604,0.9862663,-0.2291046,0.0402118,-0.2419068,-0.7014487,0.0365598,-0.7117817,0.3318469
3/20/2026 11:53:30.679,-0.1145359,0.0059733,-0.1188323,0.9862681,-0.2264366,0.0400360,-0.2443742,-0.6935171,0.0361682,-0.7195317,0.3318245
3/20/2026 11:53:30.699,-0.1130991,0.0060569,-0.1200073,0.9862911,-0.2234997,0.0401011,-0.2466646,-0.6853883,0.0367053,-0.7272521,0.3315465
3/20/2026 11:53:30.719,-0.1112443,0.0061915,-0.1208135,0.9864028,-0.2197312,0.0400681,-0.2481675,-0.6768917,0.0376737,-0.7351179,0.3301892
3/20/2026 11:53:30.739,-0.1089056,0.0061315,-0.1216478,0.9865617,-0.2150460,0.0395146,-0.2496396,-0.6665387,0.0375268,-0.7445253,0.3282505
3/20/2026 11:53:30.759,-0.1054884,0.0056383,-0.1226159,0.9868160,-0.2083159,0.0378235,-0.2511978,-0.6517808,0.0348372,-0.7576068,0.3251225
3/20/2026 11:53:30.779,-0.1013371,0.0044871,-0.1239223,0.9870938,-0.2002826,0.0346741,-0.2532646,-0.6327875,0.0280190,-0.7738184,0.3216713
3/20/2026 11:53:30.799,-0.0969449,0.0034975,-0.1252950,0.9873656,-0.1917363,0.0317878,-0.2555057,-0.6117966,0.0220720,-0.7907071,0.3182589
3/20/2026 11:53:30.819,-0.0927043,0.0024849,-0.1267718,0.9875873,-0.1835053,0.0289020,-0.2579947,-0.5902056,0.0158205,-0.8070979,0.3154480
3/20/2026 11:53:30.839,-0.0885841,0.0017733,-0.1281763,0.9877858,-0.1754484,0.0266238,-0.2604230,-0.5685079,0.0113804,-0.8225992,0.3129114
3/20/2026 11:53:30.859,-0.0843358,0.0009580,-0.1297896,0.9879480,-0.1671677,0.0241233,-0.2632714,-0.5448536,0.0061890,-0.8385083,0.3108220
3/20/2026 11:53:30.879,-0.0802811,0.0004439,-0.1313162,0.9880846,-0.1592041,0.0222447,-0.2660259,-0.5216008,0.0028839,-0.8531848,0.3090525
3/20/2026 11:53:30.899,-0.0759076,0.0000774,-0.1328295,0.9882279,-0.1505758,0.0205525,-0.2687727,-0.4961638,0.0005059,-0.8682288,0.3071842
3/20/2026 11:53:30.919,-0.0725238,-0.0000278,-0.1338123,0.9883495,-0.1438608,0.0195576,-0.2705523,-0.4764969,-0.0001824,-0.8791761,0.3055905
3/20/2026 11:53:30.939,-0.0693457,-0.0000236,-0.1346713,0.9884608,-0.1375304,0.0188098,-0.2721153,-0.4577976,-0.0001557,-0.8890565,0.3041239
3/20/2026 11:53:30.959,-0.0660182,-0.0002416,-0.1352544,0.9886091,-0.1309718,0.0175318,-0.2730874,-0.4386398,-0.0016053,-0.8986616,0.3021604
3/20/2026 11:53:30.979,-0.0623897,-0.0007673,-0.1358394,0.9887642,-0.1239026,0.0155524,-0.2740215,-0.4173676,-0.0051332,-0.9087232,0.3000917
3/20/2026 11:53:30.999,-0.0587726,-0.0011354,-0.1364789,0.9888974,-0.1168156,0.0138920,-0.2751020,-0.3955084,-0.0076404,-0.9184306,0.2983049
3/20/2026 11:53:31.019,-0.0552334,-0.0013352,-0.1371437,0.9890093,-0.1098397,0.0125850,-0.2762700,-0.3735665,-0.0090302,-0.9275594,0.2967953
3/20/2026 11:53:31.039,-0.0517017,-0.0014987,-0.1376484,0.9891298,-0.1028733,0.0113286,-0.2771294,-0.3516033,-0.0101923,-0.9360936,0.2951598
3/20/2026 11:53:31.059,-0.0485452,-0.0015806,-0.1380627,0.9892319,-0.0966317,0.0103257,-0.2778389,-0.3316898,-0.0107998,-0.9433267,0.2937686
3/20/2026 11:53:31.079,-0.0459534,-0.0016537,-0.1384321,0.9893038,-0.0915093,0.0094907,-0.2784868,-0.3150312,-0.0113366,-0.9490136,0.2927838
3/20/2026 11:53:31.099,-0.0433839,-0.0018206,-0.1387930,0.9893690,-0.0864584,0.0084721,-0.2791162,-0.2983211,-0.0125187,-0.9543835,0.2918892
3/20/2026 11:53:31.119,-0.0407872,-0.0020643,-0.1390874,0.9894377,-0.0813768,0.0072851,-0.2796108,-0.2813700,-0.0142408,-0.9594936,0.2909425
3/20/2026 11:53:31.139,-0.0378188,-0.0024399,-0.1393940,0.9895116,-0.0755965,0.0057313,-0.2801179,-0.2618057,-0.0168903,-0.9649727,0.2899210
3/20/2026 11:53:31.159,-0.0339796,-0.0029120,-0.1396689,0.9896109,-0.0681192,0.0037369,-0.2805455,-0.2363430,-0.0202545,-0.9714586,0.2885429
3/20/2026 11:53:31.179,-0.0304224,-0.0032870,-0.1399194,0.9896900,-0.0611756,0.0020109,-0.2809539,-0.2124083,-0.0229497,-0.9769114,0.2874406
3/20/2026 11:53:31.199,-0.0267800,-0.0037323,-0.1399207,0.9897935,-0.0540842,0.0001059,-0.2808689,-0.1879177,-0.0261899,-0.9818355,0.2859912
3/20/2026 11:53:31.219,-0.0230702,-0.0042853,-0.1396095,0.9899286,-0.0468893,-0.0020448,-0.2801639,-0.1629620,-0.0302701,-0.9861679,0.2840894
3/20/2026 11:53:31.239,-0.0196027,-0.0047837,-0.1391784,0.9900618,-0.0401581,-0.0040190,-0.2792398,-0.1393884,-0.0340152,-0.9896533,0.2822011
3/20/2026 11:53:31.259,-0.0165037,-0.0051203,-0.1387073,0.9901827,-0.0341105,-0.0055649,-0.2782588,-0.1180699,-0.0366311,-0.9923295,0.2804768
3/20/2026 11:53:31.279,-0.0134565,-0.0053178,-0.1382027,0.9902983,-0.0281255,-0.0068158,-0.2772262,-0.0968385,-0.0382693,-0.9945641,0.2788174
3/20/2026 11:53:31.299,-0.0096538,-0.0056618,-0.1380082,0.9903679,-0.0206859,-0.0085519,-0.2768292,-0.0697220,-0.0408911,-0.9967281,0.2778136
3/20/2026 11:53:31.319,-0.0050776,-0.0063300,-0.1378473,0.9904203,-0.0118032,-0.0111399,-0.2765186,-0.0367710,-0.0458412,-0.9982718,0.2770559
3/20/2026 11:53:31.339,-0.0007262,-0.0070677,-0.1374025,0.9904898,-0.0033808,-0.0138019,-0.2756608,-0.0052780,-0.0513690,-0.9986658,0.2760474
3/20/2026 11:53:31.359,0.0027738,-0.0075161,-0.1366234,0.9905908,0.0034417,-0.0156494,-0.2741398,0.0202679,-0.0549187,-0.9982851,0.2745766
3/20/2026 11:53:31.379,0.0052615,-0.0074500,-0.1356943,0.9907088,0.0084035,-0.0161908,-0.2723078,0.0386876,-0.0547794,-0.9977487,0.2728457
3/20/2026 11:53:31.399,0.0076364,-0.0073504,-0.1347550,0.9908223,0.0131521,-0.0166261,-0.2704571,0.0564945,-0.0543781,-0.9969209,0.2711716
3/20/2026 11:53:31.419,0.0096674,-0.0072319,-0.1339908,0.9909091,0.0172218,-0.0169263,-0.2689554,0.0718585,-0.0537555,-0.9959651,0.2698845
3/20/2026 11:53:31.439,0.0117769,-0.0069482,-0.1331805,0.9909976,0.0214928,-0.0169128,-0.2673616,0.0879660,-0.0518981,-0.9947706,0.2685664
3/20/2026 11:53:31.459,0.0140675,-0.0064788,-0.1325668,0.9910531,0.0261686,-0.0165779,-0.2661654,0.1053998,-0.0485420,-0.9932445,0.2677352
3/20/2026 11:53:31.479,0.0161983,-0.0059552,-0.1319649,0.9911042,0.0305415,-0.0160880,-0.2649873,0.1217108,-0.0447464,-0.9915564,0.2669687
3/20/2026 11:53:31.499,0.0182669,-0.0055179,-0.1312067,0.9911714,0.0347703,-0.0157421,-0.2634942,0.1377731,-0.0416174,-0.9895891,0.2659564
3/20/2026 11:53:31.519,0.0202598,-0.0052425,-0.1304607,0.9912327,0.0388062,-0.0156918,-0.2620295,0.1533340,-0.0396774,-0.9873775,0.2650305
3/20/2026 11:53:31.539,0.0220521,-0.0047339,-0.1297036,0.9912964,0.0425051,-0.0151202,-0.2605281,0.1675053,-0.0359585,-0.9852152,0.2640652
3/20/2026 11:53:31.559,0.0237744,-0.0039771,-0.1289288,0.9913608,0.0461289,-0.0140313,-0.2589766,0.1812590,-0.0303219,-0.9829678,0.2630836
3/20/2026 11:53:31.579,0.0253844,-0.0029491,-0.1282916,0.9914072,0.0495961,-0.0123763,-0.2576838,0.1940521,-0.0225447,-0.9807321,0.2623765
3/20/2026 11:53:31.599,0.0269251,-0.0020622,-0.1279330,0.9914151,0.0528849,-0.0109939,-0.2569541,0.2059249,-0.0157722,-0.9784406,0.2622544
3/20/2026 11:53:31.619,0.0286258,-0.0014107,-0.1276775,0.9914016,0.0564290,-0.0101232,-0.2564454,0.2187600,-0.0107807,-0.9757192,0.2624612
3/20/2026 11:53:31.639,0.0308923,-0.0009444,-0.1274536,0.9913630,0.0610482,-0.0097655,-0.2560235,0.2355541,-0.0072011,-0.9718345,0.2630509
3/20/2026 11:53:31.659,0.0327977,-0.0005456,-0.1271943,0.9913353,0.0649338,-0.0094451,-0.2555243,0.2496857,-0.0041534,-0.9683180,0.2634723
3/20/2026 11:53:31.679,0.0345925,-0.0001656,-0.1268783,0.9913149,0.0685960,-0.0091279,-0.2549087,0.2630421,-0.0012589,-0.9647836,0.2637835
3/20/2026 11:53:31.699,0.0363318,0.0002098,-0.1266108,0.9912869,0.0721462,-0.0088070,-0.2543896,0.2758245,0.0015930,-0.9612067,0.2642082
3/20/2026 11:53:31.719,0.0379202,0.0006608,-0.1262323,0.9912755,0.0754171,-0.0082871,-0.2536359,0.2876959,0.0050133,-0.9577087,0.2643819
3/20/2026 11:53:31.739,0.0394372,0.0009763,-0.1257980,0.9912713,0.0785122,-0.0080114,-0.2527767,0.2991326,0.0074055,-0.9541828,0.2644461
3/20/2026 11:53:31.759,0.0408192,0.0012742,-0.1251298,0.9912996,0.0813367,-0.0077147,-0.2514419,0.3101160,0.0096808,-0.9506494,0.2640163
3/20/2026 11:53:31.779,0.0420788,0.0015465,-0.1243949,0.9913390,0.0839120,-0.0074289,-0.2499703,0.3204098,0.0117755,-0.9472058,0.2634161
3/20/2026 11:53:31.799,0.0431736,0.0018856,-0.1235719,0.9913943,0.0861767,-0.0069571,-0.2483099,0.3297948,0.0144040,-0.9439427,0.2625723
3/20/2026 11:53:31.819,0.0441603,0.0022622,-0.1225923,0.9914716,0.0882365,-0.0063665,-0.2463259,0.3388523,0.0173582,-0.9406794,0.2613886
3/20/2026 11:53:31.839,0.0451059,0.0025863,-0.1214934,0.9915636,0.0902014,-0.0058550,-0.2441031,0.3479801,0.0199529,-0.9372895,0.2599743
3/20/2026 11:53:31.859,0.0460786,0.0027553,-0.1202379,0.9916714,0.0921827,-0.0056400,-0.2415777,0.3577686,0.0213930,-0.9335653,0.2583053
3/20/2026 11:53:31.879,0.0470188,0.0028852,-0.1189110,0.9917868,0.0940901,-0.0054834,-0.2389105,0.3676156,0.0225579,-0.9297042,0.2565072
3/20/2026 11:53:31.899,0.0479155,0.0031546,-0.1176045,0.9918989,0.0959438,-0.0050352,-0.2362698,0.3771980,0.0248338,-0.9257996,0.2547480
3/20/2026 11:53:31.919,0.0490541,0.0033844,-0.1161042,0.9920193,0.0982691,-0.0046986,-0.2332475,0.3890492,0.0268420,-0.9208258,0.2528453
3/20/2026 11:53:31.939,0.0501165,0.0034690,-0.1147687,0.9921213,0.1004083,-0.0046437,-0.2305698,0.4000301,0.0276894,-0.9160836,0.2512224
3/20/2026 11:53:31.959,0.0510946,0.0036697,-0.1133538,0.9922332,0.1024064,-0.0043237,-0.2277175,0.4107570,0.0295016,-0.9112674,0.2494291
3/20/2026 11:53:31.979,0.0519986,0.0038793,-0.1119576,0.9923441,0.1042584,-0.0039656,-0.2248996,0.4210250,0.0314104,-0.9065050,0.2476402
3/20/2026 11:53:31.999,0.0528445,0.0041805,-0.1105666,0.9924541,0.1060145,-0.0034069,-0.2220803,0.4309713,0.0340941,-0.9017212,0.2458519
3/20/2026 11:53:32.019,0.0535858,0.0044661,-0.1090610,0.9925798,0.1075577,-0.0028388,-0.2190274,0.4406857,0.0367287,-0.8969097,0.2437940
3/20/2026 11:53:32.039,0.0544062,0.0048246,-0.1075063,0.9927029,0.1092731,-0.0021320,-0.2158689,0.4511829,0.0400094,-0.8915342,0.2417601
3/20/2026 11:53:32.059,0.0551445,0.0050919,-0.1056311,0.9928622,0.1108041,-0.0015484,-0.2120696,0.4623592,0.0426929,-0.8856643,0.2391040
3/20/2026 11:53:32.079,0.0560884,0.0053754,-0.1036943,0.9930120,0.1127464,-0.0009625,-0.2081483,0.4752686,0.0455488,-0.8786609,0.2365790
3/20/2026 11:53:32.099,0.0569513,0.0058116,-0.1019574,0.9931402,0.1145568,-0.0000702,-0.2046105,0.4870566,0.0497019,-0.8719550,0.2343962
3/20/2026 11:53:32.119,0.0576049,0.0063096,-0.1002773,0.9932705,0.1159597,0.0009879,-0.2011743,0.4973770,0.0544786,-0.8658222,0.2321559
3/20/2026 11:53:32.139,0.0579862,0.0067973,-0.0984626,0.9934268,0.1168142,0.0021006,-0.1974601,0.5065608,0.0593804,-0.8601570,0.2294413
3/20/2026 11:53:32.159,0.0583884,0.0072273,-0.0965998,0.9935830,0.1176953,0.0031028,-0.1936554,0.5162275,0.0638988,-0.8540645,0.2266965
3/20/2026 11:53:32.179,0.0589743,0.0076182,-0.0942513,0.9937710,0.1189301,0.0040533,-0.1888772,0.5291930,0.0683601,-0.8457432,0.2233476
3/20/2026 11:53:32.199,0.0592703,0.0082486,-0.0917671,0.9939808,0.1196261,0.0055596,-0.1837908,0.5410116,0.0752925,-0.8376380,0.2195490
3/20/2026 11:53:32.219,0.0592886,0.0091525,-0.0888958,0.9942328,0.1198070,0.0077139,-0.1778861,0.5528363,0.0853429,-0.8289081,0.2149005
3/20/2026 11:53:32.239,0.0589651,0.0100605,-0.0859807,0.9944995,0.1192944,0.0099413,-0.1718901,0.5629586,0.0960504,-0.8208849,0.2098675
3/20/2026 11:53:32.259,0.0586752,0.0110318,-0.0827645,0.9947792,0.1188434,0.0123232,-0.1652824,0.5749586,0.1081005,-0.8110098,0.2044579
3/20/2026 11:53:32.279,0.0585331,0.0119142,-0.0796749,0.9950295,0.1186611,0.0144852,-0.1589446,0.5877999,0.1196450,-0.8001103,0.1994916
3/20/2026 11:53:32.299,0.0585978,0.0125333,-0.0770950,0.9952214,0.1188477,0.0160253,-0.1536682,0.6001146,0.1283562,-0.7895487,0.1955991
3/20/2026 11:53:32.319,0.0588689,0.0128842,-0.0748195,0.9953746,0.1194048,0.0169617,-0.1490384,0.6127687,0.1341123,-0.7787993,0.1924360
3/20/2026 11:53:32.339,0.0594127,0.0129756,-0.0727790,0.9954924,0.1204696,0.0173125,-0.1449133,0.6264383,0.1368123,-0.7673705,0.1899682
3/20/2026 11:53:32.359,0.0598793,0.0132670,-0.0706265,0.9956156,0.1214055,0.0180938,-0.1405382,0.6401492,0.1418335,-0.7550446,0.1873522
3/20/2026 11:53:32.379,0.0600625,0.0138907,-0.0683191,0.9957571,0.1218144,0.0196032,-0.1358103,0.6527006,0.1509508,-0.7424256,0.1843019
3/20/2026 11:53:32.399,0.0598953,0.0149548,-0.0652561,0.9959571,0.1215573,0.0221367,-0.1295079,0.6667619,0.1664784,-0.7264390,0.1799020
3/20/2026 11:53:32.419,0.0597083,0.0156669,-0.0624005,0.9961404,0.1212076,0.0239391,-0.1236685,0.6802468,0.1784903,-0.7109188,0.1757741
3/20/2026 11:53:32.439,0.0599149,0.0162297,-0.0594328,0.9963005,0.1216152,0.0254079,-0.1176188,0.6971819,0.1888526,-0.6915721,0.1720875
3/20/2026 11:53:32.459,0.0604289,0.0169132,-0.0561935,0.9964460,0.1226362,0.0271217,-0.1110032,0.7173907,0.2007873,-0.6671095,0.1686676
3/20/2026 11:53:32.479,0.0609978,0.0176952,-0.0529441,0.9965757,0.1237672,0.0290365,-0.1043530,0.7377061,0.2140058,-0.6403056,0.1655609
3/20/2026 11:53:32.499,0.0612922,0.0185566,-0.0497283,0.9967076,0.1243466,0.0311406,-0.0977636,0.7559464,0.2288677,-0.6133226,0.1623377
3/20/2026 11:53:32.519,0.0612040,0.0193540,-0.0467693,0.9968411,0.1241504,0.0331216,-0.0917074,0.7706168,0.2436848,-0.5888696,0.1590102
3/20/2026 11:53:32.539,0.0609208,0.0200811,-0.0436089,0.9969874,0.1235400,0.0350017,-0.0852606,0.7854162,0.2588937,-0.5622238,0.1552833
3/20/2026 11:53:32.559,0.0608292,0.0207150,-0.0404716,0.9971123,0.1232960,0.0366731,-0.0788691,0.8009913,0.2727719,-0.5329245,0.1520294
3/20/2026 11:53:32.579,0.0608187,0.0211708,-0.0374823,0.9972202,0.1231978,0.0379614,-0.0727967,0.8162268,0.2841258,-0.5030372,0.1491595
3/20/2026 11:53:32.599,0.0607702,0.0216886,-0.0344994,0.9973198,0.1230212,0.0393755,-0.0667312,0.8305524,0.2964197,-0.4715061,0.1464634
3/20/2026 11:53:32.619,0.0606616,0.0221530,-0.0313105,0.9974213,0.1227052,0.0407103,-0.0602612,0.8452222,0.3086665,-0.4362619,0.1436619
3/20/2026 11:53:32.639,0.0604508,0.0224810,-0.0282662,0.9975176,0.1221761,0.0417562,-0.0541036,0.8584585,0.3192509,-0.4014070,0.1409522
3/20/2026 11:53:32.659,0.0600798,0.0229516,-0.0250478,0.9976153,0.1213202,0.0431142,-0.0475859,0.8704702,0.3325360,-0.3629070,0.1381481
3/20/2026 11:53:32.679,0.0596770,0.0234009,-0.0224810,0.9976901,0.1204212,0.0443461,-0.0423846,0.8785209,0.3444913,-0.3309482,0.1359632
3/20/2026 11:53:32.699,0.0592143,0.0237631,-0.0199506,0.9977630,0.1193954,0.0453959,-0.0372717,0.8857663,0.3554645,-0.2984344,0.1337998
3/20/2026 11:53:32.719,0.0589693,0.0240018,-0.0173724,0.9978201,0.1187946,0.0461918,-0.0320699,0.8935496,0.3636938,-0.2632412,0.1320822
3/20/2026 11:53:32.739,0.0590928,0.0241059,-0.0148962,0.9978502,0.1189300,0.0466944,-0.0270739,0.9016864,0.3678277,-0.2272984,0.1311668
3/20/2026 11:53:32.759,0.0592417,0.0242583,-0.0125808,0.9978697,0.1191229,0.0472751,-0.0223944,0.9080511,0.3718290,-0.1928374,0.1305706
3/20/2026 11:53:32.779,0.0591360,0.0246278,-0.0101018,0.9978951,0.1187999,0.0483165,-0.0173715,0.9118760,0.3797608,-0.1557688,0.1297899
3/20/2026 11:53:32.799,0.0588997,0.0253260,-0.0069693,0.9979183,0.1181821,0.0500957,-0.0110033,0.9132944,0.3927024,-0.1080661,0.1290710
3/20/2026 11:53:32.819,0.0586830,0.0259513,-0.0035161,0.9979332,0.1175766,0.0517630,-0.0039994,0.9131919,0.4038401,-0.0547149,0.1286080
3/20/2026 11:53:32.839,0.0586911,0.0264799,-0.0003223,0.9979249,0.1174253,0.0532034,0.0024820,0.9115088,0.4112500,-0.0050060,0.1288675
3/20/2026 11:53:32.859,0.0587798,0.0271264,0.0030287,0.9978978,0.1174177,0.0549003,0.0092977,0.9069831,0.4185663,0.0467329,0.1297053
3/20/2026 11:53:32.879,0.0587658,0.0279370,0.0063957,0.9978603,0.1171908,0.0569272,0.0161591,0.8988074,0.4272894,0.0978209,0.1308572
3/20/2026 11:53:32.899,0.0587876,0.0285524,0.0096232,0.9978158,0.1170359,0.0585451,0.0227188,0.8899222,0.4322235,0.1456757,0.1322104
3/20/2026 11:53:32.919,0.0589543,0.0291420,0.0133578,0.9977458,0.1171319,0.0601761,0.0303037,0.8785168,0.4342650,0.1990531,0.1343141
3/20/2026 11:53:32.939,0.0589100,0.0297233,0.0165932,0.9976828,0.1168260,0.0617235,0.0368711,0.8658369,0.4368625,0.2438808,0.1361806
3/20/2026 11:53:32.959,0.0585540,0.0301084,0.0192001,0.9976454,0.1159355,0.0627859,0.0421310,0.8537591,0.4390017,0.2799516,0.1372731
3/20/2026 11:53:32.979,0.0580239,0.0304133,0.0217963,0.9976137,0.1146963,0.0636720,0.0473466,0.8404124,0.4405037,0.3156951,0.1381947
3/20/2026 11:53:32.999,0.0570935,0.0308820,0.0248496,0.9975817,0.1126140,0.0649087,0.0534694,0.8214365,0.4443172,0.3575252,0.1391188
3/20/2026 11:53:33.019,0.0563437,0.0313545,0.0279399,0.9975279,0.1108839,0.0661568,0.0596767,0.8017780,0.4461788,0.3975885,0.1406591
3/20/2026 11:53:33.039,0.0557053,0.0316925,0.0308803,0.9974663,0.1093890,0.0671160,0.0655737,0.7830229,0.4454866,0.4340700,0.1424007
3/20/2026 11:53:33.059,0.0550355,0.0318739,0.0337745,0.9974039,0.1078410,0.0677449,0.0713567,0.7642664,0.4426261,0.4690192,0.1441445
3/20/2026 11:53:33.079,0.0544874,0.0318704,0.0365530,0.9973361,0.1065561,0.0679920,0.0768959,0.7469829,0.4369201,0.5011162,0.1460163
3/20/2026 11:53:33.099,0.0539549,0.0317332,0.0394628,0.9972585,0.1053038,0.0679795,0.0826853,0.7291570,0.4288495,0.5333088,0.1481272
3/20/2026 11:53:33.119,0.0532707,0.0316052,0.0423781,0.9971798,0.1037482,0.0679647,0.0884749,0.7097991,0.4211200,0.5646619,0.1502403
3/20/2026 11:53:33.139,0.0523540,0.0314520,0.0455671,0.9970927,0.1017125,0.0678951,0.0947936,0.6870550,0.4127524,0.5979890,0.1525450
3/20/2026 11:53:33.159,0.0511670,0.0313987,0.0494482,0.9969709,0.0990808,0.0680535,0.1024910,0.6578790,0.4037085,0.6357789,0.1557084
3/20/2026 11:53:33.179,0.0500435,0.0312511,0.0532839,0.9968350,0.0965900,0.0680065,0.1100927,0.6294827,0.3930983,0.6702427,0.1591648
3/20/2026 11:53:33.199,0.0492318,0.0309994,0.0564969,0.9967063,0.0947783,0.0677128,0.1164585,0.6070770,0.3822532,0.6966635,0.1623700
3/20/2026 11:53:33.219,0.0487385,0.0306335,0.0590309,0.9965951,0.0936654,0.0671572,0.1214755,0.5911067,0.3715269,0.7159334,0.1650903
3/20/2026 11:53:33.239,0.0482561,0.0301068,0.0613917,0.9964919,0.0926094,0.0662597,0.1261316,0.5766058,0.3597423,0.7335606,0.1675743
3/20/2026 11:53:33.259,0.0477323,0.0293977,0.0634793,0.9964075,0.0915170,0.0649616,0.1302201,0.5636188,0.3471259,0.7495582,0.1695793
3/20/2026 11:53:33.279,0.0471688,0.0286218,0.0653053,0.9963388,0.0903768,0.0634963,0.1337755,0.5517334,0.3347889,0.7638761,0.1711933
3/20/2026 11:53:33.299,0.0465154,0.0277037,0.0670009,0.9962831,0.0890906,0.0617184,0.1370514,0.5399910,0.3216080,0.7778034,0.1724935
3/20/2026 11:53:33.319,0.0455081,0.0268373,0.0693068,0.9961955,0.0870598,0.0600417,0.1415351,0.5221971,0.3079529,0.7952831,0.1745146
3/20/2026 11:53:33.339,0.0448088,0.0260962,0.0712587,0.9961092,0.0856544,0.0586236,0.1453436,0.5084483,0.2961148,0.8085768,0.1764829
3/20/2026 11:53:33.359,0.0442184,0.0255011,0.0728324,0.9960371,0.0844722,0.0574777,0.1484142,0.4971775,0.2867265,0.8189032,0.1781122
3/20/2026 11:53:33.379,0.0435662,0.0250532,0.0741722,0.9959784,0.0831613,0.0565933,0.1510241,0.4862593,0.2796281,0.8278648,0.1794289
3/20/2026 11:53:33.399,0.0427424,0.0242913,0.0755125,0.9959323,0.0815589,0.0550509,0.1535990,0.4743562,0.2695856,0.8380393,0.1804545
3/20/2026 11:53:33.419,0.0416806,0.0233682,0.0768989,0.9958932,0.0795086,0.0531477,0.1562407,0.4603754,0.2581094,0.8493727,0.1813204
3/20/2026 11:53:33.439,0.0404089,0.0225996,0.0784650,0.9958412,0.0770112,0.0515281,0.1592461,0.4435349,0.2480575,0.8612458,0.1824649
3/20/2026 11:53:33.459,0.0390476,0.0218038,0.0801824,0.9957765,0.0743373,0.0498435,0.1625522,0.4253025,0.2374846,0.8733378,0.1838791
3/20/2026 11:53:33.479,0.0377236,0.0213076,0.0817726,0.9957089,0.0717000,0.0487463,0.1656309,0.4076416,0.2302501,0.8836364,0.1853470
3/20/2026 11:53:33.499,0.0365866,0.0206865,0.0829976,0.9956631,0.0694778,0.0473987,0.1679813,0.3932648,0.2223564,0.8921325,0.1863337
3/20/2026 11:53:33.519,0.0356970,0.0198281,0.0837911,0.9956464,0.0678124,0.0455862,0.1694659,0.3829681,0.2127214,0.8989356,0.1866934
3/20/2026 11:53:33.539,0.0345168,0.0188056,0.0846367,0.9956363,0.0655961,0.0433967,0.1710316,0.3698799,0.2015193,0.9069613,0.1869095
3/20/2026 11:53:33.559,0.0329751,0.0180261,0.0857461,0.9956080,0.0626101,0.0416425,0.1731290,0.3522231,0.1925459,0.9158957,0.1875140
3/20/2026 11:53:33.579,0.0313798,0.0171720,0.0868606,0.9955782,0.0595341,0.0397243,0.1752349,0.3340484,0.1828019,0.9246596,0.1881509
3/20/2026 11:53:33.599,0.0296446,0.0165056,0.0880619,0.9955370,0.0561471,0.0381543,0.1775256,0.3141243,0.1748986,0.9331326,0.1890245
3/20/2026 11:53:33.619,0.0276293,0.0159847,0.0892126,0.9955010,0.0521815,0.0368138,0.1797148,0.2915985,0.1687024,0.9415464,0.1897859
3/20/2026 11:53:33.639,0.0246296,0.0155696,0.0904972,0.9954704,0.0462346,0.0355013,0.1821405,0.2590617,0.1637651,0.9518760,0.1904315
3/20/2026 11:53:33.659,0.0218895,0.0152198,0.0914225,0.9954553,0.0408086,0.0343390,0.1838667,0.2298582,0.1598205,0.9600118,0.1907497
3/20/2026 11:53:33.679,0.0193682,0.0149173,0.0921972,0.9954406,0.0358168,0.0332975,0.1853083,0.2030566,0.1563933,0.9665967,0.1910574
3/20/2026 11:53:33.699,0.0164985,0.0146467,0.0930435,0.9954176,0.0301247,0.0322496,0.1868880,0.1725361,0.1531711,0.9730210,0.1915392
3/20/2026 11:53:33.719,0.0129834,0.0147678,0.0942120,0.9953580,0.0230657,0.0318588,0.1891079,0.1349038,0.1534446,0.9789054,0.1927819
3/20/2026 11:53:33.739,0.0085623,0.0153202,0.0956256,0.9952627,0.0141140,0.0321416,0.1918004,0.0880691,0.1575786,0.9835715,0.1947524
3/20/2026 11:53:33.759,0.0041123,0.0160261,0.0969022,0.9951564,0.0050790,0.0327002,0.1942186,0.0418327,0.1630251,0.9857347,0.1969265
3/20/2026 11:53:33.779,-0.0000580,0.0166479,0.0979052,0.9950565,-0.0033752,0.0331260,0.1960959,-0.0005838,0.1676346,0.9858491,0.1989498
3/20/2026 11:53:33.799,-0.0033240,0.0167581,0.0982997,0.9950103,-0.0099097,0.0327029,0.1967841,-0.0333160,0.1679619,0.9852303,0.1998767
3/20/2026 11:53:33.819,-0.0061580,0.0168287,0.0986849,0.9949574,-0.0155761,0.0322817,0.1974720,-0.0613970,0.1677853,0.9839098,0.2009349
3/20/2026 11:53:33.839,-0.0092064,0.0171055,0.0987090,0.9949268,-0.0216980,0.0322330,0.1974276,-0.0915126,0.1700307,0.9811804,0.2015437
3/20/2026 11:53:33.859,-0.0124523,0.0175454,0.0986449,0.9948901,-0.0282425,0.0324734,0.1971985,-0.1233337,0.1737785,0.9770311,0.2022724
3/20/2026 11:53:33.879,-0.0161213,0.0180706,0.0986892,0.9948236,-0.0356499,0.0327988,0.1971736,-0.1586475,0.1778306,0.9711885,0.2035846
3/20/2026 11:53:33.899,-0.0202727,0.0187950,0.0987687,0.9947264,-0.0440586,0.0334257,0.1971994,-0.1976581,0.1832499,0.9629905,0.2054891
3/20/2026 11:53:33.919,-0.0249419,0.0195620,0.0989479,0.9945877,-0.0535105,0.0340317,0.1974093,-0.2400536,0.1882754,0.9523270,0.2081774
3/20/2026 11:53:33.939,-0.0297280,0.0201965,0.0991126,0.9944270,-0.0631702,0.0343504,0.1975946,-0.2819759,0.1915680,0.9401019,0.2112481
3/20/2026 11:53:33.959,-0.0337758,0.0205847,0.0990680,0.9942943,-0.0713052,0.0343362,0.1973926,-0.3166313,0.1929709,0.9287124,0.2137503
3/20/2026 11:53:33.979,-0.0376408,0.0208555,0.0986213,0.9941943,-0.0790404,0.0341577,0.1963966,-0.3498190,0.1938227,0.9165475,0.2156174
3/20/2026 11:53:33.999,-0.0410874,0.0211028,0.0977770,0.9941359,-0.0859254,0.0340556,0.1946127,-0.3799532,0.1951471,0.9041864,0.2166993
3/20/2026 11:53:34.019,-0.0441797,0.0213710,0.0967274,0.9941003,-0.0921026,0.0340941,0.1924208,-0.4073162,0.1970302,0.8917806,0.2173575
3/20/2026 11:53:34.039,-0.0466889,0.0215686,0.0957766,0.9940735,-0.0971085,0.0341054,0.1904449,-0.4294747,0.1984019,0.8810154,0.2178516
3/20/2026 11:53:34.059,-0.0485669,0.0215653,0.0950160,0.9940565,-0.1008253,0.0338232,0.1888825,-0.4461156,0.1980900,0.8727779,0.2181639
3/20/2026 11:53:34.079,-0.0503771,0.0214736,0.0944172,0.9940255,-0.1043967,0.0333656,0.1876579,-0.4615428,0.1967363,0.8650278,0.2187325
3/20/2026 11:53:34.099,-0.0525625,0.0213852,0.0940706,0.9939470,-0.1087262,0.0328220,0.1869386,-0.4784457,0.1946572,0.8562699,0.2201652
3/20/2026 11:53:34.119,-0.0549794,0.0211594,0.0937899,0.9938477,-0.1134948,0.0319564,0.1863682,-0.4963987,0.1910444,0.8468118,0.2219667
3/20/2026 11:53:34.139,-0.0576603,0.0209014,0.0933862,0.9937391,-0.1187816,0.0309950,0.1855557,-0.5160897,0.1870783,0.8358548,0.2239181
3/20/2026 11:53:34.159,-0.0605948,0.0205651,0.0924150,0.9936624,-0.1245442,0.0299058,0.1836105,-0.5390691,0.1829529,0.8221513,0.2252882
3/20/2026 11:53:34.179,-0.0633439,0.0202484,0.0910274,0.9936256,-0.1299317,0.0289547,0.1808289,-0.5618995,0.1796162,0.8074695,0.2259416
3/20/2026 11:53:34.199,-0.0653886,0.0200704,0.0896153,0.9936251,-0.1339408,0.0284236,0.1779873,-0.5800156,0.1780301,0.7949133,0.2259501
3/20/2026 11:53:34.219,-0.0673151,0.0198073,0.0880133,0.9936449,-0.1376960,0.0277800,0.1747756,-0.5980322,0.1759693,0.7819158,0.2255988
3/20/2026 11:53:34.239,-0.0690038,0.0194782,0.0868029,0.9936420,-0.1409782,0.0270004,0.1723679,-0.6128972,0.1730068,0.7709901,0.2256496
3/20/2026 11:53:34.259,-0.0709356,0.0191182,0.0856558,0.9936125,-0.1447450,0.0261162,0.1700943,-0.6286038,0.1694183,0.7590485,0.2261742
3/20/2026 11:53:34.279,-0.0728966,0.0186206,0.0846842,0.9935632,-0.1485543,0.0249323,0.1681995,-0.6435155,0.1643790,0.7475744,0.2270451
3/20/2026 11:53:34.299,-0.0748413,0.0180281,0.0837157,0.9935117,-0.1523182,0.0235665,0.1663295,-0.6580605,0.1585164,0.7360904,0.2279535
3/20/2026 11:53:34.319,-0.0769462,0.0175355,0.0826307,0.9934507,-0.1564195,0.0224004,0.1642135,-0.6734127,0.1534663,0.7231621,0.2290233
3/20/2026 11:53:34.339,-0.0790489,0.0169645,0.0813464,0.9934015,-0.1605027,0.0211174,0.1617108,-0.6892405,0.1479162,0.7092732,0.2298835
3/20/2026 11:53:34.359,-0.0809019,0.0164466,0.0800787,0.9933640,-0.1640996,0.0199877,0.1592360,-0.7034096,0.1429965,0.6962520,0.2305363
3/20/2026 11:53:34.379,-0.0823568,0.0156007,0.0787731,0.9933624,-0.1668513,0.0182740,0.1567401,-0.7159776,0.1356260,0.6848224,0.2305643
3/20/2026 11:53:34.399,-0.0834901,0.0150283,0.0776670,0.9933637,-0.1690099,0.0171333,0.1546034,-0.7259015,0.1306634,0.6752734,0.2305405
3/20/2026 11:53:34.419,-0.0845651,0.0141835,0.0766249,0.9933662,-0.1710142,0.0154451,0.1526448,-0.7353821,0.1233403,0.6663335,0.2304980
3/20/2026 11:53:34.439,-0.0858096,0.0134604,0.0756525,0.9933441,-0.1733809,0.0139680,0.1508119,-0.7449667,0.1168580,0.6567867,0.2308812
3/20/2026 11:53:34.459,-0.0870574,0.0123113,0.0746061,0.9933295,-0.1756929,0.0116478,0.1489074,-0.7549792,0.1067657,0.6469988,0.2311347
3/20/2026 11:53:34.479,-0.0881918,0.0113704,0.0732600,0.9933408,-0.1778105,0.0098225,0.1463606,-0.7654655,0.0986901,0.6358639,0.2309382
3/20/2026 11:53:34.499,-0.0895031,0.0108637,0.0717780,0.9933375,-0.1803493,0.0088781,0.1434658,-0.7766483,0.0942683,0.6228410,0.2309971
3/20/2026 11:53:34.519,-0.0910793,0.0102619,0.0700172,0.9933262,-0.1834065,0.0077629,0.1400293,-0.7896641,0.0889715,0.6070542,0.2311925
3/20/2026 11:53:34.539,-0.0924645,0.0097604,0.0688028,0.9932881,-0.1861032,0.0067834,0.1376823,-0.7994047,0.0843841,0.5948372,0.2318521
3/20/2026 11:53:34.559,-0.0937865,0.0091800,0.0677785,0.9932401,-0.1886668,0.0056222,0.1357371,-0.8079612,0.0790843,0.5839044,0.2326802
3/20/2026 11:53:34.579,-0.0951262,0.0084957,0.0663265,0.9932169,-0.1912528,0.0043364,0.1329458,-0.8180988,0.0730640,0.5704173,0.2330794
3/20/2026 11:53:34.599,-0.0966082,0.0076195,0.0641139,0.9932262,-0.1941011,0.0028006,0.1286516,-0.8314159,0.0655741,0.5517678,0.2329194
3/20/2026 11:53:34.619,-0.0982990,0.0068431,0.0615575,0.9932277,-0.1973883,0.0015210,0.1236464,-0.8460593,0.0588987,0.5298253,0.2328938
3/20/2026 11:53:34.639,-0.0999941,0.0059464,0.0587656,0.9932334,-0.2006781,0.0000610,0.1181890,-0.8610082,0.0512017,0.5060070,0.2327952
3/20/2026 11:53:34.659,-0.1017052,0.0050834,0.0560753,0.9932199,-0.2040136,-0.0013362,0.1129341,-0.8748782,0.0437276,0.4823650,0.2330281
3/20/2026 11:53:34.679,-0.1032297,0.0044725,0.0536260,0.9932008,-0.2070106,-0.0022351,0.1081147,-0.8867494,0.0384193,0.4606510,0.2333560
3/20/2026 11:53:34.699,-0.1047575,0.0040537,0.0514173,0.9931595,-0.2100397,-0.0027818,0.1037448,-0.8971575,0.0347167,0.4403445,0.2340656
3/20/2026 11:53:34.719,-0.1063754,0.0035676,0.0488613,0.9931185,-0.2132480,-0.0033858,0.0986840,-0.9083001,0.0304626,0.4172086,0.2347670
3/20/2026 11:53:34.739,-0.1081805,0.0030928,0.0458965,0.9930664,-0.2168401,-0.0038783,0.0927914,-0.9202579,0.0263095,0.3904270,0.2356550
3/20/2026 11:53:34.759,-0.1101602,0.0027309,0.0428300,0.9929869,-0.2207990,-0.0041126,0.0866687,-0.9317847,0.0230993,0.3622755,0.2370029
3/20/2026 11:53:34.779,-0.1117104,0.0024270,0.0398917,0.9929369,-0.2239026,-0.0041977,0.0807809,-0.9415579,0.0204561,0.3362296,0.2378474
3/20/2026 11:53:34.799,-0.1132123,0.0021477,0.0364247,0.9929007,-0.2269160,-0.0040874,0.0738044,-0.9517875,0.0180555,0.3062265,0.2384565
3/20/2026 11:53:34.819,-0.1147371,0.0018566,0.0333023,0.9928358,-0.2299758,-0.0040625,0.0675305,-0.9602494,0.0155378,0.2787109,0.2395454
3/20/2026 11:53:34.839,-0.1160920,0.0014638,0.0299077,0.9927871,-0.2326911,-0.0041494,0.0607178,-0.9683092,0.0122096,0.2494560,0.2403601
3/20/2026 11:53:34.859,-0.1169692,0.0009590,0.0264816,0.9927821,-0.2344424,-0.0044116,0.0538561,-0.9752858,0.0079959,0.2208024,0.2404436
3/20/2026 11:53:34.879,-0.1177427,0.0006887,0.0228867,0.9927803,-0.2360015,-0.0041368,0.0465895,-0.9816113,0.0057413,0.1908045,0.2404735
3/20/2026 11:53:34.899,-0.1188412,0.0006661,0.0187817,0.9927354,-0.2382277,-0.0032328,0.0382214,-0.9877257,0.0055364,0.1561001,0.2412197
3/20/2026 11:53:34.919,-0.1199510,0.0006425,0.0146836,0.9926710,-0.2404737,-0.0023136,0.0298622,-0.9925766,0.0053168,0.1215048,0.2422884
3/20/2026 11:53:34.939,-0.1204650,0.0006555,0.0107973,0.9926586,-0.2415165,-0.0013388,0.0219164,-0.9959927,0.0054198,0.0892709,0.2424935
3/20/2026 11:53:34.959,-0.1208845,0.0006834,0.0070600,0.9926413,-0.2423655,-0.0003606,0.0142688,-0.9982830,0.0056440,0.0583029,0.2427791
3/20/2026 11:53:34.979,-0.1215776,0.0006121,0.0033013,0.9925763,-0.2437610,0.0004250,0.0066000,-0.9996189,0.0050330,0.0271434,0.2438508
3/20/2026 11:53:34.999,-0.1223753,0.0005658,-0.0003202,0.9924837,-0.2453652,0.0012386,-0.0007980,-0.9999859,0.0046237,-0.0026167,0.2453693
3/20/2026 11:53:35.019,-0.1231913,0.0005155,-0.0037101,0.9923759,-0.2470043,0.0019979,-0.0077254,-0.9995381,0.0041828,-0.0301028,0.2471252
3/20/2026 11:53:35.039,-0.1242768,0.0004235,-0.0070248,0.9922225,-0.2491854,0.0026688,-0.0144942,-0.9984004,0.0034021,-0.0564353,0.2496006
3/20/2026 11:53:35.059,-0.1253625,0.0004792,-0.0093834,0.9920666,-0.2513656,0.0034106,-0.0193478,-0.9972032,0.0038116,-0.0746407,0.2520935
3/20/2026 11:53:35.079,-0.1263438,0.0006157,-0.0112526,0.9919226,-0.2533338,0.0041989,-0.0232229,-0.9960455,0.0048542,-0.0887110,0.2543752
3/20/2026 11:53:35.099,-0.1272493,0.0006928,-0.0128525,0.9917873,-0.2551502,0.0048007,-0.0265330,-0.9949234,0.0054171,-0.1004895,0.2564997
3/20/2026 11:53:35.119,-0.1280921,0.0004782,-0.0146232,0.9916545,-0.2568468,0.0048540,-0.0301183,-0.9935397,0.0037095,-0.1134243,0.2585671
3/20/2026 11:53:35.139,-0.1287920,0.0001636,-0.0168657,0.9915282,-0.2582575,0.0048289,-0.0346445,-0.9915337,0.0012593,-0.1298440,0.2605200
3/20/2026 11:53:35.159,-0.1292733,-0.0001426,-0.0190810,0.9914254,-0.2592287,0.0048113,-0.0391160,-0.9892811,-0.0010913,-0.1460202,0.2620975
3/20/2026 11:53:35.179,-0.1295269,-0.0004849,-0.0212214,0.9913487,-0.2597441,0.0046936,-0.0434213,-0.9868362,-0.0036940,-0.1616810,0.2632690
3/20/2026 11:53:35.199,-0.1297973,-0.0008811,-0.0236755,0.9912576,-0.2602962,0.0045526,-0.0483572,-0.9837465,-0.0066779,-0.1794390,0.2646531
3/20/2026 11:53:35.219,-0.1302039,-0.0011925,-0.0262698,0.9911385,-0.2611200,0.0046340,-0.0536076,-0.9802081,-0.0089778,-0.1977661,0.2664523
3/20/2026 11:53:35.239,-0.1305774,-0.0014143,-0.0283967,0.9910304,-0.2618755,0.0047754,-0.0579228,-0.9771057,-0.0105835,-0.2124913,0.2680753
3/20/2026 11:53:35.259,-0.1309622,-0.0016829,-0.0304439,0.9909184,-0.2626578,0.0048035,-0.0620634,-0.9739521,-0.0125157,-0.2264080,0.2697463
3/20/2026 11:53:35.279,-0.1313120,-0.0022560,-0.0327488,0.9907975,-0.2633897,0.0042776,-0.0666511,-0.9701453,-0.0166677,-0.2419511,0.2715383
3/20/2026 11:53:35.299,-0.1317049,-0.0029680,-0.0354546,0.9906504,-0.2642212,0.0035828,-0.0720269,-0.9653953,-0.0217558,-0.2598817,0.2737033
3/20/2026 11:53:35.319,-0.1322040,-0.0033777,-0.0377108,0.9904992,-0.2652501,0.0033987,-0.0765649,-0.9613525,-0.0245619,-0.2742229,0.2759114
3/20/2026 11:53:35.339,-0.1326463,-0.0036768,-0.0399374,0.9903517,-0.2661579,0.0034334,-0.0810725,-0.9572035,-0.0265324,-0.2881970,0.2780486
3/20/2026 11:53:35.359,-0.1331270,-0.0037354,-0.0418246,0.9902090,-0.2671252,0.0038759,-0.0849507,-0.9536834,-0.0267590,-0.2996195,0.2800996
3/20/2026 11:53:35.379,-0.1335398,-0.0039242,-0.0435325,0.9900791,-0.2679670,0.0039989,-0.0884237,-0.9503865,-0.0279278,-0.3098155,0.2819552
3/20/2026 11:53:35.399,-0.1338717,-0.0044571,-0.0456589,0.9899363,-0.2686768,0.0035269,-0.0926617,-0.9459956,-0.0314961,-0.3226457,0.2839808
3/20/2026 11:53:35.419,-0.1342262,-0.0049437,-0.0479242,0.9897789,-0.2694303,0.0031943,-0.0972000,-0.9412065,-0.0346657,-0.3360488,0.2861961
3/20/2026 11:53:35.439,-0.1346725,-0.0052287,-0.0502294,0.9896024,-0.2703511,0.0033002,-0.1018809,-0.9363322,-0.0363535,-0.3492281,0.2886606
3/20/2026 11:53:35.459,-0.1351638,-0.0054633,-0.0526062,0.9894108,-0.2713578,0.0035394,-0.1067266,-0.9312453,-0.0376411,-0.3624435,0.2913140
3/20/2026 11:53:35.479,-0.1356837,-0.0058663,-0.0552041,0.9891957,-0.2724409,0.0035040,-0.1119842,-0.9255280,-0.0400154,-0.3765591,0.2942626
3/20/2026 11:53:35.499,-0.1362539,-0.0061468,-0.0580621,0.9889520,-0.2736120,0.0038061,-0.1178168,-0.9191644,-0.0414663,-0.3916853,0.2975683
3/20/2026 11:53:35.519,-0.1368750,-0.0062355,-0.0605168,0.9887185,-0.2748645,0.0044015,-0.1228771,-0.9138021,-0.0416291,-0.4040207,0.3007027
3/20/2026 11:53:35.539,-0.1376918,-0.0064269,-0.0633594,0.9884256,-0.2765211,0.0049303,-0.1287203,-0.9076219,-0.0423644,-0.4176455,0.3045887
3/20/2026 11:53:35.559,-0.1385154,-0.0066281,-0.0664110,0.9881091,-0.2781913,0.0055111,-0.1349975,-0.9008788,-0.0431082,-0.4319248,0.3087340
3/20/2026 11:53:35.579,-0.1389205,-0.0069578,-0.0699207,0.9878076,-0.2790333,0.0059095,-0.1421695,-0.8923473,-0.0446929,-0.4491311,0.3126304
3/20/2026 11:53:35.599,-0.1391142,-0.0073656,-0.0741149,0.9874716,-0.2794577,0.0063194,-0.1507268,-0.8816000,-0.0466776,-0.4696836,0.3169185
3/20/2026 11:53:35.619,-0.1395271,-0.0079361,-0.0790979,0.9870223,-0.2803461,0.0066668,-0.1608841,-0.8688720,-0.0494199,-0.4925637,0.3225633
3/20/2026 11:53:35.639,-0.1398011,-0.0086320,-0.0837218,0.9865961,-0.2809826,0.0066365,-0.1702614,-0.8567215,-0.0528982,-0.5130596,0.3278285
3/20/2026 11:53:35.659,-0.1399907,-0.0090523,-0.0878456,0.9862068,-0.2814095,0.0070163,-0.1786837,-0.8457737,-0.0546906,-0.5307314,0.3325665
3/20/2026 11:53:35.679,-0.1402340,-0.0091885,-0.0918222,0.9858088,-0.2818939,0.0079509,-0.1868912,-0.8353582,-0.0547349,-0.5469742,0.3373414
3/20/2026 11:53:35.699,-0.1403690,-0.0094165,-0.0958422,0.9854046,-0.2821752,0.0086923,-0.1951598,-0.8245899,-0.0553168,-0.5630200,0.3421232
3/20/2026 11:53:35.719,-0.1398160,-0.0094887,-0.0988700,0.9851834,-0.2810504,0.0093167,-0.2013738,-0.8152316,-0.0553261,-0.5764863,0.3447129
3/20/2026 11:53:35.739,-0.1388490,-0.0094022,-0.1011613,0.9850883,-0.2790675,0.0099535,-0.2060771,-0.8070290,-0.0546482,-0.5879776,0.3458191
3/20/2026 11:53:35.759,-0.1380119,-0.0091966,-0.1032625,0.9849899,-0.2773209,0.0107987,-0.2104273,-0.7995484,-0.0532787,-0.5982338,0.3469619
3/20/2026 11:53:35.779,-0.1375387,-0.0088636,-0.1055620,0.9848154,-0.2762729,0.0120365,-0.2152484,-0.7922496,-0.0510559,-0.6080575,0.3489782
3/20/2026 11:53:35.799,-0.1373384,-0.0085670,-0.1072605,0.9846624,-0.2757844,0.0130855,-0.2188340,-0.7871716,-0.0491030,-0.6147761,0.3507365
3/20/2026 11:53:35.819,-0.1374031,-0.0082289,-0.1085974,0.9845098,-0.2758206,0.0141766,-0.2217028,-0.7836814,-0.0469338,-0.6193874,0.3524814
3/20/2026 11:53:35.839,-0.1372687,-0.0081109,-0.1099585,0.9843783,-0.2755045,0.0147770,-0.2245447,-0.7796420,-0.0460675,-0.6245288,0.3539775
3/20/2026 11:53:35.859,-0.1369500,-0.0080854,-0.1114723,0.9842527,-0.2748362,0.0151867,-0.2276620,-0.7747464,-0.0457400,-0.6306154,0.3554019
3/20/2026 11:53:35.879,-0.1364297,-0.0080849,-0.1129345,0.9841583,-0.2737699,0.0154787,-0.2306486,-0.7695176,-0.0456019,-0.6369954,0.3564685
3/20/2026 11:53:35.899,-0.1356027,-0.0080797,-0.1142769,0.9841177,-0.2720895,0.0156668,-0.2333626,-0.7638820,-0.0455147,-0.6437489,0.3569261
3/20/2026 11:53:35.919,-0.1346779,-0.0078844,-0.1157662,0.9840721,-0.2701655,0.0162549,-0.2364234,-0.7575970,-0.0443518,-0.6512139,0.3574388
3/20/2026 11:53:35.939,-0.1338938,-0.0074789,-0.1172864,0.9840023,-0.2684714,0.0173103,-0.2396153,-0.7515532,-0.0419793,-0.6583354,0.3582239
3/20/2026 11:53:35.959,-0.1332043,-0.0070874,-0.1187374,0.9839247,-0.2669691,0.0183362,-0.2426657,-0.7458923,-0.0396868,-0.6648832,0.3590934
3/20/2026 11:53:35.979,-0.1321124,-0.0069221,-0.1201919,0.9838966,-0.2647146,0.0187921,-0.2456253,-0.7391352,-0.0387274,-0.6724428,0.3594090
3/20/2026 11:53:35.999,-0.1306706,-0.0067201,-0.1216499,0.9839114,-0.2617502,0.0192241,-0.2485693,-0.7314008,-0.0376143,-0.6809096,0.3592429
3/20/2026 11:53:36.019,-0.1288493,-0.0063670,-0.1230614,0.9839783,-0.2579893,0.0198406,-0.2514206,-0.7227012,-0.0357120,-0.6902373,0.3584928
3/20/2026 11:53:36.039,-0.1270066,-0.0060016,-0.1241976,0.9840775,-0.2541879,0.0203923,-0.2537005,-0.7145614,-0.0337662,-0.6987574,0.3573785
3/20/2026 11:53:36.059,-0.1248866,-0.0052893,-0.1253302,0.9842092,-0.2497430,0.0215633,-0.2560326,-0.7055370,-0.0298812,-0.7080429,0.3558939
3/20/2026 11:53:36.079,-0.1225206,-0.0048379,-0.1264839,0.9843614,-0.2448727,0.0221312,-0.2583161,-0.6955015,-0.0274630,-0.7179996,0.3541704
3/20/2026 11:53:36.099,-0.1202537,-0.0044565,-0.1275763,0.9845017,-0.2402206,0.0225578,-0.2604614,-0.6856931,-0.0254110,-0.7274470,0.3525732
3/20/2026 11:53:36.119,-0.1183182,-0.0036083,-0.1284622,0.9846244,-0.2361127,0.0239603,-0.2623182,-0.6773241,-0.0206558,-0.7353948,0.3511708
3/20/2026 11:53:36.139,-0.1164242,-0.0029531,-0.1292670,0.9847471,-0.2321396,0.0249554,-0.2639606,-0.6691347,-0.0169728,-0.7429473,0.3497643
3/20/2026 11:53:36.159,-0.1144667,-0.0025828,-0.1300378,0.9848761,-0.2281161,0.0253418,-0.2654581,-0.6606635,-0.0149068,-0.7505342,0.3482778
3/20/2026 11:53:36.179,-0.1126823,-0.0023993,-0.1306640,0.9849994,-0.2244918,0.0253594,-0.2666304,-0.6530125,-0.0139043,-0.7572196,0.3468521
3/20/2026 11:53:36.2,-0.1111389,-0.0022993,-0.1312982,0.9850907,-0.2213712,0.0252741,-0.2678216,-0.6460215,-0.0133650,-0.7632021,0.3457921
3/20/2026 11:53:36.22,-0.1095701,-0.0023289,-0.1319797,0.9851753,-0.2182345,0.0249271,-0.2690800,-0.6387036,-0.0135756,-0.7693331,0.3448068
3/20/2026 11:53:36.24,-0.1077319,-0.0023167,-0.1326256,0.9852914,-0.2145513,0.0245767,-0.2702522,-0.6304416,-0.0135572,-0.7761182,0.3434512
3/20/2026 11:53:36.259,-0.1056411,-0.0022769,-0.1336239,0.9853830,-0.2103501,0.0242826,-0.2721339,-0.6201258,-0.0133659,-0.7843884,0.3423773
3/20/2026 11:53:36.279,-0.1033644,-0.0022775,-0.1347912,0.9854654,-0.2057875,0.0238826,-0.2743401,-0.6084675,-0.0134068,-0.7934655,0.3414081
3/20/2026 11:53:36.299,-0.1008738,-0.0020404,-0.1359325,0.9855673,-0.2007359,0.0238840,-0.2765243,-0.5958822,-0.0120529,-0.8029814,0.3402061
3/20/2026 11:53:36.319,-0.0991423,-0.0018526,-0.1367542,0.9856297,-0.1972179,0.0239303,-0.2781052,-0.5869148,-0.0109675,-0.8095745,0.3394687
3/20/2026 11:53:36.339,-0.0973573,-0.0018514,-0.1375571,0.9856959,-0.1936467,0.0235773,-0.2796073,-0.5776704,-0.0109853,-0.8161962,0.3386837
3/20/2026 11:53:36.359,-0.0952626,-0.0020267,-0.1383903,0.9857835,-0.1895099,0.0227808,-0.2811160,-0.5669694,-0.0120625,-0.8236505,0.3376431
3/20/2026 11:53:36.379,-0.0922868,-0.0026225,-0.1393749,0.9859264,-0.1837392,0.0209071,-0.2827953,-0.5520212,-0.0156870,-0.8336825,0.3359367
3/20/2026 11:53:36.399,-0.0883961,-0.0033780,-0.1405303,0.9861166,-0.1761974,0.0184695,-0.2847438,-0.5323321,-0.0203426,-0.8462911,0.3336537
3/20/2026 11:53:36.419,-0.0841655,-0.0036083,-0.1417477,0.9863118,-0.1678367,0.0169821,-0.2869042,-0.5104293,-0.0218830,-0.8596412,0.3312950
3/20/2026 11:53:36.439,-0.0800820,-0.0034785,-0.1431171,0.9864544,-0.1596677,0.0162671,-0.2894562,-0.4881984,-0.0212055,-0.8724750,0.3295605
3/20/2026 11:53:36.46,-0.0765095,-0.0033369,-0.1443967,0.9865519,-0.1525154,0.0156941,-0.2918658,-0.4680967,-0.0204158,-0.8834414,0.3283694
3/20/2026 11:53:36.48,-0.0732724,-0.0034380,-0.1455369,0.9866298,-0.1461054,0.0147007,-0.2939822,-0.4495861,-0.0210952,-0.8929879,0.3274148
3/20/2026 11:53:36.5,-0.0701944,-0.0036698,-0.1464111,0.9867234,-0.1400569,0.0134443,-0.2955559,-0.4322054,-0.0225962,-0.9014920,0.3262644
3/20/2026 11:53:36.52,-0.0671189,-0.0039077,-0.1472097,0.9868177,-0.1340196,0.0121581,-0.2969845,-0.4147340,-0.0241459,-0.9096223,0.3251012
3/20/2026 11:53:36.539,-0.0641187,-0.0039588,-0.1479931,0.9868997,-0.1280791,0.0112567,-0.2984189,-0.3974271,-0.0245381,-0.9173056,0.3240860
3/20/2026 11:53:36.559,-0.0606682,-0.0040168,-0.1489283,0.9869770,-0.1212496,0.0102166,-0.3001474,-0.3771459,-0.0249707,-0.9258172,0.3231270
3/20/2026 11:53:36.58,-0.0577162,-0.0040104,-0.1497853,0.9870244,-0.1153919,0.0094362,-0.3017556,-0.3594446,-0.0249760,-0.9328321,0.3225373
3/20/2026 11:53:36.599,-0.0550884,-0.0041953,-0.1504723,0.9870693,-0.1102378,0.0083472,-0.3030182,-0.3436705,-0.0261725,-0.9387255,0.3219771
3/20/2026 11:53:36.619,-0.0522407,-0.0045516,-0.1511656,0.9871166,-0.1047025,0.0068456,-0.3042747,-0.3264988,-0.0284470,-0.9447694,0.3213860
3/20/2026 11:53:36.639,-0.0492575,-0.0047792,-0.1517400,0.9871808,-0.0988635,0.0055399,-0.3053076,-0.3086189,-0.0299437,-0.9507143,0.3205826
3/20/2026 11:53:36.659,-0.0464021,-0.0048180,-0.1522613,0.9872386,-0.0932220,0.0046376,-0.3062640,-0.2913826,-0.0302548,-0.9561281,0.3198581
3/20/2026 11:53:36.68,-0.0433721,-0.0047500,-0.1527617,0.9872994,-0.0872041,0.0038865,-0.3071885,-0.2730026,-0.0298988,-0.9615486,0.3190929
3/20/2026 11:53:36.699,-0.0400819,-0.0047211,-0.1531447,0.9873793,-0.0806856,0.0029632,-0.3078718,-0.2530848,-0.0298101,-0.9669847,0.3180866
3/20/2026 11:53:36.719,-0.0367744,-0.0047467,-0.1534860,0.9874549,-0.0741511,0.0019197,-0.3084752,-0.2328946,-0.0300612,-0.9720373,0.3171300
3/20/2026 11:53:36.739,-0.0335812,-0.0046085,-0.1538510,0.9875126,-0.0677936,0.0012339,-0.3091499,-0.2131587,-0.0292528,-0.9765795,0.3163983
3/20/2026 11:53:36.759,-0.0302878,-0.0046910,-0.1541145,0.9875776,-0.0613073,0.0000702,-0.3096110,-0.1927530,-0.0298538,-0.9807931,0.3155725
3/20/2026 11:53:36.78,-0.0267673,-0.0045583,-0.1542527,0.9876583,-0.0543068,-0.0007474,-0.3098369,-0.1709013,-0.0291037,-0.9848583,0.3145428
3/20/2026 11:53:36.799,-0.0232276,-0.0043086,-0.1540796,0.9877761,-0.0472326,-0.0013556,-0.3094467,-0.1490092,-0.0276404,-0.9884494,0.3130353
3/20/2026 11:53:36.819,-0.0189702,-0.0040495,-0.1537011,0.9879271,-0.0387369,-0.0021714,-0.3086420,-0.1224516,-0.0261393,-0.9921303,0.3110914
3/20/2026 11:53:36.84,-0.0153378,-0.0039228,-0.1531504,0.9880762,-0.0315165,-0.0030555,-0.3075017,-0.0996176,-0.0254780,-0.9946995,0.3091609
3/20/2026 11:53:36.859,-0.0120174,-0.0036127,-0.1522941,0.9882556,-0.0248556,-0.0034812,-0.3057591,-0.0786429,-0.0236417,-0.9966225,0.3068216
3/20/2026 11:53:36.88,-0.0089450,-0.0031147,-0.1512317,0.9884531,-0.0186265,-0.0034525,-0.3036099,-0.0590319,-0.0205551,-0.9980444,0.3042262
3/20/2026 11:53:36.899,-0.0056359,-0.0028973,-0.1498634,0.9886864,-0.0120129,-0.0040402,-0.3008421,-0.0375730,-0.0193159,-0.9991072,0.3011306
3/20/2026 11:53:36.919,-0.0021553,-0.0025376,-0.1484856,0.9889091,-0.0050163,-0.0043789,-0.2980642,-0.0145114,-0.0170855,-0.9997487,0.2981476
3/20/2026 11:53:36.94,0.0012134,-0.0023073,-0.1470753,0.9891220,0.0017217,-0.0049213,-0.2952267,0.0082490,-0.0156854,-0.9998429,0.2952667
3/20/2026 11:53:36.96,0.0044484,-0.0021799,-0.1455036,0.9893453,0.0081677,-0.0056080,-0.2920704,0.0305547,-0.0149730,-0.9994209,0.2922145
3/20/2026 11:53:36.98,0.0076144,-0.0016272,-0.1438494,0.9895691,0.0146023,-0.0054117,-0.2887486,0.0528555,-0.0112952,-0.9985383,0.2891244
3/20/2026 11:53:37,0.0103212,-0.0010101,-0.1423943,0.9897558,0.0201447,-0.0049398,-0.2858250,0.0722919,-0.0070747,-0.9973584,0.2865202
3/20/2026 11:53:37.02,0.0125839,-0.0006494,-0.1410786,0.9899182,0.0247333,-0.0048379,-0.2831841,0.0888440,-0.0045851,-0.9960350,0.2842359
3/20/2026 11:53:37.04,0.0146815,-0.0001609,-0.1395912,0.9901004,0.0290314,-0.0044194,-0.2801917,0.1045976,-0.0011467,-0.9945139,0.2816522
3/20/2026 11:53:37.06,0.0164194,0.0003499,-0.1382977,0.9902546,0.0326214,-0.0038506,-0.2775852,0.1178969,0.0025124,-0.9930227,0.2794456
3/20/2026 11:53:37.079,0.0183283,0.0007650,-0.1371421,0.9903817,0.0365220,-0.0035142,-0.2752622,0.1324650,0.0055292,-0.9911723,0.2776156
3/20/2026 11:53:37.1,0.0204274,0.0013315,-0.1360851,0.9904857,0.0408398,-0.0029245,-0.2731347,0.1484373,0.0096754,-0.9888745,0.2761072
3/20/2026 11:53:37.12,0.0226761,0.0019977,-0.1349922,0.9905851,0.0454801,-0.0021667,-0.2709310,0.1656419,0.0145924,-0.9860780,0.2746594
3/20/2026 11:53:37.14,0.0249279,0.0026315,-0.1338768,0.9906809,0.0501167,-0.0014624,-0.2686814,0.1830196,0.0193204,-0.9829194,0.2732556
3/20/2026 11:53:37.159,0.0267125,0.0033505,-0.1327564,0.9907830,0.0538483,-0.0004540,-0.2664082,0.1972008,0.0247343,-0.9800510,0.2717522
3/20/2026 11:53:37.18,0.0282831,0.0040610,-0.1317520,0.9908709,0.0571510,0.0005961,-0.2643639,0.2097923,0.0301226,-0.9772818,0.2704519
3/20/2026 11:53:37.2,0.0297851,0.0050099,-0.1306680,0.9909661,0.0603779,0.0021493,-0.2621408,0.2220890,0.0373556,-0.9743106,0.2690361
3/20/2026 11:53:37.22,0.0315561,0.0060957,-0.1293573,0.9910771,0.0641702,0.0039267,-0.2594505,0.2367477,0.0457327,-0.9704943,0.2673759
3/20/2026 11:53:37.239,0.0340672,0.0071492,-0.1275773,0.9912176,0.0694160,0.0054937,-0.2558172,0.2576150,0.0540620,-0.9647341,0.2652587
3/20/2026 11:53:37.26,0.0364276,0.0083427,-0.1258008,0.9913515,0.0743928,0.0073964,-0.2521720,0.2775773,0.0635713,-0.9585977,0.2632263
3/20/2026 11:53:37.28,0.0387239,0.0097505,-0.1238952,0.9914916,0.0792879,0.0097706,-0.2482405,0.2974833,0.0749051,-0.9517841,0.2610829
3/20/2026 11:53:37.299,0.0409634,0.0110593,-0.1219197,0.9916327,0.0840368,0.0119876,-0.2441651,0.3173195,0.0856699,-0.9444411,0.2589053
3/20/2026 11:53:37.319,0.0429029,0.0118662,-0.1200276,0.9917722,0.0880621,0.0132900,-0.2402896,0.3351370,0.0926933,-0.9375986,0.2567354
3/20/2026 11:53:37.339,0.0444108,0.0124567,-0.1181049,0.9919294,0.0911735,0.0142819,-0.2363643,0.3502649,0.0982453,-0.9314839,0.2542680
3/20/2026 11:53:37.359,0.0455737,0.0132527,-0.1161697,0.9920948,0.0936427,0.0157771,-0.2323900,0.3631628,0.1056066,-0.9257213,0.2516455
3/20/2026 11:53:37.379,0.0469936,0.0141377,-0.1141536,0.9922504,0.0966370,0.0174094,-0.2282412,0.3782031,0.1137797,-0.9187037,0.2491520
3/20/2026 11:53:37.399,0.0484048,0.0148709,-0.1119284,0.9924253,0.0995697,0.0187750,-0.2236807,0.3940153,0.1210496,-0.9110976,0.2463221
3/20/2026 11:53:37.419,0.0496539,0.0153885,-0.1094748,0.9926293,0.1021226,0.0197829,-0.2186766,0.4097191,0.1269784,-0.9033309,0.2429779
3/20/2026 11:53:37.439,0.0506339,0.0157256,-0.1071812,0.9928248,0.1041001,0.0204837,-0.2140115,0.4234385,0.1315088,-0.8963287,0.2397299
3/20/2026 11:53:37.459,0.0511450,0.0159576,-0.1049960,0.9930285,0.1051213,0.0210706,-0.2095749,0.4338902,0.1353772,-0.8907370,0.2362980
3/20/2026 11:53:37.48,0.0515203,0.0161479,-0.1027258,0.9932433,0.1058596,0.0216154,-0.2049711,0.4439479,0.1391458,-0.8851829,0.2326248
3/20/2026 11:53:37.499,0.0519420,0.0166544,-0.0995018,0.9935412,0.1067299,0.0228892,-0.1984090,0.4577510,0.1467705,-0.8768823,0.2274330
3/20/2026 11:53:37.52,0.0522920,0.0172032,-0.0963623,0.9938230,0.1074602,0.0242582,-0.1920135,0.4711930,0.1550145,-0.8683016,0.2224118
3/20/2026 11:53:37.54,0.0527718,0.0176314,-0.0935382,0.9940598,0.1084274,0.0253324,-0.1862671,0.4848776,0.1620005,-0.8594473,0.2181025
3/20/2026 11:53:37.559,0.0533131,0.0178885,-0.0911016,0.9942527,0.1094913,0.0260163,-0.1813204,0.4979753,0.1670891,-0.8509418,0.2145289
3/20/2026 11:53:37.579,0.0539321,0.0180965,-0.0886790,0.9944346,0.1106993,0.0265922,-0.1764066,0.5118977,0.1717638,-0.8416994,0.2111033
3/20/2026 11:53:37.599,0.0547520,0.0182438,-0.0862618,0.9945996,0.1122959,0.0270181,-0.1715087,0.5275424,0.1757818,-0.8311436,0.2079467
3/20/2026 11:53:37.619,0.0553562,0.0184432,-0.0837012,0.9947812,0.1134653,0.0276081,-0.1663172,0.5425420,0.1807604,-0.8203498,0.2044182
3/20/2026 11:53:37.639,0.0558536,0.0187665,-0.0808229,0.9949854,0.1144302,0.0285066,-0.1604717,0.5584204,0.1876264,-0.8080613,0.2003755
3/20/2026 11:53:37.659,0.0564411,0.0191647,-0.0775316,0.9952065,0.1155698,0.0295954,-0.1537838,0.5771316,0.1959662,-0.7927904,0.1959040
3/20/2026 11:53:37.679,0.0569406,0.0195647,-0.0741570,0.9954274,0.1165257,0.0307184,-0.1469288,0.5961053,0.2048203,-0.7763422,0.1913334
3/20/2026 11:53:37.699,0.0574743,0.0197047,-0.0709905,0.9956249,0.1175137,0.0312976,-0.1405229,0.6150865,0.2108783,-0.7597362,0.1871533
3/20/2026 11:53:37.719,0.0579159,0.0201125,-0.0678811,0.9958079,0.1183529,0.0324261,-0.1342018,0.6331742,0.2198833,-0.7421197,0.1831936
3/20/2026 11:53:37.74,0.0581798,0.0203696,-0.0647071,0.9959986,0.1188093,0.0332877,-0.1277719,0.6510060,0.2279269,-0.7240445,0.1789760
3/20/2026 11:53:37.759,0.0584494,0.0208886,-0.0607112,0.9962236,0.1192762,0.0347765,-0.1196554,0.6731890,0.2405843,-0.6992394,0.1738678
3/20/2026 11:53:37.78,0.0585386,0.0213316,-0.0569914,0.9964288,0.1193737,0.0361031,-0.1121093,0.6932704,0.2526291,-0.6749480,0.1690761
3/20/2026 11:53:37.799,0.0584201,0.0216218,-0.0534933,0.9966233,0.1190399,0.0371185,-0.1050339,0.7114921,0.2633291,-0.6514882,0.1644035
3/20/2026 11:53:37.819,0.0583063,0.0217977,-0.0501133,0.9968019,0.1187028,0.0378878,-0.0982119,0.7296211,0.2727677,-0.6270972,0.1599963
3/20/2026 11:53:37.839,0.0581805,0.0220871,-0.0465220,0.9969770,0.1183404,0.0389092,-0.0909533,0.7487952,0.2842658,-0.5987476,0.1555505
3/20/2026 11:53:37.859,0.0581199,0.0222619,-0.0427776,0.9971442,0.1180867,0.0397112,-0.0833999,0.7695848,0.2947778,-0.5664320,0.1511872
3/20/2026 11:53:37.879,0.0581735,0.0223336,-0.0389600,0.9972960,0.1180466,0.0403048,-0.0757096,0.7915806,0.3038984,-0.5301378,0.1471104
3/20/2026 11:53:37.899,0.0582476,0.0225176,-0.0351715,0.9974283,0.1180537,0.0411198,-0.0680648,0.8126984,0.3141761,-0.4907288,0.1434658
3/20/2026 11:53:37.919,0.0582554,0.0228076,-0.0313828,0.9975476,0.1179297,0.0421520,-0.0604105,0.8323252,0.3258642,-0.4483829,0.1400964
3/20/2026 11:53:37.939,0.0581415,0.0232398,-0.0273973,0.9976617,0.1175552,0.0434990,-0.0523491,0.8506973,0.3400332,-0.4008633,0.1367977
3/20/2026 11:53:37.959,0.0580965,0.0236616,-0.0235557,0.9977526,0.1173154,0.0448028,-0.0445772,0.8670204,0.3531218,-0.3515403,0.1341115
3/20/2026 11:53:37.979,0.0581652,0.0239906,-0.0200016,0.9978183,0.1173052,0.0458810,-0.0373907,0.8810076,0.3633768,-0.3029572,0.1321364
3/20/2026 11:53:37.999,0.0579928,0.0242040,-0.0159732,0.9978958,0.1167799,0.0467890,-0.0292753,0.8944077,0.3732914,-0.2463500,0.1297660
3/20/2026 11:53:38.02,0.0574577,0.0246547,-0.0118211,0.9979734,0.1155222,0.0481908,-0.0209020,0.9029743,0.3874598,-0.1857747,0.1273497
3/20/2026 11:53:38.04,0.0569650,0.0252619,-0.0068770,0.9980329,0.1143022,0.0499877,-0.0109204,0.9086280,0.4029423,-0.1096928,0.1254680
3/20/2026 11:53:38.06,0.0567830,0.0257670,-0.0017968,0.9980524,0.1136821,0.0515853,-0.0006647,0.9102508,0.4130542,-0.0288036,0.1248428
3/20/2026 11:53:38.079,0.0566933,0.0262667,0.0034877,0.9980400,0.1132229,0.0531914,0.0100042,0.9059359,0.4197310,0.0557319,0.1252396
3/20/2026 11:53:38.099,0.0562320,0.0269313,0.0090317,0.9980136,0.1119881,0.0551445,0.0211906,0.8925826,0.4274853,0.1433616,0.1260807
3/20/2026 11:53:38.119,0.0551757,0.0274763,0.0143107,0.9979960,0.1095629,0.0567925,0.0317921,0.8719575,0.4342155,0.2261567,0.1266377
3/20/2026 11:53:38.139,0.0541335,0.0277340,0.0193647,0.9979606,0.1071772,0.0578153,0.0419057,0.8480539,0.4344804,0.3033665,0.1277518
3/20/2026 11:53:38.159,0.0528131,0.0279052,0.0247590,0.9979073,0.1042119,0.0586606,0.0526718,0.8167801,0.4315676,0.3829092,0.1294107
3/20/2026 11:53:38.179,0.0514693,0.0280850,0.0303716,0.9978175,0.1011805,0.0595131,0.0638715,0.7794542,0.4253208,0.4599493,0.1321598
3/20/2026 11:53:38.199,0.0500112,0.0284416,0.0361863,0.9976877,0.0978889,0.0606988,0.0754827,0.7358172,0.4184631,0.5324112,0.1360351
3/20/2026 11:53:38.219,0.0485098,0.0289732,0.0419621,0.9975203,0.0944879,0.0621911,0.0870246,0.6892466,0.4116631,0.5962154,0.1408760
3/20/2026 11:53:38.239,0.0472155,0.0293981,0.0464333,0.9973717,0.0915807,0.0633341,0.0959473,0.6516605,0.4057479,0.6408644,0.1450357
3/20/2026 11:53:38.259,0.0465231,0.0296210,0.0488005,0.9972848,0.0900241,0.0639240,0.1006690,0.6317385,0.4022239,0.6626631,0.1474151
3/20/2026 11:53:38.279,0.0461963,0.0297089,0.0500646,0.9972346,0.0892808,0.0641786,0.1031904,0.6216020,0.3997535,0.6736528,0.1487719
3/20/2026 11:53:38.299,0.0459620,0.0296444,0.0505416,0.9972233,0.0887889,0.0640661,0.1041250,0.6171903,0.3980725,0.6786858,0.1490763
3/20/2026 11:53:38.319,0.0454365,0.0295848,0.0507953,0.9972363,0.0877288,0.0639111,0.1045903,0.6115607,0.3982016,0.6836879,0.1487269
3/20/2026 11:53:38.339,0.0445148,0.0290188,0.0512254,0.9972725,0.0859195,0.0627122,0.1053375,0.6031122,0.3931630,0.6940307,0.1477498
3/20/2026 11:53:38.359,0.0433296,0.0289017,0.0519919,0.9972884,0.0835159,0.0624101,0.1067808,0.5887737,0.3927234,0.7064799,0.1473179
3/20/2026 11:53:38.379,0.0419891,0.0280038,0.0530764,0.9973143,0.0808681,0.0605491,0.1087886,0.5732925,0.3823453,0.7246708,0.1466132
3/20/2026 11:53:38.4,0.0408419,0.0271849,0.0544154,0.9973124,0.0785866,0.0588842,0.1113315,0.5574364,0.3710368,0.7426954,0.1466637
3/20/2026 11:53:38.42,0.0398773,0.0264494,0.0560682,0.9972796,0.0766467,0.0574266,0.1145265,0.5409904,0.3588219,0.7606420,0.1475558
3/20/2026 11:53:38.44,0.0389426,0.0259454,0.0579161,0.9972242,0.0747333,0.0564450,0.1181350,0.5230157,0.3484577,0.7778379,0.1490523
3/20/2026 11:53:38.46,0.0377590,0.0252627,0.0600148,0.9971631,0.0723345,0.0550860,0.1222197,0.5016408,0.3356232,0.7973164,0.1506844
3/20/2026 11:53:38.479,0.0363515,0.0246044,0.0621542,0.9971009,0.0694896,0.0537404,0.1263773,0.4777324,0.3233515,0.8168327,0.1523289
3/20/2026 11:53:38.499,0.0351781,0.0238202,0.0641617,0.9970348,0.0671413,0.0521544,0.1302797,0.4571429,0.3095458,0.8337876,0.1540550
3/20/2026 11:53:38.519,0.0343993,0.0233402,0.0659817,0.9969546,0.0655559,0.0512100,0.1338532,0.4411012,0.2992908,0.8460820,0.1561278
3/20/2026 11:53:38.539,0.0338508,0.0227455,0.0675499,0.9968821,0.0644623,0.0500472,0.1369295,0.4289996,0.2882592,0.8560759,0.1579757
3/20/2026 11:53:38.559,0.0330746,0.0219848,0.0691055,0.9968186,0.0629418,0.0485161,0.1399582,0.4149651,0.2758287,0.8670193,0.1595766
3/20/2026 11:53:38.579,0.0318080,0.0210380,0.0707351,0.9967659,0.0604709,0.0465417,0.1430995,0.3958172,0.2617956,0.8802226,0.1608948
3/20/2026 11:53:38.599,0.0298615,0.0200365,0.0724460,0.9967238,0.0566545,0.0443540,0.1463700,0.3692071,0.2477304,0.8957208,0.1619373
3/20/2026 11:53:38.619,0.0274529,0.0189582,0.0740116,0.9966993,0.0519417,0.0419238,0.1493305,0.3381581,0.2335225,0.9116558,0.1625434
3/20/2026 11:53:38.639,0.0254092,0.0180876,0.0752549,0.9966765,0.0479455,0.0399358,0.1516834,0.3119139,0.2220370,0.9238015,0.1631034
3/20/2026 11:53:38.659,0.0232942,0.0172168,0.0765843,0.9966424,0.0438088,0.0379314,0.1542143,0.2844944,0.2102710,0.9353337,0.1639397
3/20/2026 11:53:38.679,0.0211860,0.0165175,0.0778459,0.9966034,0.0396669,0.0362577,0.1566252,0.2572656,0.2005745,0.9452959,0.1648877
3/20/2026 11:53:38.699,0.0187083,0.0160300,0.0789430,0.9965747,0.0347645,0.0349321,0.1587059,0.2262242,0.1938376,0.9545940,0.1655840
3/20/2026 11:53:38.719,0.0153926,0.0157035,0.0801578,0.9965397,0.0281650,0.0337858,0.1610026,0.1851874,0.1889272,0.9643714,0.1664294
3/20/2026 11:53:38.74,0.0119876,0.0157487,0.0811761,0.9965032,0.0213362,0.0333473,0.1629188,0.1434716,0.1884856,0.9715396,0.1673035
3/20/2026 11:53:38.76,0.0078873,0.0161866,0.0821177,0.9964600,0.0130607,0.0335631,0.1646664,0.0938198,0.1925402,0.9767938,0.1683361
3/20/2026 11:53:38.78,0.0031777,0.0169874,0.0831549,0.9963868,0.0035072,0.0343874,0.1665873,0.0374144,0.2000118,0.9790788,0.1700671
3/20/2026 11:53:38.799,-0.0010868,0.0175279,0.0839918,0.9963118,-0.0051099,0.0347514,0.1681188,-0.0126651,0.2042687,0.9788329,0.1718252
3/20/2026 11:53:38.819,-0.0048011,0.0176614,0.0845152,0.9962541,-0.0125519,0.0343884,0.1690449,-0.0555206,0.2042388,0.9773454,0.1731634
3/20/2026 11:53:38.839,-0.0084270,0.0176308,0.0850187,0.9961878,-0.0197889,0.0337073,0.1699420,-0.0966005,0.2021060,0.9745879,0.1746910
3/20/2026 11:53:38.859,-0.0126918,0.0177006,0.0857024,0.9960827,-0.0283219,0.0331063,0.1711873,-0.1435287,0.2001718,0.9691908,0.1770852
3/20/2026 11:53:38.879,-0.0177658,0.0179067,0.0865065,0.9959320,-0.0384946,0.0326239,0.1726568,-0.1971584,0.1987222,0.9600198,0.1804611
3/20/2026 11:53:38.899,-0.0236250,0.0185204,0.0873620,0.9957243,-0.0503051,0.0328019,0.1742008,-0.2557491,0.2004897,0.9457252,0.1850144
3/20/2026 11:53:38.919,-0.0296184,0.0193253,0.0877566,0.9955140,-0.0624033,0.0333499,0.1748085,-0.3130420,0.2042526,0.9275158,0.1895127
3/20/2026 11:53:38.939,-0.0350929,0.0197229,0.0875809,0.9953437,-0.0733795,0.0332108,0.1743100,-0.3640741,0.2046174,0.9086153,0.1930777
3/20/2026 11:53:38.959,-0.0393491,0.0196522,0.0873469,0.9952065,-0.0818454,0.0323559,0.1737617,-0.4023594,0.2009514,0.8931548,0.1959040
3/20/2026 11:53:38.979,-0.0427800,0.0194623,0.0873439,0.9950690,-0.0886540,0.0313879,0.1737124,-0.4313107,0.1962201,0.8806070,0.1986976
3/20/2026 11:53:38.999,-0.0459875,0.0193623,0.0875707,0.9949080,-0.0950409,0.0306161,0.1741292,-0.4562764,0.1921080,0.8688535,0.2019178
3/20/2026 11:53:39.019,-0.0489615,0.0192257,0.0875296,0.9947723,-0.1009481,0.0298355,0.1740199,-0.4794552,0.1882675,0.8571336,0.2045934
3/20/2026 11:53:39.039,-0.0518485,0.0189342,0.0871229,0.9946673,-0.1066453,0.0287995,0.1731968,-0.5027170,0.1835831,0.8447325,0.2066389
3/20/2026 11:53:39.06,-0.0541479,0.0187380,0.0867902,0.9945775,-0.1111901,0.0280506,0.1725247,-0.5206614,0.1801758,0.8345348,0.2083735
3/20/2026 11:53:39.079,-0.0561026,0.0184184,0.0865197,0.9944987,-0.1150284,0.0271087,0.1719987,-0.5355894,0.1758335,0.8259702,0.2098834
3/20/2026 11:53:39.099,-0.0580884,0.0182644,0.0863271,0.9944043,-0.1189605,0.0264854,0.1716143,-0.5498613,0.1728892,0.8171670,0.2116773
3/20/2026 11:53:39.119,-0.0599757,0.0181334,0.0860143,0.9943218,-0.1226973,0.0259412,0.1709878,-0.5635967,0.1704011,0.8082835,0.2132345
3/20/2026 11:53:39.139,-0.0620852,0.0179884,0.0856392,0.9942273,-0.1268747,0.0253417,0.1702389,-0.5786397,0.1676538,0.7981656,0.2150027
3/20/2026 11:53:39.159,-0.0639508,0.0176167,0.0851976,0.9941537,-0.1305260,0.0243400,0.1693887,-0.5922724,0.1631552,0.7890461,0.2163706
3/20/2026 11:53:39.179,-0.0673716,0.0150758,0.0848744,0.9939970,-0.1369209,0.0187105,0.1690778,-0.6157893,0.1377954,0.7757679,0.2192529
3/20/2026 11:53:39.199,-0.0688452,0.0136662,0.0843948,0.9939573,-0.1396183,0.0157003,0.1683118,-0.6271909,0.1245011,0.7688505,0.2199774
3/20/2026 11:53:39.219,-0.0702108,0.0130631,0.0840407,0.9939000,-0.1422399,0.0143108,0.1676923,-0.6366240,0.1184476,0.7620236,0.2210197
3/20/2026 11:53:39.239,-0.0720523,0.0124925,0.0835844,0.9938139,-0.1458178,0.0129230,0.1668707,-0.6487791,0.1124857,0.7526172,0.2225751
3/20/2026 11:53:39.259,-0.0734532,0.0119081,0.0830845,0.9937605,-0.1485139,0.0115898,0.1659624,-0.6585621,0.1067652,0.7449142,0.2235358
3/20/2026 11:53:39.279,-0.0739729,0.0114055,0.0825149,0.9937753,-0.1494630,0.0105794,0.1648915,-0.6640080,0.1023796,0.7406834,0.2232695
3/20/2026 11:53:39.299,-0.0741739,0.0111310,0.0817358,0.9938278,-0.1498115,0.0101127,0.1633587,-0.6686295,0.1003389,0.7367949,0.2223259
3/20/2026 11:53:39.319,-0.0745044,0.0113711,0.0808906,0.9938695,-0.1505024,0.0106702,0.1616168,-0.6738825,0.1028503,0.7316449,0.2215724
3/20/2026 11:53:39.339,-0.0753993,0.0121743,0.0798517,0.9938765,-0.1524088,0.0123010,0.1594039,-0.6823658,0.1101782,0.7226601,0.2214451
3/20/2026 11:53:39.359,-0.0766549,0.0128262,0.0790602,0.9938355,-0.1550128,0.0135363,0.1577157,-0.6914271,0.1156925,0.7131226,0.2221861
3/20/2026 11:53:39.379,-0.0780407,0.0131733,0.0784922,0.9937682,-0.1578312,0.0141071,0.1565263,-0.7001232,0.1181814,0.7041738,0.2233979
3/20/2026 11:53:39.399,-0.0794438,0.0134785,0.0780057,0.9936912,-0.1606784,0.0145811,0.1555070,-0.7083635,0.1201816,0.6955412,0.2247743
3/20/2026 11:53:39.419,-0.0806499,0.0138405,0.0774701,0.9936310,-0.1631396,0.0152113,0.1543752,-0.7157204,0.1228261,0.6875014,0.2258454
3/20/2026 11:53:39.439,-0.0819606,0.0137810,0.0765622,0.9935950,-0.1657392,0.0150421,0.1525585,-0.7253085,0.1219550,0.6775356,0.2264835
3/20/2026 11:53:39.459,-0.0835104,0.0131718,0.0752788,0.9935722,-0.1687299,0.0137976,0.1500762,-0.7377206,0.1163584,0.6650031,0.2268872
3/20/2026 11:53:39.479,-0.0849758,0.0123352,0.0736904,0.9935778,-0.1715178,0.0121670,0.1470168,-0.7509897,0.1090148,0.6512529,0.2267871
3/20/2026 11:53:39.499,-0.0863881,0.0111059,0.0719473,0.9935983,-0.1741472,0.0097871,0.1437155,-0.7646863,0.0983070,0.6368598,0.2264254
3/20/2026 11:53:39.519,-0.0880285,0.0095713,0.0702783,0.9935896,-0.1771997,0.0067526,0.1406290,-0.7786881,0.0846662,0.6216724,0.2265784
3/20/2026 11:53:39.539,-0.0897993,0.0082274,0.0686883,0.9935544,-0.1805505,0.0040788,0.1376795,-0.7921851,0.0725801,0.6059496,0.2272018
3/20/2026 11:53:39.559,-0.0915691,0.0067701,0.0670279,0.9935172,-0.1838931,0.0011973,0.1346166,-0.8054883,0.0595535,0.5896118,0.2278560
3/20/2026 11:53:39.579,-0.0932344,0.0052661,0.0651622,0.9934957,-0.1870308,-0.0017170,0.1311516,-0.8187757,0.0462463,0.5722478,0.2282343
3/20/2026 11:53:39.599,-0.0944911,0.0039003,0.0630045,0.9935224,-0.1893795,-0.0042324,0.1270637,-0.8315176,0.0343223,0.5544369,0.2277648
3/20/2026 11:53:39.619,-0.0956650,0.0030304,0.0609422,0.9935417,-0.1916344,-0.0057435,0.1230760,-0.8431029,0.0267076,0.5370886,0.2274246
3/20/2026 11:53:39.639,-0.0970620,0.0024384,0.0587152,0.9935420,-0.1943784,-0.0066786,0.1187084,-0.8554307,0.0214900,0.5174713,0.2274204
3/20/2026 11:53:39.66,-0.0985684,0.0013018,0.0566362,0.9935166,-0.1972835,-0.0087481,0.1147549,-0.8670039,0.0114509,0.4981697,0.2278676
3/20/2026 11:53:39.679,-0.1003449,-0.0000256,0.0549639,0.9934334,-0.2007141,-0.0113088,0.1116813,-0.8770481,-0.0002237,0.4804026,0.2293257
3/20/2026 11:53:39.699,-0.1019524,-0.0014050,0.0535443,0.9933463,-0.2038056,-0.0139994,0.1091343,-0.8852630,-0.0121995,0.4649310,0.2308429
3/20/2026 11:53:39.719,-0.1033179,-0.0024296,0.0518693,0.9932921,-0.2064614,-0.0158826,0.1059909,-0.8935009,-0.0210111,0.4485698,0.2317830
3/20/2026 11:53:39.739,-0.1046643,-0.0033292,0.0496097,0.9932640,-0.2091088,-0.0173777,0.1016340,-0.9032583,-0.0287310,0.4281343,0.2322681
3/20/2026 11:53:39.759,-0.1062334,-0.0043986,0.0466770,0.9932353,-0.2122081,-0.0190842,0.0959544,-0.9148666,-0.0378800,0.4019753,0.2327624
3/20/2026 11:53:39.779,-0.1080498,-0.0058366,0.0442947,0.9931412,-0.2157707,-0.0216694,0.0914902,-0.9241157,-0.0499188,0.3788381,0.2343788
3/20/2026 11:53:39.799,-0.1099803,-0.0076145,0.0418928,0.9930214,-0.2195470,-0.0249385,0.0870743,-0.9325505,-0.0645650,0.3552195,0.2364183
3/20/2026 11:53:39.819,-0.1121199,-0.0090685,0.0392717,0.9928770,-0.2237936,-0.0275034,0.0821575,-0.9410425,-0.0761139,0.3296143,0.2388550
3/20/2026 11:53:39.839,-0.1141422,-0.0099068,0.0364287,0.9927469,-0.2278738,-0.0287327,0.0766462,-0.9494184,-0.0824037,0.3030086,0.2410284
3/20/2026 11:53:39.859,-0.1157163,-0.0104408,0.0332644,0.9926703,-0.2310930,-0.0292075,0.0703864,-0.9574850,-0.0863916,0.2752436,0.2423002
3/20/2026 11:53:39.879,-0.1172550,-0.0108973,0.0299493,0.9925904,-0.2342564,-0.0294654,0.0637960,-0.9649901,-0.0896827,0.2464776,0.2436184
3/20/2026 11:53:39.899,-0.1186533,-0.0117733,0.0269797,0.9924994,-0.2371068,-0.0306341,0.0580043,-0.9705772,-0.0963046,0.2206926,0.2451129
3/20/2026 11:53:39.92,-0.1195393,-0.0125553,0.0245468,0.9924465,-0.2389230,-0.0316949,0.0532631,-0.9744173,-0.1023433,0.2000915,0.2459754
3/20/2026 11:53:39.94,-0.1205035,-0.0133218,0.0222877,0.9923733,-0.2408984,-0.0327636,0.0488776,-0.9775634,-0.1080706,0.1808054,0.2471668
3/20/2026 11:53:39.959,-0.1217253,-0.0139108,0.0202592,0.9922596,-0.2433988,-0.0335328,0.0449314,-0.9802225,-0.1120199,0.1631418,0.2490051
3/20/2026 11:53:39.979,-0.1229648,-0.0145211,0.0179961,0.9921417,-0.2459465,-0.0342778,0.0405115,-0.9827734,-0.1160574,0.1438305,0.2508968
3/20/2026 11:53:39.999,-0.1241133,-0.0149743,0.0152776,0.9920375,-0.2483372,-0.0345696,0.0351141,-0.9854686,-0.1188969,0.1213054,0.2525567
3/20/2026 11:53:40.019,-0.1252274,-0.0153291,0.0125213,0.9919306,-0.2506666,-0.0346360,0.0296103,-0.9877382,-0.1209092,0.0987628,0.2542483
3/20/2026 11:53:40.039,-0.1264283,-0.0158569,0.0099956,0.9917986,-0.2531613,-0.0351072,0.0246248,-0.9891872,-0.1240661,0.0782064,0.2563216
3/20/2026 11:53:40.059,-0.1275260,-0.0164645,0.0075408,0.9916699,-0.2554482,-0.0357453,0.0197997,-0.9900674,-0.1278248,0.0585441,0.2583284
3/20/2026 11:53:40.079,-0.1285537,-0.0173670,0.0047525,0.9915391,-0.2576067,-0.0368874,0.0143648,-0.9903332,-0.1337896,0.0366117,0.2603511
3/20/2026 11:53:40.099,-0.1295410,-0.0183647,0.0010865,0.9914035,-0.2597250,-0.0379778,0.0071524,-0.9900658,-0.1403595,0.0083037,0.2624321
3/20/2026 11:53:40.119,-0.1304771,-0.0187022,-0.0025646,0.9912717,-0.2617511,-0.0377015,-0.0002112,-0.9896957,-0.1418600,-0.0194528,0.2644398
3/20/2026 11:53:40.139,-0.1312234,-0.0189706,-0.0055695,0.9911557,-0.2633712,-0.0374435,-0.0062784,-0.9888392,-0.1429537,-0.0419690,0.2661937
3/20/2026 11:53:40.159,-0.1316812,-0.0194715,-0.0082402,0.9910667,-0.2644005,-0.0377452,-0.0116093,-0.9873536,-0.1459983,-0.0617857,0.2675315
3/20/2026 11:53:40.179,-0.1320604,-0.0204127,-0.0112431,0.9909678,-0.2652953,-0.0388560,-0.0175056,-0.9847843,-0.1522191,-0.0838404,0.2690112
3/20/2026 11:53:40.2,-0.1325138,-0.0213727,-0.0142273,0.9908485,-0.2663483,-0.0400046,-0.0233564,-0.9817422,-0.1583420,-0.1054042,0.2707833
3/20/2026 11:53:40.22,-0.1332561,-0.0219499,-0.0175202,0.9906837,-0.2679949,-0.0402695,-0.0299383,-0.9785041,-0.1611790,-0.1286512,0.2732153
3/20/2026 11:53:40.239,-0.1340065,-0.0221917,-0.0207980,0.9905136,-0.2696496,-0.0398379,-0.0365852,-0.9751985,-0.1614944,-0.1513520,0.2757015
3/20/2026 11:53:40.259,-0.1344081,-0.0225185,-0.0236645,0.9903875,-0.2705878,-0.0396972,-0.0423768,-0.9717131,-0.1627994,-0.1710844,0.2775311
3/20/2026 11:53:40.279,-0.1344962,-0.0233908,-0.0263075,0.9902886,-0.2709125,-0.0407479,-0.0475664,-0.9674122,-0.1682471,-0.1892261,0.2789572
3/20/2026 11:53:40.299,-0.1346457,-0.0239660,-0.0292005,0.9901735,-0.2713630,-0.0411131,-0.0533525,-0.9628240,-0.1713757,-0.2088069,0.2806090
3/20/2026 11:53:40.319,-0.1349093,-0.0242950,-0.0320393,0.9900418,-0.2720312,-0.0409792,-0.0590943,-0.9583405,-0.1725815,-0.2275943,0.2824858
3/20/2026 11:53:40.339,-0.1354312,-0.0245040,-0.0349257,0.9898677,-0.2732162,-0.0405668,-0.0649632,-0.9537914,-0.1725725,-0.2459687,0.2849478
3/20/2026 11:53:40.359,-0.1360178,-0.0246806,-0.0378141,0.9896768,-0.2745294,-0.0400760,-0.0708471,-0.9490668,-0.1722096,-0.2638488,0.2876244
3/20/2026 11:53:40.379,-0.1365628,-0.0248842,-0.0406182,0.9894856,-0.2757570,-0.0396595,-0.0765539,-0.9442077,-0.1720514,-0.2808383,0.2902814
3/20/2026 11:53:40.399,-0.1370538,-0.0250757,-0.0431166,0.9893071,-0.2768624,-0.0393030,-0.0816381,-0.9397043,-0.1719304,-0.2956277,0.2927389
3/20/2026 11:53:40.419,-0.1372733,-0.0252918,-0.0454970,0.9891646,-0.2774179,-0.0390470,-0.0864788,-0.9350311,-0.1722742,-0.3099007,0.2946867
3/20/2026 11:53:40.44,-0.1375540,-0.0254595,-0.0477326,0.9890160,-0.2780872,-0.0387251,-0.0910355,-0.9306160,-0.1722450,-0.3229327,0.2967042
3/20/2026 11:53:40.46,-0.1380993,-0.0254442,-0.0495164,0.9888525,-0.2792548,-0.0381308,-0.0947113,-0.9274742,-0.1708830,-0.3325517,0.2989083
3/20/2026 11:53:40.479,-0.1388633,-0.0253711,-0.0513815,0.9886523,-0.2808602,-0.0373689,-0.0985718,-0.9243849,-0.1688902,-0.3420363,0.3015849
3/20/2026 11:53:40.499,-0.1394401,-0.0255083,-0.0536656,0.9884462,-0.2821235,-0.0369290,-0.1032408,-0.9199566,-0.1682914,-0.3540590,0.3043167
3/20/2026 11:53:40.519,-0.1399245,-0.0258302,-0.0563510,0.9882199,-0.2832353,-0.0367544,-0.1086881,-0.9142951,-0.1687797,-0.3682089,0.3072886
3/20/2026 11:53:40.539,-0.1403507,-0.0262924,-0.0592684,0.9879766,-0.2842556,-0.0368006,-0.1145764,-0.9078086,-0.1700630,-0.3833564,0.3104521
3/20/2026 11:53:40.559,-0.1408275,-0.0267222,-0.0624265,0.9877027,-0.2853858,-0.0366967,-0.1209745,-0.9007525,-0.1709193,-0.3992887,0.3139753
3/20/2026 11:53:40.579,-0.1413959,-0.0272438,-0.0655135,0.9874073,-0.2867124,-0.0367844,-0.1272019,-0.8937829,-0.1722120,-0.4141198,0.3177326
3/20/2026 11:53:40.599,-0.1419447,-0.0275843,-0.0691348,0.9870721,-0.2879982,-0.0363328,-0.1345923,-0.8856196,-0.1721037,-0.4313448,0.3219429
3/20/2026 11:53:40.619,-0.1422117,-0.0278304,-0.0731971,0.9867339,-0.2887189,-0.0355834,-0.1429276,-0.8759742,-0.1714255,-0.4508685,0.3261360
3/20/2026 11:53:40.639,-0.1424538,-0.0280998,-0.0769979,0.9864019,-0.2893827,-0.0349584,-0.1507189,-0.8667639,-0.1709737,-0.4684957,0.3302001
3/20/2026 11:53:40.659,-0.1427944,-0.0282786,-0.0800852,0.9861017,-0.2902054,-0.0343422,-0.1570644,-0.8594658,-0.1702063,-0.4820252,0.3338331
3/20/2026 11:53:40.679,-0.1429155,-0.0289373,-0.0836678,0.9857675,-0.2906815,-0.0345938,-0.1642934,-0.8501078,-0.1721282,-0.4976833,0.3378325
3/20/2026 11:53:40.7,-0.1431270,-0.0293939,-0.0871050,0.9854256,-0.2913053,-0.0344549,-0.1712859,-0.8413906,-0.1727958,-0.5120580,0.3418766
3/20/2026 11:53:40.719,-0.1439734,-0.0295088,-0.0902046,0.9850199,-0.2931371,-0.0335986,-0.1776962,-0.8349128,-0.1711236,-0.5231036,0.3466144
3/20/2026 11:53:40.739,-0.1444851,-0.0293926,-0.0923547,0.9847491,-0.2942186,-0.0326076,-0.1822045,-0.8304666,-0.1689418,-0.5308332,0.3497403
3/20/2026 11:53:40.759,-0.1446617,-0.0293039,-0.0937974,0.9845895,-0.2946051,-0.0319485,-0.1852311,-0.8271966,-0.1675640,-0.5363470,0.3515712
3/20/2026 11:53:40.779,-0.1448804,-0.0292258,-0.0954290,0.9844028,-0.2950831,-0.0312436,-0.1886487,-0.8235143,-0.1661222,-0.5424275,0.3536991
3/20/2026 11:53:40.799,-0.1452811,-0.0292416,-0.0974087,0.9841494,-0.2959549,-0.0305873,-0.1927677,-0.8192151,-0.1648884,-0.5492709,0.3565687
3/20/2026 11:53:40.819,-0.1456216,-0.0294232,-0.0996554,0.9838687,-0.2967455,-0.0301974,-0.1973917,-0.8140169,-0.1644740,-0.5570680,0.3597203
3/20/2026 11:53:40.839,-0.1459842,-0.0296426,-0.1023869,0.9835278,-0.2976026,-0.0297257,-0.2030160,-0.8076262,-0.1639911,-0.5664334,0.3635116
3/20/2026 11:53:40.859,-0.1462917,-0.0296288,-0.1046019,0.9832495,-0.2982846,-0.0289421,-0.2076384,-0.8026300,-0.1625586,-0.5738988,0.3665786
3/20/2026 11:53:40.879,-0.1464228,-0.0294525,-0.1059059,0.9830956,-0.2985490,-0.0281437,-0.2104106,-0.7997171,-0.1608606,-0.5784258,0.3682629
3/20/2026 11:53:40.899,-0.1462887,-0.0293445,-0.1070215,0.9829980,-0.2982876,-0.0276013,-0.2127607,-0.7967069,-0.1598139,-0.5828530,0.3693285
3/20/2026 11:53:40.919,-0.1460313,-0.0293562,-0.1085231,0.9828712,-0.2978145,-0.0272123,-0.2158729,-0.7923833,-0.1592903,-0.5888594,0.3707062
3/20/2026 11:53:40.939,-0.1458973,-0.0294037,-0.1103076,0.9826910,-0.2976044,-0.0267827,-0.2195678,-0.7875605,-0.1587224,-0.5954458,0.3726572
3/20/2026 11:53:40.959,-0.1458406,-0.0292309,-0.1122823,0.9824810,-0.2975047,-0.0258240,-0.2237293,-0.7825612,-0.1568488,-0.6024919,0.3749175
3/20/2026 11:53:40.98,-0.1457328,-0.0292089,-0.1137295,0.9823312,-0.2973207,-0.0253522,-0.2267449,-0.7786897,-0.1560708,-0.6076875,0.3765216
3/20/2026 11:53:41,-0.1455713,-0.0292941,-0.1149843,0.9822064,-0.2970482,-0.0251739,-0.2293253,-0.7751214,-0.1559819,-0.6122553,0.3778531
3/20/2026 11:53:41.019,-0.1453318,-0.0295718,-0.1162773,0.9820814,-0.2966649,-0.0253983,-0.2319232,-0.7711649,-0.1569149,-0.6169947,0.3791825
3/20/2026 11:53:41.039,-0.1447361,-0.0298558,-0.1175928,0.9820041,-0.2955693,-0.0257150,-0.2345502,-0.7663684,-0.1580846,-0.6226465,0.3800014
3/20/2026 11:53:41.059,-0.1438851,-0.0297616,-0.1186345,0.9820068,-0.2938651,-0.0254044,-0.2367089,-0.7619174,-0.1575972,-0.6282076,0.3799723
3/20/2026 11:53:41.079,-0.1426999,-0.0297063,-0.1197050,0.9820516,-0.2914999,-0.0252502,-0.2388990,-0.7565736,-0.1574983,-0.6346580,0.3794986
3/20/2026 11:53:41.099,-0.1413368,-0.0295748,-0.1207435,0.9821254,-0.2887590,-0.0249989,-0.2410357,-0.7508811,-0.1571224,-0.6414750,0.3787147
3/20/2026 11:53:41.119,-0.1397915,-0.0295703,-0.1220901,0.9821803,-0.2856919,-0.0249668,-0.2437658,-0.7438028,-0.1573375,-0.6496170,0.3781310
3/20/2026 11:53:41.139,-0.1382925,-0.0293365,-0.1234249,0.9822327,-0.2826615,-0.0244664,-0.2465379,-0.7369010,-0.1563218,-0.6576781,0.3775730
3/20/2026 11:53:41.159,-0.1364798,-0.0290591,-0.1246056,0.9823454,-0.2789875,-0.0240105,-0.2489845,-0.7295391,-0.1553325,-0.6660665,0.3763699
3/20/2026 11:53:41.179,-0.1342472,-0.0286435,-0.1260055,0.9824866,-0.2744428,-0.0233270,-0.2519017,-0.7204675,-0.1537218,-0.6762368,0.3748574
3/20/2026 11:53:41.199,-0.1317937,-0.0283415,-0.1274639,0.9826395,-0.2694864,-0.0229307,-0.2548937,-0.7103788,-0.1527632,-0.6870410,0.3732128
3/20/2026 11:53:41.219,-0.1290078,-0.0281319,-0.1288713,0.9828315,-0.2638888,-0.0228396,-0.2577360,-0.6992090,-0.1524721,-0.6984691,0.3711368
3/20/2026 11:53:41.24,-0.1267734,-0.0277575,-0.1298558,0.9830034,-0.2593437,-0.0223977,-0.2597694,-0.6905326,-0.1511947,-0.7073225,0.3692694
3/20/2026 11:53:41.26,-0.1249106,-0.0271020,-0.1306758,0.9831514,-0.2554649,-0.0213393,-0.2615491,-0.6833439,-0.1482660,-0.7148834,0.3676530
3/20/2026 11:53:41.279,-0.1231874,-0.0263593,-0.1314855,0.9832812,-0.2518411,-0.0200771,-0.2633312,-0.6765028,-0.1447561,-0.7220732,0.3662305
3/20/2026 11:53:41.299,-0.1208675,-0.0253005,-0.1324908,0.9834618,-0.2469435,-0.0182925,-0.2655619,-0.6673499,-0.1396927,-0.7315260,0.3642416
3/20/2026 11:53:41.319,-0.1174057,-0.0243317,-0.1339393,0.9837094,-0.2397957,-0.0169047,-0.2686195,-0.6531026,-0.1353521,-0.7450750,0.3614972
3/20/2026 11:53:41.339,-0.1121697,-0.0238707,-0.1357774,0.9840797,-0.2292529,-0.0169658,-0.2722680,-0.6311301,-0.1343101,-0.7639605,0.3573543
3/20/2026 11:53:41.359,-0.1064484,-0.0241405,-0.1376153,0.9844531,-0.2179526,-0.0186754,-0.2757373,-0.6060346,-0.1374373,-0.7834750,0.3531267
3/20/2026 11:53:41.379,-0.1012054,-0.0246019,-0.1392700,0.9847620,-0.2076685,-0.0207107,-0.2788308,-0.5819488,-0.1414651,-0.8008266,0.3495930
3/20/2026 11:53:41.399,-0.0970147,-0.0250285,-0.1406659,0.9849746,-0.1994755,-0.0224588,-0.2814596,-0.5617536,-0.1449251,-0.8145119,0.3471394
3/20/2026 11:53:41.419,-0.0941950,-0.0249827,-0.1415947,0.9851164,-0.1938732,-0.0229791,-0.2832797,-0.5479986,-0.1453416,-0.8237557,0.3454926
3/20/2026 11:53:41.439,-0.0916808,-0.0250351,-0.1425439,0.9852154,-0.1889095,-0.0236152,-0.2851359,-0.5351405,-0.1461300,-0.8320281,0.3443388
3/20/2026 11:53:41.459,-0.0889405,-0.0252509,-0.1436606,0.9852988,-0.1835499,-0.0246209,-0.2873029,-0.5206063,-0.1478041,-0.8409061,0.3433639
3/20/2026 11:53:41.479,-0.0862915,-0.0254932,-0.1449446,0.9853401,-0.1783878,-0.0256336,-0.2898157,-0.5058057,-0.1494310,-0.8496063,0.3428808
3/20/2026 11:53:41.499,-0.0842275,-0.0256535,-0.1461675,0.9853339,-0.1743661,-0.0263341,-0.2922372,-0.4936038,-0.1503387,-0.8565941,0.3429534
3/20/2026 11:53:41.519,-0.0818356,-0.0258999,-0.1475772,0.9853189,-0.1697266,-0.0272806,-0.2950218,-0.4793429,-0.1517060,-0.8644164,0.3431287
3/20/2026 11:53:41.539,-0.0798809,-0.0259268,-0.1488095,0.9852932,-0.1658883,-0.0277006,-0.2974932,-0.4674882,-0.1517316,-0.8708802,0.3434295
3/20/2026 11:53:41.559,-0.0778054,-0.0257246,-0.1501303,0.9852642,-0.1617461,-0.0276941,-0.3001810,-0.4548969,-0.1504015,-0.8777518,0.3437684
3/20/2026 11:53:41.579,-0.0751262,-0.0255364,-0.1514696,0.9852721,-0.1564124,-0.0279062,-0.3028925,-0.4393487,-0.1493406,-0.8858161,0.3436764
3/20/2026 11:53:41.599,-0.0719154,-0.0256308,-0.1526624,0.9853250,-0.1501090,-0.0288805,-0.3052563,-0.4213256,-0.1501613,-0.8943917,0.3430575
3/20/2026 11:53:41.619,-0.0683154,-0.0257293,-0.1535582,0.9854395,-0.1430305,-0.0300397,-0.3070161,-0.4017920,-0.1513248,-0.9031412,0.3417126
3/20/2026 11:53:41.639,-0.0649556,-0.0257192,-0.1542157,0.9855643,-0.1363908,-0.0309539,-0.3083176,-0.3836668,-0.1519132,-0.9108909,0.3402420
3/20/2026 11:53:41.659,-0.0620045,-0.0256436,-0.1546974,0.9856808,-0.1305377,-0.0316433,-0.3092815,-0.3677126,-0.1520770,-0.9174203,0.3388633
3/20/2026 11:53:41.679,-0.0591009,-0.0256898,-0.1550436,0.9858035,-0.1248136,-0.0325830,-0.3099610,-0.3519943,-0.1530039,-0.9234120,0.3374039
3/20/2026 11:53:41.699,-0.0559149,-0.0254470,-0.1553795,0.9859428,-0.1184424,-0.0330400,-0.3106594,-0.3346529,-0.1523016,-0.9299524,0.3357413
3/20/2026 11:53:41.719,-0.0524576,-0.0252508,-0.1556463,0.9860958,-0.1115480,-0.0336855,-0.3112180,-0.3156707,-0.1519504,-0.9366233,0.3339041
3/20/2026 11:53:41.739,-0.0486679,-0.0251102,-0.1557032,0.9862848,-0.1040076,-0.0345697,-0.3113530,-0.2948615,-0.1521338,-0.9433515,0.3316224
3/20/2026 11:53:41.759,-0.0447703,-0.0250567,-0.1551891,0.9865517,-0.0962622,-0.0357167,-0.3103314,-0.2739087,-0.1532990,-0.9494595,0.3283723
3/20/2026 11:53:41.78,-0.0396590,-0.0252936,-0.1548450,0.9868184,-0.0862124,-0.0377876,-0.3096584,-0.2450630,-0.1562953,-0.9568259,0.3250931
3/20/2026 11:53:41.8,-0.0349555,-0.0257369,-0.1545102,0.9870372,-0.0770341,-0.0401343,-0.3090116,-0.2178020,-0.1603624,-0.9627285,0.3223769
3/20/2026 11:53:41.819,-0.0305438,-0.0256767,-0.1540138,0.9872627,-0.0682717,-0.0413991,-0.3080931,-0.1919802,-0.1613881,-0.9680380,0.3195555
3/20/2026 11:53:41.839,-0.0262852,-0.0251491,-0.1535296,0.9874742,-0.0596696,-0.0416833,-0.3072402,-0.1665934,-0.1593928,-0.9730573,0.3168853
3/20/2026 11:53:41.859,-0.0223057,-0.0246898,-0.1532375,0.9876291,-0.0516493,-0.0420010,-0.3067740,-0.1422483,-0.1574523,-0.9772278,0.3149163
3/20/2026 11:53:41.879,-0.0181549,-0.0245480,-0.1528742,0.9877740,-0.0433849,-0.0429987,-0.3061632,-0.1164570,-0.1574670,-0.9806334,0.3130628
3/20/2026 11:53:41.899,-0.0139555,-0.0242079,-0.1521944,0.9879556,-0.0349505,-0.0436253,-0.3049340,-0.0901876,-0.1564444,-0.9835606,0.3107241
3/20/2026 11:53:41.919,-0.0099629,-0.0238829,-0.1513862,0.9881359,-0.0269237,-0.0442131,-0.3034483,-0.0648701,-0.1555061,-0.9857027,0.3083842
3/20/2026 11:53:41.939,-0.0061400,-0.0238334,-0.1507362,0.9882676,-0.0193223,-0.0452805,-0.3022806,-0.0402013,-0.1560473,-0.9869312,0.3066648
3/20/2026 11:53:41.959,-0.0032613,-0.0235736,-0.1500705,0.9883890,-0.0135227,-0.0456409,-0.3010565,-0.0214637,-0.1551447,-0.9876586,0.3050716
3/20/2026 11:53:41.979,-0.0008763,-0.0234626,-0.1492596,0.9885194,-0.0087366,-0.0461431,-0.2995205,-0.0057994,-0.1552841,-0.9878528,0.3033502
3/20/2026 11:53:41.999,0.0017879,-0.0228380,-0.1483147,0.9886749,-0.0032391,-0.0457052,-0.2977325,0.0119134,-0.1521788,-0.9882812,0.3012847
3/20/2026 11:53:42.02,0.0039622,-0.0221526,-0.1475637,0.9887965,0.0012978,-0.0449934,-0.2963138,0.0265438,-0.1484066,-0.9885702,0.2996591
3/20/2026 11:53:42.039,0.0060989,-0.0214941,-0.1467830,0.9889165,0.0057528,-0.0443174,-0.2948321,0.0410776,-0.1447671,-0.9886127,0.2980480
3/20/2026 11:53:42.059,0.0081127,-0.0207849,-0.1457481,0.9890702,0.0099895,-0.0434961,-0.2928288,0.0550216,-0.1409659,-0.9884843,0.2959701
3/20/2026 11:53:42.079,0.0100835,-0.0196412,-0.1444096,0.9892718,0.0142784,-0.0417896,-0.2902021,0.0690238,-0.1344479,-0.9885138,0.2932223
3/20/2026 11:53:42.099,0.0118803,-0.0183664,-0.1428795,0.9894984,0.0182638,-0.0397590,-0.2871724,0.0821916,-0.1270643,-0.9884833,0.2901034
3/20/2026 11:53:42.119,0.0136069,-0.0172209,-0.1413022,0.9897232,0.0220693,-0.0379516,-0.2840410,0.0951556,-0.1204288,-0.9881510,0.2869766
3/20/2026 11:53:42.139,0.0153527,-0.0159997,-0.1396493,0.9899527,0.0259311,-0.0359856,-0.2807506,0.1085771,-0.1131526,-0.9876272,0.2837490
3/20/2026 11:53:42.159,0.0171090,-0.0144773,-0.1380156,0.9901765,0.0298901,-0.0334139,-0.2774846,0.1223613,-0.1035396,-0.9870700,0.2805655
3/20/2026 11:53:42.179,0.0186354,-0.0130975,-0.1360809,0.9904360,0.0333559,-0.0310385,-0.2735978,0.1350645,-0.0949271,-0.9862791,0.2768296
3/20/2026 11:53:42.199,0.0201385,-0.0122391,-0.1339703,0.9907052,0.0366316,-0.0296708,-0.2693673,0.1480479,-0.0899751,-0.9848788,0.2728992
3/20/2026 11:53:42.219,0.0217487,-0.0116113,-0.1318745,0.9909598,0.0400524,-0.0287759,-0.2651767,0.1621111,-0.0865487,-0.9829696,0.2691303
3/20/2026 11:53:42.239,0.0234681,-0.0107656,-0.1299156,0.9911888,0.0437393,-0.0274690,-0.2612560,0.1771759,-0.0812768,-0.9808174,0.2656938
3/20/2026 11:53:42.259,0.0255022,-0.0095791,-0.1275584,0.9914569,0.0481434,-0.0255328,-0.2565240,0.1955165,-0.0734394,-0.9779468,0.2616145
3/20/2026 11:53:42.279,0.0269725,-0.0086077,-0.1257027,0.9916639,0.0513539,-0.0238866,-0.2527873,0.2093299,-0.0668029,-0.9755606,0.2584210
3/20/2026 11:53:42.3,0.0283908,-0.0079442,-0.1242702,0.9918104,0.0543689,-0.0228503,-0.2499148,0.2222906,-0.0622005,-0.9729944,0.2561378
3/20/2026 11:53:42.319,0.0298721,-0.0073651,-0.1231938,0.9919057,0.0574776,-0.0220092,-0.2477653,0.2352551,-0.0580030,-0.9702014,0.2546410
3/20/2026 11:53:42.339,0.0312641,-0.0066994,-0.1221199,0.9920002,0.0604285,-0.0209673,-0.2456106,0.2476634,-0.0530702,-0.9673916,0.2531477
3/20/2026 11:53:42.359,0.0326541,-0.0061711,-0.1210248,0.9920931,0.0633405,-0.0201904,-0.2434187,0.2601832,-0.0491703,-0.9643065,0.2516711
3/20/2026 11:53:42.379,0.0341355,-0.0055547,-0.1197370,0.9922031,0.0664573,-0.0192409,-0.2408340,0.2738910,-0.0445687,-0.9607276,0.2499126
3/20/2026 11:53:42.399,0.0354394,-0.0047255,-0.1179669,0.9923738,0.0692788,-0.0177839,-0.2372527,0.2875041,-0.0383358,-0.9570119,0.2471590
3/20/2026 11:53:42.419,0.0369410,-0.0036288,-0.1158641,0.9925714,0.0725559,-0.0158061,-0.2329845,0.3036293,-0.0298259,-0.9523233,0.2439322
3/20/2026 11:53:42.439,0.0384461,-0.0024132,-0.1134228,0.9927998,0.0758639,-0.0135524,-0.2280187,0.3209571,-0.0201462,-0.9468794,0.2401483
3/20/2026 11:53:42.459,0.0396506,-0.0009374,-0.1104145,0.9930940,0.0786274,-0.0106510,-0.2218741,0.3379639,-0.0079903,-0.9411251,0.2351840
3/20/2026 11:53:42.479,0.0402906,0.0007303,-0.1066706,0.9934775,0.0802977,-0.0071677,-0.2142103,0.3533382,0.0064048,-0.9354737,0.2285534
3/20/2026 11:53:42.499,0.0405714,0.0025549,-0.1024223,0.9939102,0.0812613,-0.0032429,-0.2055066,0.3681787,0.0231852,-0.9294659,0.2208347
3/20/2026 11:53:42.519,0.0410408,0.0042265,-0.0981508,0.9943159,0.0825384,0.0003497,-0.1967719,0.3854694,0.0396966,-0.9218664,0.2133442
3/20/2026 11:53:42.539,0.0417205,0.0058206,-0.0934364,0.9947337,0.0841887,0.0037969,-0.1871526,0.4070568,0.0567902,-0.9116356,0.2053473
3/20/2026 11:53:42.56,0.0425154,0.0069633,-0.0895809,0.9950474,0.0859631,0.0062637,-0.1793000,0.4277112,0.0700523,-0.9011969,0.1991322
3/20/2026 11:53:42.579,0.0435177,0.0079756,-0.0859222,0.9953192,0.0881126,0.0084311,-0.1718538,0.4502900,0.0825258,-0.8890604,0.1935865
3/20/2026 11:53:42.599,0.0445121,0.0086937,-0.0826400,0.9955471,0.0901869,0.0099938,-0.1651886,0.4721916,0.0922244,-0.8766583,0.1888121
3/20/2026 11:53:42.619,0.0455309,0.0091261,-0.0796695,0.9957393,0.0922587,0.0109665,-0.1591744,0.4937479,0.0989659,-0.8639553,0.1846889
3/20/2026 11:53:42.639,0.0466728,0.0095340,-0.0764769,0.9959328,0.0945652,0.0119052,-0.1527143,0.5180130,0.1058163,-0.8488024,0.1804426
3/20/2026 11:53:42.659,0.0476776,0.0100809,-0.0730662,0.9961358,0.0966100,0.0131785,-0.1458001,0.5428624,0.1147825,-0.8319407,0.1758786
3/20/2026 11:53:42.679,0.0483690,0.0105904,-0.0697077,0.9963379,0.0980171,0.0144297,-0.1389924,0.5656951,0.1238594,-0.8152593,0.1712156
3/20/2026 11:53:42.699,0.0490264,0.0109504,-0.0663939,0.9965281,0.0993297,0.0153912,-0.1322887,0.5888594,0.1315265,-0.7974617,0.1667060
3/20/2026 11:53:42.719,0.0497414,0.0111834,-0.0627255,0.9967278,0.1007306,0.0161360,-0.1248836,0.6153705,0.1383543,-0.7760009,0.1618400
3/20/2026 11:53:42.739,0.0503357,0.0114113,-0.0585389,0.9969500,0.1018765,0.0169486,-0.1164372,0.6449742,0.1462187,-0.7500856,0.1562455
3/20/2026 11:53:42.759,0.0508814,0.0118536,-0.0533177,0.9972101,0.1029245,0.0183133,-0.1058887,0.6816250,0.1587955,-0.7142628,0.1494297
3/20/2026 11:53:42.78,0.0511650,0.0123076,-0.0482277,0.9974492,0.1034405,0.0197239,-0.0956057,0.7167879,0.1724207,-0.6756375,0.1428825
3/20/2026 11:53:42.799,0.0511145,0.0127682,-0.0430288,0.9976838,0.1032744,0.0211930,-0.0851085,0.7514241,0.1877030,-0.6325578,0.1361491
3/20/2026 11:53:42.819,0.0508064,0.0132426,-0.0376094,0.9979124,0.1025765,0.0227296,-0.0741737,0.7866686,0.2050431,-0.5823314,0.1292538
3/20/2026 11:53:42.839,0.0504220,0.0136129,-0.0322115,0.9981156,0.1017062,0.0240528,-0.0632980,0.8217162,0.2218467,-0.5249443,0.1228004
3/20/2026 11:53:42.859,0.0499494,0.0139349,-0.0264212,0.9983050,0.1006357,0.0253139,-0.0516449,0.8582416,0.2394325,-0.4539751,0.1164631
3/20/2026 11:53:42.879,0.0497289,0.0143484,-0.0205199,0.9984490,0.1000593,0.0267484,-0.0397584,0.8931709,0.2577088,-0.3685539,0.1114068
3/20/2026 11:53:42.899,0.0496957,0.0143285,-0.0150156,0.9985487,0.0998432,0.0272621,-0.0287104,0.9227567,0.2660531,-0.2788114,0.1077651
3/20/2026 11:53:42.919,0.0495565,0.0142516,-0.0100205,0.9986194,0.0994255,0.0276105,-0.0186942,0.9434003,0.2713058,-0.1907590,0.1051072
3/20/2026 11:53:42.939,0.0487173,0.0143988,-0.0047726,0.9986975,0.0976000,0.0284343,-0.0081687,0.9547864,0.2821955,-0.0935352,0.1020911
3/20/2026 11:53:42.959,0.0476969,0.0147507,0.0006645,0.9987528,0.0953999,0.0296672,0.0027471,0.9552729,0.2954263,0.0133096,0.0998970
3/20/2026 11:53:42.979,0.0469185,0.0149183,0.0063432,0.9987673,0.0936690,0.0305337,0.0141331,0.9451735,0.3005303,0.1277837,0.0993151
3/20/2026 11:53:42.999,0.0463402,0.0149232,0.0114836,0.9987484,0.0923529,0.0310105,0.0244281,0.9264353,0.2983455,0.2295812,0.1000759
3/20/2026 11:53:43.019,0.0453849,0.0151042,0.0160986,0.9987258,0.0902904,0.0317658,0.0336707,0.8992679,0.2992781,0.3189827,0.1009752
3/20/2026 11:53:43.039,0.0441700,0.0153241,0.0215561,0.9986739,0.0876745,0.0326429,0.0445948,0.8579559,0.2976538,0.4187049,0.1030098
3/20/2026 11:53:43.059,0.0427497,0.0156330,0.0266558,0.9986078,0.0846480,0.0336283,0.0547974,0.8104361,0.2963665,0.5053317,0.1055465
3/20/2026 11:53:43.079,0.0409960,0.0160091,0.0317294,0.9985271,0.0809437,0.0346931,0.0649360,0.7556028,0.2950652,0.5848085,0.1085634
3/20/2026 11:53:43.099,0.0391567,0.0163949,0.0366457,0.9984263,0.0770647,0.0357217,0.0747513,0.6982310,0.2923496,0.6534563,0.1122175
3/20/2026 11:53:43.119,0.0379449,0.0165556,0.0402019,0.9983336,0.0745010,0.0362153,0.0818443,0.6575438,0.2868912,0.6966559,0.1154757
3/20/2026 11:53:43.139,0.0373854,0.0165188,0.0425413,0.9982584,0.0733007,0.0362662,0.0865093,0.6337148,0.2800079,0.7211111,0.1180560
3/20/2026 11:53:43.159,0.0372541,0.0163106,0.0441222,0.9981981,0.0729994,0.0359534,0.0896593,0.6208430,0.2718181,0.7353019,0.1200816
3/20/2026 11:53:43.179,0.0372151,0.0160815,0.0452308,0.9981537,0.0729025,0.0355721,0.0918644,0.6126899,0.2647572,0.7446575,0.1215527
3/20/2026 11:53:43.199,0.0368845,0.0159306,0.0462688,0.9981207,0.0722189,0.0353138,0.0939214,0.6019161,0.2599700,0.7550580,0.1226332
3/20/2026 11:53:43.219,0.0360679,0.0158044,0.0474641,0.9980965,0.0705567,0.0350668,0.0962753,0.5848283,0.2562625,0.7696139,0.1234205
3/20/2026 11:53:43.239,0.0349200,0.0153665,0.0487409,0.9980826,0.0682610,0.0341644,0.0987582,0.5641644,0.2482605,0.7874548,0.1238720
3/20/2026 11:53:43.259,0.0337863,0.0143710,0.0497896,0.9980848,0.0660602,0.0321269,0.1007492,0.5461467,0.2323032,0.8048348,0.1237988
3/20/2026 11:53:43.279,0.0324658,0.0128848,0.0507513,0.9981003,0.0635432,0.0290787,0.1025325,0.5269605,0.2091357,0.8237565,0.1232968
3/20/2026 11:53:43.299,0.0308214,0.0105054,0.0520732,0.9981124,0.0604693,0.0242277,0.1049815,0.5018462,0.1710523,0.8478748,0.1229033
3/20/2026 11:53:43.319,0.0290351,0.0080241,0.0535011,0.9981133,0.0571331,0.0191571,0.1076493,0.4728955,0.1306884,0.8713728,0.1228762
3/20/2026 11:53:43.339,0.0270472,0.0060769,0.0551701,0.9980921,0.0533459,0.0151370,0.1108425,0.4380594,0.0984218,0.8935419,0.1235635
3/20/2026 11:53:43.359,0.0255821,0.0049665,0.0566957,0.9980513,0.0505229,0.0128311,0.1138150,0.4099831,0.0795935,0.9086136,0.1248771
3/20/2026 11:53:43.379,0.0247893,0.0037166,0.0579439,0.9980052,0.0490688,0.0103036,0.1162420,0.3926505,0.0588684,0.9178019,0.1263472
3/20/2026 11:53:43.399,0.0240705,0.0021888,0.0588647,0.9979733,0.0478040,0.0072108,0.1180044,0.3782671,0.0343970,0.9250572,0.1273534
3/20/2026 11:53:43.419,0.0230182,0.0005830,0.0598358,0.9979426,0.0458880,0.0039223,0.1198649,0.3590244,0.0090928,0.9332839,0.1283146
3/20/2026 11:53:43.439,0.0216599,-0.0010589,0.0609527,0.9979051,0.0433717,0.0005276,0.1220212,0.3347978,-0.0163674,0.9421478,0.1294807
3/20/2026 11:53:43.459,0.0200426,-0.0027323,0.0622439,0.9978561,0.0403504,-0.0029603,0.1245341,0.3062364,-0.0417481,0.9510396,0.1309866
3/20/2026 11:53:43.479,0.0185038,-0.0039562,0.0634655,0.9978046,0.0374372,-0.0055503,0.1269352,0.2794024,-0.0597381,0.9583139,0.1325492
3/20/2026 11:53:43.499,0.0170063,-0.0048985,0.0643350,0.9977714,0.0345739,-0.0075916,0.1286478,0.2548715,-0.0734133,0.9641840,0.1335481
3/20/2026 11:53:43.519,0.0154698,-0.0061676,0.0649469,0.9977498,0.0316764,-0.0103033,0.1298401,0.2307264,-0.0919871,0.9686608,0.1341950
3/20/2026 11:53:43.539,0.0140954,-0.0078163,0.0654774,0.9977239,0.0291544,-0.0137574,0.1308650,0.2090320,-0.1159137,0.9710147,0.1349645
3/20/2026 11:53:43.559,0.0127722,-0.0095101,0.0662487,0.9976761,0.0267483,-0.0172907,0.1323800,0.1874531,-0.1395756,0.9723065,0.1363750
3/20/2026 11:53:43.579,0.0111844,-0.0112906,0.0673594,0.9976022,0.0238384,-0.0210278,0.1345873,0.1616030,-0.1631378,0.9732782,0.1385275
3/20/2026 11:53:43.599,0.0087271,-0.0133848,0.0684437,0.9975270,0.0192444,-0.0255162,0.1367665,0.1241686,-0.1904379,0.9738150,0.1406845
3/20/2026 11:53:43.619,0.0044426,-0.0155008,0.0696181,0.9974434,0.0110210,-0.0303102,0.1392001,0.0621679,-0.2169122,0.9742095,0.1430444
3/20/2026 11:53:43.639,0.0001242,-0.0165330,0.0703656,0.9973843,0.0025745,-0.0329681,0.1408244,0.0017185,-0.2287293,0.9734885,0.1446881
3/20/2026 11:53:43.659,-0.0045647,-0.0170736,0.0707096,0.9973404,-0.0066907,-0.0347096,0.1416757,-0.0626295,-0.2342539,0.9701560,0.1458986
3/20/2026 11:53:43.679,-0.0087153,-0.0176223,0.0706925,0.9973044,-0.0148927,-0.0363939,0.1418014,-0.1187775,-0.2401672,0.9634374,0.1468815
3/20/2026 11:53:43.699,-0.0117821,-0.0185565,0.0704178,0.9972755,-0.0208881,-0.0386893,0.1413904,-0.1597166,-0.2515495,0.9545749,0.1476690
3/20/2026 11:53:43.719,-0.0146437,-0.0192341,0.0702904,0.9972336,-0.0265056,-0.0404457,0.1412741,-0.1970066,-0.2587623,0.9456376,0.1487991
3/20/2026 11:53:43.739,-0.0180665,-0.0194914,0.0702973,0.9971721,-0.0332966,-0.0414475,0.1414507,-0.2403949,-0.2593554,0.9353850,0.1504451
3/20/2026 11:53:43.759,-0.0217971,-0.0195819,0.0701375,0.9971070,-0.0407325,-0.0421555,0.1413095,-0.2867584,-0.2576152,0.9227155,0.1521690
3/20/2026 11:53:43.779,-0.0251562,-0.0197858,0.0697992,0.9970475,-0.0474196,-0.0430282,0.1408042,-0.3276103,-0.2576713,0.9089978,0.1537247
3/20/2026 11:53:43.799,-0.0275557,-0.0205439,0.0691723,0.9970126,-0.0521282,-0.0448532,0.1397067,-0.3567491,-0.2659714,0.8955385,0.1546333
3/20/2026 11:53:43.819,-0.0299313,-0.0213503,0.0683263,0.9969854,-0.0567950,-0.0467544,0.1381802,-0.3857621,-0.2751680,0.8806078,0.1553340
3/20/2026 11:53:43.839,-0.0331518,-0.0217368,0.0676439,0.9969217,-0.0632009,-0.0479388,0.1370135,-0.4228323,-0.2772398,0.8627578,0.1569678
3/20/2026 11:53:43.859,-0.0370623,-0.0219780,0.0667857,0.9968365,-0.0710141,-0.0489101,0.1355331,-0.4663129,-0.2765244,0.8402896,0.1591258
3/20/2026 11:53:43.879,-0.0408555,-0.0223152,0.0659307,0.9967377,-0.0785827,-0.0500474,0.1340684,-0.5062050,-0.2764888,0.8168907,0.1615935
3/20/2026 11:53:43.899,-0.0444172,-0.0229837,0.0648083,0.9966438,-0.0856618,-0.0517833,0.1320900,-0.5425913,-0.2807648,0.7916854,0.1639033
3/20/2026 11:53:43.919,-0.0492918,-0.0237338,0.0634879,0.9964820,-0.0953677,-0.0538299,0.1298214,-0.5881554,-0.2831939,0.7575449,0.1678106
3/20/2026 11:53:43.939,-0.0543636,-0.0243817,0.0624077,0.9962708,-0.1054741,-0.0557053,0.1280604,-0.6300688,-0.2825818,0.7232986,0.1727783
3/20/2026 11:53:43.959,-0.0602394,-0.0248199,0.0615917,0.9959728,-0.1172043,-0.0572845,0.1268859,-0.6718884,-0.2768322,0.6869717,0.1795526
3/20/2026 11:53:43.979,-0.0652936,-0.0257785,0.0605097,0.9956962,-0.1272487,-0.0597553,0.1252014,-0.7045213,-0.2781513,0.6529025,0.1856212
3/20/2026 11:53:43.999,-0.0695798,-0.0270778,0.0590382,0.9954596,-0.1357471,-0.0627435,0.1227428,-0.7310003,-0.2844777,0.6202507,0.1906583
3/20/2026 11:53:44.019,-0.0736217,-0.0283396,0.0570128,0.9952520,-0.1438081,-0.0655277,0.1191662,-0.7563885,-0.2911607,0.5857491,0.1949730
3/20/2026 11:53:44.039,-0.0773087,-0.0292622,0.0547969,0.9950701,-0.1512239,-0.0675297,0.1151436,-0.7795206,-0.2950568,0.5525298,0.1986747
3/20/2026 11:53:44.059,-0.0799843,-0.0303191,0.0526902,0.9949408,-0.1566036,-0.0696684,0.1112862,-0.7961498,-0.3017909,0.5244690,0.2012663
3/20/2026 11:53:44.079,-0.0817194,-0.0317645,0.0509034,0.9948478,-0.1600452,-0.0725106,0.1080625,-0.8060588,-0.3133166,0.5020976,0.2031090
3/20/2026 11:53:44.099,-0.0832949,-0.0336825,0.0491475,0.9947422,-0.1631255,-0.0762839,0.1049733,-0.8133386,-0.3288950,0.4799046,0.2051809
3/20/2026 11:53:44.119,-0.0854556,-0.0356390,0.0475627,0.9945678,-0.1673729,-0.0802258,0.1023056,-0.8209671,-0.3423822,0.4569325,0.2085591
3/20/2026 11:53:44.139,-0.0880616,-0.0371855,0.0460217,0.9943564,-0.1725616,-0.0833905,0.0997171,-0.8300459,-0.3505014,0.4337887,0.2125826
3/20/2026 11:53:44.159,-0.0907064,-0.0388665,0.0439618,0.9941475,-0.1778702,-0.0867286,0.0961224,-0.8396260,-0.3597688,0.4069333,0.2164854
3/20/2026 11:53:44.179,-0.0930380,-0.0406699,0.0414775,0.9939667,-0.1825925,-0.0901865,0.0916728,-0.8482397,-0.3707931,0.3781559,0.2198068
3/20/2026 11:53:44.199,-0.0954303,-0.0427216,0.0386185,0.9937689,-0.1874678,-0.0940659,0.0865322,-0.8561796,-0.3832888,0.3464767,0.2233840
3/20/2026 11:53:44.22,-0.0973769,-0.0444396,0.0360775,0.9936002,-0.1914686,-0.0972646,0.0819357,-0.8620895,-0.3934293,0.3193981,0.2263917
3/20/2026 11:53:44.239,-0.0994938,-0.0457676,0.0337625,0.9934115,-0.1958356,-0.0997185,0.0777509,-0.8681690,-0.3993611,0.2946070,0.2297077
3/20/2026 11:53:44.259,-0.1014981,-0.0466329,0.0319907,0.9932271,-0.1999677,-0.1013169,0.0745685,-0.8735598,-0.4013539,0.2753329,0.2329040
3/20/2026 11:53:44.279,-0.1032600,-0.0472976,0.0306493,0.9930564,-0.2035903,-0.1025622,0.0721939,-0.8777660,-0.4020550,0.2605355,0.2358242
3/20/2026 11:53:44.299,-0.1048407,-0.0478249,0.0292596,0.9929074,-0.2068678,-0.1034938,0.0696735,-0.8818268,-0.4022604,0.2461062,0.2383442
3/20/2026 11:53:44.319,-0.1062485,-0.0481310,0.0277039,0.9927876,-0.2098339,-0.1039170,0.0667492,-0.8862401,-0.4014707,0.2310841,0.2403512
3/20/2026 11:53:44.339,-0.1076384,-0.0482332,0.0260913,0.9926767,-0.2127855,-0.1039027,0.0636625,-0.8910287,-0.3992731,0.2159835,0.2421946
3/20/2026 11:53:44.359,-0.1090595,-0.0484298,0.0241621,0.9925608,-0.2158276,-0.1040052,0.0599550,-0.8957609,-0.3977785,0.1984558,0.2441055
3/20/2026 11:53:44.379,-0.1103091,-0.0488730,0.0222575,0.9924456,-0.2185107,-0.1045911,0.0563303,-0.8991109,-0.3983557,0.1814173,0.2459909
3/20/2026 11:53:44.399,-0.1114710,-0.0492291,0.0207712,0.9923303,-0.2209812,-0.1050777,0.0535263,-0.9017575,-0.3982449,0.1680311,0.2478631
3/20/2026 11:53:44.419,-0.1130654,-0.0494813,0.0192352,0.9921683,-0.2243331,-0.1053674,0.0506493,-0.9051846,-0.3961399,0.1539938,0.2504705
3/20/2026 11:53:44.439,-0.1149841,-0.0496050,0.0174515,0.9919747,-0.2283712,-0.1053521,0.0472758,-0.9094115,-0.3923267,0.1380241,0.2535524
3/20/2026 11:53:44.459,-0.1168357,-0.0497381,0.0156048,0.9917824,-0.2322821,-0.1053231,0.0437653,-0.9132258,-0.3887689,0.1219724,0.2565761
3/20/2026 11:53:44.479,-0.1186652,-0.0500563,0.0137931,0.9915760,-0.2361388,-0.1056663,0.0403654,-0.9161407,-0.3864540,0.1064882,0.2597820
3/20/2026 11:53:44.5,-0.1199725,-0.0505371,0.0120018,0.9914174,-0.2389397,-0.1063010,0.0369834,-0.9176822,-0.3865637,0.0918027,0.2622197
3/20/2026 11:53:44.519,-0.1212652,-0.0511696,0.0097675,0.9912523,-0.2417573,-0.1071272,0.0327326,-0.9188080,-0.3877047,0.0740066,0.2647335
3/20/2026 11:53:44.539,-0.1226201,-0.0516697,0.0073169,0.9910808,-0.2447325,-0.1076204,0.0280138,-0.9201373,-0.3877276,0.0549058,0.2673205
3/20/2026 11:53:44.559,-0.1238647,-0.0519664,0.0044260,0.9909277,-0.2475424,-0.1075661,0.0223282,-0.9216329,-0.3866630,0.0329320,0.2696079
3/20/2026 11:53:44.579,-0.1249836,-0.0523749,0.0015007,0.9907743,-0.2501030,-0.1077114,0.0165829,-0.9222367,-0.3864670,0.0110735,0.2718807
3/20/2026 11:53:44.599,-0.1260033,-0.0529275,-0.0013964,0.9906160,-0.2524628,-0.1081418,0.0109181,-0.9219180,-0.3872505,-0.0102170,0.2742071
3/20/2026 11:53:44.619,-0.1269966,-0.0535139,-0.0045995,0.9904479,-0.2548076,-0.1085482,0.0046306,-0.9210144,-0.3880978,-0.0333571,0.2766567
3/20/2026 11:53:44.639,-0.1279069,-0.0539853,-0.0082507,0.9902814,-0.2570395,-0.1085843,-0.0026169,-0.9196780,-0.3881660,-0.0593244,0.2790610
3/20/2026 11:53:44.659,-0.1287735,-0.0545570,-0.0124823,0.9900935,-0.2592519,-0.1086559,-0.0110357,-0.9171265,-0.3885560,-0.0888993,0.2817498
3/20/2026 11:53:44.679,-0.1294224,-0.0551575,-0.0169705,0.9899088,-0.2610601,-0.1086987,-0.0200009,-0.9133183,-0.3892397,-0.1197586,0.2843688
3/20/2026 11:53:44.699,-0.1301859,-0.0557399,-0.0209624,0.9896996,-0.2630499,-0.1088241,-0.0279458,-0.9093748,-0.3893543,-0.1464266,0.2873065
3/20/2026 11:53:44.719,-0.1312100,-0.0564514,-0.0249891,0.9894305,-0.2655786,-0.1091892,-0.0359036,-0.9048474,-0.3892992,-0.1723291,0.2910412
3/20/2026 11:53:44.739,-0.1321357,-0.0570280,-0.0285694,0.9891773,-0.2678615,-0.1093824,-0.0429975,-0.9005666,-0.3886725,-0.1947140,0.2945137
3/20/2026 11:53:44.759,-0.1327662,-0.0574656,-0.0321230,0.9889585,-0.2695445,-0.1092883,-0.0501094,-0.8959029,-0.3877766,-0.2167652,0.2974814
3/20/2026 11:53:44.779,-0.1329370,-0.0578617,-0.0360469,0.9887773,-0.2703426,-0.1090079,-0.0580430,-0.8898209,-0.3873007,-0.2412821,0.2999170
3/20/2026 11:53:44.799,-0.1331298,-0.0582119,-0.0398708,0.9885839,-0.2711730,-0.1086552,-0.0657846,-0.8835773,-0.3863503,-0.2646213,0.3024953
3/20/2026 11:53:44.819,-0.1334797,-0.0584671,-0.0432596,0.9883792,-0.2722670,-0.1082163,-0.0726464,-0.8781060,-0.3846301,-0.2845865,0.3051994
3/20/2026 11:53:44.839,-0.1339827,-0.0587123,-0.0463210,0.9881578,-0.2736332,-0.1078347,-0.0788272,-0.8731871,-0.3826380,-0.3018817,0.3080992
3/20/2026 11:53:44.859,-0.1347126,-0.0590783,-0.0490426,0.9879054,-0.2754306,-0.1077772,-0.0842576,-0.8687900,-0.3810083,-0.3162857,0.3113714
3/20/2026 11:53:44.879,-0.1354179,-0.0593818,-0.0515279,0.9876643,-0.2771489,-0.1076509,-0.0892251,-0.8648121,-0.3792271,-0.3290696,0.3144667
3/20/2026 11:53:44.899,-0.1358766,-0.0597361,-0.0538094,0.9874583,-0.2783543,-0.1076964,-0.0937825,-0.8606284,-0.3783625,-0.3408232,0.3170869
3/20/2026 11:53:44.919,-0.1360862,-0.0600697,-0.0557477,0.9873016,-0.2790200,-0.1078109,-0.0976618,-0.8566571,-0.3781361,-0.3509299,0.3190651
3/20/2026 11:53:44.939,-0.1364546,-0.0603404,-0.0576478,0.9871252,-0.2799967,-0.1077928,-0.1014680,-0.8531064,-0.3772449,-0.3604107,0.3212795
3/20/2026 11:53:44.959,-0.1371608,-0.0607514,-0.0599812,0.9868629,-0.2817174,-0.1079072,-0.1061007,-0.8489788,-0.3760302,-0.3712631,0.3245423
3/20/2026 11:53:44.979,-0.1377601,-0.0612143,-0.0621593,0.9866160,-0.2832137,-0.1081757,-0.1104090,-0.8448392,-0.3754076,-0.3812030,0.3275844
3/20/2026 11:53:44.999,-0.1378688,-0.0617865,-0.0644774,0.9864165,-0.2837522,-0.1086661,-0.1150156,-0.8393116,-0.3761411,-0.3925227,0.3300231
3/20/2026 11:53:45.019,-0.1376634,-0.0624577,-0.0670734,0.9862297,-0.2837044,-0.1093064,-0.1201928,-0.8323994,-0.3776583,-0.4055681,0.3322891
3/20/2026 11:53:45.039,-0.1376266,-0.0628825,-0.0702386,0.9859875,-0.2840334,-0.1092554,-0.1266047,-0.8250029,-0.3769495,-0.4210454,0.3352050
3/20/2026 11:53:45.059,-0.1377552,-0.0633258,-0.0732398,0.9857228,-0.2846825,-0.1092718,-0.1326620,-0.8181368,-0.3760962,-0.4349758,0.3383646
3/20/2026 11:53:45.079,-0.1375407,-0.0638576,-0.0766673,0.9854578,-0.2847033,-0.1093805,-0.1396015,-0.8094396,-0.3758079,-0.4511940,0.3414979
3/20/2026 11:53:45.099,-0.1373889,-0.0644960,-0.0800467,0.9851686,-0.2848650,-0.1097166,-0.1464073,-0.8006842,-0.3758742,-0.4665012,0.3448846
3/20/2026 11:53:45.119,-0.1370618,-0.0649500,-0.0831242,0.9849294,-0.2846173,-0.1097843,-0.1526577,-0.7924623,-0.3755274,-0.4806066,0.3476615
3/20/2026 11:53:45.139,-0.1364565,-0.0653932,-0.0860170,0.9847358,-0.2837909,-0.1099241,-0.1585494,-0.7839792,-0.3757016,-0.4941911,0.3498931
3/20/2026 11:53:45.159,-0.1357348,-0.0658786,-0.0889724,0.9845406,-0.2827480,-0.1101547,-0.1645661,-0.7749317,-0.3761113,-0.5079577,0.3521297
3/20/2026 11:53:45.179,-0.1350112,-0.0663119,-0.0920064,0.9843320,-0.2817050,-0.1102627,-0.1707605,-0.7656955,-0.3760778,-0.5218006,0.3545032
3/20/2026 11:53:45.199,-0.1340710,-0.0666364,-0.0949678,0.9841574,-0.2802028,-0.1102091,-0.1768498,-0.7561931,-0.3758458,-0.5356417,0.3564779
3/20/2026 11:53:45.219,-0.1326909,-0.0668159,-0.0988772,0.9839472,-0.2778979,-0.1096651,-0.1849666,-0.7435332,-0.3744030,-0.5540584,0.3588417
3/20/2026 11:53:45.239,-0.1313469,-0.0668712,-0.1025623,0.9837465,-0.2756174,-0.1089454,-0.1926489,-0.7314819,-0.3724115,-0.5711778,0.3610838
3/20/2026 11:53:45.259,-0.1297591,-0.0669374,-0.1058320,0.9836065,-0.2728032,-0.1084290,-0.1994802,-0.7195696,-0.3711964,-0.5868840,0.3626400
3/20/2026 11:53:45.279,-0.1281008,-0.0669148,-0.1083835,0.9835475,-0.2697509,-0.1079661,-0.2048517,-0.7091109,-0.3704115,-0.5999643,0.3632939
3/20/2026 11:53:45.299,-0.1265027,-0.0672096,-0.1107310,0.9834728,-0.2668645,-0.1082163,-0.2097083,-0.6986922,-0.3712083,-0.6115829,0.3641198
3/20/2026 11:53:45.319,-0.1248547,-0.0674940,-0.1128270,0.9834257,-0.2638516,-0.1085384,-0.2140501,-0.6886176,-0.3722531,-0.6222808,0.3646402
3/20/2026 11:53:45.339,-0.1234591,-0.0673906,-0.1146234,0.9834011,-0.2612297,-0.1081126,-0.2178615,-0.6804231,-0.3714111,-0.6317264,0.3649110
3/20/2026 11:53:45.359,-0.1221479,-0.0672878,-0.1162110,0.9833857,-0.2587539,-0.1077378,-0.2212350,-0.6728839,-0.3706725,-0.6401789,0.3650811
3/20/2026 11:53:45.379,-0.1206630,-0.0673723,-0.1176370,0.9833937,-0.2559550,-0.1078332,-0.2242337,-0.6648622,-0.3712266,-0.6481890,0.3649931
3/20/2026 11:53:45.399,-0.1191531,-0.0672296,-0.1190476,0.9834177,-0.2530538,-0.1074831,-0.2272590,-0.6570162,-0.3707073,-0.6564342,0.3647276
3/20/2026 11:53:45.419,-0.1176258,-0.0668819,-0.1204844,0.9834503,-0.2500730,-0.1067218,-0.2303889,-0.6492273,-0.3691503,-0.6650053,0.3643686
3/20/2026 11:53:45.439,-0.1156329,-0.0667052,-0.1222916,0.9834756,-0.2462401,-0.1063255,-0.2342591,-0.6387116,-0.3684540,-0.6754916,0.3640888
3/20/2026 11:53:45.459,-0.1123327,-0.0668471,-0.1247091,0.9835449,-0.2399370,-0.1067307,-0.2393723,-0.6217763,-0.3700077,-0.6902815,0.3633222
3/20/2026 11:53:45.479,-0.1092602,-0.0669098,-0.1266138,0.9836434,-0.2340196,-0.1070808,-0.2434365,-0.6065726,-0.3714589,-0.7029139,0.3622312
3/20/2026 11:53:45.499,-0.1059529,-0.0671088,-0.1285484,0.9837407,-0.2276756,-0.1077796,-0.2475433,-0.5899552,-0.3736675,-0.7157692,0.3611489
3/20/2026 11:53:45.519,-0.1027309,-0.0670191,-0.1305461,0.9838255,-0.2214422,-0.1078865,-0.2518410,-0.5734999,-0.3741373,-0.7287793,0.3602031
3/20/2026 11:53:45.539,-0.0999007,-0.0665165,-0.1323081,0.9839157,-0.2158616,-0.1071447,-0.2557209,-0.5592486,-0.3723626,-0.7406666,0.3591948
3/20/2026 11:53:45.559,-0.0970955,-0.0659479,-0.1339376,0.9840143,-0.2102993,-0.1063159,-0.2593359,-0.5452057,-0.3703070,-0.7520795,0.3580887
3/20/2026 11:53:45.579,-0.0939097,-0.0655101,-0.1354732,0.9841425,-0.2040029,-0.1058874,-0.2627467,-0.5294274,-0.3693208,-0.7637466,0.3566467
3/20/2026 11:53:45.599,-0.0900107,-0.0655227,-0.1370176,0.9842922,-0.1964095,-0.1065675,-0.2661234,-0.5098388,-0.3711338,-0.7760954,0.3549545
3/20/2026 11:53:45.619,-0.0857942,-0.0654902,-0.1383340,0.9844869,-0.1881537,-0.1073079,-0.2690664,-0.4889694,-0.3732503,-0.7884117,0.3527424
3/20/2026 11:53:45.639,-0.0815708,-0.0644763,-0.1395447,0.9847418,-0.1796111,-0.1061225,-0.2719753,-0.4687379,-0.3705062,-0.8018791,0.3498246
3/20/2026 11:53:45.659,-0.0769859,-0.0629705,-0.1408846,0.9850176,-0.1702291,-0.1040508,-0.2752432,-0.4464127,-0.3651426,-0.8169374,0.3466406
3/20/2026 11:53:45.679,-0.0713987,-0.0617679,-0.1425443,0.9852757,-0.1589730,-0.1028375,-0.2791572,-0.4176012,-0.3612719,-0.8337217,0.3436346
3/20/2026 11:53:45.699,-0.0654047,-0.0607118,-0.1441013,0.9855309,-0.1469421,-0.1020924,-0.2828557,-0.3858774,-0.3581900,-0.8501756,0.3406360
3/20/2026 11:53:45.72,-0.0590250,-0.0596473,-0.1452219,0.9858342,-0.1341035,-0.1015458,-0.2856890,-0.3519185,-0.3556288,-0.8658414,0.3370380
3/20/2026 11:53:45.739,-0.0545670,-0.0592140,-0.1456852,0.9860488,-0.1251913,-0.1018482,-0.2869816,-0.3278136,-0.3557308,-0.8752108,0.3344704
3/20/2026 11:53:45.759,-0.0509401,-0.0590401,-0.1458278,0.9862322,-0.1179703,-0.1024879,-0.2875422,-0.3080419,-0.3570238,-0.8818414,0.3322595
3/20/2026 11:53:45.779,-0.0476133,-0.0590007,-0.1457646,0.9864101,-0.1113629,-0.1033399,-0.2876570,-0.2897898,-0.3590973,-0.8871702,0.3301007
3/20/2026 11:53:45.799,-0.0443691,-0.0586007,-0.1452946,0.9866545,-0.1047743,-0.1034952,-0.2869864,-0.2724896,-0.3598917,-0.8923157,0.3271126
3/20/2026 11:53:45.819,-0.0407626,-0.0588170,-0.1447660,0.9868749,-0.0976396,-0.1049798,-0.2861713,-0.2524191,-0.3642202,-0.8964532,0.3243933
3/20/2026 11:53:45.839,-0.0368388,-0.0590332,-0.1442567,0.9870908,-0.0898793,-0.1065445,-0.2854362,-0.2300089,-0.3685835,-0.9006898,0.3217092
3/20/2026 11:53:45.859,-0.0331841,-0.0590624,-0.1438148,0.9872832,-0.0826062,-0.1076521,-0.2848465,-0.2087410,-0.3715260,-0.9046522,0.3192977
3/20/2026 11:53:45.879,-0.0297376,-0.0590527,-0.1435399,0.9874335,-0.0757530,-0.1086083,-0.2845913,-0.1881700,-0.3736669,-0.9082759,0.3174009
3/20/2026 11:53:45.899,-0.0261243,-0.0590018,-0.1432279,0.9875839,-0.0685549,-0.1095308,-0.2842892,-0.1662990,-0.3755876,-0.9117448,0.3154913
3/20/2026 11:53:45.919,-0.0225085,-0.0589526,-0.1427906,0.9877393,-0.0613394,-0.1104634,-0.2837446,-0.1441813,-0.3776283,-0.9146631,0.3135068
3/20/2026 11:53:45.94,-0.0186186,-0.0591878,-0.1420522,0.9879127,-0.0536284,-0.1120503,-0.2826144,-0.1201109,-0.3818277,-0.9163956,0.3112776
3/20/2026 11:53:45.959,-0.0148105,-0.0591600,-0.1413557,0.9880786,-0.0460093,-0.1130826,-0.2815893,-0.0962031,-0.3842797,-0.9181906,0.3091300
3/20/2026 11:53:45.98,-0.0119583,-0.0586537,-0.1408527,0.9882193,-0.0401688,-0.1128872,-0.2808865,-0.0781362,-0.3832451,-0.9203358,0.3072972
3/20/2026 11:53:45.999,-0.0092008,-0.0576764,-0.1401089,0.9884120,-0.0343571,-0.1117360,-0.2797050,-0.0606135,-0.3799624,-0.9230139,0.3047678
3/20/2026 11:53:46.019,-0.0065839,-0.0557303,-0.1388008,0.9887291,-0.0284941,-0.1086341,-0.2773938,-0.0439760,-0.3722400,-0.9270942,0.3005618
3/20/2026 11:53:46.039,-0.0039319,-0.0532588,-0.1371874,0.9891046,-0.0223929,-0.1044944,-0.2744675,-0.0267085,-0.3617750,-0.9318828,0.2955033
3/20/2026 11:53:46.059,-0.0013282,-0.0505665,-0.1352911,0.9895138,-0.0163118,-0.0998925,-0.2709491,-0.0091959,-0.3500910,-0.9366705,0.2898905
3/20/2026 11:53:46.079,0.0012501,-0.0483058,-0.1333645,0.9898883,-0.0104098,-0.0961213,-0.2673402,0.0088130,-0.3405439,-0.9401873,0.2846581
3/20/2026 11:53:46.099,0.0035371,-0.0469172,-0.1316140,0.9901839,-0.0053452,-0.0939840,-0.2640368,0.0253062,-0.3356717,-0.9416390,0.2804589
3/20/2026 11:53:46.119,0.0060007,-0.0458084,-0.1298698,0.9904541,-0.0000115,-0.0924325,-0.2607549,0.0435327,-0.3323241,-0.9421601,0.2765659
3/20/2026 11:53:46.14,0.0084931,-0.0445174,-0.1279552,0.9907441,0.0054365,-0.0905089,-0.2571255,0.0625666,-0.3279506,-0.9426208,0.2723272
3/20/2026 11:53:46.159,0.0107910,-0.0433729,-0.1262967,0.9909852,0.0104320,-0.0888110,-0.2539881,0.0805468,-0.3237456,-0.9427094,0.2687515
3/20/2026 11:53:46.179,0.0128435,-0.0425943,-0.1248221,0.9911813,0.0148275,-0.0877658,-0.2511975,0.0969220,-0.3214338,-0.9419588,0.2658080
3/20/2026 11:53:46.199,0.0147560,-0.0418480,-0.1233431,0.9913716,0.0189353,-0.0867382,-0.2483828,0.1125710,-0.3192505,-0.9409606,0.2629200
3/20/2026 11:53:46.22,0.0167924,-0.0409775,-0.1217106,0.9915773,0.0233292,-0.0854796,-0.2452648,0.1296539,-0.3163871,-0.9397282,0.2597618
3/20/2026 11:53:46.239,0.0184515,-0.0402561,-0.1201568,0.9917668,0.0269283,-0.0844143,-0.2422706,0.1440879,-0.3143605,-0.9383049,0.2568192
3/20/2026 11:53:46.259,0.0202522,-0.0398515,-0.1185689,0.9919391,0.0307325,-0.0840014,-0.2392276,0.1598241,-0.3144951,-0.9357077,0.2541138
3/20/2026 11:53:46.279,0.0220702,-0.0395108,-0.1169396,0.9921073,0.0345581,-0.0837072,-0.2361045,0.1760098,-0.3150988,-0.9325950,0.2514450
3/20/2026 11:53:46.299,0.0238695,-0.0390340,-0.1151373,0.9922954,0.0383922,-0.0831199,-0.2326262,0.1926591,-0.3150566,-0.9293125,0.2484266
3/20/2026 11:53:46.319,0.0254683,-0.0386292,-0.1130266,0.9925141,0.0418352,-0.0826033,-0.2285103,0.2085332,-0.3162943,-0.9254577,0.2448710
3/20/2026 11:53:46.339,0.0266356,-0.0382102,-0.1105710,0.9927763,0.0444511,-0.0819312,-0.2236591,0.2219984,-0.3184693,-0.9215715,0.2405400
3/20/2026 11:53:46.359,0.0277360,-0.0376600,-0.1078031,0.9930716,0.0469853,-0.0809558,-0.2181668,0.2360272,-0.3204777,-0.9173796,0.2355657
3/20/2026 11:53:46.379,0.0286621,-0.0370115,-0.1054735,0.9933197,0.0491535,-0.0797554,-0.2135345,0.2483819,-0.3207370,-0.9140208,0.2313042
3/20/2026 11:53:46.399,0.0296539,-0.0359201,-0.1026536,0.9936261,0.0515779,-0.0776517,-0.2078977,0.2630593,-0.3186474,-0.9106391,0.2259332
3/20/2026 11:53:46.419,0.0309359,-0.0358019,-0.1002544,0.9938362,0.0543386,-0.0775574,-0.2031809,0.2790559,-0.3229491,-0.9043405,0.2221732
3/20/2026 11:53:46.439,0.0323126,-0.0357837,-0.0978941,0.9940283,0.0572645,-0.0776716,-0.1985569,0.2961116,-0.3279206,-0.8970986,0.2186812
3/20/2026 11:53:46.459,0.0333259,-0.0353196,-0.0951687,0.9942760,0.0595828,-0.0767896,-0.1931412,0.3119180,-0.3305784,-0.8907441,0.2140920
3/20/2026 11:53:46.479,0.0340916,-0.0348702,-0.0922623,0.9945399,0.0614152,-0.0758660,-0.1873396,0.3266811,-0.3341416,-0.8840978,0.2090944
3/20/2026 11:53:46.5,0.0349277,-0.0346937,-0.0895210,0.9947675,0.0633206,-0.0755007,-0.1818925,0.3418772,-0.3395859,-0.8762428,0.2046867
3/20/2026 11:53:46.52,0.0355582,-0.0344976,-0.0870214,0.9949739,0.0648003,-0.0750648,-0.1769120,0.3550999,-0.3445076,-0.8690330,0.2006054
3/20/2026 11:53:46.539,0.0360742,-0.0342767,-0.0844698,0.9951828,0.0660581,-0.0745490,-0.1718157,0.3679623,-0.3496283,-0.8616053,0.1963886
3/20/2026 11:53:46.559,0.0367607,-0.0342801,-0.0822102,0.9953467,0.0675945,-0.0745244,-0.1673357,0.3814991,-0.3557556,-0.8531684,0.1930158
3/20/2026 11:53:46.579,0.0376902,-0.0343768,-0.0802234,0.9954707,0.0695794,-0.0747396,-0.1634317,0.3964510,-0.3615981,-0.8438444,0.1904252
3/20/2026 11:53:46.599,0.0386530,-0.0344311,-0.0778165,0.9956231,0.0716705,-0.0748383,-0.1586842,0.4135740,-0.3684007,-0.8326089,0.1871928
3/20/2026 11:53:46.619,0.0393368,-0.0343891,-0.0746571,0.9958395,0.0732770,-0.0746350,-0.1523950,0.4316816,-0.3773863,-0.8192866,0.1825016
3/20/2026 11:53:46.639,0.0396376,-0.0340271,-0.0709209,0.9961132,0.0742086,-0.0736812,-0.1448918,0.4499981,-0.3863040,-0.8051527,0.1763936
3/20/2026 11:53:46.659,0.0395077,-0.0332777,-0.0663849,0.9964561,0.0743857,-0.0718252,-0.1357191,0.4696909,-0.3956249,-0.7892220,0.1684268
3/20/2026 11:53:46.679,0.0396802,-0.0325954,-0.0619375,0.9967580,0.0751361,-0.0701501,-0.1267560,0.4931894,-0.4051307,-0.7698269,0.1610890
3/20/2026 11:53:46.699,0.0401796,-0.0321502,-0.0581139,0.9969830,0.0764545,-0.0690327,-0.1190890,0.5176281,-0.4141866,-0.7486726,0.1553970
3/20/2026 11:53:46.719,0.0412059,-0.0320464,-0.0548874,0.9971272,0.0787385,-0.0686988,-0.1126872,0.5439979,-0.4230747,-0.7246199,0.1516364
3/20/2026 11:53:46.74,0.0423269,-0.0322606,-0.0525671,0.9971984,0.0811139,-0.0690723,-0.1081360,0.5658390,-0.4312699,-0.7027321,0.1497439
3/20/2026 11:53:46.759,0.0432701,-0.0323189,-0.0502263,0.9972765,0.0831539,-0.0691020,-0.1035177,0.5866905,-0.4382055,-0.6810068,0.1476399
3/20/2026 11:53:46.78,0.0438200,-0.0319559,-0.0475092,0.9973974,0.0844760,-0.0682050,-0.0980780,0.6077626,-0.4432123,-0.6589290,0.1443248
3/20/2026 11:53:46.799,0.0442538,-0.0314261,-0.0446970,0.9975251,0.0855836,-0.0669475,-0.0924234,0.6293890,-0.4469506,-0.6356922,0.1407388
3/20/2026 11:53:46.819,0.0446762,-0.0309231,-0.0420385,0.9976375,0.0866498,-0.0657502,-0.0870778,0.6503260,-0.4501300,-0.6119305,0.1375041
3/20/2026 11:53:46.839,0.0450621,-0.0303815,-0.0392951,0.9977487,0.0876457,-0.0644594,-0.0815544,0.6719156,-0.4530145,-0.5859244,0.1342288
3/20/2026 11:53:46.859,0.0454386,-0.0298364,-0.0363569,0.9978594,0.0886291,-0.0631386,-0.0756382,0.6948172,-0.4562386,-0.5559454,0.1308846
3/20/2026 11:53:46.879,0.0456932,-0.0292961,-0.0331558,0.9979753,0.0893776,-0.0617893,-0.0691857,0.7184040,-0.4606036,-0.5212868,0.1272916
3/20/2026 11:53:46.9,0.0457358,-0.0287278,-0.0295359,0.9981036,0.0897214,-0.0603274,-0.0618757,0.7429676,-0.4666772,-0.4798038,0.1231922
3/20/2026 11:53:46.919,0.0454613,-0.0280750,-0.0252725,0.9982516,0.0894639,-0.0586175,-0.0532472,0.7691363,-0.4749861,-0.4275718,0.1182842
3/20/2026 11:53:46.94,0.0452121,-0.0274303,-0.0205505,0.9983892,0.0892697,-0.0568875,-0.0437030,0.7968979,-0.4834792,-0.3622173,0.1135320
3/20/2026 11:53:46.96,0.0449574,-0.0269073,-0.0157365,0.9985026,0.0890509,-0.0553966,-0.0339865,0.8217915,-0.4918475,-0.2876540,0.1094649
3/20/2026 11:53:46.98,0.0443829,-0.0262260,-0.0099665,0.9986206,0.0882350,-0.0534979,-0.0223221,0.8452770,-0.4994776,-0.1898129,0.1050618
3/20/2026 11:53:47,0.0439117,-0.0258612,-0.0050675,0.9986879,0.0875579,-0.0523238,-0.0124409,0.8574411,-0.5049790,-0.0989500,0.1024665
3/20/2026 11:53:47.02,0.0436485,-0.0258166,-0.0005549,0.9987133,0.0872667,-0.0518355,-0.0033749,0.8606654,-0.5090535,-0.0109411,0.1014700
3/20/2026 11:53:47.039,0.0434690,-0.0258539,0.0036441,0.9987136,0.0871248,-0.0515426,0.0050504,0.8572490,-0.5098621,0.0718658,0.1014559
3/20/2026 11:53:47.059,0.0432448,-0.0257379,0.0080554,0.9987004,0.0869012,-0.0509263,0.0139167,0.8485181,-0.5050101,0.1580562,0.1019742
3/20/2026 11:53:47.079,0.0428368,-0.0254589,0.0126558,0.9986775,0.0863119,-0.0499729,0.0231853,0.8331874,-0.4951814,0.2461586,0.1028708
3/20/2026 11:53:47.1,0.0424425,-0.0254267,0.0169303,0.9986318,0.0857349,-0.0495489,0.0317780,0.8116348,-0.4862384,0.3237610,0.1046318
3/20/2026 11:53:47.119,0.0420725,-0.0256540,0.0208851,0.9985669,0.0851990,-0.0496776,0.0397062,0.7861050,-0.4793330,0.3902290,0.1070879
3/20/2026 11:53:47.139,0.0415981,-0.0260754,0.0247463,0.9984876,0.0844613,-0.0502131,0.0474351,0.7566163,-0.4742775,0.4501031,0.1100105
3/20/2026 11:53:47.159,0.0406991,-0.0267956,0.0282263,0.9984133,0.0828766,-0.0514075,0.0543953,0.7227318,-0.4758336,0.5012396,0.1126799
3/20/2026 11:53:47.18,0.0390286,-0.0276125,0.0318024,0.9983501,0.0797693,-0.0528440,0.0615791,0.6797021,-0.4808850,0.5538545,0.1149041
3/20/2026 11:53:47.2,0.0369300,-0.0285602,0.0358982,0.9982645,0.0758551,-0.0545536,0.0698197,0.6270872,-0.4849636,0.6095670,0.1178477
3/20/2026 11:53:47.219,0.0348639,-0.0295821,0.0402369,0.9981436,0.0720413,-0.0564249,0.0785459,0.5724174,-0.4856965,0.6606339,0.1218859
3/20/2026 11:53:47.24,0.0329978,-0.0306601,0.0445170,0.9979928,0.0686469,-0.0584300,0.0871470,0.5210475,-0.4841346,0.7029390,0.1267412
3/20/2026 11:53:47.26,0.0313661,-0.0316961,0.0486974,0.9978177,0.0657297,-0.0603659,0.0955453,0.4750305,-0.4800284,0.7375084,0.1321544
3/20/2026 11:53:47.28,0.0296527,-0.0328909,0.0532184,0.9976005,0.0627050,-0.0626317,0.1046268,0.4282991,-0.4750711,0.7686790,0.1385775
3/20/2026 11:53:47.3,0.0279178,-0.0337539,0.0570294,0.9974111,0.0595762,-0.0643071,0.1123136,0.3882311,-0.4693896,0.7930636,0.1439440
3/20/2026 11:53:47.32,0.0264210,-0.0346653,0.0605015,0.9972162,0.0569203,-0.0660957,0.1193099,0.3543274,-0.4648907,0.8113746,0.1492683
3/20/2026 11:53:47.34,0.0252623,-0.0353927,0.0636851,0.9970223,0.0549098,-0.0675099,0.1257226,0.3275959,-0.4589642,0.8258528,0.1543800
3/20/2026 11:53:47.36,0.0246217,-0.0361156,0.0662250,0.9968468,0.0538977,-0.0688967,0.1308161,0.3102951,-0.4551467,0.8346008,0.1588676
3/20/2026 11:53:47.38,0.0241798,-0.0365189,0.0683461,0.9966999,0.0532170,-0.0696463,0.1350761,0.2978707,-0.4498747,0.8419536,0.1625272
3/20/2026 11:53:47.4,0.0236341,-0.0367026,0.0700571,0.9965874,0.0522733,-0.0699959,0.1385324,0.2863186,-0.4446386,0.8487156,0.1652767
3/20/2026 11:53:47.42,0.0234678,-0.0369846,0.0711586,0.9965029,0.0520586,-0.0705245,0.1407378,0.2808527,-0.4426147,0.8515949,0.1673120
3/20/2026 11:53:47.44,0.0237410,-0.0373527,0.0717257,0.9964421,0.0526958,-0.0711928,0.1418387,0.2816861,-0.4431879,0.8510215,0.1687610
3/20/2026 11:53:47.46,0.0241407,-0.0375922,0.0721285,0.9963944,0.0535558,-0.0715945,0.1426085,0.2845308,-0.4430753,0.8501332,0.1698887
3/20/2026 11:53:47.48,0.0241645,-0.0376616,0.0725064,0.9963637,0.0536403,-0.0717096,0.1433614,0.2836117,-0.4420236,0.8509874,0.1706108
3/20/2026 11:53:47.5,0.0241087,-0.0378654,0.0727336,0.9963409,0.0535748,-0.0721125,0.1438099,0.2820709,-0.4430232,0.8509796,0.1711459
3/20/2026 11:53:47.52,0.0239583,-0.0380246,0.0730252,0.9963170,0.0533189,-0.0724362,0.1443962,0.2794070,-0.4434513,0.8516353,0.1717042
3/20/2026 11:53:47.54,0.0234969,-0.0381157,0.0734272,0.9962949,0.0524412,-0.0726621,0.1452280,0.2732110,-0.4431920,0.8537779,0.1722193
3/20/2026 11:53:47.56,0.0228620,-0.0383212,0.0737373,0.9962789,0.0512277,-0.0731466,0.1458811,0.2652574,-0.4446229,0.8555402,0.1725890
3/20/2026 11:53:47.58,0.0220549,-0.0385912,0.0739672,0.9962697,0.0496746,-0.0737897,0.1463824,0.2555751,-0.4472006,0.8571423,0.1728032
3/20/2026 11:53:47.6,0.0204523,-0.0388273,0.0742131,0.9962764,0.0465320,-0.0744792,0.1469723,0.2372174,-0.4503420,0.8607671,0.1726484
3/20/2026 11:53:47.62,0.0192442,-0.0391076,0.0741718,0.9962925,0.0441614,-0.0752147,0.1469596,0.2236912,-0.4545804,0.8621595,0.1722733
3/20/2026 11:53:47.64,0.0182962,-0.0395950,0.0741549,0.9962925,0.0423417,-0.0763253,0.1469709,0.2126679,-0.4602369,0.8619480,0.1722747
3/20/2026 11:53:47.66,0.0172193,-0.0402209,0.0742365,0.9962805,0.0402931,-0.0777273,0.1471855,0.1998289,-0.4667618,0.8615113,0.1725530
3/20/2026 11:53:47.68,0.0160225,-0.0410306,0.0743211,0.9962611,0.0380333,-0.0795140,0.1474112,0.1854593,-0.4749265,0.8602614,0.1730020
3/20/2026 11:53:47.7,0.0148013,-0.0418067,0.0744678,0.9962367,0.0357252,-0.0812354,0.1477687,0.1707699,-0.4823455,0.8591743,0.1735655
3/20/2026 11:53:47.72,0.0133785,-0.0423278,0.0748367,0.9962073,0.0329969,-0.0824704,0.1486001,0.1537543,-0.4864569,0.8600694,0.1742436
3/20/2026 11:53:47.74,0.0118445,-0.0428503,0.0753211,0.9961680,0.0300578,-0.0837235,0.1496753,0.1354237,-0.4899276,0.8611802,0.1751455
3/20/2026 11:53:47.76,0.0104660,-0.0436543,0.0757362,0.9961169,0.0274665,-0.0855207,0.1505956,0.1188760,-0.4958408,0.8602386,0.1763083
3/20/2026 11:53:47.78,0.0088754,-0.0444767,0.0762079,0.9960600,0.0244623,-0.0873875,0.1516515,0.1000808,-0.5015275,0.8593334,0.1775968
3/20/2026 11:53:47.8,0.0073441,-0.0452953,0.0765760,0.9960074,0.0215683,-0.0892432,0.1525009,0.0822665,-0.5073853,0.8577834,0.1787798
3/20/2026 11:53:47.82,0.0056909,-0.0459894,0.0768579,0.9959647,0.0184061,-0.0908733,0.1531964,0.0634100,-0.5124334,0.8563826,0.1797334
3/20/2026 11:53:47.84,0.0035817,-0.0462245,0.0771325,0.9959424,0.0142656,-0.0916588,0.1539308,0.0397993,-0.5136381,0.8570833,0.1802308
3/20/2026 11:53:47.86,0.0004574,-0.0459759,0.0775459,0.9959281,0.0080417,-0.0916376,0.1550436,0.0050742,-0.5099826,0.8601697,0.1805471
3/20/2026 11:53:47.88,-0.0037702,-0.0455246,0.0778123,0.9959210,-0.0004248,-0.0913917,0.1559646,-0.0417840,-0.5045395,0.8623770,0.1807044
3/20/2026 11:53:47.9,-0.0083624,-0.0450965,0.0779021,0.9959055,-0.0096303,-0.0912574,0.1565665,-0.0925037,-0.4988491,0.8617381,0.1810476
3/20/2026 11:53:47.92,-0.0137261,-0.0443980,0.0778103,0.9958845,-0.0204314,-0.0907099,0.1568742,-0.1514499,-0.4898751,0.8585368,0.1815112
3/20/2026 11:53:47.94,-0.0182968,-0.0436495,0.0775950,0.9958610,-0.0296725,-0.0899378,0.1568562,-0.2013066,-0.4802437,0.8537223,0.1820300
3/20/2026 11:53:47.96,-0.0229027,-0.0426585,0.0775130,0.9958151,-0.0390104,-0.0886941,0.1570956,-0.2505976,-0.4667625,0.8481354,0.1830371
3/20/2026 11:53:47.98,-0.0275339,-0.0413132,0.0775787,0.9957494,-0.0484426,-0.0867577,0.1576087,-0.2989402,-0.4485441,0.8422844,0.1844690
3/20/2026 11:53:48,-0.0318539,-0.0401864,0.0774077,0.9956799,-0.0572423,-0.0851994,0.1576156,-0.3430594,-0.4327986,0.8336640,0.1859720
3/20/2026 11:53:48.02,-0.0348795,-0.0398061,0.0766751,0.9956505,-0.0633938,-0.0848870,0.1564098,-0.3743744,-0.4272537,0.8229812,0.1866039
3/20/2026 11:53:48.04,-0.0370987,-0.0398567,0.0756065,0.9956501,-0.0678999,-0.0852761,0.1544806,-0.3981699,-0.4277714,0.8114631,0.1866141
3/20/2026 11:53:48.06,-0.0395127,-0.0400199,0.0743827,0.9956427,-0.0727917,-0.0859019,0.1522691,-0.4237271,-0.4291659,0.7976665,0.1867714
3/20/2026 11:53:48.08,-0.0425350,-0.0400613,0.0730420,0.9956158,-0.0789267,-0.0863609,0.1498768,-0.4547375,-0.4282916,0.7808841,0.1873471
3/20/2026 11:53:48.1,-0.0464914,-0.0394152,0.0723154,0.9955177,-0.0869750,-0.0856290,0.1487557,-0.4915799,-0.4167588,0.7646316,0.1894333
3/20/2026 11:53:48.12,-0.0515872,-0.0385206,0.0718445,0.9953358,-0.0973117,-0.0845950,0.1482342,-0.5347413,-0.3992961,0.7447244,0.1932433
3/20/2026 11:53:48.14,-0.0569626,-0.0379735,0.0709983,0.9951245,-0.1081886,-0.0842569,0.1470159,-0.5775501,-0.3850173,0.7198594,0.1975755
3/20/2026 11:53:48.16,-0.0622146,-0.0379655,0.0694426,0.9949200,-0.1188035,-0.0848854,0.1444196,-0.6180095,-0.3771305,0.6898092,0.2016788
3/20/2026 11:53:48.18,-0.0673434,-0.0383785,0.0670434,0.9947348,-0.1291907,-0.0862070,0.1401729,-0.6571146,-0.3744850,0.6541875,0.2053252
3/20/2026 11:53:48.2,-0.0710895,-0.0391609,0.0645836,0.9946063,-0.1367800,-0.0880164,0.1357184,-0.6853825,-0.3775548,0.6226582,0.2078180
3/20/2026 11:53:48.22,-0.0742955,-0.0403103,0.0619157,0.9944958,-0.1432711,-0.0904254,0.1308497,-0.7090796,-0.3847233,0.5909264,0.2099380
3/20/2026 11:53:48.24,-0.0772358,-0.0415160,0.0594321,0.9943736,-0.1492208,-0.0929100,0.1263448,-0.7291224,-0.3919201,0.5610520,0.2122577
3/20/2026 11:53:48.26,-0.0802071,-0.0428179,0.0572326,0.9942123,-0.1552070,-0.0956144,0.1224455,-0.7465687,-0.3985500,0.5327222,0.2152825
3/20/2026 11:53:48.28,-0.0830874,-0.0439802,0.0554249,0.9940273,-0.1610017,-0.0980687,0.1193188,-0.7613508,-0.4030019,0.5078723,0.2186998
3/20/2026 11:53:48.3,-0.0855092,-0.0451380,0.0535782,0.9938712,-0.1658933,-0.1004308,0.1160697,-0.7735339,-0.4083278,0.4846791,0.2215411
3/20/2026 11:53:48.32,-0.0872539,-0.0463435,0.0515726,0.9937702,-0.1694502,-0.1027594,0.1124339,-0.7829099,-0.4158303,0.4627497,0.2233605
3/20/2026 11:53:48.34,-0.0886937,-0.0475495,0.0497144,0.9936806,-0.1723913,-0.1050644,0.1090649,-0.7901763,-0.4236206,0.4429074,0.2249635
3/20/2026 11:53:48.36,-0.0903276,-0.0487984,0.0479708,0.9935585,-0.1757125,-0.1074931,0.1059665,-0.7970978,-0.4306224,0.4233197,0.2271292
3/20/2026 11:53:48.38,-0.0922304,-0.0501576,0.0463118,0.9933948,-0.1795600,-0.1101861,0.1031015,-0.8037676,-0.4371123,0.4035968,0.2299999
3/20/2026 11:53:48.4,-0.0944857,-0.0514541,0.0444854,0.9931999,-0.1841475,-0.1127561,0.0999429,-0.8115811,-0.4419631,0.3821056,0.2333714
3/20/2026 11:53:48.42,-0.0970003,-0.0523529,0.0425181,0.9929966,-0.1893189,-0.1145127,0.0964682,-0.8210442,-0.4431331,0.3598882,0.2368385
3/20/2026 11:53:48.44,-0.0994558,-0.0531843,0.0404975,0.9927940,-0.1943927,-0.1161001,0.0928710,-0.8299498,-0.4438184,0.3379475,0.2402438
3/20/2026 11:53:48.46,-0.1017618,-0.0540133,0.0379309,0.9926170,-0.1992390,-0.1175391,0.0881511,-0.8389847,-0.4453173,0.3127251,0.2431814
3/20/2026 11:53:48.48,-0.1037728,-0.0546164,0.0352787,0.9924737,-0.2035324,-0.1184485,0.0831731,-0.8474053,-0.4459952,0.2880844,0.2455329
3/20/2026 11:53:48.5,-0.1058026,-0.0550469,0.0322504,0.9923385,-0.2079285,-0.1189099,0.0773982,-0.8563592,-0.4455459,0.2610323,0.2477299
3/20/2026 11:53:48.52,-0.1079113,-0.0553445,0.0288800,0.9921987,-0.2125388,-0.1190107,0.0709083,-0.8655949,-0.4439377,0.2316566,0.2499833
3/20/2026 11:53:48.54,-0.1101792,-0.0555663,0.0253555,0.9920333,-0.2174958,-0.1189094,0.0641055,-0.8746041,-0.4410862,0.2012726,0.2526230
3/20/2026 11:53:48.56,-0.1122107,-0.0556844,0.0220681,0.9918776,-0.2219588,-0.1185972,0.0577226,-0.8821825,-0.4377821,0.1734959,0.2550837
3/20/2026 11:53:48.58,-0.1136737,-0.0557908,0.0194781,0.9917592,-0.2251992,-0.1183479,0.0526737,-0.8872713,-0.4354711,0.1520349,0.2569383
3/20/2026 11:53:48.6,-0.1147667,-0.0559250,0.0175244,0.9916622,-0.2276199,-0.1182586,0.0488737,-0.8905985,-0.4339826,0.1359909,0.2584478
3/20/2026 11:53:48.62,-0.1160171,-0.0560111,0.0157964,0.9915410,-0.2303331,-0.1181268,0.0455408,-0.8938489,-0.4315351,0.1217025,0.2603226
3/20/2026 11:53:48.64,-0.1173498,-0.0560012,0.0140768,0.9914106,-0.2332154,-0.1177981,0.0422110,-0.8972582,-0.4281861,0.1076315,0.2623245
3/20/2026 11:53:48.66,-0.1184537,-0.0561302,0.0119399,0.9913000,-0.2356816,-0.1176278,0.0380307,-0.8999512,-0.4264493,0.0907133,0.2640100
3/20/2026 11:53:48.68,-0.1193816,-0.0564130,0.0093268,0.9912007,-0.2378461,-0.1176353,0.0328912,-0.9018891,-0.4261822,0.0704606,0.2655146
3/20/2026 11:53:48.7,-0.1214793,-0.0561588,0.0068991,0.9909800,-0.2423579,-0.1166463,0.0281448,-0.9064956,-0.4190649,0.0514820,0.2688280
3/20/2026 11:53:48.72,-0.1223790,-0.0569800,0.0030468,0.9908417,-0.2446010,-0.1174188,0.0205992,-0.9063216,-0.4219858,0.0225643,0.2708840
3/20/2026 11:53:48.74,-0.1230982,-0.0580297,-0.0009646,0.9906960,-0.2465067,-0.1185965,0.0127618,-0.9045096,-0.4263944,-0.0070881,0.2730341
3/20/2026 11:53:48.76,-0.1238068,-0.0591237,-0.0053932,0.9905288,-0.2484544,-0.1197463,0.0040810,-0.9016879,-0.4305997,-0.0392790,0.2754802
3/20/2026 11:53:48.78,-0.1243111,-0.0601625,-0.0099337,0.9903679,-0.2500195,-0.1207341,-0.0048699,-0.8978059,-0.4345083,-0.0717436,0.2778136
3/20/2026 11:53:48.8,-0.1244977,-0.0609291,-0.0147004,0.9902383,-0.2509828,-0.1210886,-0.0143947,-0.8931938,-0.4371287,-0.1054666,0.2796800
3/20/2026 11:53:48.82,-0.1245997,-0.0612429,-0.0195304,0.9901226,-0.2517820,-0.1204902,-0.0241787,-0.8887017,-0.4368121,-0.1392999,0.2813352
3/20/2026 11:53:48.84,-0.1243646,-0.0618180,-0.0242327,0.9900126,-0.2518965,-0.1204572,-0.0336754,-0.8821461,-0.4384892,-0.1718881,0.2829005
3/20/2026 11:53:48.86,-0.1238030,-0.0626798,-0.0285295,0.9899142,-0.2513225,-0.1211231,-0.0423062,-0.8738940,-0.4424412,-0.2013825,0.2842931
3/20/2026 11:53:48.88,-0.1236936,-0.0634565,-0.0321344,0.9897679,-0.2515796,-0.1217901,-0.0494919,-0.8668903,-0.4447265,-0.2252096,0.2863507
3/20/2026 11:53:48.9,-0.1242267,-0.0645319,-0.0359449,0.9895007,-0.2531801,-0.1229993,-0.0569488,-0.8595269,-0.4464977,-0.2487033,0.2900720
3/20/2026 11:53:48.92,-0.1249756,-0.0659143,-0.0403883,0.9891438,-0.2553273,-0.1246557,-0.0655985,-0.8504535,-0.4485440,-0.2748403,0.2949700
3/20/2026 11:53:48.94,-0.1253884,-0.0670709,-0.0452830,0.9888017,-0.2568579,-0.1257285,-0.0752726,-0.8402036,-0.4494290,-0.3034325,0.2995904
3/20/2026 11:53:48.96,-0.1256423,-0.0680054,-0.0504330,0.9884564,-0.2580993,-0.1262745,-0.0855504,-0.8292866,-0.4488616,-0.3328770,0.3041822
3/20/2026 11:53:48.98,-0.1258756,-0.0692227,-0.0570305,0.9879834,-0.2595251,-0.1270071,-0.0987281,-0.8144102,-0.4478680,-0.3689853,0.3103642
3/20/2026 11:53:49,-0.1258771,-0.0704716,-0.0625901,0.9875582,-0.2603757,-0.1280878,-0.1097991,-0.8004702,-0.4481387,-0.3980191,0.3158182
3/20/2026 11:53:49.02,-0.1258256,-0.0715226,-0.0675266,0.9871640,-0.2610348,-0.1289284,-0.1196542,-0.7878362,-0.4478270,-0.4228062,0.3207932
3/20/2026 11:53:49.04,-0.1261951,-0.0724398,-0.0722378,0.9867163,-0.2625078,-0.1295089,-0.1290446,-0.7768092,-0.4459118,-0.4446687,0.3263518
3/20/2026 11:53:49.06,-0.1269225,-0.0731214,-0.0766118,0.9862427,-0.2646347,-0.1296468,-0.1377761,-0.7678124,-0.4423448,-0.4634600,0.3321319
3/20/2026 11:53:49.08,-0.1274424,-0.0737206,-0.0805973,0.9858133,-0.2662881,-0.1297295,-0.1457582,-0.7592826,-0.4392160,-0.4801866,0.3372874
3/20/2026 11:53:49.1,-0.1277446,-0.0740828,-0.0838918,0.9854722,-0.2673820,-0.1295314,-0.1524092,-0.7521578,-0.4361979,-0.4939535,0.3413281
3/20/2026 11:53:49.12,-0.1276197,-0.0744783,-0.0868123,0.9852057,-0.2675760,-0.1295544,-0.1583238,-0.7446707,-0.4345868,-0.5065568,0.3444529
3/20/2026 11:53:49.14,-0.1271980,-0.0750211,-0.0893471,0.9849923,-0.2671504,-0.1300263,-0.1634323,-0.7369570,-0.4346555,-0.5176572,0.3469343
3/20/2026 11:53:49.16,-0.1266772,-0.0753984,-0.0913981,0.9848424,-0.2664380,-0.1303084,-0.1675992,-0.7303296,-0.4346930,-0.5269353,0.3486670
3/20/2026 11:53:49.18,-0.1263784,-0.0754760,-0.0932872,0.9846977,-0.2661003,-0.1299911,-0.1714950,-0.7251804,-0.4330937,-0.5352974,0.3503311
3/20/2026 11:53:49.2,-0.1262560,-0.0753988,-0.0950430,0.9845514,-0.2660715,-0.1293688,-0.1751429,-0.7210658,-0.4306135,-0.5428039,0.3520058
3/20/2026 11:53:49.22,-0.1258360,-0.0756730,-0.0969546,0.9843977,-0.2655282,-0.1294701,-0.1790422,-0.7151469,-0.4300625,-0.5510091,0.3537574
3/20/2026 11:53:49.241,-0.1251848,-0.0760618,-0.0986091,0.9842865,-0.2645099,-0.1299153,-0.1824010,-0.7089422,-0.4307507,-0.5584396,0.3550193
3/20/2026 11:53:49.26,-0.1244975,-0.0761636,-0.1006834,0.9841557,-0.2634226,-0.1296675,-0.1867048,-0.7021591,-0.4295585,-0.5678487,0.3564981
3/20/2026 11:53:49.28,-0.1239721,-0.0758882,-0.1026032,0.9840450,-0.2625676,-0.1286673,-0.1907773,-0.6967859,-0.4265299,-0.5766817,0.3577438
3/20/2026 11:53:49.3,-0.1232198,-0.0757922,-0.1043221,0.9839662,-0.2612639,-0.1281315,-0.1944056,-0.6908662,-0.4249504,-0.5849113,0.3586292
3/20/2026 11:53:49.32,-0.1224003,-0.0756235,-0.1058580,0.9839175,-0.2597865,-0.1275128,-0.1976802,-0.6852385,-0.4233661,-0.5926292,0.3591748
3/20/2026 11:53:49.34,-0.1215806,-0.0751230,-0.1075614,0.9838727,-0.2582618,-0.1261762,-0.2013853,-0.6797119,-0.4199849,-0.6013355,0.3596763
3/20/2026 11:53:49.36,-0.1206184,-0.0746039,-0.1094227,0.9838253,-0.2564638,-0.1247923,-0.2054286,-0.6733535,-0.4164772,-0.6108535,0.3602051
3/20/2026 11:53:49.38,-0.1194573,-0.0743482,-0.1113906,0.9837655,-0.2543324,-0.1239643,-0.2096343,-0.6656522,-0.4142904,-0.6207018,0.3608720
3/20/2026 11:53:49.4,-0.1178600,-0.0741148,-0.1134505,0.9837403,-0.2513421,-0.1232515,-0.2140526,-0.6562480,-0.4126732,-0.6316957,0.3611529
3/20/2026 11:53:49.42,-0.1157419,-0.0735891,-0.1155327,0.9837889,-0.2472466,-0.1220537,-0.2186234,-0.6454120,-0.4103553,-0.6442453,0.3606115
3/20/2026 11:53:49.44,-0.1131607,-0.0731422,-0.1176354,0.9838734,-0.2422421,-0.1211259,-0.2232417,-0.6326548,-0.4089209,-0.6576715,0.3596683
3/20/2026 11:53:49.46,-0.1097666,-0.0730614,-0.1198956,0.9839911,-0.2357150,-0.1210986,-0.2281456,-0.6159123,-0.4099552,-0.6727472,0.3583490
3/20/2026 11:53:49.48,-0.1068919,-0.0732749,-0.1216593,0.9840751,-0.2302371,-0.1217112,-0.2319212,-0.6013513,-0.4122290,-0.6844295,0.3574053
3/20/2026 11:53:49.5,-0.1045169,-0.0734675,-0.1233056,0.9841111,-0.2257428,-0.1222227,-0.2354259,-0.5886475,-0.4137748,-0.6944670,0.3570000
3/20/2026 11:53:49.52,-0.1020612,-0.0735287,-0.1249389,0.9841582,-0.2210580,-0.1225047,-0.2389398,-0.5756652,-0.4147308,-0.7047043,0.3564692
3/20/2026 11:53:49.54,-0.0993167,-0.0732597,-0.1263655,0.9842770,-0.2156939,-0.1222451,-0.2421227,-0.5622788,-0.4147580,-0.7154148,0.3551273
3/20/2026 11:53:49.56,-0.0962955,-0.0728401,-0.1276379,0.9844441,-0.2097235,-0.1217951,-0.2450391,-0.5480727,-0.4145747,-0.7264600,0.3532299
3/20/2026 11:53:49.58,-0.0929792,-0.0727368,-0.1289056,0.9846053,-0.2032443,-0.1220723,-0.2479000,-0.5319402,-0.4161322,-0.7374778,0.3513898
3/20/2026 11:53:49.6,-0.0898468,-0.0728807,-0.1301170,0.9847262,-0.1971906,-0.1228369,-0.2505844,-0.5160333,-0.4185884,-0.7473241,0.3500040
3/20/2026 11:53:49.62,-0.0874788,-0.0729360,-0.1311712,0.9847955,-0.1926206,-0.1232911,-0.2529094,-0.5035669,-0.4198518,-0.7550793,0.3492075
3/20/2026 11:53:49.64,-0.0850941,-0.0729241,-0.1321823,0.9848700,-0.1879973,-0.1236331,-0.2551621,-0.4910369,-0.4208094,-0.7627597,0.3483480
3/20/2026 11:53:49.66,-0.0817469,-0.0731411,-0.1333546,0.9849794,-0.1815409,-0.1246479,-0.2577809,-0.4734228,-0.4235840,-0.7723001,0.3470834
3/20/2026 11:53:49.68,-0.0774619,-0.0731665,-0.1345838,0.9851567,-0.1731827,-0.1255127,-0.2606332,-0.4512571,-0.4262343,-0.7840225,0.3450242
3/20/2026 11:53:49.7,-0.0727458,-0.0731239,-0.1357843,0.9853547,-0.1639525,-0.1263767,-0.2634837,-0.4266163,-0.4288334,-0.7963042,0.3427088
3/20/2026 11:53:49.72,-0.0665540,-0.0736475,-0.1371752,0.9855605,-0.1519755,-0.1287443,-0.2667781,-0.3930582,-0.4349517,-0.8101373,0.3402863
3/20/2026 11:53:49.74,-0.0614554,-0.0739362,-0.1378817,0.9857714,-0.1420278,-0.1305016,-0.2686447,-0.3656070,-0.4398572,-0.8202787,0.3377863
3/20/2026 11:53:49.76,-0.0567049,-0.0739939,-0.1382500,0.9860003,-0.1326703,-0.1317728,-0.2698430,-0.3400713,-0.4437574,-0.8291146,0.3350521
3/20/2026 11:53:49.78,-0.0520336,-0.0736204,-0.1383980,0.9862650,-0.1233281,-0.1322016,-0.2706559,-0.3150287,-0.4457221,-0.8379073,0.3318621
3/20/2026 11:53:49.8,-0.0469312,-0.0731660,-0.1384925,0.9865415,-0.1131061,-0.1325963,-0.2714233,-0.2870211,-0.4474671,-0.8469900,0.3284978
3/20/2026 11:53:49.82,-0.0412224,-0.0728013,-0.1385844,0.9868106,-0.1017110,-0.1333385,-0.2722515,-0.2546488,-0.4497256,-0.8560963,0.3251888
3/20/2026 11:53:49.84,-0.0354918,-0.0724197,-0.1386175,0.9870569,-0.0902646,-0.1340705,-0.2729815,-0.2213093,-0.4515738,-0.8643514,0.3221325
3/20/2026 11:53:49.86,-0.0303095,-0.0721634,-0.1384912,0.9872659,-0.0799201,-0.1349322,-0.2733333,-0.1905312,-0.4536334,-0.8705829,0.3195143
3/20/2026 11:53:49.88,-0.0253956,-0.0722862,-0.1381293,0.9874462,-0.0701809,-0.1365003,-0.2731679,-0.1607768,-0.4576366,-0.8744824,0.3172394
3/20/2026 11:53:49.9,-0.0207408,-0.0724821,-0.1374548,0.9876348,-0.0609323,-0.1381645,-0.2723575,-0.1322984,-0.4623389,-0.8767782,0.3148433
3/20/2026 11:53:49.92,-0.0172262,-0.0720626,-0.1370228,0.9877931,-0.0538062,-0.1382849,-0.2719459,-0.1105855,-0.4626149,-0.8796353,0.3128172
3/20/2026 11:53:49.94,-0.0145890,-0.0714229,-0.1365185,0.9879518,-0.0483464,-0.1377370,-0.2712920,-0.0942671,-0.4615009,-0.8821172,0.3107727
3/20/2026 11:53:49.96,-0.0115140,-0.0710041,-0.1356956,0.9881359,-0.0420370,-0.1377552,-0.2700422,-0.0749696,-0.4623201,-0.8835382,0.3083842
3/20/2026 11:53:49.98,-0.0088557,-0.0707117,-0.1347988,0.9883071,-0.0365761,-0.1379110,-0.2685879,-0.0580786,-0.4637530,-0.8840589,0.3061477
3/20/2026 11:53:50,-0.0067868,-0.0703445,-0.1337978,0.9884857,-0.0322468,-0.1377596,-0.2668525,-0.0448523,-0.4648874,-0.8842331,0.3037956
3/20/2026 11:53:50.02,-0.0048065,-0.0693778,-0.1328469,0.9886938,-0.0279412,-0.1363851,-0.2652236,-0.0320544,-0.4626761,-0.8859478,0.3010320
3/20/2026 11:53:50.04,-0.0024722,-0.0682716,-0.1320753,0.9888827,-0.0229253,-0.1348155,-0.2640010,-0.0166254,-0.4591300,-0.8882135,0.2985021
3/20/2026 11:53:50.06,0.0005168,-0.0677740,-0.1314449,0.9890040,-0.0167957,-0.1346186,-0.2631317,0.0034942,-0.4582744,-0.8888038,0.2968670
3/20/2026 11:53:50.08,0.0039344,-0.0672782,-0.1307013,0.9891286,-0.0098036,-0.1345340,-0.2620929,0.0267548,-0.4575092,-0.8888022,0.2951768
3/20/2026 11:53:50.1,0.0073539,-0.0664712,-0.1297486,0.9892891,-0.0026987,-0.1338263,-0.2606373,0.0503799,-0.4553759,-0.8888726,0.2929856
3/20/2026 11:53:50.12,0.0103449,-0.0656243,-0.1286766,0.9894588,0.0035831,-0.1329192,-0.2588818,0.0714355,-0.4531610,-0.8885618,0.2906513
3/20/2026 11:53:50.14,0.0127348,-0.0646481,-0.1272727,0.9896768,0.0087509,-0.1315876,-0.2563731,0.0888575,-0.4510836,-0.8880473,0.2876244
3/20/2026 11:53:50.16,0.0146019,-0.0634586,-0.1257715,0.9899200,0.0129473,-0.1296849,-0.2535910,0.1031001,-0.4480631,-0.8880371,0.2842115
3/20/2026 11:53:50.18,0.0162159,-0.0622222,-0.1244354,0.9901421,0.0166276,-0.1276170,-0.2511003,0.1157726,-0.4442319,-0.8884001,0.2810570
3/20/2026 11:53:50.2,0.0180056,-0.0609809,-0.1227223,0.9904022,0.0206997,-0.1255672,-0.2478678,0.1302718,-0.4412003,-0.8879029,0.2773190
3/20/2026 11:53:50.22,0.0197931,-0.0606090,-0.1212414,0.9905734,0.0245189,-0.1252394,-0.2451162,0.1444918,-0.4424522,-0.8850752,0.2748300
3/20/2026 11:53:50.24,0.0219301,-0.0603628,-0.1200237,0.9906916,0.0289660,-0.1252457,-0.2429442,0.1611014,-0.4434333,-0.8817104,0.2730989
3/20/2026 11:53:50.26,0.0239993,-0.0596762,-0.1187927,0.9908336,0.0333866,-0.1243495,-0.2407229,0.1776558,-0.4417562,-0.8793690,0.2710040
3/20/2026 11:53:50.28,0.0258153,-0.0585458,-0.1171723,0.9910484,0.0374572,-0.1224848,-0.2376658,0.1933666,-0.4385314,-0.8776672,0.2678058
3/20/2026 11:53:50.3,0.0272601,-0.0572422,-0.1148257,0.9913604,0.0409148,-0.1201447,-0.2330862,0.2078275,-0.4364077,-0.8754176,0.2630900
3/20/2026 11:53:50.32,0.0283856,-0.0556351,-0.1117863,0.9917676,0.0438795,-0.1170802,-0.2270530,0.2216736,-0.4344747,-0.8729792,0.2568071
3/20/2026 11:53:50.34,0.0297722,-0.0545138,-0.1082784,0.9921783,0.0472910,-0.1150038,-0.2201265,0.2385035,-0.4367066,-0.8674119,0.2503102
3/20/2026 11:53:50.36,0.0313897,-0.0536644,-0.1044619,0.9925839,0.0511243,-0.1134821,-0.2126174,0.2582181,-0.4414546,-0.8593260,0.2437253
3/20/2026 11:53:50.38,0.0331313,-0.0526704,-0.1003137,0.9930083,0.0552602,-0.1116533,-0.2044459,0.2806658,-0.4461882,-0.8497899,0.2366416
3/20/2026 11:53:50.4,0.0345137,-0.0512035,-0.0963293,0.9934323,0.0587430,-0.1087855,-0.1965271,0.3016358,-0.4474982,-0.8418796,0.2293444
3/20/2026 11:53:50.42,0.0353111,-0.0491060,-0.0924395,0.9938797,0.0611494,-0.1045245,-0.1886836,0.3196481,-0.4445243,-0.8367935,0.2213879
3/20/2026 11:53:50.44,0.0360203,-0.0472429,-0.0884828,0.9943046,0.0633122,-0.1006935,-0.1807029,0.3379757,-0.4432772,-0.8302274,0.2135569
3/20/2026 11:53:50.46,0.0369315,-0.0458731,-0.0842772,0.9947006,0.0657868,-0.0978523,-0.1722710,0.3592034,-0.4461715,-0.8196976,0.2059929
3/20/2026 11:53:50.48,0.0379475,-0.0448623,-0.0804325,0.9950267,0.0683539,-0.0957522,-0.1645947,0.3809628,-0.4503819,-0.8074797,0.1995479
3/20/2026 11:53:50.5,0.0390180,-0.0436842,-0.0759268,0.9953917,0.0711026,-0.0932613,-0.1555811,0.4068882,-0.4555488,-0.7917812,0.1920808
3/20/2026 11:53:50.52,0.0397284,-0.0423567,-0.0715116,0.9957479,0.0731262,-0.0903995,-0.1466968,0.4312619,-0.4597921,-0.7762759,0.1845026
3/20/2026 11:53:50.54,0.0404030,-0.0409033,-0.0668404,0.9961059,0.0750939,-0.0872453,-0.1372820,0.4582641,-0.4639383,-0.7581262,0.1765587
3/20/2026 11:53:50.56,0.0411656,-0.0397282,-0.0623127,0.9964158,0.0771615,-0.0846546,-0.1281807,0.4866367,-0.4696451,-0.7366262,0.1693836
3/20/2026 11:53:50.58,0.0419733,-0.0386729,-0.0581999,0.9966723,0.0792487,-0.0823251,-0.1199217,0.5149198,-0.4744305,-0.7139842,0.1632072
3/20/2026 11:53:50.6,0.0425647,-0.0372818,-0.0540380,0.9969344,0.0809274,-0.0792774,-0.1115137,0.5440137,-0.4764939,-0.6906537,0.1566436
3/20/2026 11:53:50.62,0.0430150,-0.0355513,-0.0494815,0.9972149,0.0823652,-0.0754887,-0.1022701,0.5767413,-0.4766680,-0.6634434,0.1493019
3/20/2026 11:53:50.64,0.0437610,-0.0340908,-0.0449372,0.9974485,0.0843348,-0.0722600,-0.0930936,0.6129834,-0.4775274,-0.6294593,0.1429009
3/20/2026 11:53:50.66,0.0448821,-0.0328187,-0.0403877,0.9976359,0.0870109,-0.0694258,-0.0839461,0.6531022,-0.4775612,-0.5877013,0.1375509
3/20/2026 11:53:50.68,0.0459182,-0.0311497,-0.0352195,0.9978381,0.0895633,-0.0657096,-0.0735080,0.6986876,-0.4739718,-0.5358979,0.1315355
3/20/2026 11:53:50.7,0.0465716,-0.0291188,-0.0296217,0.9980510,0.0913636,-0.0611763,-0.0621391,0.7462918,-0.4666174,-0.4746756,0.1248867
3/20/2026 11:53:50.72,0.0468702,-0.0264952,-0.0230240,0.9982842,0.0924913,-0.0553222,-0.0486799,0.8004209,-0.4524685,-0.3931904,0.1171778
3/20/2026 11:53:50.74,0.0473351,-0.0248307,-0.0177301,0.9984130,0.0937769,-0.0515102,-0.0379303,0.8405214,-0.4409150,-0.3148298,0.1126905
3/20/2026 11:53:50.76,0.0479657,-0.0234320,-0.0129267,0.9984905,0.0953252,-0.0482711,-0.0281940,0.8732784,-0.4266100,-0.2353480,0.1099042
3/20/2026 11:53:50.78,0.0486430,-0.0221801,-0.0085336,0.9985336,0.0969165,-0.0453536,-0.0192918,0.8985006,-0.4096951,-0.1576277,0.1083237
3/20/2026 11:53:50.8,0.0492377,-0.0205060,-0.0037584,0.9985695,0.0983389,-0.0415359,-0.0095719,0.9208585,-0.3835084,-0.0702915,0.1069876
3/20/2026 11:53:50.82,0.0497442,-0.0185411,0.0010354,0.9985894,0.0995508,-0.0371192,0.0002244,0.9368486,-0.3491910,0.0195005,0.1062426
3/20/2026 11:53:50.84,0.0499699,-0.0171921,0.0053144,0.9985887,0.1001487,-0.0339813,0.0089406,0.9408538,-0.3237002,0.1000619,0.1062673
3/20/2026 11:53:50.86,0.0501222,-0.0161523,0.0094417,0.9985679,0.1005752,-0.0314761,0.0173255,0.9368591,-0.3019108,0.1764789,0.1070500
3/20/2026 11:53:50.88,0.0497363,-0.0152044,0.0129835,0.9985623,0.0998904,-0.0292233,0.0245420,0.9278379,-0.2836400,0.2422087,0.1072570
3/20/2026 11:53:50.9,0.0491825,-0.0142621,0.0163246,0.9985546,0.0988493,-0.0270122,0.0313574,0.9150619,-0.2653518,0.3037273,0.1075435
3/20/2026 11:53:50.92,0.0485838,-0.0132599,0.0195158,0.9985405,0.0976987,-0.0247051,0.0378758,0.8995340,-0.2455081,0.3613366,0.1080701
3/20/2026 11:53:50.94,0.0478381,-0.0122807,0.0223385,0.9985298,0.0962326,-0.0224941,0.0436522,0.8825210,-0.2265563,0.4121032,0.1084645
3/20/2026 11:53:50.96,0.0469737,-0.0112702,0.0250179,0.9985192,0.0945129,-0.0202484,0.0491419,0.8634752,-0.2071701,0.4598816,0.1088531
3/20/2026 11:53:50.98,0.0461672,-0.0103090,0.0280436,0.9984868,0.0929065,-0.0180763,0.0553170,0.8395250,-0.1874629,0.5099562,0.1100387
3/20/2026 11:53:51,0.0453924,-0.0097092,0.0308461,0.9984457,0.0913697,-0.0166581,0.0610070,0.8144549,-0.1742079,0.5534573,0.1115245
3/20/2026 11:53:51.02,0.0444596,-0.0091601,0.0337494,0.9983990,0.0895147,-0.0153519,0.0668938,0.7859930,-0.1619392,0.5966495,0.1131890
3/20/2026 11:53:51.04,0.0435893,-0.0087642,0.0363541,0.9983495,0.0877847,-0.0143860,0.0721644,0.7589697,-0.1526000,0.6329916,0.1149228
3/20/2026 11:53:51.06,0.0427194,-0.0084344,0.0387284,0.9983006,0.0860532,-0.0135818,0.0769650,0.7330664,-0.1447340,0.6645795,0.1166166
3/20/2026 11:53:51.08,0.0415689,-0.0080161,0.0412298,0.9982525,0.0837513,-0.0126211,0.0820282,0.7034338,-0.1356499,0.6976962,0.1182539
3/20/2026 11:53:51.1,0.0399058,-0.0075169,0.0440726,0.9982028,0.0804173,-0.0115269,0.0877828,0.6658950,-0.1254328,0.7354252,0.1199246
3/20/2026 11:53:51.12,0.0379275,-0.0069280,0.0468817,0.9981561,0.0764391,-0.0103045,0.0934737,0.6248436,-0.1141369,0.7723622,0.1214722
3/20/2026 11:53:51.14,0.0362758,-0.0064107,0.0490135,0.9981187,0.0731086,-0.0092662,0.0977942,0.5916434,-0.1045565,0.7993909,0.1226994
3/20/2026 11:53:51.16,0.0350154,-0.0060994,0.0505822,0.9980873,0.0705726,-0.0086548,0.1009660,0.5664002,-0.0986625,0.8182032,0.1237179
3/20/2026 11:53:51.18,0.0338277,-0.0059479,0.0520176,0.9980555,0.0681955,-0.0083730,0.1038581,0.5426847,-0.0954202,0.8344988,0.1247433
3/20/2026 11:53:51.2,0.0324591,-0.0058091,0.0534747,0.9980246,0.0654580,-0.0081413,0.1067921,0.5166659,-0.0924662,0.8511795,0.1257301
3/20/2026 11:53:51.22,0.0310035,-0.0057012,0.0547727,0.9980012,0.0625483,-0.0079991,0.1094045,0.4905903,-0.0902146,0.8667078,0.1264755
3/20/2026 11:53:51.24,0.0297641,-0.0057441,0.0559062,0.9979758,0.0600860,-0.0081518,0.1116773,0.4680208,-0.0903225,0.8790895,0.1272766
3/20/2026 11:53:51.26,0.0285810,-0.0058990,0.0569794,0.9979488,0.0577491,-0.0085310,0.1138228,0.4464517,-0.0921450,0.8900506,0.1281211
3/20/2026 11:53:51.28,0.0274657,-0.0064104,0.0580715,0.9979140,0.0555899,-0.0096192,0.1159873,0.4254407,-0.0992971,0.8995222,0.1292059
3/20/2026 11:53:51.3,0.0262519,-0.0071014,0.0593092,0.9978691,0.0532594,-0.0110744,0.1184371,0.4023458,-0.1088381,0.9089952,0.1305871
3/20/2026 11:53:51.32,0.0248315,-0.0076358,0.0606247,0.9978225,0.0505022,-0.0122435,0.1210556,0.3764832,-0.1157706,0.9191614,0.1320081
3/20/2026 11:53:51.34,0.0232381,-0.0081082,0.0620110,0.9977719,0.0473959,-0.0133135,0.1238236,0.3483101,-0.1215313,0.9294677,0.1335338
3/20/2026 11:53:51.36,0.0219064,-0.0086175,0.0633583,0.9977132,0.0448195,-0.0144346,0.1265132,0.3241059,-0.1274962,0.9373901,0.1352823
3/20/2026 11:53:51.38,0.0210533,-0.0094216,0.0646793,0.9976395,0.0432393,-0.0160910,0.1291355,0.3065908,-0.1372029,0.9419010,0.1374450
3/20/2026 11:53:51.4,0.0204078,-0.0106532,0.0659991,0.9975541,0.0421345,-0.0185780,0.1317379,0.2919621,-0.1524084,0.9442085,0.1399124
3/20/2026 11:53:51.42,0.0195442,-0.0121905,0.0673269,0.9974651,0.0406419,-0.0217071,0.1343504,0.2746578,-0.1713149,0.9461576,0.1424342
3/20/2026 11:53:51.44,0.0178009,-0.0139372,0.0688725,0.9973694,0.0374366,-0.0253696,0.1374144,0.2455696,-0.1922685,0.9501202,0.1450998
3/20/2026 11:53:51.46,0.0146285,-0.0151471,0.0709876,0.9972550,0.0313324,-0.0281517,0.1416851,0.1975625,-0.2045659,0.9587085,0.1482223
3/20/2026 11:53:51.48,0.0108601,-0.0158316,0.0732460,0.9971292,0.0239793,-0.0299945,0.1462906,0.1434235,-0.2090802,0.9673237,0.1515829
3/20/2026 11:53:51.5,0.0071469,-0.0165170,0.0750231,0.9970194,0.0167303,-0.0318731,0.1499451,0.0926344,-0.2140857,0.9724126,0.1544557
3/20/2026 11:53:51.52,0.0038423,-0.0173992,0.0760803,0.9969426,0.0103087,-0.0341158,0.1521561,0.0491721,-0.2226700,0.9736530,0.1564348
3/20/2026 11:53:51.54,0.0005532,-0.0182176,0.0766664,0.9968902,0.0038962,-0.0362452,0.1534383,0.0070196,-0.2311783,0.9728860,0.1577686
3/20/2026 11:53:51.56,-0.0031621,-0.0187031,0.0771281,0.9968408,-0.0034191,-0.0377851,0.1545019,-0.0398115,-0.2354779,0.9710640,0.1590192
3/20/2026 11:53:51.58,-0.0080922,-0.0185113,0.0776298,0.9967775,-0.0132586,-0.0381723,0.1557008,-0.1008810,-0.2307694,0.9677647,0.1606038
3/20/2026 11:53:51.6,-0.0122666,-0.0179926,0.0779559,0.9967190,-0.0216491,-0.0377975,0.1565164,-0.1515508,-0.2222950,0.9631290,0.1620566
3/20/2026 11:53:51.62,-0.0156175,-0.0176592,0.0780582,0.9966700,-0.0283780,-0.0376630,0.1568533,-0.1915314,-0.2165696,0.9572948,0.1632628
3/20/2026 11:53:51.64,-0.0185440,-0.0174830,0.0780534,0.9966234,-0.0342402,-0.0377739,0.1569634,-0.2258460,-0.2129250,0.9506085,0.1644021
3/20/2026 11:53:51.66,-0.0214755,-0.0175752,0.0780541,0.9965629,-0.0400705,-0.0384223,0.1570975,-0.2592396,-0.2121570,0.9422230,0.1658692
3/20/2026 11:53:51.68,-0.0246908,-0.0177248,0.0779775,0.9964918,-0.0464607,-0.0392282,0.1570974,-0.2950206,-0.2117866,0.9317238,0.1675772
3/20/2026 11:53:51.7,-0.0289104,-0.0174506,0.0780113,0.9963805,-0.0549163,-0.0393551,0.1573517,-0.3400960,-0.2052860,0.9177104,0.1702158
3/20/2026 11:53:51.72,-0.0340359,-0.0167529,0.0780692,0.9962260,-0.0652455,-0.0387858,0.1576762,-0.3921278,-0.1930096,0.8994349,0.1738129
3/20/2026 11:53:51.74,-0.0394920,-0.0160582,0.0778879,0.9960503,-0.0762445,-0.0382620,0.1575354,-0.4447704,-0.1808523,0.8771954,0.1778157
3/20/2026 11:53:51.76,-0.0447534,-0.0157646,0.0774522,0.9958664,-0.0868037,-0.0384857,0.1569066,-0.4927111,-0.1735601,0.8527089,0.1819119
3/20/2026 11:53:51.78,-0.0492565,-0.0160902,0.0766317,0.9957120,-0.0957709,-0.0397844,0.1555274,-0.5324636,-0.1739353,0.8283895,0.1852787
3/20/2026 11:53:51.8,-0.0533854,-0.0166841,0.0755914,0.9955691,-0.1039626,-0.0415275,0.1537258,-0.5677237,-0.1774262,0.8038717,0.1883436
3/20/2026 11:53:51.82,-0.0573978,-0.0173341,0.0744498,0.9954207,-0.1119224,-0.0433407,0.1517350,-0.6004481,-0.1813355,0.7788321,0.1914744
3/20/2026 11:53:51.84,-0.0622148,-0.0179712,0.0729541,0.9952307,-0.1215128,-0.0451973,0.1490957,-0.6377750,-0.1842265,0.7478661,0.1954085
3/20/2026 11:53:51.86,-0.0662031,-0.0186507,0.0713423,0.9950778,-0.1294546,-0.0469741,0.1461908,-0.6680570,-0.1882041,0.7199161,0.1985196
3/20/2026 11:53:51.88,-0.0696080,-0.0196294,0.0692546,0.9949739,-0.1362183,-0.0491779,0.1423401,-0.6951498,-0.1960313,0.6916202,0.2006054
3/20/2026 11:53:51.9,-0.0725400,-0.0207473,0.0668313,0.9949076,-0.1420453,-0.0515206,0.1378114,-0.7197038,-0.2058438,0.6630647,0.2019249
3/20/2026 11:53:51.92,-0.0747363,-0.0214748,0.0647451,0.9948676,-0.1464476,-0.0529986,0.1338637,-0.7386032,-0.2122309,0.6398619,0.2027182
3/20/2026 11:53:51.94,-0.0766661,-0.0219951,0.0630205,0.9948201,-0.1503312,-0.0540612,0.1306005,-0.7542042,-0.2163775,0.6199652,0.2036538
3/20/2026 11:53:51.96,-0.0787197,-0.0226973,0.0613569,0.9947479,-0.1544405,-0.0555049,0.1275016,-0.7690821,-0.2217496,0.5994497,0.2050703
3/20/2026 11:53:51.98,-0.0808232,-0.0239646,0.0596508,0.9946533,-0.1585870,-0.0580763,0.1244156,-0.7826319,-0.2320557,0.5776137,0.2069092
3/20/2026 11:53:52,-0.0827838,-0.0256025,0.0577726,0.9945622,-0.1624223,-0.0613371,0.1210407,-0.7948847,-0.2458335,0.5547289,0.2086668
3/20/2026 11:53:52.02,-0.0846548,-0.0275035,0.0555986,0.9944777,-0.1660788,-0.0650570,0.1171153,-0.8066358,-0.2620679,0.5297726,0.2102825
3/20/2026 11:53:52.04,-0.0865990,-0.0291135,0.0532953,0.9943906,-0.1699400,-0.0681650,0.1128980,-0.8187451,-0.2752519,0.5038778,0.2119367
3/20/2026 11:53:52.06,-0.0885231,-0.0305665,0.0506617,0.9943154,-0.1738165,-0.0708814,0.1079932,-0.8313859,-0.2870726,0.4758013,0.2133543
3/20/2026 11:53:52.08,-0.0904856,-0.0317452,0.0477317,0.9942467,-0.1778354,-0.0729778,0.1024515,-0.8447486,-0.2963643,0.4456097,0.2146402
3/20/2026 11:53:52.1,-0.0927157,-0.0328351,0.0443122,0.9941640,-0.1824499,-0.0748142,0.0959333,-0.8594402,-0.3043690,0.4107578,0.2161784
3/20/2026 11:53:52.12,-0.0946074,-0.0335535,0.0414428,0.9940856,-0.1863919,-0.0759387,0.0904321,-0.8711567,-0.3089649,0.3816106,0.2176288
3/20/2026 11:53:52.14,-0.0966447,-0.0338947,0.0388816,0.9939816,-0.1906430,-0.0763530,0.0854984,-0.8822107,-0.3094043,0.3549269,0.2195349
3/20/2026 11:53:52.16,-0.0984277,-0.0343973,0.0362528,0.9938887,-0.1943802,-0.0770362,0.0804341,-0.8916546,-0.3116041,0.3284130,0.2212249
3/20/2026 11:53:52.18,-0.1000029,-0.0353012,0.0334652,0.9937975,-0.1976876,-0.0784648,0.0751083,-0.8992618,-0.3174407,0.3009312,0.2228700
3/20/2026 11:53:52.2,-0.1018490,-0.0365382,0.0303059,0.9936666,-0.2015552,-0.0805016,0.0691245,-0.9063830,-0.3251636,0.2697010,0.2252119
3/20/2026 11:53:52.22,-0.1038313,-0.0375087,0.0270045,0.9935206,-0.2057397,-0.0819573,0.0628140,-0.9135788,-0.3300268,0.2376044,0.2277973
3/20/2026 11:53:52.24,-0.1058048,-0.0382286,0.0235416,0.9933729,-0.2099462,-0.0828438,0.0561223,-0.9205540,-0.3326074,0.2048233,0.2303808
3/20/2026 11:53:52.26,-0.1074235,-0.0387677,0.0202783,0.9932503,-0.2134416,-0.0833546,0.0497619,-0.9261352,-0.3342295,0.1748265,0.2325046
3/20/2026 11:53:52.28,-0.1087602,-0.0391487,0.0174988,0.9931428,-0.2163424,-0.0836109,0.0443211,-0.9303017,-0.3348656,0.1496795,0.2343513
3/20/2026 11:53:52.3,-0.1100985,-0.0395321,0.0152421,0.9930172,-0.2192055,-0.0839740,0.0399428,-0.9332799,-0.3351043,0.1292036,0.2364901
3/20/2026 11:53:52.32,-0.1114557,-0.0400301,0.0134679,0.9928715,-0.2220647,-0.0846694,0.0365735,-0.9351124,-0.3358526,0.1129957,0.2389471
3/20/2026 11:53:52.34,-0.1125569,-0.0407912,0.0115989,0.9927400,-0.2244121,-0.0858567,0.0330470,-0.9357833,-0.3391322,0.0964314,0.2411434
3/20/2026 11:53:52.36,-0.1131032,-0.0416278,0.0089195,0.9926708,-0.2257178,-0.0869762,0.0278348,-0.9358959,-0.3444580,0.0738066,0.2422913
3/20/2026 11:53:52.38,-0.1136032,-0.0425087,0.0056464,0.9926005,-0.2269893,-0.0880403,0.0214188,-0.9355665,-0.3500758,0.0465000,0.2434525
3/20/2026 11:53:52.4,-0.1143810,-0.0434713,0.0018969,0.9924836,-0.2288706,-0.0891631,0.0140777,-0.9346537,-0.3552214,0.0155007,0.2453702
3/20/2026 11:53:52.42,-0.1148872,-0.0442521,-0.0012487,0.9923918,-0.2301635,-0.0900367,0.0078980,-0.9331213,-0.3594188,-0.0101424,0.2468668
3/20/2026 11:53:52.44,-0.1150783,-0.0451382,-0.0045842,0.9923198,-0.2308477,-0.0910662,0.0013261,-0.9303077,-0.3649030,-0.0370592,0.2480327
3/20/2026 11:53:52.46,-0.1151576,-0.0463010,-0.0087487,0.9922290,-0.2313949,-0.0924598,-0.0068813,-0.9255177,-0.3721195,-0.0703133,0.2494971
3/20/2026 11:53:52.48,-0.1153881,-0.0475630,-0.0136200,0.9920877,-0.2323304,-0.0938869,-0.0164923,-0.9190797,-0.3788450,-0.1084852,0.2517576
3/20/2026 11:53:52.5,-0.1157623,-0.0487212,-0.0186752,0.9919056,-0.2335887,-0.0950504,-0.0264908,-0.9116716,-0.3836977,-0.1470739,0.2546429
3/20/2026 11:53:52.52,-0.1160462,-0.0500252,-0.0242516,0.9916869,-0.2347393,-0.0963782,-0.0375280,-0.9018518,-0.3887699,-0.1884709,0.2580645
3/20/2026 11:53:52.54,-0.1162957,-0.0517689,-0.0304555,0.9913970,-0.2359263,-0.0984449,-0.0497450,-0.8884981,-0.3955137,-0.2326801,0.2625323
3/20/2026 11:53:52.56,-0.1168595,-0.0534207,-0.0365623,0.9910365,-0.2377644,-0.1003244,-0.0617606,-0.8747519,-0.3998807,-0.2736868,0.2679843
3/20/2026 11:53:52.58,-0.1177998,-0.0545845,-0.0417269,0.9906577,-0.2402586,-0.1013994,-0.0719423,-0.8638107,-0.4002609,-0.3059778,0.2735967
3/20/2026 11:53:52.6,-0.1187446,-0.0555214,-0.0462404,0.9902924,-0.2426938,-0.1021491,-0.0808543,-0.8542759,-0.3994336,-0.3326645,0.2789024
3/20/2026 11:53:52.62,-0.1195847,-0.0564284,-0.0504409,0.9899349,-0.2448952,-0.1029034,-0.0891472,-0.8449802,-0.3987205,-0.3564134,0.2840001
3/20/2026 11:53:52.64,-0.1203039,-0.0575850,-0.0551329,0.9895309,-0.2469405,-0.1040367,-0.0983973,-0.8335826,-0.3990049,-0.3820144,0.2896544
3/20/2026 11:53:52.66,-0.1205850,-0.0585651,-0.0591047,0.9892099,-0.2480257,-0.1050124,-0.1062579,-0.8230727,-0.3997455,-0.4034287,0.2940690
3/20/2026 11:53:52.68,-0.1207695,-0.0596089,-0.0630715,0.9888800,-0.2489354,-0.1061219,-0.1141025,-0.8120803,-0.4008231,-0.4241064,0.2985390
3/20/2026 11:53:52.7,-0.1212301,-0.0605287,-0.0668042,0.9885226,-0.2503721,-0.1070047,-0.1214795,-0.8024566,-0.4006568,-0.4421962,0.3033075
3/20/2026 11:53:52.72,-0.1217426,-0.0612097,-0.0700423,0.9881935,-0.2518386,-0.1075115,-0.1279029,-0.7946039,-0.3995106,-0.4571607,0.3076342
3/20/2026 11:53:52.74,-0.1220274,-0.0618280,-0.0728716,0.9879152,-0.2528006,-0.1080134,-0.1335243,-0.7872955,-0.3989017,-0.4701525,0.3112453
3/20/2026 11:53:52.76,-0.1220544,-0.0624670,-0.0755424,0.9876711,-0.2532348,-0.1086241,-0.1388368,-0.7796805,-0.3990377,-0.4825631,0.3143799
3/20/2026 11:53:52.78,-0.1220810,-0.0629642,-0.0779184,0.9874516,-0.2536205,-0.1090198,-0.1435824,-0.7730435,-0.3987028,-0.4933961,0.3171722
3/20/2026 11:53:52.8,-0.1220732,-0.0633891,-0.0799422,0.9872636,-0.2538906,-0.1093627,-0.1476273,-0.7673038,-0.3984390,-0.5024851,0.3195443
3/20/2026 11:53:52.82,-0.1218439,-0.0638633,-0.0819441,0.9870972,-0.2537234,-0.1098401,-0.1516318,-0.7609406,-0.3988399,-0.5117580,0.3216288
3/20/2026 11:53:52.84,-0.1217199,-0.0643052,-0.0840500,0.9869068,-0.2537772,-0.1102112,-0.1558510,-0.7546528,-0.3986868,-0.5211027,0.3239988
3/20/2026 11:53:52.86,-0.1215193,-0.0647477,-0.0860149,0.9867333,-0.2536645,-0.1106309,-0.1597867,-0.7484987,-0.3988135,-0.5298090,0.3261433
3/20/2026 11:53:52.88,-0.1210530,-0.0652763,-0.0884704,0.9865385,-0.2530902,-0.1111379,-0.1647280,-0.7402526,-0.3991721,-0.5410063,0.3285335
3/20/2026 11:53:52.9,-0.1207391,-0.0657655,-0.0910849,0.9863065,-0.2528372,-0.1115035,-0.1699958,-0.7320951,-0.3987656,-0.5522888,0.3313594
3/20/2026 11:53:52.92,-0.1203647,-0.0662800,-0.0938543,0.9860582,-0.2524888,-0.1118920,-0.1755803,-0.7233409,-0.3983147,-0.5640243,0.3343572
3/20/2026 11:53:52.94,-0.1197012,-0.0667925,-0.0965528,0.9858439,-0.2515560,-0.1123435,-0.1810412,-0.7139242,-0.3983651,-0.5758625,0.3369229
3/20/2026 11:53:52.96,-0.1190463,-0.0671739,-0.0994727,0.9856070,-0.2506458,-0.1124745,-0.1869903,-0.7041920,-0.3973524,-0.5884087,0.3397374
3/20/2026 11:53:52.98,-0.1185676,-0.0676092,-0.1026864,0.9853053,-0.2501359,-0.1126160,-0.1935182,-0.6941763,-0.3958305,-0.6011966,0.3432879
3/20/2026 11:53:53,-0.1178900,-0.0681167,-0.1058916,0.9850122,-0.2492448,-0.1129471,-0.2000249,-0.6834811,-0.3949143,-0.6139188,0.3467028
3/20/2026 11:53:53.02,-0.1170011,-0.0683258,-0.1084779,0.9848224,-0.2478026,-0.1128735,-0.2053486,-0.6741018,-0.3936591,-0.6249954,0.3488972
3/20/2026 11:53:53.04,-0.1161355,-0.0681697,-0.1109042,0.9846653,-0.2463128,-0.1120998,-0.2104325,-0.6657072,-0.3907597,-0.6357207,0.3507024
3/20/2026 11:53:53.06,-0.1153616,-0.0680560,-0.1130553,0.9845195,-0.2449828,-0.1114726,-0.2149327,-0.6581739,-0.3882805,-0.6450158,0.3523699
3/20/2026 11:53:53.08,-0.1145578,-0.0680766,-0.1151076,0.9843740,-0.2436101,-0.1111568,-0.2191970,-0.6505641,-0.3866013,-0.6536862,0.3540262
3/20/2026 11:53:53.1,-0.1138164,-0.0680843,-0.1169972,0.9842368,-0.2423410,-0.1108491,-0.2231254,-0.6435547,-0.3849705,-0.6615399,0.3555812
3/20/2026 11:53:53.12,-0.1126846,-0.0680752,-0.1190481,0.9841217,-0.2403053,-0.1105541,-0.2274119,-0.6348605,-0.3835329,-0.6707121,0.3568811
3/20/2026 11:53:53.14,-0.1115772,-0.0680009,-0.1204589,0.9840813,-0.2382318,-0.1102879,-0.2303953,-0.6278304,-0.3826321,-0.6778066,0.3573355
3/20/2026 11:53:53.16,-0.1098599,-0.0678148,-0.1219152,0.9841082,-0.2349181,-0.1099214,-0.2335327,-0.6186824,-0.3819031,-0.6865726,0.3570336
3/20/2026 11:53:53.18,-0.1073614,-0.0677583,-0.1235617,0.9841824,-0.2300961,-0.1099551,-0.2370735,-0.6060187,-0.3824728,-0.6974638,0.3561968
3/20/2026 11:53:53.2,-0.1043253,-0.0679679,-0.1254544,0.9842550,-0.2242950,-0.1106097,-0.2410896,-0.5902265,-0.3845322,-0.7097659,0.3553756
3/20/2026 11:53:53.22,-0.1014058,-0.0682085,-0.1274031,0.9842931,-0.2187464,-0.1113123,-0.2452083,-0.5744004,-0.3863584,-0.7216588,0.3549444
3/20/2026 11:53:53.24,-0.0986499,-0.0683046,-0.1293763,0.9843091,-0.2134963,-0.1117026,-0.2493999,-0.5590731,-0.3870984,-0.7332067,0.3547627
3/20/2026 11:53:53.26,-0.0959434,-0.0682262,-0.1312477,0.9843345,-0.2082928,-0.1117735,-0.2534165,-0.5441686,-0.3869628,-0.7444060,0.3544748
3/20/2026 11:53:53.28,-0.0928243,-0.0680007,-0.1328695,0.9844314,-0.2022038,-0.1117207,-0.2569765,-0.5281039,-0.3868755,-0.7559323,0.3533737
3/20/2026 11:53:53.3,-0.0891623,-0.0677439,-0.1343175,0.9845911,-0.1950089,-0.1117953,-0.2602206,-0.5098708,-0.3873905,-0.7680888,0.3515521
3/20/2026 11:53:53.32,-0.0850332,-0.0679968,-0.1356732,0.9847532,-0.1870122,-0.1130544,-0.2632115,-0.4888141,-0.3908806,-0.7799187,0.3496937
3/20/2026 11:53:53.34,-0.0809276,-0.0683288,-0.1368333,0.9849155,-0.1790685,-0.1145264,-0.2657990,-0.4676926,-0.3948820,-0.7907793,0.3478227
3/20/2026 11:53:53.36,-0.0764366,-0.0682885,-0.1381730,0.9850900,-0.1702868,-0.1153378,-0.2688563,-0.4442961,-0.3969346,-0.8031462,0.3457997
3/20/2026 11:53:53.38,-0.0721493,-0.0683869,-0.1392293,0.9852578,-0.1619208,-0.1164497,-0.2713076,-0.4217374,-0.3997452,-0.8138435,0.3438437
3/20/2026 11:53:53.4,-0.0673010,-0.0685401,-0.1400092,0.9854798,-0.1524296,-0.1178806,-0.2732437,-0.3963701,-0.4036678,-0.8245866,0.3412390
3/20/2026 11:53:53.42,-0.0623515,-0.0686087,-0.1406388,0.9857109,-0.1427031,-0.1192096,-0.2749119,-0.3701569,-0.4073032,-0.8349179,0.3385054
3/20/2026 11:53:53.44,-0.0578701,-0.0684696,-0.1409746,0.9859459,-0.1338176,-0.1200572,-0.2759885,-0.3463920,-0.4098372,-0.8438283,0.3357035
3/20/2026 11:53:53.46,-0.0533225,-0.0684486,-0.1410979,0.9861860,-0.1248115,-0.1211957,-0.2766374,-0.3219150,-0.4132336,-0.8518267,0.3328170
3/20/2026 11:53:53.48,-0.0489646,-0.0684878,-0.1409714,0.9864274,-0.1161708,-0.1224403,-0.2767709,-0.2982042,-0.4171048,-0.8585441,0.3298903
3/20/2026 11:53:53.5,-0.0447525,-0.0687184,-0.1409146,0.9866196,-0.1078833,-0.1240221,-0.2770275,-0.2744882,-0.4214826,-0.8642967,0.3275406
3/20/2026 11:53:53.52,-0.0403910,-0.0687388,-0.1409270,0.9868045,-0.0992533,-0.1252207,-0.2774770,-0.2494563,-0.4245328,-0.8703697,0.3252639
3/20/2026 11:53:53.54,-0.0362332,-0.0683445,-0.1406761,0.9870291,-0.0908803,-0.1255683,-0.2774253,-0.2256935,-0.4257123,-0.8762599,0.3224779
3/20/2026 11:53:53.56,-0.0317845,-0.0680786,-0.1404437,0.9872340,-0.0819717,-0.1262490,-0.2774389,-0.1995542,-0.4274209,-0.8817537,0.3199157
3/20/2026 11:53:53.58,-0.0274922,-0.0685741,-0.1400357,0.9873863,-0.0735628,-0.1284174,-0.2770382,-0.1736392,-0.4331098,-0.8844576,0.3179970
3/20/2026 11:53:53.6,-0.0220272,-0.0691113,-0.1392111,0.9876025,-0.0627917,-0.1310079,-0.2759516,-0.1403229,-0.4402680,-0.8868334,0.3152544
3/20/2026 11:53:53.62,-0.0171827,-0.0694300,-0.1384574,0.9877823,-0.0531969,-0.1329846,-0.2749821,-0.1102586,-0.4455202,-0.8884565,0.3129557
3/20/2026 11:53:53.64,-0.0134409,-0.0694213,-0.1378802,0.9879217,-0.0457166,-0.1339995,-0.2742723,-0.0867407,-0.4480108,-0.8898103,0.3111622
3/20/2026 11:53:53.66,-0.0113329,-0.0690716,-0.1371486,0.9880745,-0.0413534,-0.1339011,-0.2730722,-0.0736008,-0.4485825,-0.8907057,0.3091834
3/20/2026 11:53:53.68,-0.0097303,-0.0687528,-0.1360898,0.9882601,-0.0379544,-0.1337373,-0.2711495,-0.0636879,-0.4500087,-0.8907502,0.3067624
3/20/2026 11:53:53.7,-0.0082257,-0.0684902,-0.1348833,0.9884574,-0.0347448,-0.1336583,-0.2689158,-0.0542950,-0.4520823,-0.8903222,0.3041696
3/20/2026 11:53:53.72,-0.0063671,-0.0681696,-0.1337168,0.9886517,-0.0308254,-0.1335492,-0.2668102,-0.0423835,-0.4537808,-0.8901048,0.3015936
3/20/2026 11:53:53.74,-0.0041948,-0.0677688,-0.1326990,0.9888280,-0.0262846,-0.1333508,-0.2650473,-0.0281413,-0.4546374,-0.8902320,0.2992372
3/20/2026 11:53:53.76,-0.0015338,-0.0672710,-0.1315072,0.9890289,-0.0207287,-0.1330836,-0.2629998,-0.0103830,-0.4553882,-0.8902324,0.2965291
3/20/2026 11:53:53.78,0.0012734,-0.0667213,-0.1303233,0.9892233,-0.0148719,-0.1327405,-0.2609889,0.0086970,-0.4556980,-0.8900920,0.2938858
3/20/2026 11:53:53.8,0.0039901,-0.0655085,-0.1290360,0.9894658,-0.0090099,-0.1310466,-0.2587646,0.0275621,-0.4525088,-0.8913339,0.2905550
3/20/2026 11:53:53.82,0.0064153,-0.0641462,-0.1277533,0.9897087,-0.0036913,-0.1289693,-0.2565054,0.0448317,-0.4482701,-0.8927732,0.2871799
3/20/2026 11:53:53.84,0.0089716,-0.0630675,-0.1264300,0.9899280,0.0018153,-0.1274784,-0.2541731,0.0633715,-0.4454813,-0.8930456,0.2840978
3/20/2026 11:53:53.86,0.0118927,-0.0615571,-0.1249736,0.9901772,0.0081658,-0.1252086,-0.2516110,0.0850584,-0.4402656,-0.8938295,0.2805553
3/20/2026 11:53:53.88,0.0142588,-0.0596295,-0.1238426,0.9904061,0.0134751,-0.1219597,-0.2496160,0.1031841,-0.4315094,-0.8961879,0.2772621
3/20/2026 11:53:53.9,0.0166365,-0.0578075,-0.1227468,0.9906133,0.0187703,-0.1189149,-0.2476805,0.1217059,-0.4228970,-0.8979676,0.2742463
3/20/2026 11:53:53.92,0.0189928,-0.0562903,-0.1216977,0.9907879,0.0239371,-0.1164626,-0.2458297,0.1402469,-0.4156597,-0.8986422,0.2716809
3/20/2026 11:53:53.94,0.0210178,-0.0550044,-0.1208823,0.9909189,0.0283595,-0.1143863,-0.2444044,0.1563113,-0.4090733,-0.8990138,0.2697383
3/20/2026 11:53:53.96,0.0226469,-0.0538466,-0.1200764,0.9910446,0.0319622,-0.1124616,-0.2429468,0.1695994,-0.4032497,-0.8992362,0.2678629
3/20/2026 11:53:53.98,0.0241705,-0.0526834,-0.1190704,0.9911925,0.0353766,-0.1104884,-0.2410677,0.1825165,-0.3978228,-0.8991244,0.2656379
3/20/2026 11:53:54,0.0256837,-0.0516619,-0.1177474,0.9913662,0.0387675,-0.1087761,-0.2385490,0.1958760,-0.3939980,-0.8979968,0.2630018
3/20/2026 11:53:54.02,0.0273397,-0.0506729,-0.1158699,0.9915941,0.0424897,-0.1071309,-0.2349277,0.2113018,-0.3916377,-0.8955286,0.2595021
3/20/2026 11:53:54.04,0.0286587,-0.0494991,-0.1127971,0.9919705,0.0457065,-0.1049705,-0.2288492,0.2266050,-0.3913897,-0.8918880,0.2536184
3/20/2026 11:53:54.06,0.0297793,-0.0481893,-0.1085866,0.9924717,0.0486640,-0.1024204,-0.2204483,0.2431464,-0.3934636,-0.8866037,0.2455650
3/20/2026 11:53:54.08,0.0308330,-0.0469842,-0.1036427,0.9930257,0.0515195,-0.1000033,-0.2105669,0.2615218,-0.3985147,-0.8790860,0.2363466
3/20/2026 11:53:54.1,0.0319341,-0.0453410,-0.0974669,0.9936925,0.0546541,-0.0966293,-0.1981890,0.2847700,-0.4043244,-0.8691536,0.2247520
3/20/2026 11:53:54.12,0.0327955,-0.0437659,-0.0918343,0.9942713,0.0572080,-0.0933418,-0.1868768,0.3068277,-0.4094647,-0.8591830,0.2141801
3/20/2026 11:53:54.14,0.0338430,-0.0426429,-0.0866716,0.9947484,0.0599746,-0.0909932,-0.1765506,0.3306561,-0.4166338,-0.8468075,0.2050609
3/20/2026 11:53:54.16,0.0350107,-0.0415165,-0.0815532,0.9951884,0.0629544,-0.0886353,-0.1663224,0.3573208,-0.4237197,-0.8323362,0.1962755
3/20/2026 11:53:54.18,0.0361090,-0.0405680,-0.0762246,0.9956105,0.0657639,-0.0865796,-0.1556729,0.3858053,-0.4334470,-0.8144189,0.1874605
3/20/2026 11:53:54.2,0.0373527,-0.0399889,-0.0708509,0.9959849,0.0687932,-0.0852542,-0.1449692,0.4172459,-0.4466931,-0.7914361,0.1792839
3/20/2026 11:53:54.22,0.0384082,-0.0393298,-0.0656580,0.9963268,0.0714303,-0.0837254,-0.1346032,0.4485209,-0.4592838,-0.7667381,0.1714747
3/20/2026 11:53:54.24,0.0390851,-0.0380440,-0.0601171,0.9967001,0.0734040,-0.0808417,-0.1234563,0.4815042,-0.4686778,-0.7406044,0.1625228
3/20/2026 11:53:54.26,0.0398357,-0.0366137,-0.0543944,0.9970526,0.0755252,-0.0776443,-0.1119373,0.5192242,-0.4772280,-0.7089849,0.1535927
3/20/2026 11:53:54.28,0.0409338,-0.0353143,-0.0490463,0.9973323,0.0782651,-0.0747537,-0.1012039,0.5607789,-0.4837928,-0.6719163,0.1461192
3/20/2026 11:53:54.3,0.0421367,-0.0341552,-0.0445048,0.9975356,0.0811145,-0.0721926,-0.0921011,0.6005599,-0.4868031,-0.6343111,0.1404401
3/20/2026 11:53:54.32,0.0433562,-0.0333269,-0.0407566,0.9976715,0.0838923,-0.0703378,-0.0846114,0.6357010,-0.4886478,-0.5975847,0.1365096
3/20/2026 11:53:54.34,0.0448182,-0.0325125,-0.0368822,0.9977847,0.0871499,-0.0685002,-0.0768825,0.6736703,-0.4887003,-0.5543829,0.1331509
3/20/2026 11:53:54.36,0.0460867,-0.0316525,-0.0333416,0.9978790,0.0899886,-0.0665622,-0.0697982,0.7079771,-0.4862411,-0.5121896,0.1302834
3/20/2026 11:53:54.38,0.0472230,-0.0305348,-0.0295870,0.9979790,0.0925804,-0.0640586,-0.0622448,0.7431601,-0.4805345,-0.4656175,0.1271735
3/20/2026 11:53:54.4,0.0480832,-0.0294023,-0.0252761,0.9980906,0.0946376,-0.0614365,-0.0535483,0.7784393,-0.4760073,-0.4092057,0.1236137
3/20/2026 11:53:54.42,0.0486430,-0.0282705,-0.0202646,0.9982104,0.0961141,-0.0587159,-0.0434210,0.8134306,-0.4727528,-0.3388738,0.1196697
3/20/2026 11:53:54.44,0.0490182,-0.0272584,-0.0150214,0.9983129,0.0972050,-0.0561922,-0.0328252,0.8442070,-0.4694539,-0.2587034,0.1161924
3/20/2026 11:53:54.46,0.0495858,-0.0265302,-0.0103896,0.9983634,0.0986179,-0.0542943,-0.0234926,0.8670559,-0.4639063,-0.1816724,0.1144382
3/20/2026 11:53:54.48,0.0502199,-0.0258554,-0.0063569,0.9983833,0.1001160,-0.0525529,-0.0153677,0.8835088,-0.4548682,-0.1118352,0.1137398
3/20/2026 11:53:54.5,0.0507584,-0.0251816,-0.0024491,0.9983906,0.1014038,-0.0508136,-0.0074851,0.8949820,-0.4440073,-0.0431824,0.1134857
3/20/2026 11:53:54.52,0.0511822,-0.0242611,0.0017567,0.9983931,0.1024643,-0.0485380,0.0010296,0.9031879,-0.4281247,0.0309993,0.1133953
3/20/2026 11:53:54.54,0.0512424,-0.0231991,0.0059746,0.9983990,0.1027789,-0.0459704,0.0096034,0.9058917,-0.4101268,0.1056225,0.1131869
3/20/2026 11:53:54.56,0.0510295,-0.0224248,0.0096448,0.9983989,0.1025076,-0.0440388,0.0170604,0.9020960,-0.3964245,0.1704999,0.1131911
3/20/2026 11:53:54.58,0.0505040,-0.0219683,0.0125271,0.9984038,0.1015717,-0.0428349,0.0229154,0.8941647,-0.3889451,0.2217909,0.1130181
3/20/2026 11:53:54.6,0.0498677,-0.0214936,0.0155315,0.9984038,0.1004125,-0.0415910,0.0290200,0.8829263,-0.3805532,0.2749918,0.1130181
3/20/2026 11:53:54.62,0.0491617,-0.0212365,0.0180199,0.9984025,0.0990938,-0.0408449,0.0340679,0.8700740,-0.3758470,0.3189203,0.1130646
3/20/2026 11:53:54.64,0.0482420,-0.0211281,0.0206974,0.9983978,0.0973578,-0.0403937,0.0394872,0.8525303,-0.3733748,0.3657641,0.1132311
3/20/2026 11:53:54.66,0.0471797,-0.0211830,0.0236748,0.9983812,0.0953542,-0.0402571,0.0454965,0.8294855,-0.3724264,0.4162361,0.1138153
3/20/2026 11:53:54.68,0.0459032,-0.0212453,0.0269680,0.9983558,0.0929350,-0.0401287,0.0521455,0.8008041,-0.3706344,0.4704710,0.1147047
3/20/2026 11:53:54.7,0.0443684,-0.0214394,0.0306142,0.9983159,0.0900215,-0.0402638,0.0594987,0.7648097,-0.3695661,0.5277188,0.1160876
3/20/2026 11:53:54.72,0.0429017,-0.0218173,0.0343273,0.9982511,0.0872620,-0.0407794,0.0669671,0.7256988,-0.3690485,0.5806586,0.1183023
3/20/2026 11:53:54.74,0.0415029,-0.0222623,0.0381671,0.9981609,0.0846536,-0.0414347,0.0746826,0.6846364,-0.3672403,0.6296090,0.1213150
3/20/2026 11:53:54.76,0.0400008,-0.0226593,0.0422448,0.9980491,0.0818513,-0.0420034,0.0828840,0.6406786,-0.3629259,0.6766208,0.1249497
3/20/2026 11:53:54.78,0.0384713,-0.0229931,0.0464385,0.9979153,0.0789999,-0.0424623,0.0913256,0.5960959,-0.3562675,0.7195438,0.1291652
3/20/2026 11:53:54.8,0.0366215,-0.0231957,0.0506668,0.9977745,0.0755023,-0.0427118,0.0998590,0.5492081,-0.3478631,0.7598432,0.1334569
3/20/2026 11:53:54.82,0.0347120,-0.0233354,0.0548752,0.9976168,0.0718815,-0.0428738,0.1083600,0.5030854,-0.3382033,0.7953136,0.1381049
3/20/2026 11:53:54.84,0.0326710,-0.0234067,0.0589097,0.9974539,0.0679858,-0.0429574,0.1165220,0.4581317,-0.3282230,0.8260659,0.1427488
3/20/2026 11:53:54.86,0.0305178,-0.0235635,0.0628873,0.9972757,0.0638764,-0.0432620,0.1245690,0.4137121,-0.3194374,0.8525268,0.1476641
3/20/2026 11:53:54.88,0.0294523,-0.0238913,0.0649069,0.9971704,0.0618789,-0.0439222,0.1286393,0.3917882,-0.3178129,0.8634216,0.1504911
3/20/2026 11:53:54.9,0.0288830,-0.0244455,0.0663656,0.9970778,0.0608794,-0.0450129,0.1315532,0.3780740,-0.3199878,0.8687162,0.1529356
3/20/2026 11:53:54.92,0.0282000,-0.0251669,0.0676278,0.9969945,0.0596699,-0.0464677,0.1340688,0.3639963,-0.3248454,0.8729159,0.1551003
3/20/2026 11:53:54.94,0.0270469,-0.0258339,0.0689879,0.9969162,0.0575232,-0.0478741,0.1368048,0.3446582,-0.3292009,0.8791117,0.1571092
3/20/2026 11:53:54.96,0.0256430,-0.0267416,0.0702777,0.9968393,0.0549102,-0.0498055,0.1394000,0.3227738,-0.3366019,0.8845994,0.1590568
3/20/2026 11:53:54.98,0.0240799,-0.0272209,0.0714574,0.9967814,0.0519184,-0.0509157,0.1418091,0.3003666,-0.3395460,0.8913408,0.1605072
3/20/2026 11:53:55,0.0225016,-0.0274736,0.0724986,0.9967362,0.0488594,-0.0515897,0.1439554,0.2787305,-0.3403194,0.8980491,0.1616304
3/20/2026 11:53:55.02,0.0213907,-0.0277936,0.0733340,0.9966907,0.0467332,-0.0523469,0.1456666,0.2631431,-0.3419105,0.9021380,0.1627547
3/20/2026 11:53:55.04,0.0206110,-0.0282916,0.0740281,0.9966418,0.0452877,-0.0534218,0.1470726,0.2517019,-0.3454984,0.9040338,0.1639543
3/20/2026 11:53:55.06,0.0196729,-0.0287757,0.0746934,0.9965972,0.0435243,-0.0544953,0.1484306,0.2386710,-0.3491071,0.9061791,0.1650382
3/20/2026 11:53:55.08,0.0185715,-0.0291921,0.0752815,0.9965620,0.0414225,-0.0554632,0.1496468,0.2241544,-0.3523418,0.9086308,0.1658908
3/20/2026 11:53:55.1,0.0173425,-0.0295102,0.0757724,0.9965375,0.0390470,-0.0562604,0.1506804,0.2085821,-0.3549253,0.9113296,0.1664811
3/20/2026 11:53:55.12,0.0159544,-0.0299707,0.0759730,0.9965317,0.0363601,-0.0573788,0.1511369,0.1917260,-0.3601616,0.9129757,0.1666215
3/20/2026 11:53:55.14,0.0137735,-0.0307461,0.0759888,0.9965395,0.0321299,-0.0592514,0.1512586,0.1657013,-0.3698897,0.9141799,0.1664338
3/20/2026 11:53:55.16,0.0110670,-0.0315190,0.0759942,0.9965486,0.0268514,-0.0611985,0.1513982,0.1333180,-0.3796904,0.9154570,0.1662142
3/20/2026 11:53:55.18,0.0073155,-0.0322181,0.0761953,0.9965454,0.0194914,-0.0631528,0.1520061,0.0880856,-0.3879381,0.9174666,0.1662903
3/20/2026 11:53:55.2,0.0021834,-0.0324949,0.0765860,0.9965310,0.0093291,-0.0644773,0.1531029,0.0262356,-0.3904545,0.9202483,0.1666387
3/20/2026 11:53:55.22,-0.0039014,-0.0322834,0.0768799,0.9965099,-0.0028116,-0.0649873,0.1540847,-0.0467373,-0.3867464,0.9210010,0.1671436
3/20/2026 11:53:55.24,-0.0104249,-0.0321635,0.0767776,0.9964748,-0.0158380,-0.0657566,0.1543155,-0.1242644,-0.3833888,0.9151893,0.1679826
3/20/2026 11:53:55.26,-0.0169335,-0.0320333,0.0763974,0.9964188,-0.0288552,-0.0665013,0.1540044,-0.2002677,-0.3788491,0.9035299,0.1693117
3/20/2026 11:53:55.28,-0.0228331,-0.0322038,0.0756681,0.9963514,-0.0406372,-0.0677358,0.1529764,-0.2675327,-0.3773284,0.8865943,0.1708988
3/20/2026 11:53:55.3,-0.0284592,-0.0323296,0.0750043,0.9962527,-0.0518787,-0.0688330,0.1520759,-0.3290406,-0.3737898,0.8671871,0.1731979
3/20/2026 11:53:55.32,-0.0340375,-0.0325064,0.0743657,0.9961199,-0.0630179,-0.0700191,0.1512421,-0.3867532,-0.3693559,0.8449841,0.1762420
3/20/2026 11:53:55.34,-0.0394108,-0.0327465,0.0736930,0.9959638,-0.0737438,-0.0712911,0.1503450,-0.4390864,-0.3648374,0.8210340,0.1797546
3/20/2026 11:53:55.36,-0.0444713,-0.0330113,0.0728924,0.9958009,-0.0838548,-0.0725469,0.1491837,-0.4857787,-0.3605964,0.7962344,0.1833486
3/20/2026 11:53:55.38,-0.0487570,-0.0334602,0.0716518,0.9956753,-0.0924288,-0.0740011,0.1471022,-0.5248208,-0.3601661,0.7712610,0.1860721
3/20/2026 11:53:55.401,-0.0533919,-0.0338047,0.0703317,0.9955200,-0.1017257,-0.0752767,0.1448959,-0.5646856,-0.3575265,0.7438448,0.1893854
3/20/2026 11:53:55.42,-0.0576376,-0.0340362,0.0692469,0.9953514,-0.1102487,-0.0762750,0.1431277,-0.5984567,-0.3534014,0.7189974,0.1929181
3/20/2026 11:53:55.44,-0.0612448,-0.0345330,0.0677452,0.9952222,-0.1174957,-0.0776470,0.1405003,-0.6272744,-0.3536902,0.6938516,0.1955832
3/20/2026 11:53:55.46,-0.0646854,-0.0350776,0.0659477,0.9951062,-0.1244320,-0.0790363,0.1372769,-0.6546332,-0.3549948,0.6674084,0.1979462
3/20/2026 11:53:55.48,-0.0677011,-0.0359552,0.0638237,0.9950128,-0.1305075,-0.0809699,0.1334057,-0.6787209,-0.3604600,0.6398489,0.1998277
3/20/2026 11:53:55.5,-0.0704000,-0.0369827,0.0615345,0.9949320,-0.1359534,-0.0831164,0.1292006,-0.7001465,-0.3678029,0.6119770,0.2014406
3/20/2026 11:53:55.52,-0.0728858,-0.0379607,0.0594511,0.9948429,-0.1409727,-0.0851426,0.1253917,-0.7185914,-0.3742599,0.5861365,0.2032053
3/20/2026 11:53:55.54,-0.0754384,-0.0390416,0.0574272,0.9947296,-0.1461169,-0.0873772,0.1217341,-0.7357451,-0.3807704,0.5600830,0.2054264
3/20/2026 11:53:55.56,-0.0775786,-0.0400558,0.0557082,0.9946225,-0.1504266,-0.0894524,0.1186472,-0.7490603,-0.3867589,0.5378906,0.2075051
3/20/2026 11:53:55.58,-0.0794570,-0.0413188,0.0539614,0.9945187,-0.1541939,-0.0919792,0.1155218,-0.7599283,-0.3951741,0.5160877,0.2095007
3/20/2026 11:53:55.6,-0.0813908,-0.0429325,0.0520593,0.9943954,-0.1580566,-0.0951864,0.1121540,-0.7698330,-0.4060757,0.4924018,0.2118454
3/20/2026 11:53:55.62,-0.0833461,-0.0445508,0.0503122,0.9942522,-0.1619584,-0.0984209,0.1091140,-0.7784712,-0.4161144,0.4699269,0.2145378
3/20/2026 11:53:55.64,-0.0852392,-0.0461567,0.0482542,0.9941204,-0.1657798,-0.1015614,0.1054482,-0.7872087,-0.4262701,0.4456412,0.2169868
3/20/2026 11:53:55.66,-0.0873577,-0.0477353,0.0460190,0.9939680,-0.1700869,-0.1046329,0.1014587,-0.7965416,-0.4352587,0.4196085,0.2197840
3/20/2026 11:53:55.68,-0.0894907,-0.0489215,0.0438769,0.9938174,-0.1744655,-0.1069146,0.0976017,-0.8060238,-0.4406253,0.3951897,0.2225128
3/20/2026 11:53:55.7,-0.0918570,-0.0500895,0.0414066,0.9936492,-0.1793593,-0.1091131,0.0931159,-0.8163478,-0.4451537,0.3679870,0.2255225
3/20/2026 11:53:55.72,-0.0936082,-0.0514224,0.0390903,0.9935116,-0.1830011,-0.1115867,0.0889004,-0.8230645,-0.4521395,0.3437074,0.2279546
3/20/2026 11:53:55.74,-0.0951631,-0.0526242,0.0367847,0.9933890,-0.1862718,-0.1137625,0.0846630,-0.8289661,-0.4584092,0.3204312,0.2301006
3/20/2026 11:53:55.76,-0.0969264,-0.0533026,0.0343173,0.9932706,-0.1900316,-0.1148557,0.0800307,-0.8368928,-0.4602311,0.2963066,0.2321549
3/20/2026 11:53:55.78,-0.0987279,-0.0538127,0.0315913,0.9931561,-0.1939175,-0.1155444,0.0748476,-0.8453113,-0.4607457,0.2704853,0.2341228
3/20/2026 11:53:55.8,-0.1003740,-0.0543662,0.0286914,0.9930490,-0.1975146,-0.1162533,0.0693000,-0.8527789,-0.4618964,0.2437622,0.2359499
3/20/2026 11:53:55.82,-0.1020045,-0.0548364,0.0259531,0.9929324,-0.2010729,-0.1168057,0.0640605,-0.8594745,-0.4620433,0.2186769,0.2379237
3/20/2026 11:53:55.84,-0.1039007,-0.0553139,0.0233115,0.9927748,-0.2051572,-0.1173984,0.0590528,-0.8658870,-0.4609746,0.1942729,0.2405639
3/20/2026 11:53:55.86,-0.1061448,-0.0557812,0.0205580,0.9925720,-0.2099585,-0.1179556,0.0538613,-0.8724788,-0.4585045,0.1689809,0.2439214
3/20/2026 11:53:55.88,-0.1085687,-0.0560886,0.0177323,0.9923470,-0.2151423,-0.1181616,0.0485096,-0.8792347,-0.4542294,0.1436035,0.2475929
3/20/2026 11:53:55.9,-0.1104986,-0.0564166,0.0147688,0.9921638,-0.2193538,-0.1183173,0.0428134,-0.8843880,-0.4515371,0.1182042,0.2505421
3/20/2026 11:53:55.92,-0.1118068,-0.0569118,0.0116156,0.9920309,-0.2223368,-0.1187078,0.0366839,-0.8873935,-0.4517007,0.0921915,0.2526608
3/20/2026 11:53:55.94,-0.1128035,-0.0577724,0.0082281,0.9919023,-0.2247159,-0.1197553,0.0301190,-0.8881894,-0.4548870,0.0647863,0.2546945
3/20/2026 11:53:55.96,-0.1135999,-0.0587932,0.0046306,0.9917747,-0.2267239,-0.1210574,0.0231373,-0.8875256,-0.4593360,0.0361777,0.2566963
3/20/2026 11:53:55.98,-0.1144591,-0.0599584,0.0002937,0.9916169,-0.2289592,-0.1224729,0.0146922,-0.8858178,-0.4640279,0.0022729,0.2591499
3/20/2026 11:53:56,-0.1153797,-0.0609455,-0.0034534,0.9914440,-0.2312619,-0.1236494,0.0074137,-0.8839150,-0.4668985,-0.0264559,0.2618127
3/20/2026 11:53:56.02,-0.1164512,-0.0619385,-0.0067807,0.9912401,-0.2338271,-0.1249282,0.0010105,-0.8817194,-0.4689724,-0.0513409,0.2649186
3/20/2026 11:53:56.04,-0.1174390,-0.0628732,-0.0098502,0.9910389,-0.2362020,-0.1261332,-0.0048922,-0.8792062,-0.4707000,-0.0737432,0.2679477
3/20/2026 11:53:56.06,-0.1184314,-0.0638236,-0.0131737,0.9908215,-0.2386287,-0.1272962,-0.0113091,-0.8761169,-0.4721461,-0.0974548,0.2711831
3/20/2026 11:53:56.08,-0.1196070,-0.0647754,-0.0167452,0.9905645,-0.2414660,-0.1283897,-0.0182088,-0.8727397,-0.4726482,-0.1221848,0.2749605
3/20/2026 11:53:56.1,-0.1208774,-0.0657370,-0.0203344,0.9902797,-0.2445073,-0.1294820,-0.0251320,-0.8690554,-0.4726200,-0.1461956,0.2790850
3/20/2026 11:53:56.12,-0.1222058,-0.0665153,-0.0237052,0.9899898,-0.2476419,-0.1302347,-0.0316503,-0.8658485,-0.4712721,-0.1679555,0.2832241
3/20/2026 11:53:56.14,-0.1234462,-0.0672890,-0.0270369,0.9896982,-0.2506022,-0.1309699,-0.0381038,-0.8622325,-0.4699925,-0.1888441,0.2873265
3/20/2026 11:53:56.16,-0.1245671,-0.0680617,-0.0301725,0.9894142,-0.2533042,-0.1317376,-0.0441747,-0.8583747,-0.4690035,-0.2079148,0.2912664
3/20/2026 11:53:56.18,-0.1255428,-0.0690603,-0.0334447,0.9891164,-0.2557512,-0.1329216,-0.0504859,-0.8532459,-0.4693652,-0.2273056,0.2953421
3/20/2026 11:53:56.2,-0.1267918,-0.0700919,-0.0369432,0.9887601,-0.2587911,-0.1340934,-0.0572194,-0.8480374,-0.4688048,-0.2470921,0.3001475
3/20/2026 11:53:56.22,-0.1276910,-0.0711647,-0.0396169,0.9884641,-0.2610288,-0.1355631,-0.0622970,-0.8430900,-0.4698708,-0.2615734,0.3040814
3/20/2026 11:53:56.24,-0.1285397,-0.0721810,-0.0418942,0.9881863,-0.2631157,-0.1370155,-0.0665839,-0.8387205,-0.4709804,-0.2733593,0.3077276
3/20/2026 11:53:56.26,-0.1293929,-0.0731647,-0.0441997,0.9879022,-0.2652212,-0.1383855,-0.0709366,-0.8343725,-0.4717928,-0.2850159,0.3114129
3/20/2026 11:53:56.28,-0.1301486,-0.0742725,-0.0466703,0.9876067,-0.2671710,-0.1399617,-0.0756059,-0.8292382,-0.4732249,-0.2973585,0.3152013
3/20/2026 11:53:56.3,-0.1307437,-0.0755418,-0.0492871,0.9873046,-0.2688409,-0.1418302,-0.0805503,-0.8231230,-0.4755886,-0.3102965,0.3190283
3/20/2026 11:53:56.32,-0.1311098,-0.0765481,-0.0518652,0.9870464,-0.2700330,-0.1431722,-0.0855176,-0.8172143,-0.4771284,-0.3232789,0.3222633
3/20/2026 11:53:56.34,-0.1317402,-0.0774871,-0.0544010,0.9867527,-0.2717533,-0.1443683,-0.0903839,-0.8120486,-0.4776317,-0.3353283,0.3259031
3/20/2026 11:53:56.36,-0.1326036,-0.0784710,-0.0570796,0.9864079,-0.2739753,-0.1455958,-0.0955029,-0.8070073,-0.4775636,-0.3473789,0.3301269
3/20/2026 11:53:56.38,-0.1335645,-0.0793519,-0.0596221,0.9860573,-0.2763715,-0.1466337,-0.1003600,-0.8026417,-0.4768569,-0.3582928,0.3343672
3/20/2026 11:53:56.4,-0.1345008,-0.0801681,-0.0620598,0.9857135,-0.2787030,-0.1475596,-0.1050248,-0.7985539,-0.4759718,-0.3684597,0.3384743
3/20/2026 11:53:56.42,-0.1352627,-0.0809794,-0.0644820,0.9853874,-0.2806868,-0.1484827,-0.1096822,-0.7941312,-0.4754326,-0.3785758,0.3423248
3/20/2026 11:53:56.441,-0.1358468,-0.0817003,-0.0669552,0.9850827,-0.2823165,-0.1492097,-0.1144945,-0.7894297,-0.4747748,-0.3890883,0.3458849
3/20/2026 11:53:56.46,-0.1361092,-0.0823300,-0.0694487,0.9848213,-0.2832962,-0.1497619,-0.1194167,-0.7841681,-0.4743289,-0.4001157,0.3489096
3/20/2026 11:53:56.48,-0.1361300,-0.0828165,-0.0713745,0.9846399,-0.2836901,-0.1502017,-0.1232413,-0.7796794,-0.4743281,-0.4087945,0.3509933
3/20/2026 11:53:56.5,-0.1363514,-0.0829280,-0.0730044,0.9844805,-0.2843971,-0.1499347,-0.1265426,-0.7769545,-0.4725383,-0.4159919,0.3528151
3/20/2026 11:53:56.52,-0.1370310,-0.0825496,-0.0741802,0.9843300,-0.2858932,-0.1487452,-0.1289989,-0.7770986,-0.4681361,-0.4206738,0.3545261
3/20/2026 11:53:56.54,-0.1377361,-0.0819182,-0.0750466,0.9842186,-0.2873588,-0.1471184,-0.1308919,-0.7783588,-0.4629266,-0.4240949,0.3557874
3/20/2026 11:53:56.56,-0.1383089,-0.0814071,-0.0755478,0.9841424,-0.2885177,-0.1458584,-0.1320134,-0.7797288,-0.4589396,-0.4259078,0.3566480
3/20/2026 11:53:56.58,-0.1389287,-0.0810662,-0.0757581,0.9840670,-0.2897506,-0.1450315,-0.1324795,-0.7813842,-0.4559449,-0.4260904,0.3574965
3/20/2026 11:53:56.6,-0.1390634,-0.0812066,-0.0762121,0.9840014,-0.2901072,-0.1451726,-0.1333599,-0.7805480,-0.4558041,-0.4277703,0.3582339
3/20/2026 11:53:56.62,-0.1387431,-0.0816845,-0.0772155,0.9839287,-0.2896754,-0.1458911,-0.1353253,-0.7770041,-0.4574587,-0.4324307,0.3590487
3/20/2026 11:53:56.64,-0.1388364,-0.0818505,-0.0784160,0.9838069,-0.2900637,-0.1458646,-0.1377452,-0.7746184,-0.4566731,-0.4375111,0.3604107
3/20/2026 11:53:56.66,-0.1393248,-0.0813751,-0.0792243,0.9837126,-0.2910987,-0.1445886,-0.1395043,-0.7751064,-0.4527146,-0.4407489,0.3614621
3/20/2026 11:53:56.68,-0.1398146,-0.0804883,-0.0792868,0.9837109,-0.2919681,-0.1426853,-0.1398481,-0.7777941,-0.4477596,-0.4410757,0.3614800
3/20/2026 11:53:56.701,-0.1401569,-0.0793105,-0.0790232,0.9837790,-0.2924527,-0.1402939,-0.1396231,-0.7813215,-0.4421258,-0.4405242,0.3607219
3/20/2026 11:53:56.72,-0.1405236,-0.0780463,-0.0788036,0.9838455,-0.2929813,-0.1377078,-0.1395144,-0.7849609,-0.4359643,-0.4401948,0.3599795
3/20/2026 11:53:56.74,-0.1407828,-0.0770871,-0.0786493,0.9838964,-0.2933463,-0.1357440,-0.1394603,-0.7876409,-0.4312811,-0.4400211,0.3594103
3/20/2026 11:53:56.76,-0.1406968,-0.0764269,-0.0785639,0.9839670,-0.2930681,-0.1344139,-0.1394928,-0.7888776,-0.4285203,-0.4405024,0.3586198
3/20/2026 11:53:56.78,-0.1402165,-0.0763631,-0.0784592,0.9840490,-0.2920777,-0.1343649,-0.1393433,-0.7881830,-0.4292513,-0.4410341,0.3576989
3/20/2026 11:53:56.8,-0.1395516,-0.0762559,-0.0780656,0.9841830,-0.2906703,-0.1343328,-0.1386280,-0.7877378,-0.4304475,-0.4406633,0.3561894
3/20/2026 11:53:56.82,-0.1392293,-0.0762203,-0.0780321,0.9842340,-0.2900119,-0.1343036,-0.1386015,-0.7871800,-0.4309375,-0.4411808,0.3556129
3/20/2026 11:53:56.84,-0.1387446,-0.0763714,-0.0786996,0.9842378,-0.2891484,-0.1344670,-0.1399841,-0.7845283,-0.4318402,-0.4450051,0.3555704
3/20/2026 11:53:56.86,-0.1380557,-0.0765497,-0.0795720,0.9842505,-0.2879061,-0.1346493,-0.1418020,-0.7809494,-0.4330241,-0.4501203,0.3554262
3/20/2026 11:53:56.88,-0.1373249,-0.0767169,-0.0803780,0.9842743,-0.2865697,-0.1348353,-0.1434902,-0.7773964,-0.4342943,-0.4550201,0.3551577
3/20/2026 11:53:56.9,-0.1368044,-0.0767924,-0.0809850,0.9842911,-0.2856162,-0.1348697,-0.1447731,-0.7748615,-0.4349529,-0.4586999,0.3549666
3/20/2026 11:53:56.92,-0.1362852,-0.0768493,-0.0813861,0.9843255,-0.2846348,-0.1349276,-0.1456360,-0.7727631,-0.4357504,-0.4614745,0.3545769
3/20/2026 11:53:56.941,-0.1361261,-0.0767660,-0.0813884,0.9843539,-0.2843028,-0.1347731,-0.1456810,-0.7725539,-0.4356686,-0.4619018,0.3542550
3/20/2026 11:53:56.96,-0.1355723,-0.0767639,-0.0812829,0.9844393,-0.2831740,-0.1348627,-0.1455185,-0.7715005,-0.4368398,-0.4625559,0.3532848
3/20/2026 11:53:56.98,-0.1350684,-0.0767604,-0.0814212,0.9844973,-0.2821787,-0.1348723,-0.1458550,-0.7700608,-0.4376312,-0.4642039,0.3526235
3/20/2026 11:53:57,-0.1346780,-0.0769176,-0.0816473,0.9845198,-0.2814476,-0.1351753,-0.1463146,-0.7683880,-0.4388437,-0.4658284,0.3523665
3/20/2026 11:53:57.02,-0.1340720,-0.0773176,-0.0818469,0.9845547,-0.2803155,-0.1360113,-0.1466708,-0.7657856,-0.4416185,-0.4674886,0.3519684
3/20/2026 11:53:57.04,-0.1333357,-0.0774474,-0.0822152,0.9846138,-0.2789049,-0.1362574,-0.1474669,-0.7630296,-0.4432023,-0.4704863,0.3512930
3/20/2026 11:53:57.06,-0.1325641,-0.0773384,-0.0826547,0.9846897,-0.2773977,-0.1359963,-0.1484819,-0.7604792,-0.4436662,-0.4741642,0.3504228
3/20/2026 11:53:57.08,-0.1318513,-0.0773470,-0.0830955,0.9847476,-0.2760266,-0.1359720,-0.1494594,-0.7578137,-0.4445513,-0.4775903,0.3497581
3/20/2026 11:53:57.1,-0.1310640,-0.0778888,-0.0839349,0.9847389,-0.2746425,-0.1369423,-0.1511148,-0.7530735,-0.4475368,-0.4822770,0.3498574
3/20/2026 11:53:57.12,-0.1299231,-0.0789084,-0.0851490,0.9847046,-0.2726762,-0.1388358,-0.1534447,-0.7456892,-0.4528917,-0.4887094,0.3502518
3/20/2026 11:53:57.141,-0.1287309,-0.0801312,-0.0871792,0.9845848,-0.2707606,-0.1409300,-0.1574071,-0.7359914,-0.4581330,-0.4984284,0.3516243
3/20/2026 11:53:57.161,-0.1281094,-0.0803940,-0.0888599,0.9844943,-0.2697946,-0.1410815,-0.1608593,-0.7303114,-0.4583011,-0.5065623,0.3526581
3/20/2026 11:53:57.181,-0.1275587,-0.0803835,-0.0906089,0.9844072,-0.2689365,-0.1406466,-0.1645201,-0.7251553,-0.4569703,-0.5151000,0.3536496
3/20/2026 11:53:57.201,-0.1268517,-0.0804960,-0.0927624,0.9842887,-0.2678425,-0.1403780,-0.1689952,-0.7184347,-0.4558956,-0.5253673,0.3549943
3/20/2026 11:53:57.221,-0.1253929,-0.0804928,-0.0953441,0.9842292,-0.2652802,-0.1398681,-0.1744566,-0.7088423,-0.4550231,-0.5389772,0.3556675
3/20/2026 11:53:57.241,-0.1239290,-0.0803236,-0.0972798,0.9842390,-0.2625865,-0.1392093,-0.1786299,-0.7007833,-0.4542073,-0.5500896,0.3555563
3/20/2026 11:53:57.26,-0.1226777,-0.0800047,-0.0994391,0.9842060,-0.2603218,-0.1381638,-0.1832789,-0.6929871,-0.4519341,-0.5617155,0.3559302
3/20/2026 11:53:57.28,-0.1217169,-0.0795025,-0.1015166,0.9841539,-0.2585903,-0.1367303,-0.1877768,-0.6864372,-0.4483639,-0.5725152,0.3565176
3/20/2026 11:53:57.301,-0.1204884,-0.0787852,-0.1036764,0.9841376,-0.2562871,-0.1348883,-0.1925207,-0.6791627,-0.4440920,-0.5843974,0.3567018
3/20/2026 11:53:57.32,-0.1192369,-0.0776668,-0.1058465,0.9841478,-0.2538527,-0.1322403,-0.1973858,-0.6723251,-0.4379290,-0.5968226,0.3565862
3/20/2026 11:53:57.34,-0.1173408,-0.0765457,-0.1083636,0.9841897,-0.2501619,-0.1296265,-0.2030099,-0.6625007,-0.4321736,-0.6118160,0.3561133
3/20/2026 11:53:57.361,-0.1149758,-0.0758624,-0.1104048,0.9842948,-0.2455516,-0.1281378,-0.2075713,-0.6513007,-0.4297360,-0.6254073,0.3549248
3/20/2026 11:53:57.381,-0.1126035,-0.0754938,-0.1120543,0.9844109,-0.2409395,-0.1274133,-0.2112421,-0.6402162,-0.4292257,-0.6370937,0.3536069
3/20/2026 11:53:57.401,-0.1104598,-0.0749819,-0.1136489,0.9845102,-0.2367462,-0.1263859,-0.2148103,-0.6300198,-0.4276679,-0.6482092,0.3524759
3/20/2026 11:53:57.421,-0.1090734,-0.0742253,-0.1150033,0.9845648,-0.2339812,-0.1247867,-0.2178782,-0.6232039,-0.4240949,-0.6570849,0.3518526
3/20/2026 11:53:57.441,-0.1075177,-0.0733867,-0.1163503,0.9846405,-0.2308548,-0.1230666,-0.2209571,-0.6158158,-0.4203279,-0.6664048,0.3509865
3/20/2026 11:53:57.461,-0.1050206,-0.0726392,-0.1179534,0.9847746,-0.2258956,-0.1216752,-0.2246032,-0.6041378,-0.4178619,-0.6785344,0.3494469
3/20/2026 11:53:57.481,-0.1022513,-0.0720802,-0.1190800,0.9849716,-0.2203753,-0.1208514,-0.2272424,-0.5920187,-0.4173330,-0.6894541,0.3471732
3/20/2026 11:53:57.501,-0.0993280,-0.0717036,-0.1200727,0.9851777,-0.2145736,-0.1204757,-0.2295739,-0.5790476,-0.4180067,-0.6999816,0.3447790
3/20/2026 11:53:57.521,-0.0967224,-0.0713541,-0.1211620,0.9853289,-0.2094250,-0.1200822,-0.2320708,-0.5667350,-0.4180923,-0.7099369,0.3430114
3/20/2026 11:53:57.541,-0.0943798,-0.0709834,-0.1223559,0.9854353,-0.2048098,-0.1195814,-0.2347631,-0.5550106,-0.4174256,-0.7195269,0.3417623
3/20/2026 11:53:57.561,-0.0922218,-0.0705879,-0.1234881,0.9855269,-0.2005494,-0.1190165,-0.2373172,-0.5440195,-0.4164001,-0.7284599,0.3406839
3/20/2026 11:53:57.581,-0.0900080,-0.0701279,-0.1244944,0.9856378,-0.1961470,-0.1183712,-0.2396279,-0.5329910,-0.4152691,-0.7372056,0.3393720
3/20/2026 11:53:57.601,-0.0874846,-0.0696732,-0.1253790,0.9857851,-0.1911144,-0.1178413,-0.2417089,-0.5207064,-0.4146937,-0.7462534,0.3376232
3/20/2026 11:53:57.621,-0.0844188,-0.0696248,-0.1260471,0.9859707,-0.1850757,-0.1183059,-0.2433111,-0.5057467,-0.4171167,-0.7551384,0.3354072
3/20/2026 11:53:57.641,-0.0808817,-0.0696338,-0.1265476,0.9862024,-0.1780954,-0.1190345,-0.2446020,-0.4885795,-0.4206347,-0.7644322,0.3326198
3/20/2026 11:53:57.661,-0.0772103,-0.0696806,-0.1272968,0.9863968,-0.1708907,-0.1198363,-0.2464099,-0.4697016,-0.4238959,-0.7743983,0.3302625
3/20/2026 11:53:57.681,-0.0736773,-0.0697040,-0.1280227,0.9865714,-0.1639568,-0.1205764,-0.2481700,-0.4510937,-0.4267672,-0.7838266,0.3281308
3/20/2026 11:53:57.701,-0.0700524,-0.0695197,-0.1284979,0.9867867,-0.1567611,-0.1209736,-0.2494672,-0.4323561,-0.4290682,-0.7930754,0.3254847
3/20/2026 11:53:57.721,-0.0659607,-0.0688506,-0.1289468,0.9870570,-0.1485155,-0.1205232,-0.2508273,-0.4113036,-0.4293237,-0.8040587,0.3221302
3/20/2026 11:53:57.741,-0.0605019,-0.0681751,-0.1294937,0.9873819,-0.1375669,-0.1203856,-0.2525053,-0.3820600,-0.4305150,-0.8177329,0.3180527
3/20/2026 11:53:57.761,-0.0551985,-0.0676123,-0.1298274,0.9876875,-0.1269342,-0.1204853,-0.2537268,-0.3528416,-0.4321933,-0.8298866,0.3141696
3/20/2026 11:53:57.781,-0.0502132,-0.0672067,-0.1296817,0.9880003,-0.1169185,-0.1208946,-0.2539374,-0.3251053,-0.4351295,-0.8396243,0.3101458
3/20/2026 11:53:57.801,-0.0453402,-0.0671962,-0.1289087,0.9883378,-0.1071521,-0.1221377,-0.2528373,-0.2977465,-0.4412737,-0.8465368,0.3057448
3/20/2026 11:53:57.821,-0.0412177,-0.0672889,-0.1281277,0.9886135,-0.0989011,-0.1233975,-0.2516553,-0.2739133,-0.4471697,-0.8514755,0.3021010
3/20/2026 11:53:57.841,-0.0383145,-0.0670784,-0.1269511,0.9888963,-0.0929433,-0.1237878,-0.2495923,-0.2578242,-0.4513805,-0.8542729,0.2983193
3/20/2026 11:53:57.861,-0.0358237,-0.0667851,-0.1257191,0.9891669,-0.0877762,-0.1239085,-0.2473877,-0.2440382,-0.4549539,-0.8564240,0.2946559
3/20/2026 11:53:57.881,-0.0331898,-0.0667555,-0.1246744,0.9893930,-0.0824142,-0.1245625,-0.2455583,-0.2284797,-0.4595467,-0.8582622,0.2915587
3/20/2026 11:53:57.901,-0.0299447,-0.0670253,-0.1239199,0.9895731,-0.0759495,-0.1259259,-0.2443637,-0.2079034,-0.4653498,-0.8603637,0.2890682
3/20/2026 11:53:57.921,-0.0264272,-0.0675352,-0.1233903,0.9897048,-0.0690315,-0.1278093,-0.2436484,-0.1846454,-0.4718639,-0.8621198,0.2872332
3/20/2026 11:53:57.941,-0.0227653,-0.0684631,-0.1225136,0.9898409,-0.0618828,-0.1305770,-0.2422422,-0.1601162,-0.4815253,-0.8616822,0.2853254
3/20/2026 11:53:57.961,-0.0193483,-0.0689804,-0.1212739,0.9900303,-0.0550697,-0.1324798,-0.2401218,-0.1373638,-0.4897275,-0.8609868,0.2826484
3/20/2026 11:53:57.981,-0.0159963,-0.0691953,-0.1195261,0.9902877,-0.0482418,-0.1337764,-0.2370025,-0.1150531,-0.4976872,-0.8596919,0.2789701
3/20/2026 11:53:58.001,-0.0133527,-0.0693169,-0.1179071,0.9905124,-0.0428110,-0.1346997,-0.2340698,-0.0971645,-0.5044035,-0.8579838,0.2757188
3/20/2026 11:53:58.021,-0.0108842,-0.0696449,-0.1160266,0.9907417,-0.0377371,-0.1359899,-0.2305895,-0.0801716,-0.5129966,-0.8546385,0.2723623
3/20/2026 11:53:58.041,-0.0082046,-0.0702399,-0.1141449,0.9909440,-0.0323012,-0.1378424,-0.2271353,-0.0611024,-0.5231014,-0.8500773,0.2693648
3/20/2026 11:53:58.061,-0.0054514,-0.0708518,-0.1122186,0.9911394,-0.0267111,-0.1397284,-0.2236142,-0.0410415,-0.5334184,-0.8448552,0.2664397
3/20/2026 11:53:58.081,-0.0030971,-0.0712758,-0.1103483,0.9913293,-0.0218725,-0.1411337,-0.2201681,-0.0235693,-0.5424241,-0.8397742,0.2635649
3/20/2026 11:53:58.101,-0.0012222,-0.0713523,-0.1086439,0.9915161,-0.0179286,-0.1417249,-0.2170036,-0.0094025,-0.5489262,-0.8358179,0.2607063
3/20/2026 11:53:58.121,0.0004711,-0.0710861,-0.1071955,0.9916934,-0.0143062,-0.1415791,-0.2143361,0.0036629,-0.5526626,-0.8333970,0.2579635
3/20/2026 11:53:58.141,0.0018733,-0.0706585,-0.1055370,0.9919000,-0.0111982,-0.1410437,-0.2112090,0.0147479,-0.5562765,-0.8308664,0.2547302
3/20/2026 11:53:58.161,0.0043370,-0.0700389,-0.1028748,0.9922161,-0.0058040,-0.1403424,-0.2062174,0.0348274,-0.5624306,-0.8261108,0.2497049
3/20/2026 11:53:58.181,0.0059903,-0.0702517,-0.1018015,0.9923031,-0.0024150,-0.1411099,-0.2042962,0.0483740,-0.5673082,-0.8220835,0.2483034
3/20/2026 11:53:58.201,0.0080331,-0.0688334,-0.0996453,0.9926069,0.0022295,-0.1386944,-0.2002595,0.0661841,-0.5671160,-0.8209745,0.2433475
3/20/2026 11:53:58.221,0.0088519,-0.0677391,-0.0972440,0.9929134,0.0044040,-0.1366660,-0.1955548,0.0744851,-0.5699946,-0.8182653,0.2382439
3/20/2026 11:53:58.241,0.0099315,-0.0668101,-0.0942889,0.9932509,0.0071300,-0.1350044,-0.1897739,0.0856269,-0.5760215,-0.8129374,0.2324943
3/20/2026 11:53:58.261,0.0115463,-0.0657359,-0.0909997,0.9936120,0.0109815,-0.1331344,-0.1833921,0.1023143,-0.5824988,-0.8063664,0.2261826
3/20/2026 11:53:58.281,0.0133819,-0.0649500,-0.0885691,0.9938603,0.0150949,-0.1318697,-0.1787597,0.1209455,-0.5870184,-0.8004884,0.2217384
3/20/2026 11:53:58.301,0.0152072,-0.0644216,-0.0876841,0.9939468,0.0189340,-0.1311290,-0.1772239,0.1384197,-0.5863803,-0.7981216,0.2201695
3/20/2026 11:53:58.321,0.0163841,-0.0637593,-0.0870988,0.9940223,0.0214673,-0.1300061,-0.1761963,0.1500679,-0.5839923,-0.7977673,0.2187915
3/20/2026 11:53:58.341,0.0166509,-0.0628548,-0.0866162,0.9941176,0.0222192,-0.1282372,-0.1752451,0.1537383,-0.5803406,-0.7997308,0.2170375
3/20/2026 11:53:58.361,0.0164054,-0.0619887,-0.0858895,0.9942390,0.0219752,-0.1264485,-0.1737378,0.1530560,-0.5783309,-0.8013160,0.2147838
3/20/2026 11:53:58.381,0.0162159,-0.0614278,-0.0848384,0.9943673,0.0218279,-0.1252721,-0.1715948,0.1529942,-0.5795617,-0.8004379,0.2123769
3/20/2026 11:53:58.401,0.0162111,-0.0608322,-0.0834184,0.9945241,0.0220975,-0.1240508,-0.1687360,0.1551183,-0.5820799,-0.7981988,0.2093969
3/20/2026 11:53:58.421,0.0164325,-0.0602637,-0.0820262,0.9946708,0.0228053,-0.1229222,-0.1659624,0.1593805,-0.5845057,-0.7955821,0.2065707
3/20/2026 11:53:58.441,0.0168603,-0.0598434,-0.0813064,0.9947481,0.0238145,-0.1221379,-0.1645649,0.1647265,-0.5846741,-0.7943686,0.2050656
3/20/2026 11:53:58.461,0.0179307,-0.0596158,-0.0808828,0.9947776,0.0260332,-0.1218521,-0.1638461,0.1756761,-0.5840877,-0.7924516,0.2044895
3/20/2026 11:53:58.481,0.0192376,-0.0596911,-0.0806065,0.9947711,0.0286549,-0.1222134,-0.1634603,0.1883638,-0.5844628,-0.7892542,0.2046155
3/20/2026 11:53:58.501,0.0203878,-0.0596221,-0.0803942,0.9947696,0.0309808,-0.1222614,-0.1631798,0.1995959,-0.5836979,-0.7870567,0.2046459
3/20/2026 11:53:58.521,0.0208211,-0.0592333,-0.0799188,0.9948220,0.0319643,-0.1215421,-0.1622704,0.2048671,-0.5828196,-0.7863529,0.2036163
3/20/2026 11:53:58.541,0.0212755,-0.0586372,-0.0789308,0.9949267,0.0330847,-0.1203943,-0.1603291,0.2114795,-0.5828551,-0.7845740,0.2015461
3/20/2026 11:53:58.561,0.0221901,-0.0580552,-0.0774294,0.9950589,0.0351778,-0.1193297,-0.1574164,0.2234921,-0.5847149,-0.7798460,0.1989006
3/20/2026 11:53:58.581,0.0237585,-0.0575210,-0.0755406,0.9951989,0.0386081,-0.1184439,-0.1538090,0.2427430,-0.5876985,-0.7718072,0.1960600
3/20/2026 11:53:58.601,0.0257514,-0.0569011,-0.0734244,0.9953433,0.0429202,-0.1174313,-0.1497925,0.2671440,-0.5902902,-0.7617031,0.1930876
3/20/2026 11:53:58.621,0.0279446,-0.0561014,-0.0709613,0.9955080,0.0476941,-0.1160568,-0.1450936,0.2951560,-0.5925544,-0.7495080,0.1896386
3/20/2026 11:53:58.641,0.0298506,-0.0549426,-0.0680937,0.9957176,0.0519865,-0.1138795,-0.1395244,0.3228934,-0.5943133,-0.7365674,0.1851576
3/20/2026 11:53:58.661,0.0318970,-0.0533550,-0.0651186,0.9959394,0.0566164,-0.1108349,-0.1337240,0.3543101,-0.5926646,-0.7233346,0.1802957
3/20/2026 11:53:58.681,0.0337199,-0.0519359,-0.0620983,0.9961473,0.0607671,-0.1080688,-0.1278035,0.3845098,-0.5922272,-0.7081096,0.1756164
3/20/2026 11:53:58.701,0.0351956,-0.0507099,-0.0579993,0.9964066,0.0643002,-0.1055516,-0.1196836,0.4155306,-0.5986979,-0.6847592,0.1696019
3/20/2026 11:53:58.721,0.0360851,-0.0497074,-0.0542178,0.9966382,0.0665867,-0.1034065,-0.1121414,0.4404377,-0.6067056,-0.6617575,0.1640416
3/20/2026 11:53:58.741,0.0369624,-0.0489102,-0.0505157,0.9968400,0.0688039,-0.1016607,-0.1047668,0.4653034,-0.6157090,-0.6359208,0.1590388
3/20/2026 11:53:58.761,0.0378548,-0.0475937,-0.0464341,0.9970685,0.0711278,-0.0988342,-0.0965932,0.4947490,-0.6220324,-0.6068765,0.1531773
3/20/2026 11:53:58.781,0.0389241,-0.0459690,-0.0422737,0.9972888,0.0738176,-0.0953836,-0.0882514,0.5289409,-0.6246744,-0.5744592,0.1473066
3/20/2026 11:53:58.801,0.0401956,-0.0447863,-0.0380904,0.9974606,0.0768508,-0.0928141,-0.0799083,0.5643813,-0.6288395,-0.5348222,0.1425615
3/20/2026 11:53:58.821,0.0415946,-0.0439008,-0.0339062,0.9975937,0.0800976,-0.0908266,-0.0715918,0.5999274,-0.6331905,-0.4890368,0.1387736
3/20/2026 11:53:58.841,0.0427156,-0.0429575,-0.0296383,0.9977233,0.0827849,-0.0886708,-0.0630692,0.6333700,-0.6369563,-0.4394647,0.1349839
3/20/2026 11:53:58.861,0.0433617,-0.0418789,-0.0251002,0.9978657,0.0845367,-0.0861698,-0.0539439,0.6640378,-0.6413299,-0.3843824,0.1306930
3/20/2026 11:53:58.881,0.0433855,-0.0403828,-0.0200244,0.9980412,0.0850864,-0.0827382,-0.0436461,0.6934764,-0.6454804,-0.3200712,0.1252034
3/20/2026 11:53:58.901,0.0430810,-0.0387671,-0.0144328,0.9982150,0.0849915,-0.0790063,-0.0322763,0.7213140,-0.6490849,-0.2416507,0.1195181
3/20/2026 11:53:58.921,0.0431259,-0.0374624,-0.0087511,0.9983287,0.0855563,-0.0759045,-0.0207816,0.7462330,-0.6482335,-0.1514253,0.1156450
3/20/2026 11:53:58.941,0.0438825,-0.0364706,-0.0024838,0.9983678,0.0875524,-0.0733868,-0.0081918,0.7683391,-0.6385639,-0.0434886,0.1142859
3/20/2026 11:53:58.961,0.0446074,-0.0358294,0.0029160,0.9983577,0.0893962,-0.0716280,0.0026363,0.7786329,-0.6254120,0.0508987,0.1146402
3/20/2026 11:53:58.981,0.0451852,-0.0350433,0.0087731,0.9983253,0.0909594,-0.0695196,0.0144101,0.7810659,-0.6057540,0.1516512,0.1157625
3/20/2026 11:53:59.001,0.0450930,-0.0340279,0.0156375,0.9982807,0.0912217,-0.0668561,0.0282736,0.7692985,-0.5805247,0.2667790,0.1172958
3/20/2026 11:53:59.021,0.0448945,-0.0327790,0.0225087,0.9982001,0.0912295,-0.0637269,0.0421811,0.7485931,-0.5465730,0.3753216,0.1200141
3/20/2026 11:53:59.041,0.0445265,-0.0318963,0.0282824,0.9980983,0.0908126,-0.0614442,0.0538647,0.7223272,-0.5174341,0.4588087,0.1233625
3/20/2026 11:53:59.061,0.0438891,-0.0312232,0.0328428,0.9980082,0.0897747,-0.0597149,0.0631099,0.6957073,-0.4949341,0.5206072,0.1262528
3/20/2026 11:53:59.081,0.0431325,-0.0306961,0.0369967,0.9979122,0.0884717,-0.0583335,0.0715314,0.6678256,-0.4752704,0.5728237,0.1292594
3/20/2026 11:53:59.101,0.0422196,-0.0302716,0.0407700,0.9978172,0.0868323,-0.0572151,0.0791867,0.6393201,-0.4583943,0.6173690,0.1321707
3/20/2026 11:53:59.121,0.0409281,-0.0298068,0.0441871,0.9977394,0.0844056,-0.0560909,0.0861473,0.6090352,-0.4435436,0.6575297,0.1345041
3/20/2026 11:53:59.141,0.0394731,-0.0293686,0.0469731,0.9976839,0.0816130,-0.0551041,0.0918445,0.5802913,-0.4317462,0.6905487,0.1361473
3/20/2026 11:53:59.161,0.0382777,-0.0292012,0.0492655,0.9976248,0.0793340,-0.0546913,0.0965142,0.5556852,-0.4239198,0.7151965,0.1378749
3/20/2026 11:53:59.181,0.0371512,-0.0291196,0.0514635,0.9975587,0.0771949,-0.0544622,0.1009838,0.5320007,-0.4169888,0.7369503,0.1397793
3/20/2026 11:53:59.201,0.0358890,-0.0289743,0.0536800,0.9974923,0.0747783,-0.0541279,0.1055010,0.5070868,-0.4093874,0.7584622,0.1416682
3/20/2026 11:53:59.221,0.0340760,-0.0286232,0.0563844,0.9974169,0.0712641,-0.0534167,0.1110361,0.4743927,-0.3984806,0.7849616,0.1437848
3/20/2026 11:53:59.241,0.0317567,-0.0282671,0.0598320,0.9973028,0.0667743,-0.0527235,0.1180827,0.4326600,-0.3851166,0.8151629,0.1469270
3/20/2026 11:53:59.261,0.0299461,-0.0279989,0.0634786,0.9971408,0.0633180,-0.0521639,0.1254973,0.3962905,-0.3705216,0.8400401,0.1512772
3/20/2026 11:53:59.281,0.0291417,-0.0279837,0.0658996,0.9970080,0.0618367,-0.0520822,0.1303914,0.3770016,-0.3620211,0.8525319,0.1547506
3/20/2026 11:53:59.301,0.0285971,-0.0279472,0.0676521,0.9969075,0.0608363,-0.0519718,0.1339345,0.3638991,-0.3556291,0.8608748,0.1573308
3/20/2026 11:53:59.321,0.0279758,-0.0275639,0.0690048,0.9968430,0.0596143,-0.0512062,0.1366991,0.3523475,-0.3471606,0.8690976,0.1589622
3/20/2026 11:53:59.341,0.0273795,-0.0273354,0.0697142,0.9968166,0.0584293,-0.0507877,0.1381618,0.3434014,-0.3428479,0.8743744,0.1596259
3/20/2026 11:53:59.361,0.0269352,-0.0274059,0.0699368,0.9968111,0.0575639,-0.0509759,0.1386236,0.3375421,-0.3434402,0.8764213,0.1597649
3/20/2026 11:53:59.381,0.0264611,-0.0274476,0.0700973,0.9968113,0.0566317,-0.0511146,0.1389639,0.3316144,-0.3439774,0.8784711,0.1597590
3/20/2026 11:53:59.401,0.0257959,-0.0273383,0.0706897,0.9967900,0.0553194,-0.0509539,0.1401876,0.3222005,-0.3414657,0.8829427,0.1602929
3/20/2026 11:53:59.421,0.0249172,-0.0271918,0.0716253,0.9967496,0.0535934,-0.0507319,0.1421111,0.3092877,-0.3375206,0.8890563,0.1612993
3/20/2026 11:53:59.441,0.0237009,-0.0270395,0.0727857,0.9966993,0.0512038,-0.0505380,0.1445003,0.2919450,-0.3330695,0.8965673,0.1625419
3/20/2026 11:53:59.461,0.0225878,-0.0268097,0.0737434,0.9966609,0.0489985,-0.0501903,0.1464816,0.2766349,-0.3283413,0.9031418,0.1634863
3/20/2026 11:53:59.481,0.0218045,-0.0265837,0.0745262,0.9966262,0.0474421,-0.0498147,0.1480970,0.2656662,-0.3238964,0.9080268,0.1643338
3/20/2026 11:53:59.501,0.0212454,-0.0263560,0.0751141,0.9966002,0.0463222,-0.0494142,0.1493113,0.2578630,-0.3198926,0.9116882,0.1649659
3/20/2026 11:53:59.521,0.0202489,-0.0260950,0.0758585,0.9965715,0.0443325,-0.0490068,0.1508592,0.2447368,-0.3153959,0.9168584,0.1656618
3/20/2026 11:53:59.541,0.0184249,-0.0256672,0.0768544,0.9965416,0.0406789,-0.0483837,0.1529531,0.2217315,-0.3088875,0.9248912,0.1663821
3/20/2026 11:53:59.561,0.0155357,-0.0249867,0.0779192,0.9965255,0.0348643,-0.0474254,0.1552372,0.1865267,-0.2999997,0.9355255,0.1667690
3/20/2026 11:53:59.581,0.0112529,-0.0234699,0.0789512,0.9965388,0.0261369,-0.0450310,0.1575320,0.1353641,-0.2823243,0.9497208,0.1664510
3/20/2026 11:53:59.601,0.0079089,-0.0220163,0.0796363,0.9965495,0.0192710,-0.0426418,0.1590743,0.0952865,-0.2652526,0.9594590,0.1661912
3/20/2026 11:53:59.621,0.0052812,-0.0212373,0.0799680,0.9965572,0.0139231,-0.0414996,0.1598564,0.0636993,-0.2561536,0.9645349,0.1660058
3/20/2026 11:53:59.641,0.0026105,-0.0208160,0.0800806,0.9965676,0.0085371,-0.0410840,0.1601928,0.0315345,-0.2514523,0.9673558,0.1657555
3/20/2026 11:53:59.661,-0.0006745,-0.0201469,0.0801193,0.9965814,0.0018840,-0.0402750,0.1604053,-0.0081639,-0.2438605,0.9697760,0.1654210
3/20/2026 11:53:59.681,-0.0048222,-0.0191887,0.0801483,0.9965867,-0.0065357,-0.0390301,0.1606277,-0.0584128,-0.2324372,0.9708558,0.1652925
3/20/2026 11:53:59.701,-0.0096782,-0.0178389,0.0802310,0.9965698,-0.0164284,-0.0371220,0.1609728,-0.1169461,-0.2155548,0.9694636,0.1657036
3/20/2026 11:53:59.721,-0.0144079,-0.0167229,0.0799909,0.9965513,-0.0260440,-0.0356550,0.1606565,-0.1736294,-0.2015272,0.9639708,0.1661495
3/20/2026 11:53:59.741,-0.0187244,-0.0160201,0.0792072,0.9965536,-0.0347890,-0.0349242,0.1592364,-0.2257262,-0.1931248,0.9548563,0.1660935
3/20/2026 11:53:59.761,-0.0231855,-0.0156004,0.0783275,0.9965360,-0.0437804,-0.0347652,0.1576382,-0.2787946,-0.1875877,0.9418516,0.1665169
3/20/2026 11:53:59.781,-0.0279608,-0.0153678,0.0773905,0.9964902,-0.0533719,-0.0350125,0.1559496,-0.3340219,-0.1835854,0.9245138,0.1676142
3/20/2026 11:53:59.801,-0.0324828,-0.0152038,0.0762909,0.9964405,-0.0624551,-0.0353319,0.1539326,-0.3853210,-0.1803522,0.9049867,0.1687991
3/20/2026 11:53:59.821,-0.0365069,-0.0150587,0.0750164,0.9964002,-0.0705502,-0.0355822,0.1515471,-0.4306276,-0.1776291,0.8848773,0.1697524
3/20/2026 11:53:59.841,-0.0401958,-0.0149119,0.0736745,0.9963604,-0.0779808,-0.0357544,0.1490134,-0.4715562,-0.1749390,0.8643096,0.1706892
3/20/2026 11:53:59.861,-0.0436946,-0.0148959,0.0725174,0.9962982,-0.0850077,-0.0361571,0.1468552,-0.5082876,-0.1732796,0.8435745,0.1721416
3/20/2026 11:53:59.881,-0.0471936,-0.0151952,0.0715914,0.9962010,-0.0919826,-0.0371980,0.1451944,-0.5419378,-0.1744903,0.8221049,0.1743874
3/20/2026 11:53:59.901,-0.0506352,-0.0149867,0.0710595,0.9960734,-0.0989041,-0.0372425,0.1442815,-0.5719401,-0.1692791,0.8026388,0.1772954
3/20/2026 11:53:59.921,-0.0541990,-0.0149035,0.0707945,0.9959059,-0.1060426,-0.0375788,0.1439269,-0.5995703,-0.1648683,0.7831564,0.1810383
3/20/2026 11:53:59.941,-0.0576403,-0.0150526,0.0704354,0.9957359,-0.1129084,-0.0383502,0.1434064,-0.6248248,-0.1631711,0.7635241,0.1847613
3/20/2026 11:53:59.961,-0.0602314,-0.0152168,0.0696270,0.9956369,-0.1180926,-0.0389695,0.1419410,-0.6454779,-0.1630730,0.7461672,0.1868954
3/20/2026 11:53:59.981,-0.0626268,-0.0153584,0.0687489,0.9955480,-0.1228934,-0.0394991,0.1403242,-0.6644253,-0.1629410,0.7293760,0.1887932
3/20/2026 11:54:0.001,-0.0647812,-0.0155065,0.0678599,0.9954687,-0.1272136,-0.0399983,0.1386751,-0.6812651,-0.1630725,0.7136424,0.1904666
3/20/2026 11:54:0.021,-0.0664222,-0.0156182,0.0669414,0.9954210,-0.1305153,-0.0403401,0.1369332,-0.6948830,-0.1633912,0.7003148,0.1914681
3/20/2026 11:54:0.041,-0.0678985,-0.0158597,0.0661266,0.9953720,-0.1334668,-0.0409278,0.1354090,-0.7065682,-0.1650403,0.6881302,0.1924906
3/20/2026 11:54:0.061,-0.0697609,-0.0160805,0.0654536,0.9952843,-0.1371888,-0.0415437,0.1341931,-0.7191716,-0.1657754,0.6747673,0.1943080
3/20/2026 11:54:0.081,-0.0718604,-0.0158200,0.0646134,0.9951940,-0.1414570,-0.0411973,0.1325881,-0.7338396,-0.1615546,0.6598330,0.1961599
3/20/2026 11:54:0.101,-0.0738377,-0.0162378,0.0636269,0.9951061,-0.1453982,-0.0421700,0.1307774,-0.7472456,-0.1643279,0.6439103,0.1979474
3/20/2026 11:54:0.121,-0.0753940,-0.0167786,0.0627428,0.9950365,-0.1484790,-0.0433417,0.1291690,-0.7576451,-0.1686104,0.6305112,0.1993503
3/20/2026 11:54:0.141,-0.0768234,-0.0173807,0.0618391,0.9949735,-0.1513016,-0.0446123,0.1275256,-0.7671607,-0.1735641,0.6175272,0.2006126
3/20/2026 11:54:0.161,-0.0783345,-0.0180060,0.0607439,0.9949120,-0.1542959,-0.0459068,0.1255072,-0.7775226,-0.1787217,0.6029238,0.2018386
3/20/2026 11:54:0.181,-0.0801065,-0.0187993,0.0594938,0.9948317,-0.1578021,-0.0475445,0.1232236,-0.7889304,-0.1851458,0.5859266,0.2034262
3/20/2026 11:54:0.201,-0.0817915,-0.0197378,0.0580159,0.9947637,-0.1611326,-0.0494192,0.1205018,-0.8002917,-0.1931247,0.5676585,0.2047614
3/20/2026 11:54:0.221,-0.0834432,-0.0207626,0.0564212,0.9946975,-0.1643981,-0.0514368,0.1175614,-0.8113448,-0.2018813,0.5486014,0.2060532
3/20/2026 11:54:0.241,-0.0852264,-0.0218845,0.0545708,0.9946254,-0.1679364,-0.0536151,0.1141355,-0.8231286,-0.2113635,0.5270530,0.2074487
3/20/2026 11:54:0.261,-0.0871136,-0.0227705,0.0526607,0.9945449,-0.1717212,-0.0553087,0.1105624,-0.8351473,-0.2182977,0.5048518,0.2089984
3/20/2026 11:54:0.281,-0.0888811,-0.0235493,0.0505285,0.9944811,-0.1752976,-0.0567199,0.1065165,-0.8471571,-0.2244567,0.4816057,0.2102189
3/20/2026 11:54:0.301,-0.0904919,-0.0244027,0.0481279,0.9944344,-0.1785752,-0.0582020,0.1019316,-0.8588890,-0.2316139,0.4567983,0.2111078
3/20/2026 11:54:0.321,-0.0921431,-0.0255359,0.0453362,0.9943853,-0.1819382,-0.0601686,0.0966119,-0.8707560,-0.2413149,0.4284286,0.2120370
3/20/2026 11:54:0.341,-0.0935410,-0.0266445,0.0423015,0.9943595,-0.1848230,-0.0619972,0.0907796,-0.8819419,-0.2512149,0.3988355,0.2125242
3/20/2026 11:54:0.361,-0.0951575,-0.0274120,0.0391015,0.9943163,-0.1881986,-0.0631095,0.0845681,-0.8937717,-0.2574688,0.3672626,0.2133375
3/20/2026 11:54:0.381,-0.0974114,-0.0279943,0.0354006,0.9942204,-0.1929089,-0.0637875,0.0773570,-0.9073462,-0.2607552,0.3297416,0.2151316
3/20/2026 11:54:0.401,-0.0994677,-0.0280673,0.0326559,0.9941087,-0.1972061,-0.0635744,0.0719668,-0.9176987,-0.2589513,0.3012860,0.2172014
3/20/2026 11:54:0.421,-0.1011715,-0.0281212,0.0300458,0.9940176,-0.2007891,-0.0632986,0.0668137,-0.9263008,-0.2574707,0.2750917,0.2188766
3/20/2026 11:54:0.441,-0.1026014,-0.0283561,0.0272756,0.9939442,-0.2038216,-0.0633180,0.0613477,-0.9337022,-0.2580490,0.2482159,0.2202172
3/20/2026 11:54:0.461,-0.1037829,-0.0287689,0.0244282,0.9938837,-0.2063521,-0.0636487,0.0557404,-0.9397882,-0.2605115,0.2212057,0.2213145
3/20/2026 11:54:0.481,-0.1048677,-0.0291867,0.0217273,0.9938203,-0.2086823,-0.0640009,0.0504230,-0.9447474,-0.2629412,0.1957404,0.2224602
3/20/2026 11:54:0.501,-0.1061468,-0.0296044,0.0194042,0.9937203,-0.2113823,-0.0644342,0.0458870,-0.9486439,-0.2645774,0.1734167,0.2242550
3/20/2026 11:54:0.521,-0.1074916,-0.0300150,0.0172308,0.9936035,-0.2142080,-0.0648776,0.0416583,-0.9518778,-0.2657940,0.1525854,0.2263326
3/20/2026 11:54:0.541,-0.1089448,-0.0303426,0.0151191,0.9934695,-0.2172543,-0.0651600,0.0375436,-0.9548398,-0.2659360,0.1325100,0.2286934
3/20/2026 11:54:0.561,-0.1103380,-0.0306519,0.0130933,0.9933352,-0.2201771,-0.0654091,0.0335938,-0.9572757,-0.2659312,0.1135956,0.2310364
3/20/2026 11:54:0.581,-0.1115563,-0.0310770,0.0109131,0.9932122,-0.2227576,-0.0658402,0.0293412,-0.9590699,-0.2671748,0.0938220,0.2331614
3/20/2026 11:54:0.601,-0.1124158,-0.0316222,0.0082172,0.9931239,-0.2246507,-0.0663724,0.0240378,-0.9602647,-0.2701196,0.0701922,0.2346733
3/20/2026 11:54:0.621,-0.1130776,-0.0322380,0.0051172,0.9930499,-0.2261769,-0.0669387,0.0179115,-0.9607714,-0.2739123,0.0434788,0.2359357
3/20/2026 11:54:0.641,-0.1134695,-0.0331018,0.0016599,0.9929885,-0.2271872,-0.0679120,0.0110940,-0.9598905,-0.2800234,0.0140415,0.2369756
3/20/2026 11:54:0.661,-0.1138836,-0.0340089,-0.0025996,0.9929085,-0.2283071,-0.0687810,0.0026526,-0.9579581,-0.2860739,-0.0218674,0.2383262
3/20/2026 11:54:0.681,-0.1143162,-0.0346312,-0.0067336,0.9928179,-0.2294651,-0.0690900,-0.0055996,-0.9555306,-0.2894708,-0.0562842,0.2398455
3/20/2026 11:54:0.701,-0.1147903,-0.0349869,-0.0113566,0.9927086,-0.2307434,-0.0687305,-0.0149113,-0.9523013,-0.2902514,-0.0942147,0.2416661
3/20/2026 11:54:0.721,-0.1152552,-0.0352441,-0.0164788,0.9925737,-0.2320366,-0.0680409,-0.0252690,-0.9474731,-0.2897300,-0.1354665,0.2438930
3/20/2026 11:54:0.741,-0.1157690,-0.0354883,-0.0215092,0.9924089,-0.2334208,-0.0673331,-0.0354440,-0.9413505,-0.2885655,-0.1748972,0.2465878
3/20/2026 11:54:0.761,-0.1161918,-0.0359140,-0.0261557,0.9922327,-0.2346035,-0.0670783,-0.0448019,-0.9340447,-0.2887058,-0.2102605,0.2494377
3/20/2026 11:54:0.781,-0.1162759,-0.0368663,-0.0309582,0.9920496,-0.2351465,-0.0678652,-0.0543744,-0.9239421,-0.2929437,-0.2459979,0.2523636
3/20/2026 11:54:0.801,-0.1166020,-0.0375093,-0.0360349,0.9918159,-0.2361886,-0.0679380,-0.0645702,-0.9132558,-0.2937818,-0.2822340,0.2560519
3/20/2026 11:54:0.821,-0.1172297,-0.0376322,-0.0410265,0.9915432,-0.2377993,-0.0669412,-0.0747073,-0.9033141,-0.2899751,-0.3161298,0.2602877
3/20/2026 11:54:0.841,-0.1177499,-0.0378402,-0.0455087,0.9912780,-0.2391634,-0.0662353,-0.0837944,-0.8934827,-0.2871299,-0.3453187,0.2643439
3/20/2026 11:54:0.861,-0.1179998,-0.0382469,-0.0500296,0.9910149,-0.2400035,-0.0659357,-0.0929295,-0.8822247,-0.2859525,-0.3740464,0.2683071
3/20/2026 11:54:0.881,-0.1181270,-0.0387623,-0.0536689,0.9907892,-0.2405518,-0.0660804,-0.1002429,-0.8723420,-0.2862510,-0.3963328,0.2716607
3/20/2026 11:54:0.901,-0.1183895,-0.0391087,-0.0568408,0.9905673,-0.2413272,-0.0659793,-0.1066379,-0.8639860,-0.2854081,-0.4148138,0.2749196
3/20/2026 11:54:0.921,-0.1187680,-0.0393996,-0.0596904,0.9903429,-0.2423098,-0.0658289,-0.1123844,-0.8566633,-0.2841862,-0.4305417,0.2781759
3/20/2026 11:54:0.941,-0.1192700,-0.0396049,-0.0623503,0.9901104,-0.2435195,-0.0655324,-0.1177613,-0.8501643,-0.2823060,-0.4444367,0.2815095
3/20/2026 11:54:0.961,-0.1197565,-0.0396851,-0.0647746,0.9898928,-0.2446671,-0.0650349,-0.1226902,-0.8444393,-0.2798315,-0.4567457,0.2845942
3/20/2026 11:54:0.981,-0.1202316,-0.0396711,-0.0668466,0.9896981,-0.2457561,-0.0644297,-0.1269235,-0.8397771,-0.2770889,-0.4669007,0.2873282
3/20/2026 11:54:1.001,-0.1205919,-0.0396757,-0.0687626,0.9895228,-0.2466052,-0.0639112,-0.1308385,-0.8352541,-0.2748051,-0.4762695,0.2897667
3/20/2026 11:54:1.021,-0.1208020,-0.0398026,-0.0708036,0.9893481,-0.2471761,-0.0636263,-0.1349855,-0.8298572,-0.2734266,-0.4863896,0.2921760
3/20/2026 11:54:1.041,-0.1212243,-0.0399547,-0.0730847,0.9891244,-0.2481923,-0.0633017,-0.1396136,-0.8241961,-0.2716495,-0.4968977,0.2952335
3/20/2026 11:54:1.061,-0.1216980,-0.0401541,-0.0755621,0.9888719,-0.2493310,-0.0630118,-0.1446337,-0.8180301,-0.2699077,-0.5079138,0.2986480
3/20/2026 11:54:1.081,-0.1222734,-0.0402494,-0.0780310,0.9886054,-0.2506582,-0.0624917,-0.1496628,-0.8122794,-0.2673827,-0.5183710,0.3022095
3/20/2026 11:54:1.101,-0.1227691,-0.0402011,-0.0804745,0.9883500,-0.2518005,-0.0616892,-0.1546821,-0.8066354,-0.2641354,-0.5287454,0.3055835
3/20/2026 11:54:1.121,-0.1232879,-0.0402865,-0.0832828,0.9880493,-0.2530309,-0.0610554,-0.1604194,-0.7998473,-0.2613642,-0.5403084,0.3095107
3/20/2026 11:54:1.141,-0.1235220,-0.0406689,-0.0860260,0.9877692,-0.2537334,-0.0610832,-0.1659556,-0.7921966,-0.2608259,-0.5517195,0.3131240
3/20/2026 11:54:1.161,-0.1234621,-0.0411830,-0.0888922,0.9875015,-0.2538782,-0.0613920,-0.1717185,-0.7833418,-0.2612975,-0.5640029,0.3165390
3/20/2026 11:54:1.181,-0.1232856,-0.0414030,-0.0918115,0.9872473,-0.2537434,-0.0611054,-0.1776704,-0.7744334,-0.2600782,-0.5767254,0.3197488
3/20/2026 11:54:1.201,-0.1231865,-0.0415966,-0.0952506,0.9869257,-0.2537918,-0.0606160,-0.1846988,-0.7642958,-0.2580812,-0.5909705,0.3237644
3/20/2026 11:54:1.221,-0.1229397,-0.0418244,-0.0986353,0.9866143,-0.2535467,-0.0602379,-0.1916109,-0.7538996,-0.2564787,-0.6048587,0.3276057
3/20/2026 11:54:1.241,-0.1227577,-0.0419782,-0.1017619,0.9863128,-0.2534017,-0.0597663,-0.1980114,-0.7445042,-0.2545907,-0.6171686,0.3312827
3/20/2026 11:54:1.261,-0.1226385,-0.0419399,-0.1045313,0.9860396,-0.2533215,-0.0589852,-0.2037265,-0.7365182,-0.2518744,-0.6277739,0.3345799
3/20/2026 11:54:1.281,-0.1225103,-0.0419520,-0.1070648,0.9857831,-0.2532178,-0.0583715,-0.2089439,-0.7291299,-0.2496805,-0.6372042,0.3376473
3/20/2026 11:54:1.301,-0.1223639,-0.0420607,-0.1097705,0.9854991,-0.2531069,-0.0579142,-0.2144928,-0.7211416,-0.2478812,-0.6469232,0.3410107
3/20/2026 11:54:1.321,-0.1218812,-0.0421401,-0.1121385,0.9852889,-0.2522955,-0.0575581,-0.2193553,-0.7131844,-0.2465814,-0.6561749,0.3434798
3/20/2026 11:54:1.341,-0.1218725,-0.0420422,-0.1139368,0.9850878,-0.2523607,-0.0568907,-0.2230879,-0.7083450,-0.2443568,-0.6622214,0.3458254
3/20/2026 11:54:1.361,-0.1219137,-0.0419277,-0.1156676,0.9848859,-0.2525167,-0.0561959,-0.2266862,-0.7038705,-0.2420702,-0.6678087,0.3481643
3/20/2026 11:54:1.381,-0.1217513,-0.0417605,-0.1175228,0.9846935,-0.2522579,-0.0554065,-0.2305551,-0.6985335,-0.2395960,-0.6742734,0.3503797
3/20/2026 11:54:1.401,-0.1212890,-0.0418280,-0.1192826,0.9845361,-0.2514468,-0.0551897,-0.2341667,-0.6923577,-0.2387680,-0.6809043,0.3521814
3/20/2026 11:54:1.421,-0.1206841,-0.0417698,-0.1209905,0.9844044,-0.2503173,-0.0547670,-0.2377024,-0.6860145,-0.2374358,-0.6877561,0.3536814
3/20/2026 11:54:1.441,-0.1200748,-0.0416031,-0.1223827,0.9843138,-0.2491347,-0.0542102,-0.2406137,-0.6805938,-0.2358097,-0.6936756,0.3547100
3/20/2026 11:54:1.461,-0.1194914,-0.0415086,-0.1235838,0.9842388,-0.2480104,-0.0538472,-0.2431115,-0.6756846,-0.2347178,-0.6988260,0.3555590
3/20/2026 11:54:1.481,-0.1190411,-0.0413834,-0.1245836,0.9841726,-0.2471332,-0.0534441,-0.2452020,-0.6717403,-0.2335236,-0.7030163,0.3563071
3/20/2026 11:54:1.501,-0.1185560,-0.0411956,-0.1255815,0.9841122,-0.2461704,-0.0529247,-0.2473035,-0.6677403,-0.2320249,-0.7073100,0.3569879
3/20/2026 11:54:1.521,-0.1177303,-0.0411316,-0.1267494,0.9840642,-0.2445659,-0.0526997,-0.2497215,-0.6620998,-0.2313188,-0.7128221,0.3575280
3/20/2026 11:54:1.541,-0.1165237,-0.0410175,-0.1279674,0.9840549,-0.2421900,-0.0524589,-0.2522513,-0.6551254,-0.2306108,-0.7194647,0.3576326
3/20/2026 11:54:1.561,-0.1153653,-0.0407700,-0.1293236,0.9840245,-0.2398835,-0.0519075,-0.2550969,-0.6479973,-0.2290020,-0.7264004,0.3579749
3/20/2026 11:54:1.581,-0.1142813,-0.0406434,-0.1310072,0.9839334,-0.2377737,-0.0515088,-0.2585870,-0.6401036,-0.2276487,-0.7337871,0.3589966
3/20/2026 11:54:1.601,-0.1127913,-0.0406504,-0.1327029,0.9838778,-0.2348884,-0.0514906,-0.2620651,-0.6306763,-0.2272981,-0.7420127,0.3596184
3/20/2026 11:54:1.621,-0.1108039,-0.0404215,-0.1341444,0.9839177,-0.2309358,-0.0511963,-0.2650686,-0.6203234,-0.2262952,-0.7509923,0.3591722
3/20/2026 11:54:1.641,-0.1088559,-0.0400288,-0.1352191,0.9840041,-0.2269990,-0.0506589,-0.2673523,-0.6110476,-0.2246960,-0.7590340,0.3582038
3/20/2026 11:54:1.661,-0.1062097,-0.0399062,-0.1364577,0.9841272,-0.2217517,-0.0508252,-0.2699041,-0.5984838,-0.2248685,-0.7689286,0.3568194
3/20/2026 11:54:1.681,-0.1027621,-0.0401214,-0.1377512,0.9843043,-0.2150045,-0.0518896,-0.2724915,-0.5822875,-0.2273426,-0.7805489,0.3548174
3/20/2026 11:54:1.701,-0.0985850,-0.0406210,-0.1389758,0.9845389,-0.2068848,-0.0537556,-0.2748841,-0.5628070,-0.2318991,-0.7933921,0.3521494
3/20/2026 11:54:1.721,-0.0939737,-0.0410992,-0.1400365,0.9848196,-0.1978942,-0.0557474,-0.2769628,-0.5413820,-0.2367721,-0.8067493,0.3489295
3/20/2026 11:54:1.741,-0.0892387,-0.0417012,-0.1411816,0.9850712,-0.1887057,-0.0580215,-0.2792129,-0.5183848,-0.2422408,-0.8201199,0.3460186
3/20/2026 11:54:1.761,-0.0845779,-0.0421684,-0.1422469,0.9853091,-0.1796319,-0.0600375,-0.2813470,-0.4952450,-0.2469167,-0.8329253,0.3432432
3/20/2026 11:54:1.781,-0.0796815,-0.0426760,-0.1430875,0.9855738,-0.1700957,-0.0622560,-0.2830407,-0.4708010,-0.2521529,-0.8454379,0.3401300
3/20/2026 11:54:1.801,-0.0742211,-0.0434880,-0.1438748,0.9858499,-0.1595312,-0.0652626,-0.2846155,-0.4427665,-0.2594278,-0.8582861,0.3368511
3/20/2026 11:54:1.821,-0.0687745,-0.0441793,-0.1446525,0.9861005,-0.1489688,-0.0680391,-0.2862265,-0.4139281,-0.2658988,-0.8706098,0.3338481
3/20/2026 11:54:1.841,-0.0639362,-0.0444965,-0.1453335,0.9863115,-0.1395078,-0.0699264,-0.2877083,-0.3877443,-0.2698510,-0.8813823,0.3312986
3/20/2026 11:54:1.861,-0.0594854,-0.0446444,-0.1458030,0.9865141,-0.1307573,-0.0714081,-0.2887907,-0.3634319,-0.2727592,-0.8907973,0.3288322
3/20/2026 11:54:1.881,-0.0547458,-0.0445590,-0.1459129,0.9867761,-0.1213447,-0.0725599,-0.2891994,-0.3377492,-0.2749026,-0.9001967,0.3256157
3/20/2026 11:54:1.901,-0.0507095,-0.0445182,-0.1457188,0.9870223,-0.1133194,-0.0736406,-0.2889732,-0.3157812,-0.2772264,-0.9074292,0.3225633
3/20/2026 11:54:1.921,-0.0468901,-0.0445888,-0.1453511,0.9872621,-0.1057446,-0.0748985,-0.2883870,-0.2947152,-0.2802510,-0.9135657,0.3195630
3/20/2026 11:54:1.941,-0.0432488,-0.0446925,-0.1447243,0.9875156,-0.0985131,-0.0761935,-0.2872781,-0.2745580,-0.2837233,-0.9187595,0.3163597
3/20/2026 11:54:1.961,-0.0393850,-0.0449005,-0.1439016,0.9877880,-0.0908555,-0.0777680,-0.2857890,-0.2527854,-0.2881856,-0.9236063,0.3128830
3/20/2026 11:54:1.981,-0.0353433,-0.0451445,-0.1431120,0.9880445,-0.0828578,-0.0794492,-0.2843916,-0.2292499,-0.2928237,-0.9282773,0.3095726
3/20/2026 11:54:2.001,-0.0313658,-0.0453589,-0.1421523,0.9883074,-0.0749640,-0.0810558,-0.2826675,-0.2057113,-0.2974848,-0.9323012,0.3061438
3/20/2026 11:54:2.021,-0.0271341,-0.0457249,-0.1410729,0.9885705,-0.0665983,-0.0830280,-0.2807265,-0.1799822,-0.3032960,-0.9357446,0.3026733
3/20/2026 11:54:2.041,-0.0218525,-0.0465928,-0.1401389,0.9887936,-0.0563039,-0.0862600,-0.2791485,-0.1463768,-0.3120971,-0.9387061,0.2996991
3/20/2026 11:54:2.061,-0.0161273,-0.0474846,-0.1390366,0.9890167,-0.0451198,-0.0896527,-0.2773066,-0.1091127,-0.3212670,-0.9406816,0.2966945
3/20/2026 11:54:2.081,-0.0106773,-0.0488530,-0.1376262,0.9892212,-0.0345782,-0.0939079,-0.2748520,-0.0729177,-0.3336281,-0.9398805,0.2939152
3/20/2026 11:54:2.101,-0.0066432,-0.0492460,-0.1357063,0.9895022,-0.0265161,-0.0958352,-0.2713200,-0.0459681,-0.3407597,-0.9390259,0.2900514
3/20/2026 11:54:2.121,-0.0044541,-0.0489633,-0.1340069,0.9897600,-0.0219416,-0.0959000,-0.2680970,-0.0312041,-0.3430209,-0.9388093,0.2864618
3/20/2026 11:54:2.141,-0.0023489,-0.0485761,-0.1324790,0.9899921,-0.0175223,-0.0957183,-0.2652167,-0.0166443,-0.3442099,-0.9387452,0.2831903
3/20/2026 11:54:2.161,0.0003332,-0.0474991,-0.1309995,0.9902439,-0.0117850,-0.0943049,-0.2624968,0.0023913,-0.3408728,-0.9401064,0.2795996
3/20/2026 11:54:2.181,0.0033561,-0.0457945,-0.1296546,0.9904956,-0.0052265,-0.0917185,-0.2600776,0.0244002,-0.3329408,-0.9426320,0.2759634
3/20/2026 11:54:2.201,0.0062903,-0.0438926,-0.1282179,0.9907543,0.0012087,-0.0887029,-0.2574520,0.0463652,-0.3235279,-0.9450820,0.2721761
3/20/2026 11:54:2.221,0.0094745,-0.0429904,-0.1265401,0.9909843,0.0078983,-0.0877186,-0.2543547,0.0707165,-0.3208744,-0.9444780,0.2687640
3/20/2026 11:54:2.241,0.0125353,-0.0416946,-0.1251141,0.9911867,0.0144169,-0.0859055,-0.2517447,0.0946250,-0.3147402,-0.9444495,0.2657261
3/20/2026 11:54:2.261,0.0150352,-0.0396414,-0.1238303,0.9913973,0.0199954,-0.0824341,-0.2493471,0.1148715,-0.3028668,-0.9460847,0.2625268
3/20/2026 11:54:2.281,0.0171962,-0.0378731,-0.1225227,0.9915938,0.0248252,-0.0794312,-0.2468631,0.1329016,-0.2927037,-0.9469222,0.2595067
3/20/2026 11:54:2.301,0.0194585,-0.0370485,-0.1215093,0.9917078,0.0295951,-0.0783256,-0.2449950,0.1514121,-0.2882846,-0.9454979,0.2577392
3/20/2026 11:54:2.321,0.0215636,-0.0362667,-0.1203734,0.9918317,0.0340503,-0.0772539,-0.2428642,0.1690544,-0.2843246,-0.9437056,0.2558044
3/20/2026 11:54:2.341,0.0231203,-0.0353333,-0.1190087,0.9919949,0.0374692,-0.0757295,-0.2402164,0.1830906,-0.2798066,-0.9424363,0.2532317
3/20/2026 11:54:2.361,0.0246007,-0.0338760,-0.1167423,0.9922794,0.0409234,-0.0730991,-0.2357211,0.1983568,-0.2731448,-0.9413004,0.2486853
3/20/2026 11:54:2.381,0.0260503,-0.0321912,-0.1136960,0.9926522,0.0444123,-0.0699590,-0.2296356,0.2152866,-0.2660373,-0.9396147,0.2425989
3/20/2026 11:54:2.401,0.0278399,-0.0312019,-0.1103890,0.9930084,0.0484208,-0.0682468,-0.2230766,0.2358438,-0.2643246,-0.9351525,0.2366386
3/20/2026 11:54:2.421,0.0298894,-0.0304592,-0.1067839,0.9933661,0.0529018,-0.0670416,-0.2159460,0.2599184,-0.2648731,-0.9285928,0.2305001
3/20/2026 11:54:2.441,0.0315700,-0.0296901,-0.1028376,0.9937537,0.0566695,-0.0656549,-0.2080955,0.2828948,-0.2660488,-0.9215143,0.2236576
3/20/2026 11:54:2.461,0.0326203,-0.0287748,-0.0986733,0.9941688,0.0592161,-0.0638065,-0.1997465,0.3025006,-0.2668395,-0.9150357,0.2160899
3/20/2026 11:54:2.481,0.0334781,-0.0279648,-0.0945146,0.9945674,0.0613447,-0.0621108,-0.1913990,0.3216097,-0.2686463,-0.9079627,0.2085671
3/20/2026 11:54:2.501,0.0343776,-0.0269741,-0.0900397,0.9949791,0.0635954,-0.0600254,-0.1824065,0.3434917,-0.2695180,-0.8996518,0.2005007
3/20/2026 11:54:2.521,0.0353349,-0.0261389,-0.0852094,0.9953933,0.0659375,-0.0582179,-0.1727117,0.3685437,-0.2726286,-0.8887346,0.1920472
3/20/2026 11:54:2.541,0.0366866,-0.0257636,-0.0805861,0.9957390,0.0689628,-0.0573884,-0.1634901,0.3978331,-0.2793834,-0.8738843,0.1846941
3/20/2026 11:54:2.561,0.0381835,-0.0254658,-0.0762402,0.9960327,0.0722437,-0.0567302,-0.1548404,0.4290805,-0.2861683,-0.8567367,0.1782127
3/20/2026 11:54:2.581,0.0396331,-0.0247571,-0.0708284,0.9963934,0.0755450,-0.0551350,-0.1440150,0.4670683,-0.2917576,-0.8347003,0.1699126
3/20/2026 11:54:2.601,0.0406265,-0.0239197,-0.0661267,0.9966969,0.0778998,-0.0532409,-0.1345728,0.5002513,-0.2945338,-0.8142472,0.1626021
3/20/2026 11:54:2.621,0.0414025,-0.0232602,-0.0617614,0.9969606,0.0797647,-0.0516804,-0.1258040,0.5314271,-0.2985593,-0.7927468,0.1559733
3/20/2026 11:54:2.641,0.0423745,-0.0228532,-0.0577664,0.9971687,0.0819604,-0.0506642,-0.1178093,0.5635012,-0.3039046,-0.7681851,0.1505355
3/20/2026 11:54:2.661,0.0433766,-0.0225785,-0.0539534,0.9973454,0.0841860,-0.0499152,-0.1101913,0.5956954,-0.3100726,-0.7409467,0.1457611
3/20/2026 11:54:2.681,0.0443209,-0.0224062,-0.0502654,0.9975004,0.0862747,-0.0493595,-0.1028285,0.6272320,-0.3170936,-0.7113590,0.1414390
3/20/2026 11:54:2.701,0.0451345,-0.0222419,-0.0462291,0.9976628,0.0881155,-0.0487612,-0.0947587,0.6605391,-0.3255079,-0.6765595,0.1367646
3/20/2026 11:54:2.721,0.0460174,-0.0219874,-0.0414384,0.9978386,0.0901357,-0.0479063,-0.0851696,0.7002793,-0.3345977,-0.6305975,0.1315192
3/20/2026 11:54:2.741,0.0469007,-0.0214714,-0.0359550,0.9980213,0.0922023,-0.0464444,-0.0741645,0.7459170,-0.3414852,-0.5718355,0.1258363
3/20/2026 11:54:2.761,0.0478078,-0.0208454,-0.0301325,0.9981843,0.0943255,-0.0447099,-0.0624668,0.7937065,-0.3460769,-0.5002607,0.1205416
3/20/2026 11:54:2.781,0.0488241,-0.0201622,-0.0234086,0.9983295,0.0966918,-0.0427555,-0.0489560,0.8450330,-0.3489608,-0.4051490,0.1156202
3/20/2026 11:54:2.801,0.0498380,-0.0197261,-0.0174832,0.9984095,0.0989893,-0.0413463,-0.0370670,0.8839791,-0.3498830,-0.3101010,0.1128153
3/20/2026 11:54:2.821,0.0508709,-0.0195150,-0.0113297,0.9984503,0.1013152,-0.0403399,-0.0247392,0.9141040,-0.3506664,-0.2035849,0.1113596
3/20/2026 11:54:2.841,0.0518786,-0.0194353,-0.0054461,0.9984494,0.1035697,-0.0395980,-0.0129617,0.9319503,-0.3491377,-0.0978343,0.1113896
3/20/2026 11:54:2.861,0.0524987,-0.0189221,0.0008170,0.9984414,0.1050577,-0.0379176,-0.0003573,0.9406573,-0.3390421,0.0146388,0.1116784
3/20/2026 11:54:2.881,0.0527305,-0.0179430,0.0072998,0.9984210,0.1057535,-0.0352637,0.0127560,0.9386659,-0.3194062,0.1299458,0.1124065
3/20/2026 11:54:2.901,0.0528630,-0.0166930,0.0123138,0.9983863,0.1061658,-0.0322172,0.0229541,0.9308971,-0.2939574,0.2168406,0.1136349
3/20/2026 11:54:2.921,0.0533455,-0.0161371,0.0171235,0.9982989,0.1072678,-0.0305729,0.0326605,0.9149535,-0.2767757,0.2936925,0.1166718
3/20/2026 11:54:2.941,0.0530070,-0.0156732,0.0217794,0.9982336,0.1067119,-0.0291520,0.0420719,0.8922003,-0.2638071,0.3665849,0.1188937
3/20/2026 11:54:2.961,0.0521003,-0.0153830,0.0266747,0.9981671,0.1050232,-0.0280886,0.0519582,0.8608835,-0.2541828,0.4407616,0.1211103
3/20/2026 11:54:2.981,0.0509426,-0.0149226,0.0320764,0.9980749,0.1028275,-0.0266636,0.0628823,0.8213634,-0.2406016,0.5171780,0.1241202
3/20/2026 11:54:3.001,0.0496156,-0.0141082,0.0374492,0.9979664,0.1002540,-0.0245686,0.0737832,0.7783673,-0.2213282,0.5875016,0.1275706
3/20/2026 11:54:3.021,0.0486851,-0.0134738,0.0417719,0.9978493,0.0984455,-0.0229354,0.0825451,0.7427282,-0.2055535,0.6372617,0.1311923
3/20/2026 11:54:3.041,0.0479859,-0.0130145,0.0450801,0.9977454,0.0970813,-0.0217481,0.0892459,0.7149954,-0.1939178,0.6716974,0.1343266
3/20/2026 11:54:3.061,0.0475259,-0.0127770,0.0478060,0.9976436,0.0961978,-0.0210487,0.0947513,0.6926935,-0.1862263,0.6967751,0.1373269
3/20/2026 11:54:3.081,0.0468768,-0.0128552,0.0496824,0.9975815,0.0949467,-0.0210869,0.0985216,0.6744316,-0.1849521,0.7147970,0.1391257
3/20/2026 11:54:3.101,0.0455537,-0.0129894,0.0518965,0.9975284,0.0923617,-0.0212787,0.1029730,0.6483170,-0.1848636,0.7385868,0.1406438
3/20/2026 11:54:3.121,0.0437894,-0.0130371,0.0546583,0.9974594,0.0888984,-0.0213068,0.1085379,0.6146816,-0.1830048,0.7672521,0.1425966
3/20/2026 11:54:3.141,0.0419419,-0.0130191,0.0576894,0.9973683,0.0852684,-0.0212092,0.1146497,0.5784846,-0.1795669,0.7956830,0.1451311
3/20/2026 11:54:3.161,0.0400924,-0.0130056,0.0608360,0.9972575,0.0816380,-0.0211338,0.1209925,0.5417116,-0.1757267,0.8219907,0.1481562
3/20/2026 11:54:3.181,0.0383757,-0.0132690,0.0638550,0.9971329,0.0783059,-0.0216289,0.1270553,0.5071328,-0.1753494,0.8438418,0.1514853
3/20/2026 11:54:3.201,0.0368792,-0.0136803,0.0664004,0.9970176,0.0754267,-0.0224471,0.1321546,0.4778547,-0.1772594,0.8603685,0.1545036
3/20/2026 11:54:3.221,0.0357925,-0.0141366,0.0683461,0.9969192,0.0733627,-0.0233585,0.1360432,0.4563304,-0.1802320,0.8713661,0.1570332
3/20/2026 11:54:3.241,0.0348986,-0.0146119,0.0701014,0.9968223,0.0716855,-0.0243029,0.1395469,0.4380980,-0.1834299,0.8800133,0.1594838
3/20/2026 11:54:3.261,0.0339832,-0.0150775,0.0717457,0.9967299,0.0699646,-0.0252446,0.1428307,0.4205519,-0.1865890,0.8878743,0.1617869
3/20/2026 11:54:3.281,0.0329137,-0.0154888,0.0734242,0.9966372,0.0679327,-0.0261033,0.1461912,0.4016751,-0.1890242,0.8960619,0.1640649
3/20/2026 11:54:3.301,0.0321645,-0.0160487,0.0749637,0.9965382,0.0665616,-0.0272275,0.1492590,0.3868881,-0.1930401,0.9016946,0.1664653
3/20/2026 11:54:3.321,0.0316603,-0.0168673,0.0763988,0.9964318,0.0657192,-0.0288428,0.1520971,0.3751142,-0.1998451,0.9051803,0.1690041
3/20/2026 11:54:3.341,0.0307013,-0.0174924,0.0782061,0.9963109,0.0639557,-0.0301199,0.1557065,0.3577487,-0.2038316,0.9113005,0.1718460
3/20/2026 11:54:3.361,0.0291755,-0.0176350,0.0805593,0.9961666,0.0610066,-0.0304954,0.1604569,0.3335272,-0.2015982,0.9209331,0.1751755
3/20/2026 11:54:3.381,0.0270518,-0.0177337,0.0830206,0.9960228,0.0568635,-0.0308894,0.1654411,0.3036137,-0.1990325,0.9317750,0.1784349
3/20/2026 11:54:3.401,0.0251482,-0.0177697,0.0844949,0.9959481,0.0531205,-0.0311946,0.1684433,0.2796389,-0.1975920,0.9395528,0.1801036
3/20/2026 11:54:3.421,0.0235111,-0.0178862,0.0851827,0.9959274,0.0498987,-0.0316660,0.1698565,0.2607720,-0.1983836,0.9447973,0.1805630
3/20/2026 11:54:3.441,0.0221153,-0.0180317,0.0856171,0.9959195,0.0471552,-0.0321706,0.1707553,0.2450529,-0.1998038,0.9486977,0.1807374
3/20/2026 11:54:3.461,0.0207165,-0.0180057,0.0856022,0.9959514,0.0443624,-0.0323562,0.1707610,0.2304520,-0.2002967,0.9522464,0.1800307
3/20/2026 11:54:3.481,0.0192860,-0.0181119,0.0853792,0.9959973,0.0415224,-0.0328197,0.1703451,0.2157647,-0.2026286,0.9551896,0.1790067
3/20/2026 11:54:3.501,0.0174159,-0.0182766,0.0851956,0.9960444,0.0378172,-0.0334713,0.1700195,0.1959982,-0.2056850,0.9587901,0.1779486
3/20/2026 11:54:3.521,0.0149516,-0.0183527,0.0850592,0.9960948,0.0329145,-0.0340436,0.1698118,0.1693427,-0.2078643,0.9633875,0.1768113
3/20/2026 11:54:3.541,0.0122319,-0.0180846,0.0848939,0.9961508,0.0274436,-0.0339726,0.1695668,0.1395437,-0.2063129,0.9684846,0.1755376
3/20/2026 11:54:3.561,0.0089203,-0.0174656,0.0847529,0.9962091,0.0207349,-0.0333000,0.1693969,0.1025408,-0.2007712,0.9742568,0.1742025
3/20/2026 11:54:3.581,0.0050691,-0.0167873,0.0843115,0.9962851,0.0129316,-0.0326035,0.1686387,0.0588637,-0.1949382,0.9790475,0.1724450
3/20/2026 11:54:3.601,0.0006344,-0.0161191,0.0837480,0.9963564,0.0039640,-0.0320203,0.1676508,0.0074378,-0.1889976,0.9819494,0.1707814
3/20/2026 11:54:3.621,-0.0043181,-0.0153405,0.0833612,0.9963920,-0.0060476,-0.0312959,0.1670319,-0.0508790,-0.1807508,0.9822120,0.1699463
3/20/2026 11:54:3.641,-0.0095218,-0.0144208,0.0831698,0.9963856,-0.0165767,-0.0303300,0.1668084,-0.1120920,-0.1697640,0.9790891,0.1700952
3/20/2026 11:54:3.661,-0.0156525,-0.0131407,0.0828030,0.9963563,-0.0290188,-0.0287938,0.1662484,-0.1835255,-0.1540744,0.9708654,0.1707842
3/20/2026 11:54:3.681,-0.0207402,-0.0120552,0.0822453,0.9963233,-0.0393550,-0.0274580,0.1652645,-0.2420866,-0.1407124,0.9599969,0.1715554
3/20/2026 11:54:3.701,-0.0252894,-0.0113266,0.0814297,0.9962938,-0.0485658,-0.0267226,0.1637517,-0.2940103,-0.1316816,0.9466878,0.1722428
3/20/2026 11:54:3.721,-0.0298174,-0.0108318,0.0806205,0.9962398,-0.0576961,-0.0264371,0.1622606,-0.3441627,-0.1250247,0.9305486,0.1734939
3/20/2026 11:54:3.741,-0.0340789,-0.0106000,0.0797477,0.9961760,-0.0662551,-0.0266159,0.1606490,-0.3900554,-0.1213241,0.9127635,0.1749614
3/20/2026 11:54:3.761,-0.0382641,-0.0103219,0.0788329,0.9960997,-0.0746717,-0.0266736,0.1589503,-0.4336644,-0.1169824,0.8934486,0.1766992
3/20/2026 11:54:3.781,-0.0423294,-0.0100712,0.0779074,0.9960107,-0.0828466,-0.0267525,0.1572298,-0.4743624,-0.1128623,0.8730650,0.1787063
3/20/2026 11:54:3.801,-0.0461368,-0.0099391,0.0768724,0.9959234,-0.0904927,-0.0270042,0.1552915,-0.5114716,-0.1101844,0.8522067,0.1806515
3/20/2026 11:54:3.821,-0.0496173,-0.0099955,0.0756964,0.9958456,-0.0974632,-0.0275539,0.1530764,-0.5448920,-0.1097699,0.8312902,0.1823694
3/20/2026 11:54:3.841,-0.0527909,-0.0101525,0.0742164,0.9957922,-0.1038170,-0.0282111,0.1502508,-0.5760638,-0.1107862,0.8098623,0.1835373
3/20/2026 11:54:3.861,-0.0562511,-0.0102769,0.0725510,0.9957242,-0.1107562,-0.0288085,0.1470651,-0.6089318,-0.1112499,0.7853824,0.1850157
3/20/2026 11:54:3.881,-0.0596766,-0.0104560,0.0706902,0.9956568,-0.1176276,-0.0294662,0.1434944,-0.6409903,-0.1123089,0.7592880,0.1864695
3/20/2026 11:54:3.901,-0.0627173,-0.0107374,0.0686349,0.9956107,-0.1237255,-0.0302253,0.1395297,-0.6701120,-0.1147254,0.7333403,0.1874567
3/20/2026 11:54:3.921,-0.0653661,-0.0111492,0.0663444,0.9955909,-0.1290342,-0.0311372,0.1350915,-0.6968601,-0.1188601,0.7072893,0.1878791
3/20/2026 11:54:3.941,-0.0678637,-0.0115888,0.0641513,0.9955626,-0.1340393,-0.0320751,0.1308498,-0.7211723,-0.1231518,0.6817215,0.1884830
3/20/2026 11:54:3.961,-0.0700751,-0.0119317,0.0622544,0.9955258,-0.1384796,-0.0328014,0.1271809,-0.7416080,-0.1262738,0.6588418,0.1892618
3/20/2026 11:54:3.981,-0.0716316,-0.0125093,0.0609801,0.9954867,-0.1415633,-0.0339883,0.1247704,-0.7548056,-0.1318144,0.6425678,0.1900876
3/20/2026 11:54:4.001,-0.0729622,-0.0133481,0.0598451,0.9954481,-0.1441614,-0.0356852,0.1226702,-0.7655632,-0.1400560,0.6279309,0.1908999
3/20/2026 11:54:4.021,-0.0741985,-0.0139437,0.0588460,0.9954082,-0.1465991,-0.0368960,0.1208072,-0.7751461,-0.1456688,0.6147594,0.1917361
3/20/2026 11:54:4.041,-0.0754213,-0.0145915,0.0578566,0.9953650,-0.1490059,-0.0382076,0.1189738,-0.7842497,-0.1517264,0.6016074,0.1926356
3/20/2026 11:54:4.061,-0.0766948,-0.0153162,0.0568046,0.9953175,-0.1515103,-0.0396668,0.1170312,-0.7934373,-0.1584517,0.5876651,0.1936223
3/20/2026 11:54:4.081,-0.0780054,-0.0159812,0.0556821,0.9952686,-0.1541021,-0.0409954,0.1149428,-0.8028262,-0.1644778,0.5730768,0.1946310
3/20/2026 11:54:4.101,-0.0795119,-0.0166065,0.0545379,0.9952024,-0.1570948,-0.0422592,0.1128189,-0.8126882,-0.1697343,0.5574299,0.1959894
3/20/2026 11:54:4.121,-0.0809842,-0.0173292,0.0532242,0.9951425,-0.1600190,-0.0436824,0.1103695,-0.8226281,-0.1760275,0.5406454,0.1972101
3/20/2026 11:54:4.141,-0.0825889,-0.0180289,0.0516557,0.9950808,-0.1632265,-0.0450264,0.1074127,-0.8336669,-0.1819873,0.5214213,0.1984595
3/20/2026 11:54:4.161,-0.0842870,-0.0186576,0.0500353,0.9950096,-0.1666357,-0.0462202,0.1043487,-0.8447329,-0.1869889,0.5014592,0.1998911
3/20/2026 11:54:4.181,-0.0858163,-0.0194933,0.0478538,0.9949702,-0.1697173,-0.0477070,0.1001765,-0.8566903,-0.1945982,0.4777168,0.2006792
3/20/2026 11:54:4.201,-0.0875545,-0.0205609,0.0445740,0.9949496,-0.1732572,-0.0494802,0.0938390,-0.8722635,-0.2048386,0.4440694,0.2010894
3/20/2026 11:54:4.221,-0.0894214,-0.0212883,0.0414463,0.9949036,-0.1770909,-0.0505844,0.0877612,-0.8868318,-0.2111257,0.4110418,0.2020054
3/20/2026 11:54:4.241,-0.0915500,-0.0218963,0.0382112,0.9948262,-0.1814737,-0.0514293,0.0814628,-0.9011532,-0.2155314,0.3761238,0.2035342
3/20/2026 11:54:4.261,-0.0934834,-0.0225456,0.0349869,0.9947506,-0.1854692,-0.0523166,0.0751810,-0.9135438,-0.2203217,0.3419009,0.2050178
3/20/2026 11:54:4.281,-0.0952440,-0.0231944,0.0315249,0.9946844,-0.1891387,-0.0531191,0.0684055,-0.9249511,-0.2252497,0.3061503,0.2063069
3/20/2026 11:54:4.301,-0.0969722,-0.0237051,0.0279030,0.9946135,-0.1927685,-0.0535841,0.0612759,-0.9355390,-0.2286948,0.2691942,0.2076789
3/20/2026 11:54:4.321,-0.0985941,-0.0241118,0.0243214,0.9945382,-0.1961945,-0.0538139,0.0541979,-0.9446329,-0.2310155,0.2330243,0.2091264
3/20/2026 11:54:4.341,-0.1001717,-0.0245024,0.0208359,0.9944502,-0.1995318,-0.0540044,0.0473056,-0.9521236,-0.2328934,0.1980436,0.2108066
3/20/2026 11:54:4.361,-0.1013936,-0.0250484,0.0169516,0.9943866,-0.2021741,-0.0543871,0.0396097,-0.9582744,-0.2367331,0.1602106,0.2120122
3/20/2026 11:54:4.381,-0.1025370,-0.0253626,0.0127370,0.9943243,-0.2046904,-0.0542069,0.0311870,-0.9637631,-0.2383874,0.1197175,0.2131863
3/20/2026 11:54:4.401,-0.1033319,-0.0255570,0.0078563,0.9942875,-0.2065471,-0.0536102,0.0213603,-0.9681163,-0.2394433,0.0736052,0.2138776
3/20/2026 11:54:4.421,-0.1039122,-0.0256983,0.0021777,0.9942521,-0.2080149,-0.0527140,0.0098844,-0.9705536,-0.2400253,0.0203397,0.2145400
3/20/2026 11:54:4.441,-0.1047377,-0.0258164,-0.0034596,0.9941589,-0.2099699,-0.0517661,-0.0015039,-0.9704409,-0.2392005,-0.0320546,0.2162745
3/20/2026 11:54:4.461,-0.1054490,-0.0261025,-0.0093192,0.9940384,-0.2117052,-0.0510908,-0.0133203,-0.9671502,-0.2394052,-0.0854735,0.2184954
3/20/2026 11:54:4.481,-0.1061991,-0.0265398,-0.0163895,0.9938556,-0.2135832,-0.0504394,-0.0275707,-0.9594692,-0.2397776,-0.1480728,0.2218235
3/20/2026 11:54:4.501,-0.1066771,-0.0270663,-0.0229092,0.9936613,-0.2148921,-0.0500739,-0.0407009,-0.9489471,-0.2407685,-0.2037893,0.2253073
3/20/2026 11:54:4.521,-0.1070143,-0.0276107,-0.0298286,0.9934264,-0.2159431,-0.0496472,-0.0546522,-0.9348399,-0.2411975,-0.2605728,0.2294476
3/20/2026 11:54:4.541,-0.1078021,-0.0280929,-0.0371419,0.9930811,-0.2179201,-0.0489663,-0.0694097,-0.9180044,-0.2392289,-0.3162870,0.2354043
3/20/2026 11:54:4.561,-0.1089490,-0.0284686,-0.0443876,0.9926478,-0.2206084,-0.0480286,-0.0840539,-0.9001099,-0.2352005,-0.3667191,0.2426718
3/20/2026 11:54:4.581,-0.1099606,-0.0288852,-0.0513834,0.9921866,-0.2230154,-0.0472048,-0.0981985,-0.8813520,-0.2315194,-0.4118464,0.2501774
3/20/2026 11:54:4.601,-0.1104235,-0.0294668,-0.0580275,0.9917517,-0.2243218,-0.0468221,-0.1116139,-0.8615059,-0.2298950,-0.4527205,0.2570555
3/20/2026 11:54:4.621,-0.1103271,-0.0301941,-0.0644962,0.9913407,-0.2245199,-0.0468258,-0.1246581,-0.8401743,-0.2299370,-0.4911579,0.2633907
3/20/2026 11:54:4.641,-0.1100911,-0.0307300,-0.0710316,0.9909037,-0.2244242,-0.0464420,-0.1378904,-0.8180776,-0.2283520,-0.5278299,0.2699643
3/20/2026 11:54:4.661,-0.1104212,-0.0309125,-0.0773414,0.9903888,-0.2254054,-0.0453119,-0.1507405,-0.7983507,-0.2234991,-0.5591819,0.2775122
3/20/2026 11:54:4.681,-0.1106938,-0.0312087,-0.0833655,0.9898602,-0.2262722,-0.0444765,-0.1629907,-0.7792846,-0.2197094,-0.5868929,0.2850544
3/20/2026 11:54:4.701,-0.1103176,-0.0314955,-0.0900973,0.9893030,-0.2258660,-0.0435583,-0.1767039,-0.7562484,-0.2159077,-0.6176344,0.2927953
3/20/2026 11:54:4.721,-0.1098324,-0.0316462,-0.0955434,0.9888412,-0.2251584,-0.0426889,-0.1878210,-0.7372600,-0.2124284,-0.6413438,0.2990596
3/20/2026 11:54:4.741,-0.1091467,-0.0317020,-0.1000835,0.9884662,-0.2239897,-0.0418834,-0.1971067,-0.7207155,-0.2093342,-0.6608695,0.3040531
3/20/2026 11:54:4.761,-0.1085172,-0.0314190,-0.1039357,0.9881470,-0.2228325,-0.0405490,-0.2050599,-0.7068997,-0.2046690,-0.6770549,0.3082405
3/20/2026 11:54:4.781,-0.1080822,-0.0308321,-0.1076050,0.9878203,-0.2219856,-0.0386095,-0.2127074,-0.6946176,-0.1981501,-0.6915511,0.3124681
3/20/2026 11:54:4.801,-0.1077509,-0.0302931,-0.1111533,0.9874802,-0.2213410,-0.0367793,-0.2200969,-0.6830770,-0.1920405,-0.7046462,0.3168089
3/20/2026 11:54:4.821,-0.1072113,-0.0298855,-0.1133553,0.9873010,-0.2202514,-0.0355728,-0.2246948,-0.6748747,-0.1881239,-0.7135501,0.3190734
3/20/2026 11:54:4.841,-0.1062882,-0.0299204,-0.1153239,0.9871717,-0.2184847,-0.0354068,-0.2287100,-0.6657069,-0.1873978,-0.7222995,0.3206969
3/20/2026 11:54:4.861,-0.1050875,-0.0300018,-0.1171285,0.9870854,-0.2161684,-0.0354433,-0.2323738,-0.6559958,-0.1872824,-0.7311599,0.3217762
3/20/2026 11:54:4.881,-0.1043696,-0.0298089,-0.1186564,0.9869850,-0.2147431,-0.0348816,-0.2355363,-0.6490108,-0.1853631,-0.7378519,0.3230277
3/20/2026 11:54:4.901,-0.1041770,-0.0295809,-0.1199657,0.9868539,-0.2143499,-0.0341774,-0.2382658,-0.6445968,-0.1830325,-0.7422899,0.3246537
3/20/2026 11:54:4.921,-0.1037458,-0.0294859,-0.1212658,0.9867432,-0.2135107,-0.0338023,-0.2409437,-0.6392622,-0.1816869,-0.7472174,0.3260214
3/20/2026 11:54:4.941,-0.1032989,-0.0293231,-0.1223825,0.9866570,-0.2126167,-0.0333363,-0.2432595,-0.6344646,-0.1801029,-0.7516766,0.3270818
3/20/2026 11:54:4.961,-0.1028416,-0.0292023,-0.1234766,0.9865721,-0.2117110,-0.0329652,-0.2455192,-0.6296678,-0.1787970,-0.7560093,0.3281221
3/20/2026 11:54:4.981,-0.1020793,-0.0292971,-0.1248154,0.9864799,-0.2102575,-0.0330537,-0.2482290,-0.6228819,-0.1787691,-0.7616165,0.3292500
3/20/2026 11:54:5.001,-0.1012039,-0.0295207,-0.1263161,0.9863725,-0.2086172,-0.0333997,-0.2512416,-0.6151166,-0.1794267,-0.7677484,0.3305582
3/20/2026 11:54:5.021,-0.1001649,-0.0296040,-0.1277554,0.9862906,-0.2066144,-0.0335221,-0.2541545,-0.6069950,-0.1793987,-0.7741920,0.3315523
3/20/2026 11:54:5.041,-0.0990958,-0.0295203,-0.1290315,0.9862351,-0.2045041,-0.0333561,-0.2567663,-0.5993100,-0.1785324,-0.7803549,0.3322242
3/20/2026 11:54:5.061,-0.0981120,-0.0293592,-0.1301392,0.9861928,-0.2025382,-0.0330527,-0.2590493,-0.5924556,-0.1772872,-0.7858535,0.3327357
3/20/2026 11:54:5.081,-0.0967606,-0.0293601,-0.1312479,0.9861792,-0.1998818,-0.0331759,-0.2612944,-0.5840127,-0.1772073,-0.7921658,0.3328990
3/20/2026 11:54:5.101,-0.0949634,-0.0294946,-0.1324940,0.9861833,-0.1963781,-0.0336632,-0.2637866,-0.5732489,-0.1780447,-0.7998035,0.3328501
3/20/2026 11:54:5.121,-0.0926894,-0.0296578,-0.1336234,0.9862424,-0.1919305,-0.0343663,-0.2660278,-0.5607136,-0.1794113,-0.8083389,0.3321362
3/20/2026 11:54:5.141,-0.0898322,-0.0299020,-0.1344547,0.9863864,-0.1863358,-0.0354541,-0.2676390,-0.5462764,-0.1818363,-0.8176293,0.3303894
3/20/2026 11:54:5.161,-0.0860640,-0.0303851,-0.1351947,0.9866065,-0.1789927,-0.0372898,-0.2690182,-0.5276142,-0.1862757,-0.8288092,0.3277014
3/20/2026 11:54:5.181,-0.0825741,-0.0307498,-0.1357424,0.9868182,-0.1721686,-0.0388554,-0.2700428,-0.5102414,-0.1900091,-0.8387790,0.3250953
3/20/2026 11:54:5.201,-0.0786907,-0.0310577,-0.1361926,0.9870637,-0.1645467,-0.0404348,-0.2708896,-0.4908092,-0.1937131,-0.8494596,0.3220470
3/20/2026 11:54:5.221,-0.0746302,-0.0314527,-0.1364093,0.9873366,-0.1565904,-0.0422781,-0.2712625,-0.4704395,-0.1982657,-0.8598706,0.3186243
3/20/2026 11:54:5.241,-0.0705168,-0.0321058,-0.1365124,0.9876037,-0.1485972,-0.0446697,-0.2713858,-0.4492422,-0.2045367,-0.8696817,0.3152393
3/20/2026 11:54:5.261,-0.0663341,-0.0328826,-0.1366810,0.9878445,-0.1405062,-0.0473163,-0.2716500,-0.4267364,-0.2115383,-0.8792881,0.3121561
3/20/2026 11:54:5.281,-0.0621552,-0.0334518,-0.1368715,0.9880708,-0.1323708,-0.0495446,-0.2720116,-0.4036041,-0.2172193,-0.8887742,0.3092306
3/20/2026 11:54:5.301,-0.0579346,-0.0337162,-0.1371488,0.9882798,-0.1240776,-0.0511663,-0.2726102,-0.3795178,-0.2208680,-0.8984339,0.3065048
3/20/2026 11:54:5.321,-0.0538917,-0.0338470,-0.1376244,0.9884379,-0.1161142,-0.0524549,-0.2736402,-0.3554253,-0.2232274,-0.9076576,0.3044268
3/20/2026 11:54:5.341,-0.0505190,-0.0341222,-0.1379507,0.9885612,-0.1095154,-0.0538742,-0.2743496,-0.3349605,-0.2262436,-0.9146668,0.3027966
3/20/2026 11:54:5.361,-0.0472696,-0.0345132,-0.1381466,0.9886810,-0.1031879,-0.0555084,-0.2747916,-0.3150602,-0.2300364,-0.9207716,0.3012029
3/20/2026 11:54:5.381,-0.0441486,-0.0349468,-0.1383223,0.9887854,-0.0971274,-0.0571970,-0.2751977,-0.2956180,-0.2340032,-0.9262033,0.2998076
3/20/2026 11:54:5.401,-0.0413032,-0.0350984,-0.1384700,0.9888824,-0.0915359,-0.0582545,-0.2755757,-0.2777613,-0.2360341,-0.9312017,0.2985069
3/20/2026 11:54:5.421,-0.0395860,-0.0352500,-0.1384279,0.9889530,-0.0881708,-0.0590249,-0.2755368,-0.2670596,-0.2378071,-0.9338774,0.2975554
3/20/2026 11:54:5.441,-0.0377688,-0.0356522,-0.1382604,0.9890332,-0.0846689,-0.0603311,-0.2752304,-0.2557234,-0.2413924,-0.9361278,0.2964718
3/20/2026 11:54:5.461,-0.0353152,-0.0363994,-0.1383397,0.9890855,-0.0800159,-0.0624737,-0.2754279,-0.2396805,-0.2470387,-0.9388957,0.2957623
3/20/2026 11:54:5.481,-0.0319850,-0.0372209,-0.1387597,0.9891095,-0.0736694,-0.0649764,-0.2763605,-0.2173150,-0.2528893,-0.9427732,0.2954369
3/20/2026 11:54:5.501,-0.0276033,-0.0381093,-0.1392597,0.9891373,-0.0652675,-0.0678992,-0.2775220,-0.1877842,-0.2592559,-0.9473771,0.2950584
3/20/2026 11:54:5.521,-0.0227704,-0.0389909,-0.1393649,0.9892112,-0.0559465,-0.0709641,-0.2779409,-0.1554323,-0.2661549,-0.9513161,0.2940511
3/20/2026 11:54:5.541,-0.0174359,-0.0396096,-0.1390261,0.9893427,-0.0455295,-0.0736698,-0.2775410,-0.1197470,-0.2720325,-0.9548084,0.2922505
3/20/2026 11:54:5.561,-0.0123088,-0.0397777,-0.1382624,0.9895200,-0.0353664,-0.0754366,-0.2763211,-0.0852430,-0.2754762,-0.9575210,0.2898047
3/20/2026 11:54:5.581,-0.0080101,-0.0397785,-0.1370315,0.9897353,-0.0267608,-0.0766476,-0.2741299,-0.0560489,-0.2783409,-0.9588456,0.2868073
3/20/2026 11:54:5.601,-0.0036213,-0.0398766,-0.1353141,0.9899934,-0.0179628,-0.0780670,-0.2709787,-0.0256623,-0.2825843,-0.9588991,0.2831726
3/20/2026 11:54:5.621,0.0008412,-0.0398995,-0.1334599,0.9902504,-0.0089841,-0.0793320,-0.2675767,0.0060388,-0.2864309,-0.9580819,0.2795064
3/20/2026 11:54:5.641,0.0044868,-0.0391774,-0.1313493,0.9905516,-0.0014030,-0.0788750,-0.2636108,0.0327167,-0.2856725,-0.9577687,0.2751483
3/20/2026 11:54:5.661,0.0074075,-0.0381707,-0.1294630,0.9908216,0.0047957,-0.0776375,-0.2600386,0.0547990,-0.2823777,-0.9577369,0.2711822
3/20/2026 11:54:5.681,0.0101284,-0.0374153,-0.1273600,0.9910989,0.0105463,-0.0768243,-0.2560121,0.0760803,-0.2810478,-0.9566734,0.2670484
3/20/2026 11:54:5.701,0.0128101,-0.0361906,-0.1249154,0.9914244,0.0163597,-0.0750413,-0.2512850,0.0980252,-0.2769371,-0.9558750,0.2621121
3/20/2026 11:54:5.721,0.0157478,-0.0347384,-0.1222068,0.9917716,0.0227478,-0.0728373,-0.2460342,0.1230096,-0.2713505,-0.9545876,0.2567438
3/20/2026 11:54:5.741,0.0187057,-0.0332420,-0.1188475,0.9921797,0.0292216,-0.0704987,-0.2394631,0.1498633,-0.2663225,-0.9521625,0.2502882
3/20/2026 11:54:5.761,0.0212332,-0.0319835,-0.1152221,0.9925976,0.0347886,-0.0684816,-0.2323202,0.1748317,-0.2633489,-0.9487261,0.2434997
3/20/2026 11:54:5.781,0.0232839,-0.0311579,-0.1117561,0.9929742,0.0392866,-0.0671845,-0.2254709,0.1967684,-0.2633094,-0.9444313,0.2372175
3/20/2026 11:54:5.801,0.0250754,-0.0307134,-0.1086114,0.9932932,0.0431562,-0.0665729,-0.2192613,0.2168733,-0.2656356,-0.9393634,0.2317634
3/20/2026 11:54:5.821,0.0262964,-0.0301796,-0.1054448,0.9936193,0.0459088,-0.0656360,-0.2129599,0.2331511,-0.2675808,-0.9349017,0.2260537
3/20/2026 11:54:5.841,0.0273360,-0.0296303,-0.1021863,0.9939482,0.0483043,-0.0646089,-0.2064583,0.2488463,-0.2697314,-0.9302260,0.2201445
3/20/2026 11:54:5.861,0.0282876,-0.0289574,-0.0984524,0.9943182,0.0505735,-0.0632787,-0.1989876,0.2657362,-0.2720278,-0.9248703,0.2133017
3/20/2026 11:54:5.881,0.0291224,-0.0281288,-0.0940726,0.9947417,0.0526706,-0.0615653,-0.1902010,0.2843549,-0.2746533,-0.9185358,0.2051902
3/20/2026 11:54:5.901,0.0300040,-0.0270618,-0.0887245,0.9952363,0.0549477,-0.0593142,-0.1794588,0.3077599,-0.2775806,-0.9100730,0.1952948
3/20/2026 11:54:5.921,0.0309846,-0.0263438,-0.0842060,0.9956181,0.0572923,-0.0578020,-0.1704084,0.3313393,-0.2817130,-0.9004733,0.1872987
3/20/2026 11:54:5.941,0.0320857,-0.0257014,-0.0795458,0.9959831,0.0598604,-0.0564319,-0.1610848,0.3583352,-0.2870354,-0.8883729,0.1793225
3/20/2026 11:54:5.961,0.0331516,-0.0251134,-0.0745312,0.9963511,0.0623583,-0.0551202,-0.1510499,0.3884199,-0.2942401,-0.8732427,0.1709072
3/20/2026 11:54:5.981,0.0339729,-0.0246119,-0.0694469,0.9967033,0.0643477,-0.0539178,-0.1408640,0.4187243,-0.3033477,-0.8559498,0.1624450
3/20/2026 11:54:6.001,0.0349378,-0.0244544,-0.0642737,0.9970208,0.0665731,-0.0533978,-0.1305318,0.4529455,-0.3170345,-0.8332644,0.1544202
3/20/2026 11:54:6.021,0.0357266,-0.0242991,-0.0590876,0.9973174,0.0684434,-0.0528381,-0.1201641,0.4880709,-0.3319568,-0.8072122,0.1465269
3/20/2026 11:54:6.041,0.0366180,-0.0242613,-0.0539302,0.9975781,0.0705002,-0.0525092,-0.1098692,0.5264585,-0.3488055,-0.7753555,0.1392217
3/20/2026 11:54:6.061,0.0376715,-0.0242747,-0.0485616,0.9978144,0.0728852,-0.0522645,-0.0991651,0.5700852,-0.3673503,-0.7348855,0.1322555
3/20/2026 11:54:6.081,0.0390101,-0.0243031,-0.0431113,0.9980126,0.0758424,-0.0520462,-0.0883157,0.6190514,-0.3856656,-0.6841326,0.1261128
3/20/2026 11:54:6.101,0.0402304,-0.0242780,-0.0376587,0.9981854,0.0785670,-0.0516803,-0.0774502,0.6680906,-0.4031757,-0.6253833,0.1205040
3/20/2026 11:54:6.121,0.0407608,-0.0237915,-0.0307585,0.9984121,0.0800139,-0.0501964,-0.0636050,0.7235512,-0.4223261,-0.5459985,0.1127244
3/20/2026 11:54:6.141,0.0409486,-0.0231284,-0.0243627,0.9985965,0.0807429,-0.0483634,-0.0507381,0.7731311,-0.4366764,-0.4599804,0.1059751
3/20/2026 11:54:6.161,0.0410264,-0.0226105,-0.0183068,0.9987345,0.0812103,-0.0468373,-0.0385592,0.8157226,-0.4495619,-0.3639929,0.1006274
3/20/2026 11:54:6.181,0.0410600,-0.0223440,-0.0125401,0.9988282,0.0815538,-0.0458337,-0.0269786,0.8483708,-0.4616646,-0.2591000,0.0968321
3/20/2026 11:54:6.201,0.0411165,-0.0223738,-0.0075123,0.9988757,0.0818958,-0.0454831,-0.0169050,0.8672766,-0.4719348,-0.1584581,0.0948486
3/20/2026 11:54:6.221,0.0411986,-0.0226559,-0.0032935,0.9988886,0.0822492,-0.0457031,-0.0084753,0.8741044,-0.4806854,-0.0698782,0.0943014
3/20/2026 11:54:6.241,0.0410876,-0.0231280,0.0007626,0.9988876,0.0822116,-0.0463149,-0.0003783,0.8713140,-0.4904593,0.0161721,0.0943444
3/20/2026 11:54:6.261,0.0406696,-0.0235689,0.0051108,0.9988816,0.0815796,-0.0468423,0.0083209,0.8601412,-0.4984710,0.1080915,0.0945968
3/20/2026 11:54:6.281,0.0401080,-0.0240262,0.0101981,0.9988544,0.0807018,-0.0473511,0.0185068,0.8381500,-0.5020834,0.2131123,0.0957422
3/20/2026 11:54:6.301,0.0394820,-0.0242871,0.0156440,0.9988027,0.0797138,-0.0474492,0.0294305,0.8070288,-0.4964387,0.3197705,0.0978806
3/20/2026 11:54:6.321,0.0388490,-0.0243808,0.0206955,0.9987333,0.0786900,-0.0472556,0.0395770,0.7720591,-0.4845272,0.4112885,0.1006771
3/20/2026 11:54:6.341,0.0385704,-0.0246883,0.0252712,0.9986312,0.0783631,-0.0475232,0.0487375,0.7374123,-0.4720055,0.4831500,0.1046546
3/20/2026 11:54:6.361,0.0385289,-0.0251940,0.0296325,0.9985002,0.0785161,-0.0481961,0.0574432,0.7037554,-0.4601844,0.5412565,0.1095499
3/20/2026 11:54:6.381,0.0374666,-0.0254613,0.0339596,0.9983962,0.0766172,-0.0484572,0.0661445,0.6617761,-0.4497254,0.5998329,0.1132880
3/20/2026 11:54:6.401,0.0358837,-0.0258169,0.0377899,0.9983076,0.0736638,-0.0489867,0.0738663,0.6170151,-0.4439178,0.6497918,0.1163750
3/20/2026 11:54:6.421,0.0341707,-0.0262186,0.0413554,0.9982157,0.0704463,-0.0496608,0.0810610,0.5722749,-0.4390963,0.6926007,0.1194921
3/20/2026 11:54:6.441,0.0323588,-0.0264686,0.0450409,0.9981101,0.0670299,-0.0500554,0.0885126,0.5265697,-0.4307189,0.7329431,0.1229790
3/20/2026 11:54:6.461,0.0307044,-0.0267084,0.0487274,0.9979827,0.0639313,-0.0504412,0.0959610,0.4836412,-0.4206986,0.7675310,0.1270590
3/20/2026 11:54:6.481,0.0292539,-0.0271258,0.0521721,0.9978410,0.0612502,-0.0512003,0.1029060,0.4454176,-0.4130154,0.7943686,0.1314466
3/20/2026 11:54:6.501,0.0281466,-0.0277940,0.0552431,0.9976891,0.0592686,-0.0524659,0.1090736,0.4142543,-0.4090657,0.8130552,0.1359948
3/20/2026 11:54:6.521,0.0269442,-0.0284558,0.0579826,0.9975482,0.0570873,-0.0537610,0.1145842,0.3850079,-0.4066073,0.8285164,0.1400794
3/20/2026 11:54:6.541,0.0258047,-0.0288019,0.0600451,0.9974464,0.0549640,-0.0544670,0.1187550,0.3613075,-0.4032740,0.8407300,0.1429610
3/20/2026 11:54:6.561,0.0245873,-0.0289002,0.0619359,0.9973586,0.0526490,-0.0547050,0.1225997,0.3385066,-0.3978833,0.8527029,0.1453972
3/20/2026 11:54:6.581,0.0232313,-0.0291332,0.0637070,0.9972728,0.0500688,-0.0552448,0.1262055,0.3147703,-0.3947376,0.8631929,0.1477417
3/20/2026 11:54:6.601,0.0218268,-0.0294980,0.0652381,0.9971949,0.0473978,-0.0560749,0.1293275,0.2916071,-0.3940939,0.8715820,0.1498379
3/20/2026 11:54:6.622,0.0202003,-0.0299639,0.0667447,0.9971155,0.0442985,-0.0571456,0.1324100,0.2661453,-0.3947839,0.8793818,0.1519446
3/20/2026 11:54:6.641,0.0185284,-0.0304125,0.0682596,0.9970319,0.0411103,-0.0581970,0.1355156,0.2406568,-0.3950146,0.8865933,0.1541325
3/20/2026 11:54:6.661,0.0166064,-0.0309284,0.0699383,0.9969335,0.0374459,-0.0594209,0.1389643,0.2122112,-0.3952308,0.8937332,0.1566665
3/20/2026 11:54:6.681,0.0147748,-0.0312330,0.0712664,0.9968588,0.0339150,-0.0602349,0.1417172,0.1865499,-0.3943545,0.8998243,0.1585638
3/20/2026 11:54:6.701,0.0124566,-0.0313950,0.0725175,0.9967951,0.0293910,-0.0608459,0.1443509,0.1557125,-0.3924496,0.9064971,0.1601648
3/20/2026 11:54:6.721,0.0098200,-0.0312615,0.0739892,0.9967206,0.0242039,-0.0609203,0.1474560,0.1213534,-0.3863237,0.9143453,0.1620168
3/20/2026 11:54:6.741,0.0070222,-0.0309009,0.0755207,0.9966407,0.0186656,-0.0605812,0.1506959,0.0857415,-0.3773020,0.9221126,0.1639805
3/20/2026 11:54:6.761,0.0043187,-0.0301813,0.0767938,0.9965809,0.0132438,-0.0595333,0.1534161,0.0522693,-0.3652819,0.9294283,0.1654340
3/20/2026 11:54:6.781,0.0015797,-0.0290530,0.0778117,0.9965435,0.0076698,-0.0576930,0.1556257,0.0190151,-0.3497256,0.9366592,0.1663362
3/20/2026 11:54:6.801,-0.0015594,-0.0278548,0.0786090,0.9965152,0.0012713,-0.0557896,0.1574063,-0.0186950,-0.3339393,0.9424092,0.1670164
3/20/2026 11:54:6.821,-0.0052799,-0.0268283,0.0790747,0.9964937,-0.0062800,-0.0543313,0.1585447,-0.0631054,-0.3206497,0.9450933,0.1675316
3/20/2026 11:54:6.842,-0.0099828,-0.0257040,0.0794742,0.9964555,-0.0158099,-0.0528437,0.1595947,-0.1186709,-0.3055564,0.9447500,0.1684424
3/20/2026 11:54:6.862,-0.0151093,-0.0244549,0.0797067,0.9964038,-0.0262146,-0.0511826,0.1603198,-0.1783194,-0.2886156,0.9406929,0.1696680
3/20/2026 11:54:6.882,-0.0199922,-0.0232636,0.0798399,0.9963358,-0.0361310,-0.0496017,0.1608218,-0.2337463,-0.2719950,0.9334781,0.1712644
3/20/2026 11:54:6.901,-0.0260727,-0.0218548,0.0801263,0.9962040,-0.0484641,-0.0477963,0.1616763,-0.2995152,-0.2510619,0.9204665,0.1743203
3/20/2026 11:54:6.921,-0.0317218,-0.0207881,0.0802968,0.9960492,-0.0598904,-0.0466067,0.1622790,-0.3572153,-0.2340920,0.9042114,0.1778399
3/20/2026 11:54:6.941,-0.0365142,-0.0205613,0.0798961,0.9959220,-0.0695009,-0.0469201,0.1617351,-0.4047289,-0.2279049,0.8855811,0.1806833
3/20/2026 11:54:6.961,-0.0408918,-0.0207075,0.0791553,0.9958080,-0.0782424,-0.0478796,0.1605178,-0.4470590,-0.2263889,0.8653823,0.1831923
3/20/2026 11:54:6.981,-0.0458218,-0.0208114,0.0784322,0.9956484,-0.0880941,-0.0488382,0.1593783,-0.4917034,-0.2233225,0.8416382,0.1866499
3/20/2026 11:54:7.001,-0.0509968,-0.0209339,0.0773487,0.9954790,-0.0984530,-0.0498294,0.1575439,-0.5369058,-0.2203970,0.8143448,0.1902508
3/20/2026 11:54:7.021,-0.0565016,-0.0207925,0.0761248,0.9952791,-0.1095229,-0.0503135,0.1554332,-0.5821583,-0.2142330,0.7843442,0.1944149
3/20/2026 11:54:7.041,-0.0614287,-0.0208000,0.0747215,0.9950932,-0.1194299,-0.0509608,0.1529460,-0.6208590,-0.2102250,0.7552084,0.1982078
3/20/2026 11:54:7.061,-0.0654299,-0.0211061,0.0732465,0.9949414,-0.1274506,-0.0520289,0.1502936,-0.6513227,-0.2101007,0.7291340,0.2012532
3/20/2026 11:54:7.081,-0.0688470,-0.0215777,0.0720117,0.9947910,-0.1342723,-0.0533515,0.1481135,-0.6753868,-0.2116767,0.7064316,0.2042253
3/20/2026 11:54:7.102,-0.0717171,-0.0221514,0.0711275,0.9946392,-0.1399708,-0.0548309,0.1466234,-0.6935376,-0.2142145,0.6878356,0.2071837
3/20/2026 11:54:7.121,-0.0744738,-0.0228519,0.0703542,0.9944756,-0.1454213,-0.0565573,0.1453756,-0.7094905,-0.2177040,0.6702449,0.2103234
3/20/2026 11:54:7.142,-0.0770719,-0.0235287,0.0696555,0.9943111,-0.1505572,-0.0582177,0.1442717,-0.7235741,-0.2208945,0.6539466,0.2134349
3/20/2026 11:54:7.162,-0.0790580,-0.0240532,0.0690872,0.9941822,-0.1544864,-0.0594935,0.1433661,-0.7339793,-0.2233114,0.6414098,0.2158411
3/20/2026 11:54:7.181,-0.0805727,-0.0245811,0.0687159,0.9940735,-0.1574620,-0.0607323,0.1428246,-0.7411648,-0.2261146,0.6320972,0.2178505
3/20/2026 11:54:7.201,-0.0815829,-0.0250259,0.0685236,0.9939933,-0.1594304,-0.0617538,0.1425926,-0.7454441,-0.2286685,0.6261181,0.2193204
3/20/2026 11:54:7.221,-0.0826472,-0.0253911,0.0682913,0.9939121,-0.1615215,-0.0626166,0.1422735,-0.7501312,-0.2304573,0.6198328,0.2208001
3/20/2026 11:54:7.241,-0.0839157,-0.0257861,0.0678800,0.9938238,-0.1640286,-0.0635411,0.1416169,-0.7561979,-0.2323687,0.6116940,0.2223979
3/20/2026 11:54:7.261,-0.0853124,-0.0261359,0.0672528,0.9937384,-0.1668136,-0.0643566,0.1405294,-0.7635394,-0.2339143,0.6019067,0.2239320
3/20/2026 11:54:7.281,-0.0866598,-0.0264504,0.0664244,0.9936691,-0.1695191,-0.0650562,0.1390263,-0.7713615,-0.2354356,0.5912458,0.2251684
3/20/2026 11:54:7.301,-0.0879026,-0.0267276,0.0654188,0.9936193,-0.1720338,-0.0656302,0.1371497,-0.7793701,-0.2369743,0.5800219,0.2260526
3/20/2026 11:54:7.322,-0.0892374,-0.0273358,0.0638279,0.9935871,-0.1747284,-0.0667782,0.1341549,-0.7892309,-0.2417621,0.5645048,0.2266227
3/20/2026 11:54:7.342,-0.0907245,-0.0281618,0.0618203,0.9935564,-0.1777320,-0.0683062,0.1303711,-0.8004690,-0.2484739,0.5454450,0.2271660
3/20/2026 11:54:7.361,-0.0922017,-0.0289239,0.0599449,0.9935135,-0.1807217,-0.0697176,0.1268465,-0.8108126,-0.2543543,0.5271496,0.2279221
3/20/2026 11:54:7.382,-0.0936916,-0.0296294,0.0581703,0.9934587,-0.1837426,-0.0710256,0.1235199,-0.8204750,-0.2594702,0.5094077,0.2288835
3/20/2026 11:54:7.402,-0.0951220,-0.0305028,0.0562579,0.9934066,-0.1866393,-0.0726302,0.1199429,-0.8297063,-0.2660622,0.4907122,0.2297941
3/20/2026 11:54:7.422,-0.0966388,-0.0317966,0.0537454,0.9933587,-0.1897121,-0.0749727,0.1152411,-0.8399041,-0.2763493,0.4671105,0.2306275
3/20/2026 11:54:7.442,-0.0981405,-0.0331791,0.0514573,0.9932873,-0.1927398,-0.0775245,0.1110163,-0.8484296,-0.2868350,0.4448515,0.2318655
3/20/2026 11:54:7.462,-0.0995502,-0.0342939,0.0488210,0.9932423,-0.1956523,-0.0794421,0.1060285,-0.8577515,-0.2954852,0.4206552,0.2326433
3/20/2026 11:54:7.481,-0.1011808,-0.0352049,0.0454371,0.9932063,-0.1991003,-0.0808087,0.0995083,-0.8694913,-0.3025312,0.3904608,0.2332628
3/20/2026 11:54:7.501,-0.1030488,-0.0359909,0.0416963,0.9931501,-0.2030774,-0.0818537,0.0922640,-0.8819199,-0.3080199,0.3568488,0.2342269
3/20/2026 11:54:7.522,-0.1047606,-0.0366476,0.0379322,0.9930979,-0.2067649,-0.0825879,0.0849289,-0.8931842,-0.3124561,0.3234085,0.2351179
3/20/2026 11:54:7.542,-0.1063052,-0.0369129,0.0345125,0.9930487,-0.2101275,-0.0825578,0.0781918,-0.9031495,-0.3136047,0.2932117,0.2359559
3/20/2026 11:54:7.562,-0.1074853,-0.0369160,0.0312647,0.9930291,-0.2127654,-0.0819766,0.0717073,-0.9118959,-0.3131925,0.2652474,0.2362879
3/20/2026 11:54:7.582,-0.1085108,-0.0369136,0.0280899,0.9930125,-0.2150859,-0.0813700,0.0653503,-0.9195088,-0.3128016,0.2380309,0.2365689
3/20/2026 11:54:7.602,-0.1095740,-0.0368215,0.0250940,0.9929795,-0.2174716,-0.0806091,0.0593373,-0.9263344,-0.3112874,0.2121435,0.2371279
3/20/2026 11:54:7.622,-0.1106872,-0.0366239,0.0223770,0.9929282,-0.2199388,-0.0796854,0.0538690,-0.9323627,-0.3084980,0.1884908,0.2379940
3/20/2026 11:54:7.642,-0.1121409,-0.0362795,0.0196215,0.9928360,-0.2230975,-0.0784630,0.0483152,-0.9385314,-0.3036307,0.1642167,0.2395424
3/20/2026 11:54:7.662,-0.1137835,-0.0359772,0.0163715,0.9927189,-0.2266680,-0.0772057,0.0417729,-0.9446251,-0.2986810,0.1359155,0.2414940
3/20/2026 11:54:7.682,-0.1148887,-0.0362320,0.0123738,0.9926403,-0.2291910,-0.0768573,0.0337809,-0.9487071,-0.2991897,0.1021777,0.2427968
3/20/2026 11:54:7.702,-0.1156478,-0.0370409,0.0071689,0.9925736,-0.2310984,-0.0773203,0.0234239,-0.9506887,-0.3044966,0.0589323,0.2438959
3/20/2026 11:54:7.722,-0.1163154,-0.0379514,0.0021503,0.9924847,-0.2328169,-0.0780144,0.0134608,-0.9505289,-0.3101389,0.0175722,0.2453517
3/20/2026 11:54:7.742,-0.1173979,-0.0384105,-0.0030513,0.9923373,-0.2353991,-0.0777358,0.0030468,-0.9501328,-0.3108664,-0.0246953,0.2477502
3/20/2026 11:54:7.762,-0.1184871,-0.0386307,-0.0086058,0.9921666,-0.2380239,-0.0768572,-0.0081524,-0.9484864,-0.3092377,-0.0688891,0.2504982
3/20/2026 11:54:7.782,-0.1194320,-0.0388163,-0.0145648,0.9919764,-0.2403866,-0.0757801,-0.0202068,-0.9446996,-0.3070343,-0.1152063,0.2535251
3/20/2026 11:54:7.802,-0.1201540,-0.0391940,-0.0208331,0.9917625,-0.2423263,-0.0749953,-0.0328713,-0.9380401,-0.3059867,-0.1626438,0.2568862
3/20/2026 11:54:7.822,-0.1209698,-0.0396338,-0.0268293,0.9915017,-0.2444372,-0.0743805,-0.0449660,-0.9298675,-0.3046560,-0.2062304,0.2609272
3/20/2026 11:54:7.842,-0.1220753,-0.0401471,-0.0320702,0.9911899,-0.2470811,-0.0740720,-0.0554876,-0.9216798,-0.3031140,-0.2421328,0.2656775
3/20/2026 11:54:7.862,-0.1231999,-0.0407699,-0.0368379,0.9908596,-0.2497393,-0.0740815,-0.0650201,-0.9132828,-0.3022280,-0.2730801,0.2706199
3/20/2026 11:54:7.882,-0.1242208,-0.0415225,-0.0415065,0.9905162,-0.2521973,-0.0743642,-0.0743297,-0.9041065,-0.3022100,-0.3020937,0.2756642
3/20/2026 11:54:7.902,-0.1257252,-0.0418860,-0.0458099,0.9901214,-0.2555773,-0.0738908,-0.0829724,-0.8966700,-0.2987306,-0.3267156,0.2813531
3/20/2026 11:54:7.922,-0.1271241,-0.0422122,-0.0497845,0.9897370,-0.2587186,-0.0734072,-0.0909665,-0.8895912,-0.2953934,-0.3483824,0.2867839
3/20/2026 11:54:7.942,-0.1286225,-0.0426641,-0.0543075,0.9892861,-0.2621139,-0.0729997,-0.1000586,-0.8810322,-0.2922388,-0.3719928,0.2930273
3/20/2026 11:54:7.962,-0.1303844,-0.0428827,-0.0597196,0.9887338,-0.2660813,-0.0718128,-0.1110433,-0.8710616,-0.2864871,-0.3989697,0.3004981
3/20/2026 11:54:7.982,-0.1330425,-0.0421751,-0.0637719,0.9881569,-0.2716412,-0.0689639,-0.1194709,-0.8670273,-0.2748516,-0.4155963,0.3081108
3/20/2026 11:54:8.002,-0.1346981,-0.0427966,-0.0684835,0.9875906,-0.2753823,-0.0687233,-0.1289466,-0.8576692,-0.2725008,-0.4360583,0.3154070
3/20/2026 11:54:8.022,-0.1358055,-0.0433800,-0.0726844,0.9871131,-0.2779831,-0.0685846,-0.1374106,-0.8486522,-0.2710827,-0.4542067,0.3214307
3/20/2026 11:54:8.042,-0.1363217,-0.0440028,-0.0758760,0.9867741,-0.2793334,-0.0688765,-0.1438055,-0.8409632,-0.2714513,-0.4680760,0.3256392
3/20/2026 11:54:8.062,-0.1367626,-0.0446507,-0.0785994,0.9864708,-0.2805079,-0.0693586,-0.1492314,-0.8342355,-0.2723640,-0.4794466,0.3293613
3/20/2026 11:54:8.082,-0.1372115,-0.0454931,-0.0811659,0.9861620,-0.2817224,-0.0702794,-0.1542790,-0.8276495,-0.2744106,-0.4895867,0.3331069
3/20/2026 11:54:8.102,-0.1377540,-0.0462420,-0.0835272,0.9858544,-0.2831022,-0.0710489,-0.1589283,-0.8218991,-0.2758995,-0.4983588,0.3367970
3/20/2026 11:54:8.122,-0.1384781,-0.0467430,-0.0856552,0.9855466,-0.2847951,-0.0713440,-0.1631645,-0.8174403,-0.2759255,-0.5056248,0.3404503
3/20/2026 11:54:8.142,-0.1392505,-0.0472542,-0.0876708,0.9852362,-0.2865816,-0.0716789,-0.1671663,-0.8133737,-0.2760158,-0.5120924,0.3440965
3/20/2026 11:54:8.162,-0.1397452,-0.0480467,-0.0899083,0.9849261,-0.2878768,-0.0725634,-0.1715536,-0.8078877,-0.2777649,-0.5197731,0.3477001
3/20/2026 11:54:8.182,-0.1401001,-0.0491487,-0.0927454,0.9845582,-0.2889960,-0.0739223,-0.1770965,-0.8003061,-0.2807567,-0.5297979,0.3519282
3/20/2026 11:54:8.202,-0.1405283,-0.0498942,-0.0951553,0.9842296,-0.2901747,-0.0746583,-0.1818599,-0.7944124,-0.2820542,-0.5379167,0.3556628
3/20/2026 11:54:8.222,-0.1408913,-0.0506563,-0.0974705,0.9839122,-0.2912234,-0.0754634,-0.1864257,-0.7886306,-0.2835459,-0.5455856,0.3592336
3/20/2026 11:54:8.242,-0.1411064,-0.0511452,-0.0993813,0.9836649,-0.2918960,-0.0758509,-0.1902390,-0.7838823,-0.2841246,-0.5520887,0.3619916
3/20/2026 11:54:8.262,-0.1413620,-0.0513759,-0.1009515,0.9834562,-0.2925759,-0.0758013,-0.1934232,-0.7803757,-0.2836160,-0.5572932,0.3643034
3/20/2026 11:54:8.282,-0.1414983,-0.0515349,-0.1023092,0.9832880,-0.2929859,-0.0756887,-0.1961913,-0.7772195,-0.2830700,-0.5619619,0.3661559
3/20/2026 11:54:8.302,-0.1414142,-0.0517948,-0.1034333,0.9831689,-0.2929551,-0.0758955,-0.1984490,-0.7740262,-0.2834973,-0.5661386,0.3674619
3/20/2026 11:54:8.322,-0.1414814,-0.0523492,-0.1043639,0.9830315,-0.2932741,-0.0767393,-0.2002137,-0.7712792,-0.2853791,-0.5689350,0.3689628
3/20/2026 11:54:8.342,-0.1417767,-0.0529953,-0.1053506,0.9828491,-0.2940767,-0.0777111,-0.2020626,-0.7688028,-0.2873739,-0.5712779,0.3709468
3/20/2026 11:54:8.362,-0.1418338,-0.0534339,-0.1065055,0.9826927,-0.2943731,-0.0782483,-0.2043285,-0.7656583,-0.2884509,-0.5749463,0.3726392
3/20/2026 11:54:8.382,-0.1411712,-0.0538123,-0.1079920,0.9826051,-0.2932382,-0.0786989,-0.2073163,-0.7601796,-0.2897687,-0.5815162,0.3735833
3/20/2026 11:54:8.402,-0.1397742,-0.0540936,-0.1099938,0.9825672,-0.2906500,-0.0789421,-0.2114177,-0.7518483,-0.2909704,-0.5916589,0.3739914
3/20/2026 11:54:8.422,-0.1376212,-0.0540803,-0.1127912,0.9825548,-0.2865456,-0.0785072,-0.2172697,-0.7400046,-0.2907959,-0.6064907,0.3741248
3/20/2026 11:54:8.442,-0.1357508,-0.0538847,-0.1150603,0.9825627,-0.2829268,-0.0778205,-0.2220676,-0.7301099,-0.2898087,-0.6188300,0.3740395
3/20/2026 11:54:8.462,-0.1340599,-0.0536557,-0.1166414,0.9826210,-0.2796061,-0.0772462,-0.2254401,-0.7222126,-0.2890559,-0.6283754,0.3734126
3/20/2026 11:54:8.482,-0.1324727,-0.0533980,-0.1177788,0.9827146,-0.2764519,-0.0767310,-0.2278953,-0.7155753,-0.2884392,-0.6362034,0.3724023
3/20/2026 11:54:8.502,-0.1309069,-0.0533176,-0.1186739,0.9828210,-0.2733629,-0.0766513,-0.2297965,-0.7092869,-0.2888882,-0.6430051,0.3712505
3/20/2026 11:54:8.522,-0.1288173,-0.0532440,-0.1193125,0.9830238,-0.2692062,-0.0767793,-0.2311720,-0.7020845,-0.2901923,-0.6502813,0.3690466
3/20/2026 11:54:8.542,-0.1261356,-0.0529736,-0.1199811,0.9833047,-0.2638210,-0.0766345,-0.2326724,-0.6931799,-0.2911170,-0.6593577,0.3659719
3/20/2026 11:54:8.562,-0.1227994,-0.0526066,-0.1209329,0.9836301,-0.2571261,-0.0763725,-0.2347933,-0.6814631,-0.2919352,-0.6711050,0.3623781
3/20/2026 11:54:8.582,-0.1189727,-0.0521034,-0.1222336,0.9839664,-0.2494468,-0.0758699,-0.2376744,-0.6670577,-0.2921341,-0.6853406,0.3586265
3/20/2026 11:54:8.602,-0.1151652,-0.0515381,-0.1235097,0.9842897,-0.2417919,-0.0752673,-0.2405144,-0.6522681,-0.2918996,-0.6995291,0.3549829
3/20/2026 11:54:8.622,-0.1110234,-0.0512622,-0.1246310,0.9846387,-0.2335305,-0.0753916,-0.2429688,-0.6358548,-0.2935898,-0.7137883,0.3510077
3/20/2026 11:54:8.642,-0.1065063,-0.0508494,-0.1258434,0.9850047,-0.2244975,-0.0753273,-0.2456502,-0.6173285,-0.2947318,-0.7294098,0.3467906
3/20/2026 11:54:8.662,-0.1003269,-0.0507810,-0.1274947,0.9854445,-0.2122724,-0.0762860,-0.2491979,-0.5901675,-0.2987164,-0.7499805,0.3416544
3/20/2026 11:54:8.682,-0.0940940,-0.0508615,-0.1292042,0.9858326,-0.1999956,-0.0775900,-0.2528496,-0.5609757,-0.3032292,-0.7702975,0.3370572
3/20/2026 11:54:8.702,-0.0873187,-0.0510669,-0.1312780,0.9861713,-0.1867133,-0.0792543,-0.2572586,-0.5268745,-0.3081338,-0.7921216,0.3329947
3/20/2026 11:54:8.722,-0.0804552,-0.0513317,-0.1331643,0.9864883,-0.1732730,-0.0811517,-0.2613029,-0.4910854,-0.3133207,-0.8128132,0.3291467
3/20/2026 11:54:8.742,-0.0743776,-0.0514511,-0.1344507,0.9867846,-0.1613235,-0.0827089,-0.2641457,-0.4590142,-0.3175250,-0.8297493,0.3255097
3/20/2026 11:54:8.762,-0.0694417,-0.0510877,-0.1351435,0.9870684,-0.1514743,-0.0831314,-0.2658245,-0.4332001,-0.3187019,-0.8430699,0.3219882
3/20/2026 11:54:8.782,-0.0648185,-0.0505372,-0.1353957,0.9873767,-0.1421640,-0.0831803,-0.2666277,-0.4092333,-0.3190679,-0.8548238,0.3181189
3/20/2026 11:54:8.802,-0.0595281,-0.0498964,-0.1356540,0.9877069,-0.1315087,-0.0832295,-0.2674933,-0.3808146,-0.3191987,-0.8678090,0.3139219
3/20/2026 11:54:8.822,-0.0530547,-0.0496917,-0.1359179,0.9880498,-0.1186273,-0.0844669,-0.2683889,-0.3442079,-0.3223897,-0.8818082,0.3095038
3/20/2026 11:54:8.842,-0.0456396,-0.0497468,-0.1360866,0.9883941,-0.1039466,-0.0864911,-0.2691464,-0.3004341,-0.3274710,-0.8958248,0.3050041
3/20/2026 11:54:8.862,-0.0381465,-0.0497797,-0.1359822,0.9887244,-0.0890888,-0.0885285,-0.2694023,-0.2547386,-0.3324242,-0.9080762,0.3006247
3/20/2026 11:54:8.882,-0.0306659,-0.0501354,-0.1354920,0.9890339,-0.0743134,-0.0912392,-0.2688996,-0.2076381,-0.3394659,-0.9174145,0.2964621
3/20/2026 11:54:8.902,-0.0220983,-0.0508283,-0.1342015,0.9894029,-0.0574023,-0.0949469,-0.2669043,-0.1521966,-0.3500668,-0.9242778,0.2914216
3/20/2026 11:54:8.922,-0.0150671,-0.0511553,-0.1324624,0.9897524,-0.0433913,-0.0975166,-0.2639688,-0.1055163,-0.3582452,-0.9276458,0.2865678
3/20/2026 11:54:8.942,-0.0091452,-0.0508549,-0.1307154,0.9900726,-0.0314091,-0.0985171,-0.2609852,-0.0650639,-0.3618092,-0.9299789,0.2820477
3/20/2026 11:54:8.962,-0.0056286,-0.0503500,-0.1287877,0.9903772,-0.0241201,-0.0984689,-0.2574382,-0.0406706,-0.3638149,-0.9305829,0.2776793
3/20/2026 11:54:8.982,-0.0029181,-0.0503032,-0.1267420,0.9906551,-0.0185339,-0.0991056,-0.2535734,-0.0213954,-0.3688163,-0.9292560,0.2736343
3/20/2026 11:54:9.002,-0.0006228,-0.0498665,-0.1244806,0.9909680,-0.0136496,-0.0988473,-0.2492462,-0.0046441,-0.3718641,-0.9282755,0.2690068
3/20/2026 11:54:9.022,0.0018517,-0.0490784,-0.1226379,0.9912355,-0.0083669,-0.0979104,-0.2457835,0.0140167,-0.3715056,-0.9283249,0.2649881
3/20/2026 11:54:9.042,0.0042265,-0.0483306,-0.1212829,0.9914317,-0.0033429,-0.0970109,-0.2432903,0.0323554,-0.3699914,-0.9284716,0.2620008
3/20/2026 11:54:9.062,0.0063507,-0.0481156,-0.1198225,0.9916084,0.0010642,-0.0970981,-0.2405587,0.0491246,-0.3721862,-0.9268572,0.2592809
3/20/2026 11:54:9.082,0.0083794,-0.0479116,-0.1178875,0.9918352,0.0053257,-0.0971708,-0.2368649,0.0657071,-0.3756972,-0.9244102,0.2557492
3/20/2026 11:54:9.102,0.0102065,-0.0476376,-0.1151437,0.9921535,0.0092826,-0.0970345,-0.2315256,0.0816348,-0.3810209,-0.9209554,0.2507081
3/20/2026 11:54:9.122,0.0118163,-0.0470403,-0.1114520,0.9925855,0.0129722,-0.0961732,-0.2242566,0.0972147,-0.3870095,-0.9169368,0.2436988
3/20/2026 11:54:9.142,0.0124487,-0.0459307,-0.1074230,0.9930739,0.0148575,-0.0940486,-0.2162056,0.1059538,-0.3909268,-0.9143029,0.2355261
3/20/2026 11:54:9.162,0.0129287,-0.0447237,-0.1029229,0.9935994,0.0164865,-0.0916770,-0.2071919,0.1144515,-0.3959168,-0.9111261,0.2264054
3/20/2026 11:54:9.182,0.0134138,-0.0436458,-0.0982711,0.9941117,0.0180924,-0.0895482,-0.1978768,0.1237883,-0.4027815,-0.9068868,0.2171475
3/20/2026 11:54:9.202,0.0139404,-0.0430556,-0.0935180,0.9945885,0.0196782,-0.0883847,-0.1883727,0.1341802,-0.4144229,-0.9001384,0.2081614
3/20/2026 11:54:9.222,0.0145380,-0.0429524,-0.0883456,0.9950572,0.0213446,-0.0881832,-0.1780462,0.1463996,-0.4325363,-0.8896514,0.1989354
3/20/2026 11:54:9.242,0.0149223,-0.0431031,-0.0826872,0.9955311,0.0225850,-0.0884264,-0.1667356,0.1580189,-0.4564376,-0.8756111,0.1891495
3/20/2026 11:54:9.262,0.0149997,-0.0427646,-0.0758317,0.9960903,0.0233985,-0.0876057,-0.1529912,0.1697924,-0.4840820,-0.8583910,0.1769126
3/20/2026 11:54:9.282,0.0152613,-0.0420904,-0.0679058,0.9966867,0.0247077,-0.0861071,-0.1371173,0.1876310,-0.5174814,-0.8348699,0.1628529
3/20/2026 11:54:9.302,0.0154495,-0.0409155,-0.0591517,0.9972906,0.0259778,-0.0835624,-0.1195721,0.2100141,-0.5561876,-0.8040830,0.1472596
3/20/2026 11:54:9.322,0.0151611,-0.0390052,-0.0500176,0.9978712,0.0263588,-0.0794722,-0.1012128,0.2324777,-0.5980997,-0.7669621,0.1305231
3/20/2026 11:54:9.342,0.0143947,-0.0374968,-0.0410508,0.9983495,0.0256662,-0.0761503,-0.0831688,0.2506411,-0.6528952,-0.7147775,0.1149249
3/20/2026 11:54:9.362,0.0141542,-0.0367193,-0.0318066,0.9987192,0.0259392,-0.0743383,-0.0646379,0.2797303,-0.7256847,-0.6285958,0.1012371
3/20/2026 11:54:9.382,0.0141746,-0.0364941,-0.0249617,0.9989216,0.0264997,-0.0737096,-0.0509440,0.3052835,-0.7859881,-0.5376102,0.0928922
3/20/2026 11:54:9.402,0.0139384,-0.0360560,-0.0193385,0.9990655,0.0264593,-0.0726731,-0.0396702,0.3224715,-0.8341711,-0.4474044,0.0864697
3/20/2026 11:54:9.422,0.0129987,-0.0351668,-0.0145311,0.9991913,0.0249569,-0.0707354,-0.0299668,0.3232722,-0.8745841,-0.3613830,0.0804371
3/20/2026 11:54:9.442,0.0113814,-0.0343384,-0.0107169,0.9992880,0.0220124,-0.0689431,-0.0222073,0.3016581,-0.9101212,-0.2840455,0.0754751
3/20/2026 11:54:9.462,0.0093951,-0.0338721,-0.0076625,0.9993527,0.0182599,-0.0679078,-0.0159549,0.2611457,-0.9415090,-0.2129876,0.0719653
3/20/2026 11:54:9.482,0.0069592,-0.0338877,-0.0053484,0.9993872,0.0135477,-0.0678666,-0.0111631,0.1988001,-0.9680576,-0.1527846,0.0700205
3/20/2026 11:54:9.502,0.0041386,-0.0346121,-0.0038183,0.9993851,0.0080079,-0.0692708,-0.0079187,0.1180199,-0.9870235,-0.1088852,0.0701429
3/20/2026 11:54:9.522,0.0012318,-0.0355513,-0.0028357,0.9993631,0.0022604,-0.0711245,-0.0057553,0.0345174,-0.9962401,-0.0794623,0.0713864
3/20/2026 11:54:9.542,-0.0008058,-0.0363254,-0.0025476,0.9993365,-0.0017957,-0.0726625,-0.0050333,-0.0221237,-0.9973055,-0.0699443,0.0728611
3/20/2026 11:54:9.562,-0.0023864,-0.0370628,-0.0029182,0.9993060,-0.0049858,-0.0741291,-0.0056556,-0.0640576,-0.9948671,-0.0783331,0.0745180
3/20/2026 11:54:9.582,-0.0045180,-0.0374887,-0.0040444,0.9992787,-0.0093329,-0.0749602,-0.0077446,-0.1189704,-0.9871697,-0.1064988,0.0759664
3/20/2026 11:54:9.602,-0.0069477,-0.0375239,-0.0042935,0.9992625,-0.0142078,-0.0750106,-0.0080602,-0.1809179,-0.9771227,-0.1118033,0.0768187
3/20/2026 11:54:9.622,-0.0088415,-0.0375817,-0.0041608,0.9992458,-0.0179834,-0.0751158,-0.0076522,-0.2276905,-0.9678200,-0.1071519,0.0776830
3/20/2026 11:54:9.642,-0.0103979,-0.0379907,-0.0042533,0.9992149,-0.0211043,-0.0759232,-0.0077116,-0.2624620,-0.9589513,-0.1073598,0.0792543
3/20/2026 11:54:9.662,-0.0121058,-0.0387215,-0.0041487,0.9991682,-0.0245152,-0.0773785,-0.0073552,-0.2968468,-0.9494909,-0.1017298,0.0815822
3/20/2026 11:54:9.682,-0.0140188,-0.0392293,-0.0035479,0.9991257,-0.0282953,-0.0784022,-0.0059922,-0.3353004,-0.9382817,-0.0848590,0.0836406
3/20/2026 11:54:9.702,-0.0157406,-0.0396568,-0.0029664,0.9990850,-0.0316930,-0.0792704,-0.0046813,-0.3680341,-0.9272219,-0.0693579,0.0855631
3/20/2026 11:54:9.722,-0.0172433,-0.0400542,-0.0028852,0.9990446,-0.0346918,-0.0800660,-0.0043861,-0.3945523,-0.9164990,-0.0660165,0.0874325
3/20/2026 11:54:9.742,-0.0181896,-0.0402396,-0.0032197,0.9990193,-0.0366107,-0.0804237,-0.0049726,-0.4108126,-0.9088153,-0.0727175,0.0885842
3/20/2026 11:54:9.762,-0.0187398,-0.0404141,-0.0043063,0.9989980,-0.0377992,-0.0807312,-0.0070944,-0.4187184,-0.9030043,-0.0962196,0.0895402
3/20/2026 11:54:9.782,-0.0199601,-0.0413648,-0.0065885,0.9989232,-0.0404333,-0.0825386,-0.0115211,-0.4301842,-0.8915036,-0.1419961,0.0928229
3/20/2026 11:54:9.802,-0.0213284,-0.0427485,-0.0097281,0.9988109,-0.0434515,-0.0851636,-0.0176271,-0.4374680,-0.8768170,-0.1995340,0.0975413
3/20/2026 11:54:9.822,-0.0217869,-0.0434643,-0.0135513,0.9987255,-0.0447112,-0.0864211,-0.0252019,-0.4316614,-0.8611515,-0.2684893,0.1009870
3/20/2026 11:54:9.842,-0.0223442,-0.0441667,-0.0186278,0.9986006,-0.0462878,-0.0875830,-0.0352749,-0.4224949,-0.8351265,-0.3522242,0.1058196
3/20/2026 11:54:9.862,-0.0231352,-0.0444651,-0.0229175,0.9984801,-0.0482568,-0.0879502,-0.0437729,-0.4197666,-0.8067788,-0.4158172,0.1102812
3/20/2026 11:54:9.882,-0.0242282,-0.0445148,-0.0269923,0.9983501,-0.0508014,-0.0878005,-0.0518285,-0.4219409,-0.7752371,-0.4700780,0.1149021
3/20/2026 11:54:9.902,-0.0248538,-0.0438984,-0.0327198,0.9981908,-0.0525146,-0.0862372,-0.0632684,-0.4133492,-0.7300839,-0.5441691,0.1203257
3/20/2026 11:54:9.922,-0.0258823,-0.0432008,-0.0385047,0.9979886,-0.0550151,-0.0844626,-0.0748010,-0.4082765,-0.6814639,-0.6073858,0.1268729
3/20/2026 11:54:9.942,-0.0265287,-0.0422681,-0.0440249,0.9977833,-0.0566919,-0.0822376,-0.0858552,-0.3986438,-0.6351576,-0.6615573,0.1331921
3/20/2026 11:54:9.962,-0.0272682,-0.0414325,-0.0494431,0.9975446,-0.0585331,-0.0801881,-0.0966998,-0.3893546,-0.5916012,-0.7059824,0.1401816
3/20/2026 11:54:9.982,-0.0297584,-0.0404464,-0.0572964,0.9970937,-0.0640225,-0.0774837,-0.1123181,-0.3906009,-0.5308883,-0.7520561,0.1525184
3/20/2026 11:54:10.002,-0.0324258,-0.0389969,-0.0695412,0.9962891,-0.0700920,-0.0734407,-0.1367984,-0.3767340,-0.4530797,-0.8079544,0.1723537
3/20/2026 11:54:10.022,-0.0355114,-0.0375097,-0.0833484,0.9951808,-0.0770094,-0.0689972,-0.1644549,-0.3621543,-0.3825330,-0.8500076,0.1964299
3/20/2026 11:54:10.042,-0.0384503,-0.0361767,-0.0968679,0.9938961,-0.0835370,-0.0647333,-0.1916055,-0.3485333,-0.3279241,-0.8780605,0.2210910
3/20/2026 11:54:10.062,-0.0416621,-0.0348967,-0.1103634,0.9924045,-0.0905175,-0.0603509,-0.2187719,-0.3386649,-0.2836701,-0.8971273,0.2466605
3/20/2026 11:54:10.082,-0.0455048,-0.0337402,-0.1250495,0.9905320,-0.0987468,-0.0557612,-0.2484049,-0.3314687,-0.2457723,-0.9108921,0.2754333
3/20/2026 11:54:10.102,-0.0467877,-0.0335922,-0.1265177,0.9902908,-0.1013403,-0.0550029,-0.2513495,-0.3365741,-0.2416503,-0.9101226,0.2789264
3/20/2026 11:54:10.122,-0.0459691,-0.0332462,-0.1264949,0.9903437,-0.0996261,-0.0545179,-0.2513623,-0.3315856,-0.2398126,-0.9124368,0.2781639
3/20/2026 11:54:10.142,-0.0459674,-0.0332676,-0.1265090,0.9903413,-0.0996288,-0.0545595,-0.2513886,-0.3315316,-0.2399370,-0.9124237,0.2781982
3/20/2026 11:54:10.162,-0.0457007,-0.0330562,-0.1266411,0.9903438,-0.0990533,-0.0541909,-0.2516845,-0.3296514,-0.2384434,-0.9134958,0.2781621
3/20/2026 11:54:10.182,-0.0449662,-0.0322864,-0.1267349,0.9903908,-0.0974058,-0.0528295,-0.2519702,-0.3251419,-0.2334564,-0.9163956,0.2774829
3/20/2026 11:54:10.202,-0.0443417,-0.0317296,-0.1267240,0.9904384,-0.0960247,-0.0518762,-0.2520188,-0.3214185,-0.2299975,-0.9185811,0.2767941
3/20/2026 11:54:10.222,-0.0442404,-0.0321613,-0.1262776,0.9904860,-0.0959085,-0.0528046,-0.2510782,-0.3214822,-0.2337066,-0.9176222,0.2761029
3/20/2026 11:54:10.242,-0.0447882,-0.0323758,-0.1257992,0.9905152,-0.0970247,-0.0531436,-0.2500743,-0.3259624,-0.2356262,-0.9155484,0.2756781
3/20/2026 11:54:10.262,-0.0456916,-0.0323828,-0.1254259,0.9905210,-0.0988009,-0.0529730,-0.2492921,-0.3326389,-0.2357500,-0.9131119,0.2755939
3/20/2026 11:54:10.282,-0.0461493,-0.0322032,-0.1250578,0.9905522,-0.0996459,-0.0525399,-0.2485519,-0.3365222,-0.2348268,-0.9119261,0.2751388
3/20/2026 11:54:10.302,-0.0460975,-0.0322306,-0.1248472,0.9905804,-0.0995387,-0.0526284,-0.2481247,-0.3366432,-0.2353753,-0.9117400,0.2747281
3/20/2026 11:54:10.322,-0.0463230,-0.0319206,-0.1245334,0.9906194,-0.0998933,-0.0519873,-0.2475140,-0.3389892,-0.2335932,-0.9113289,0.2741573
3/20/2026 11:54:10.342,-0.0467071,-0.0315513,-0.1242953,0.9906430,-0.1005529,-0.0511819,-0.2470581,-0.3422308,-0.2311816,-0.9107322,0.2738117
3/20/2026 11:54:10.362,-0.0471778,-0.0311903,-0.1246269,0.9905906,-0.1014158,-0.0503140,-0.2477523,-0.3447178,-0.2279004,-0.9106212,0.2745793
3/20/2026 11:54:10.382,-0.0478082,-0.0310448,-0.1247272,0.9905522,-0.1026374,-0.0498600,-0.2479537,-0.3486188,-0.2263798,-0.9095147,0.2751388
3/20/2026 11:54:10.402,-0.0483042,-0.0308787,-0.1247505,0.9905306,-0.1035830,-0.0494054,-0.2480054,-0.3518323,-0.2249101,-0.9086416,0.2754550
3/20/2026 11:54:10.422,-0.0493770,-0.0305830,-0.1248285,0.9904770,-0.1056453,-0.0485457,-0.2481682,-0.3586382,-0.2221320,-0.9066620,0.2762345
3/20/2026 11:54:10.442,-0.0502052,-0.0305068,-0.1250009,0.9904158,-0.1072804,-0.0481729,-0.2485065,-0.3634961,-0.2208756,-0.9050329,0.2771215
3/20/2026 11:54:10.462,-0.0502170,-0.0303585,-0.1249778,0.9904228,-0.1072661,-0.0478768,-0.2484752,-0.3637116,-0.2198802,-0.9051886,0.2770196
3/20/2026 11:54:10.482,-0.0501227,-0.0302578,-0.1250118,0.9904264,-0.1070552,-0.0476954,-0.2485565,-0.3630958,-0.2191917,-0.9056028,0.2769686
3/20/2026 11:54:10.502,-0.0501955,-0.0301736,-0.1250514,0.9904202,-0.1071808,-0.0475054,-0.2486441,-0.3635072,-0.2185122,-0.9056020,0.2770584
3/20/2026 11:54:10.522,-0.0501822,-0.0300741,-0.1250549,0.9904235,-0.1071300,-0.0473100,-0.2486618,-0.3634730,-0.2178288,-0.9057803,0.2770101
3/20/2026 11:54:10.542,-0.0501798,-0.0300026,-0.1250424,0.9904273,-0.1071067,-0.0471692,-0.2486442,-0.3635284,-0.2173543,-0.9058721,0.2769548
3/20/2026 11:54:10.562,-0.0501900,-0.0299307,-0.1250419,0.9904290,-0.1071091,-0.0470235,-0.2486505,-0.3636348,-0.2168530,-0.9059495,0.2769298
3/20/2026 11:54:10.582,-0.0501687,-0.0298706,-0.1250176,0.9904351,-0.1070507,-0.0469115,-0.2486081,-0.3635931,-0.2164846,-0.9060544,0.2768425
3/20/2026 11:54:10.602,-0.0501536,-0.0297980,-0.1250066,0.9904394,-0.1070022,-0.0467716,-0.2485938,-0.3635661,-0.2160070,-0.9061792,0.2767794
3/20/2026 11:54:10.622,-0.0501426,-0.0297400,-0.1250044,0.9904419,-0.1069658,-0.0466589,-0.2485956,-0.3635350,-0.2156156,-0.9062849,0.2767440
3/20/2026 11:54:10.642,-0.0501252,-0.0296770,-0.1250047,0.9904447,-0.1069156,-0.0465374,-0.2486032,-0.3634608,-0.2151893,-0.9064159,0.2767034
3/20/2026 11:54:10.662,-0.0501360,-0.0296304,-0.1249923,0.9904472,-0.1069249,-0.0464433,-0.2485826,-0.3635848,-0.2148788,-0.9064398,0.2766662
3/20/2026 11:54:10.682,-0.0501193,-0.0295660,-0.1249925,0.9904498,-0.1068758,-0.0463189,-0.2485904,-0.3635156,-0.2144422,-0.9065710,0.2766282
3/20/2026 11:54:10.702,-0.0501433,-0.0295156,-0.1249812,0.9904516,-0.1069104,-0.0462138,-0.2485722,-0.3637220,-0.2140958,-0.9065701,0.2766031
3/20/2026 11:54:10.722,-0.0501310,-0.0294627,-0.1249768,0.9904543,-0.1068727,-0.0461119,-0.2485691,-0.3636853,-0.2137430,-0.9066681,0.2765633
3/20/2026 11:54:10.742,-0.0501341,-0.0294077,-0.1249445,0.9904599,-0.1068636,-0.0460048,-0.2485095,-0.3638130,-0.2134053,-0.9066964,0.2764820
3/20/2026 11:54:10.762,-0.0501540,-0.0293603,-0.1249020,0.9904656,-0.1068894,-0.0459100,-0.2484280,-0.3640667,-0.2131254,-0.9066604,0.2763998
3/20/2026 11:54:10.782,-0.0501232,-0.0293129,-0.1248888,0.9904702,-0.1068158,-0.0458245,-0.2484068,-0.3639309,-0.2128329,-0.9067836,0.2763323
3/20/2026 11:54:10.802,-0.0501079,-0.0292739,-0.1248918,0.9904718,-0.1067758,-0.0457502,-0.2484174,-0.3638490,-0.2125670,-0.9068788,0.2763090
3/20/2026 11:54:10.822,-0.0501086,-0.0292152,-0.1248940,0.9904733,-0.1067628,-0.0456329,-0.2484279,-0.3638814,-0.2121569,-0.9069619,0.2762882
3/20/2026 11:54:10.842,-0.0500881,-0.0291708,-0.1249040,0.9904743,-0.1067115,-0.0455482,-0.2484533,-0.3637531,-0.2118462,-0.9070860,0.2762726
3/20/2026 11:54:10.862,-0.0500830,-0.0291328,-0.1249011,0.9904760,-0.1066918,-0.0454740,-0.2484515,-0.3637493,-0.2115894,-0.9071475,0.2762484
3/20/2026 11:54:10.882,-0.0500994,-0.0290916,-0.1248884,0.9904780,-0.1067136,-0.0453891,-0.2484297,-0.3639063,-0.2113119,-0.9071491,0.2762189
3/20/2026 11:54:10.902,-0.0501033,-0.0290590,-0.1248854,0.9904792,-0.1067131,-0.0453236,-0.2484269,-0.3639561,-0.2110880,-0.9071813,0.2762016
3/20/2026 11:54:10.922,-0.0501093,-0.0290144,-0.1248807,0.9904808,-0.1067136,-0.0452338,-0.2484221,-0.3640295,-0.2107816,-0.9072231,0.2761791
3/20/2026 11:54:10.942,-0.0500996,-0.0289854,-0.1248770,0.9904826,-0.1066870,-0.0451786,-0.2484178,-0.3639937,-0.2105904,-0.9072818,0.2761522
3/20/2026 11:54:10.962,-0.0500817,-0.0289452,-0.1248753,0.9904849,-0.1066414,-0.0451030,-0.2484189,-0.3639072,-0.2103235,-0.9073784,0.2761193
3/20/2026 11:54:10.982,-0.0500892,-0.0289091,-0.1248685,0.9904864,-0.1066471,-0.0450301,-0.2484089,-0.3639910,-0.2100786,-0.9074016,0.2760977
3/20/2026 11:54:11.002,-0.0500598,-0.0288661,-0.1248713,0.9904888,-0.1065782,-0.0449512,-0.2484196,-0.3638231,-0.2097921,-0.9075351,0.2760630
3/20/2026 11:54:11.022,-0.0500585,-0.0288447,-0.1248803,0.9904884,-0.1065706,-0.0449079,-0.2484401,-0.3638047,-0.2096318,-0.9075796,0.2760682
3/20/2026 11:54:11.042,-0.0500311,-0.0288124,-0.1248811,0.9904906,-0.1065081,-0.0448501,-0.2484456,-0.3636478,-0.2094213,-0.9076911,0.2760361
3/20/2026 11:54:11.062,-0.0500281,-0.0287765,-0.1248878,0.9904909,-0.1064937,-0.0447785,-0.2484628,-0.3636332,-0.2091642,-0.9077561,0.2760327
3/20/2026 11:54:11.082,-0.0503637,-0.0287015,-0.1248845,0.9904765,-0.1071416,-0.0445472,-0.2484578,-0.3657962,-0.2084620,-0.9070484,0.2762414
3/20/2026 11:54:11.102,-0.0503567,-0.0286714,-0.1248905,0.9904770,-0.1071207,-0.0444882,-0.2484732,-0.3657549,-0.2082485,-0.9071141,0.2762336
3/20/2026 11:54:11.122,-0.0503277,-0.0286438,-0.1248889,0.9904794,-0.1070561,-0.0444404,-0.2484734,-0.3655913,-0.2080748,-0.9072198,0.2761990
3/20/2026 11:54:11.142,-0.0502987,-0.0286221,-0.1248990,0.9904804,-0.1069936,-0.0444032,-0.2484966,-0.3653966,-0.2079263,-0.9073323,0.2761852
3/20/2026 11:54:11.162,-0.0506362,-0.0285437,-0.1249022,0.9904649,-0.1076449,-0.0441637,-0.2485054,-0.3675536,-0.2071902,-0.9066292,0.2764094
3/20/2026 11:54:11.182,-0.0506294,-0.0285155,-0.1249010,0.9904662,-0.1076243,-0.0441093,-0.2485059,-0.3675294,-0.2069997,-0.9066825,0.2763903
3/20/2026 11:54:11.202,-0.0506198,-0.0284884,-0.1248889,0.9904691,-0.1075980,-0.0440590,-0.2484845,-0.3675133,-0.2068333,-0.9067270,0.2763488
3/20/2026 11:54:11.222,-0.0502498,-0.0284943,-0.1248714,0.9904899,-0.1068634,-0.0441634,-0.2484553,-0.3652253,-0.2071023,-0.9075898,0.2760465
3/20/2026 11:54:11.242,-0.0502395,-0.0284822,-0.1248855,0.9904890,-0.1068404,-0.0441402,-0.2484851,-0.3651330,-0.2070045,-0.9076491,0.2760595
3/20/2026 11:54:11.262,-0.0502392,-0.0284563,-0.1248933,0.9904888,-0.1068339,-0.0440878,-0.2485036,-0.3651270,-0.2068141,-0.9076951,0.2760621
3/20/2026 11:54:11.282,-0.0502321,-0.0284217,-0.1249047,0.9904886,-0.1068117,-0.0440193,-0.2485305,-0.3650737,-0.2065615,-0.9077739,0.2760648
3/20/2026 11:54:11.302,-0.0502096,-0.0283983,-0.1249231,0.9904882,-0.1067620,-0.0439762,-0.2485707,-0.3649005,-0.2063858,-0.9078836,0.2760708
3/20/2026 11:54:11.322,-0.0501954,-0.0283900,-0.1249295,0.9904884,-0.1067320,-0.0439623,-0.2485846,-0.3648004,-0.2063268,-0.9079372,0.2760691
3/20/2026 11:54:11.342,-0.0501917,-0.0283624,-0.1249196,0.9904906,-0.1067172,-0.0439093,-0.2485676,-0.3648154,-0.2061504,-0.9079713,0.2760361
3/20/2026 11:54:11.362,-0.0501753,-0.0283239,-0.1249260,0.9904918,-0.1066755,-0.0438359,-0.2485848,-0.3647181,-0.2058828,-0.9080710,0.2760188
3/20/2026 11:54:11.382,-0.0501546,-0.0283085,-0.1249103,0.9904951,-0.1066299,-0.0438120,-0.2485552,-0.3646338,-0.2058082,-0.9081218,0.2759703
3/20/2026 11:54:11.402,-0.0501668,-0.0282859,-0.1249348,0.9904922,-0.1066495,-0.0437613,-0.2486068,-0.3646640,-0.2056110,-0.9081543,0.2760136
3/20/2026 11:54:11.422,-0.0501607,-0.0282658,-0.1249332,0.9904931,-0.1066323,-0.0437229,-0.2486058,-0.3646403,-0.2054768,-0.9081942,0.2759998
3/20/2026 11:54:11.442,-0.0501646,-0.0282403,-0.1249502,0.9904917,-0.1066345,-0.0436693,-0.2486427,-0.3646377,-0.2052741,-0.9082410,0.2760206
3/20/2026 11:54:11.462,-0.0501454,-0.0282155,-0.1249418,0.9904943,-0.1065898,-0.0436254,-0.2486288,-0.3645505,-0.2051227,-0.9083103,0.2759824
3/20/2026 11:54:11.482,-0.0501222,-0.0281806,-0.1249292,0.9904981,-0.1065345,-0.0435629,-0.2486073,-0.3644536,-0.2049094,-0.9083973,0.2759269
3/20/2026 11:54:11.502,-0.0501088,-0.0281620,-0.1249232,0.9905001,-0.1065029,-0.0435298,-0.2485972,-0.3643934,-0.2047956,-0.9084472,0.2758983
3/20/2026 11:54:11.522,-0.0501161,-0.0281376,-0.1249242,0.9905003,-0.1065114,-0.0434792,-0.2486017,-0.3644503,-0.2046202,-0.9084638,0.2758957
3/20/2026 11:54:11.542,-0.0501194,-0.0281040,-0.1249082,0.9905030,-0.1065089,-0.0434132,-0.2485729,-0.3645278,-0.2044060,-0.9084810,0.2758559
3/20/2026 11:54:11.562,-0.0501216,-0.0280851,-0.1248815,0.9905069,-0.1065075,-0.0433778,-0.2485207,-0.3646163,-0.2043089,-0.9084672,0.2757986
3/20/2026 11:54:11.582,-0.0501350,-0.0280634,-0.1248580,0.9905097,-0.1065277,-0.0433337,-0.2484752,-0.3647695,-0.2041819,-0.9084344,0.2757579
3/20/2026 11:54:11.602,-0.0501271,-0.0280405,-0.1248554,0.9905112,-0.1065062,-0.0432903,-0.2484725,-0.3647381,-0.2040299,-0.9084811,0.2757370
3/20/2026 11:54:11.622,-0.0501258,-0.0280253,-0.1248786,0.9905087,-0.1065008,-0.0432578,-0.2485210,-0.3646822,-0.2038934,-0.9085342,0.2757735
3/20/2026 11:54:11.642,-0.0500928,-0.0280018,-0.1248793,0.9905109,-0.1064295,-0.0432191,-0.2485255,-0.3644852,-0.2037468,-0.9086462,0.2757405
3/20/2026 11:54:11.662,-0.0500530,-0.0279799,-0.1248904,0.9905122,-0.1063454,-0.0431838,-0.2485508,-0.3642190,-0.2036001,-0.9087857,0.2757223
3/20/2026 11:54:11.682,-0.0500414,-0.0279678,-0.1249094,0.9905106,-0.1063202,-0.0431606,-0.2485910,-0.3641066,-0.2034967,-0.9088539,0.2757449
3/20/2026 11:54:11.702,-0.0500638,-0.0279472,-0.1249138,0.9905096,-0.1063597,-0.0431136,-0.2486014,-0.3642483,-0.2033352,-0.9088333,0.2757596
3/20/2026 11:54:11.722,-0.0503988,-0.0278857,-0.1249317,0.9904920,-0.1070111,-0.0429069,-0.2486386,-0.3663497,-0.2027016,-0.9081299,0.2760153
3/20/2026 11:54:11.742,-0.0503828,-0.0278822,-0.1249136,0.9904953,-0.1069776,-0.0429057,-0.2486026,-0.3662945,-0.2027098,-0.9081504,0.2759677
3/20/2026 11:54:11.762,-0.0503544,-0.0278647,-0.1249064,0.9904981,-0.1069164,-0.0428787,-0.2485903,-0.3661425,-0.2026132,-0.9082332,0.2759269
3/20/2026 11:54:11.782,-0.0503451,-0.0278392,-0.1249242,0.9904970,-0.1068923,-0.0428281,-0.2486292,-0.3660544,-0.2024161,-0.9083127,0.2759434
3/20/2026 11:54:11.802,-0.0503319,-0.0278272,-0.1249284,0.9904976,-0.1068633,-0.0428070,-0.2486390,-0.3659678,-0.2023344,-0.9083658,0.2759348
3/20/2026 11:54:11.822,-0.0503069,-0.0278172,-0.1249459,0.9904969,-0.1068120,-0.0427912,-0.2486761,-0.3657736,-0.2022543,-0.9084619,0.2759452
3/20/2026 11:54:11.842,-0.0502822,-0.0277984,-0.1249530,0.9904977,-0.1067585,-0.0427590,-0.2486928,-0.3656110,-0.2021269,-0.9085557,0.2759330
3/20/2026 11:54:11.862,-0.0502721,-0.0277730,-0.1249389,0.9905009,-0.1067314,-0.0427125,-0.2486670,-0.3655947,-0.2019744,-0.9085960,0.2758871
3/20/2026 11:54:11.882,-0.0502942,-0.0277489,-0.1249384,0.9905003,-0.1067694,-0.0426589,-0.2486682,-0.3657485,-0.2017947,-0.9085742,0.2758949
3/20/2026 11:54:11.902,-0.0503112,-0.0277202,-0.1249213,0.9905025,-0.1067954,-0.0425996,-0.2486364,-0.3659123,-0.2016086,-0.9085494,0.2758637
3/20/2026 11:54:11.922,-0.0503008,-0.0276942,-0.1248982,0.9905066,-0.1067672,-0.0425526,-0.2485924,-0.3659166,-0.2014630,-0.9085800,0.2758030
3/20/2026 11:54:11.942,-0.0502893,-0.0276690,-0.1248870,0.9905093,-0.1067375,-0.0425065,-0.2485726,-0.3658844,-0.2013084,-0.9086273,0.2757639
3/20/2026 11:54:11.962,-0.0502871,-0.0276574,-0.1249069,0.9905072,-0.1067312,-0.0424818,-0.2486142,-0.3658288,-0.2012023,-0.9086732,0.2757943
3/20/2026 11:54:11.982,-0.0502523,-0.0276430,-0.1248958,0.9905109,-0.1066580,-0.0424627,-0.2485937,-0.3656442,-0.2011349,-0.9087624,0.2757405
3/20/2026 11:54:12.002,-0.0502244,-0.0276324,-0.1249062,0.9905112,-0.1066004,-0.0424473,-0.2486164,-0.3654487,-0.2010619,-0.9088572,0.2757362
3/20/2026 11:54:12.022,-0.0501786,-0.0275993,-0.1249045,0.9905146,-0.1065011,-0.0423928,-0.2486172,-0.3651818,-0.2008578,-0.9090096,0.2756867
3/20/2026 11:54:12.042,-0.0501737,-0.0275774,-0.1248914,0.9905172,-0.1064854,-0.0423518,-0.2485931,-0.3651942,-0.2007249,-0.9090340,0.2756494
3/20/2026 11:54:12.062,-0.0501771,-0.0275562,-0.1248890,0.9905179,-0.1064867,-0.0423089,-0.2485904,-0.3652326,-0.2005780,-0.9090509,0.2756390
3/20/2026 11:54:12.082,-0.0502056,-0.0275432,-0.1248760,0.9905185,-0.1065396,-0.0422774,-0.2485649,-0.3654509,-0.2004895,-0.9089828,0.2756304
3/20/2026 11:54:12.102,-0.0501771,-0.0275211,-0.1248813,0.9905199,-0.1064776,-0.0422397,-0.2485784,-0.3652699,-0.2003427,-0.9090879,0.2756104
3/20/2026 11:54:12.122,-0.0501784,-0.0275072,-0.1249096,0.9905167,-0.1064780,-0.0422087,-0.2486371,-0.3652173,-0.2002078,-0.9091387,0.2756572
3/20/2026 11:54:12.142,-0.0501629,-0.0274864,-0.1249224,0.9905164,-0.1064426,-0.0421696,-0.2486655,-0.3650995,-0.2000537,-0.9092200,0.2756616
3/20/2026 11:54:12.162,-0.0501433,-0.0274713,-0.1249260,0.9905173,-0.1064001,-0.0421440,-0.2486747,-0.3649753,-0.1999539,-0.9092917,0.2756486
3/20/2026 11:54:12.182,-0.0501477,-0.0274472,-0.1249482,0.9905150,-0.1064037,-0.0420925,-0.2487220,-0.3649621,-0.1997540,-0.9093410,0.2756815
3/20/2026 11:54:12.202,-0.0501446,-0.0274259,-0.1249600,0.9905142,-0.1063928,-0.0420494,-0.2487483,-0.3649254,-0.1995906,-0.9093916,0.2756928
3/20/2026 11:54:12.222,-0.0501271,-0.0274128,-0.1249579,0.9905157,-0.1063546,-0.0420278,-0.2487456,-0.3648268,-0.1995111,-0.9094485,0.2756711
3/20/2026 11:54:12.242,-0.0501203,-0.0273896,-0.1249455,0.9905183,-0.1063348,-0.0419845,-0.2487231,-0.3648261,-0.1993691,-0.9094800,0.2756329
3/20/2026 11:54:12.262,-0.0500980,-0.0273658,-0.1249323,0.9905217,-0.1062841,-0.0419439,-0.2486991,-0.3647303,-0.1992318,-0.9095485,0.2755843
3/20/2026 11:54:12.282,-0.0500817,-0.0273474,-0.1249360,0.9905226,-0.1062472,-0.0419111,-0.2487088,-0.3646277,-0.1991075,-0.9096169,0.2755705
3/20/2026 11:54:12.302,-0.0500670,-0.0273316,-0.1249560,0.9905213,-0.1062149,-0.0418809,-0.2487511,-0.3644951,-0.1989781,-0.9096984,0.2755896
3/20/2026 11:54:12.322,-0.0500522,-0.0273151,-0.1249685,0.9905210,-0.1061821,-0.0418504,-0.2487783,-0.3643807,-0.1988545,-0.9097712,0.2755948
3/20/2026 11:54:12.342,-0.0500355,-0.0273011,-0.1249691,0.9905220,-0.1061454,-0.0418265,-0.2487814,-0.3642809,-0.1987643,-0.9098309,0.2755800
3/20/2026 11:54:12.362,-0.0500255,-0.0272906,-0.1249864,0.9905206,-0.1061236,-0.0418061,-0.2488176,-0.3641816,-0.1986732,-0.9098905,0.2756000
3/20/2026 11:54:12.382,-0.0500272,-0.0272850,-0.1249841,0.9905210,-0.1061254,-0.0417948,-0.2488135,-0.3642005,-0.1986364,-0.9098909,0.2755939
3/20/2026 11:54:12.402,-0.0500525,-0.0272753,-0.1249651,0.9905223,-0.1061724,-0.0417713,-0.2487758,-0.3644111,-0.1985802,-0.9098190,0.2755748
3/20/2026 11:54:12.422,-0.0500514,-0.0272616,-0.1249523,0.9905244,-0.1061664,-0.0417456,-0.2487512,-0.3644425,-0.1985016,-0.9098235,0.2755444
3/20/2026 11:54:12.442,-0.0500623,-0.0272485,-0.1249538,0.9905241,-0.1061849,-0.0417167,-0.2487555,-0.3645148,-0.1984026,-0.9098162,0.2755488
3/20/2026 11:54:12.462,-0.0500574,-0.0272260,-0.1249715,0.9905227,-0.1061703,-0.0416710,-0.2487936,-0.3644530,-0.1982241,-0.9098797,0.2755687
3/20/2026 11:54:12.482,-0.0500393,-0.0272104,-0.1249855,0.9905223,-0.1061311,-0.0416429,-0.2488241,-0.3643130,-0.1981064,-0.9099615,0.2755757
3/20/2026 11:54:12.502,-0.0500286,-0.0271908,-0.1250140,0.9905198,-0.1061060,-0.0416034,-0.2488839,-0.3641866,-0.1979373,-0.9100489,0.2756113
3/20/2026 11:54:12.522,-0.0500266,-0.0271816,-0.1250237,0.9905189,-0.1061003,-0.0415845,-0.2489045,-0.3641559,-0.1978614,-0.9100777,0.2756243
3/20/2026 11:54:12.542,-0.0500462,-0.0271548,-0.1250391,0.9905167,-0.1061332,-0.0415246,-0.2489381,-0.3642566,-0.1976437,-0.9100847,0.2756572
3/20/2026 11:54:12.562,-0.0500206,-0.0271533,-0.1250287,0.9905193,-0.1060815,-0.0415290,-0.2489176,-0.3641207,-0.1976600,-0.9101355,0.2756191
3/20/2026 11:54:12.582,-0.0500055,-0.0271310,-0.1250282,0.9905207,-0.1060459,-0.0414882,-0.2489192,-0.3640383,-0.1975123,-0.9102005,0.2755982
3/20/2026 11:54:12.602,-0.0500101,-0.0271150,-0.1250336,0.9905204,-0.1060512,-0.0414548,-0.2489318,-0.3640622,-0.1973913,-0.9102172,0.2756034
3/20/2026 11:54:12.622,-0.0499966,-0.0270999,-0.1250475,0.9905197,-0.1060213,-0.0414264,-0.2489617,-0.3639517,-0.1972743,-0.9102868,0.2756130
3/20/2026 11:54:12.642,-0.0499862,-0.0270837,-0.1250547,0.9905197,-0.1059969,-0.0413959,-0.2489781,-0.3638770,-0.1971569,-0.9103421,0.2756130
3/20/2026 11:54:12.662,-0.0496062,-0.0271005,-0.1250504,0.9905389,-0.1052457,-0.0415232,-0.2489736,-0.3614748,-0.1974782,-0.9112290,0.2753334
3/20/2026 11:54:12.682,-0.0496073,-0.0270864,-0.1250667,0.9905372,-0.1052452,-0.0414932,-0.2490080,-0.3614503,-0.1973580,-0.9112648,0.2753578
3/20/2026 11:54:12.702,-0.0496284,-0.0270816,-0.1250547,0.9905377,-0.1052854,-0.0414796,-0.2489839,-0.3616152,-0.1973286,-0.9112057,0.2753508
3/20/2026 11:54:12.722,-0.0496389,-0.0270682,-0.1250409,0.9905393,-0.1053022,-0.0414519,-0.2489572,-0.3617215,-0.1972477,-0.9111810,0.2753273
3/20/2026 11:54:12.742,-0.0496362,-0.0270449,-0.1250214,0.9905426,-0.1052904,-0.0414081,-0.2489202,-0.3617637,-0.1971113,-0.9111938,0.2752796
3/20/2026 11:54:12.762,-0.0496188,-0.0270305,-0.1250046,0.9905460,-0.1052514,-0.0413856,-0.2488878,-0.3617011,-0.1970419,-0.9112337,0.2752300
3/20/2026 11:54:12.782,-0.0496140,-0.0270377,-0.1250221,0.9905437,-0.1052444,-0.0413991,-0.2489227,-0.3616249,-0.1970713,-0.9112576,0.2752630
3/20/2026 11:54:12.802,-0.0496105,-0.0270256,-0.1250205,0.9905444,-0.1052345,-0.0413760,-0.2489208,-0.3616131,-0.1969906,-0.9112797,0.2752526
3/20/2026 11:54:12.822,-0.0496007,-0.0270285,-0.1250276,0.9905440,-0.1052159,-0.0413835,-0.2489349,-0.3615322,-0.1970067,-0.9113083,0.2752587
3/20/2026 11:54:12.842,-0.0495925,-0.0270175,-0.1250157,0.9905462,-0.1051964,-0.0413649,-0.2489122,-0.3615144,-0.1969498,-0.9113277,0.2752266
3/20/2026 11:54:12.862,-0.0495806,-0.0270164,-0.1250427,0.9905434,-0.1051736,-0.0413628,-0.2489671,-0.3613747,-0.1969129,-0.9113911,0.2752674
3/20/2026 11:54:12.882,-0.0495724,-0.0269994,-0.1250300,0.9905460,-0.1051526,-0.0413321,-0.2489433,-0.3613622,-0.1968142,-0.9114174,0.2752300
3/20/2026 11:54:12.902,-0.0495897,-0.0269854,-0.1249960,0.9905498,-0.1051822,-0.0413037,-0.2488755,-0.3615613,-0.1967521,-0.9113518,0.2751744
3/20/2026 11:54:12.922,-0.0495824,-0.0269800,-0.1250097,0.9905486,-0.1051667,-0.0412934,-0.2489039,-0.3614843,-0.1967003,-0.9113935,0.2751926
3/20/2026 11:54:12.942,-0.0495909,-0.0269703,-0.1250172,0.9905475,-0.1051816,-0.0412711,-0.2489200,-0.3615256,-0.1966181,-0.9113949,0.2752083
3/20/2026 11:54:12.962,-0.0495849,-0.0269604,-0.1250331,0.9905460,-0.1051680,-0.0412511,-0.2489533,-0.3614548,-0.1965308,-0.9114417,0.2752300
3/20/2026 11:54:12.982,-0.0496101,-0.0269365,-0.1250420,0.9905443,-0.1052123,-0.0411962,-0.2489735,-0.3616047,-0.1963382,-0.9114238,0.2752544
3/20/2026 11:54:13.002,-0.0496126,-0.0269291,-0.1250426,0.9905442,-0.1052156,-0.0411809,-0.2489755,-0.3616233,-0.1962846,-0.9114280,0.2752561
3/20/2026 11:54:13.022,-0.0495977,-0.0269165,-0.1250455,0.9905449,-0.1051828,-0.0411590,-0.2489828,-0.3615282,-0.1961999,-0.9114839,0.2752457
3/20/2026 11:54:13.042,-0.0496052,-0.0268888,-0.1250342,0.9905467,-0.1051904,-0.0411033,-0.2489626,-0.3616172,-0.1960173,-0.9114879,0.2752196
3/20/2026 11:54:13.062,-0.0496260,-0.0268869,-0.1250220,0.9905474,-0.1052309,-0.0410956,-0.2489378,-0.3617799,-0.1960085,-0.9114252,0.2752101
3/20/2026 11:54:13.082,-0.0496296,-0.0268746,-0.1250199,0.9905477,-0.1052348,-0.0410705,-0.2489349,-0.3618138,-0.1959233,-0.9114301,0.2752048
3/20/2026 11:54:13.102,-0.0496211,-0.0268602,-0.1250257,0.9905478,-0.1052146,-0.0410432,-0.2489482,-0.3617531,-0.1958193,-0.9114766,0.2752031
3/20/2026 11:54:13.122,-0.0496016,-0.0268296,-0.1250284,0.9905493,-0.1051682,-0.0409867,-0.2489571,-0.3616389,-0.1956111,-0.9115666,0.2751822
3/20/2026 11:54:13.142,-0.0496120,-0.0268193,-0.1250260,0.9905493,-0.1051864,-0.0409638,-0.2489531,-0.3617163,-0.1955365,-0.9115519,0.2751814
3/20/2026 11:54:13.162,-0.0496056,-0.0268161,-0.1250376,0.9905483,-0.1051733,-0.0409579,-0.2489770,-0.3616492,-0.1955028,-0.9115857,0.2751970
3/20/2026 11:54:13.182,-0.0496183,-0.0267959,-0.1250517,0.9905465,-0.1051941,-0.0409130,-0.2490075,-0.3617062,-0.1953361,-0.9115989,0.2752231
3/20/2026 11:54:13.202,-0.0496091,-0.0267993,-0.1250629,0.9905454,-0.1051772,-0.0409207,-0.2490299,-0.3616196,-0.1953499,-0.9116302,0.2752387
3/20/2026 11:54:13.222,-0.0496012,-0.0267943,-0.1250751,0.9905444,-0.1051606,-0.0409116,-0.2490552,-0.3615423,-0.1953036,-0.9116708,0.2752535
3/20/2026 11:54:13.242,-0.0496072,-0.0267840,-0.1250532,0.9905471,-0.1051691,-0.0408918,-0.2490118,-0.3616385,-0.1952564,-0.9116427,0.2752135
3/20/2026 11:54:13.262,-0.0495953,-0.0267686,-0.1250499,0.9905484,-0.1051415,-0.0408644,-0.2490070,-0.3615789,-0.1951590,-0.9116873,0.2751944
3/20/2026 11:54:13.282,-0.0495979,-0.0267589,-0.1250476,0.9905490,-0.1051441,-0.0408446,-0.2490034,-0.3616056,-0.1950921,-0.9116910,0.2751857
3/20/2026 11:54:13.302,-0.0495650,-0.0267297,-0.1250641,0.9905494,-0.1050723,-0.0407928,-0.2490401,-0.3613731,-0.1948832,-0.9118279,0.2751805
3/20/2026 11:54:13.322,-0.0495820,-0.0267207,-0.1250562,0.9905496,-0.1051034,-0.0407714,-0.2490249,-0.3615042,-0.1948213,-0.9117891,0.2751770
3/20/2026 11:54:13.342,-0.0495698,-0.0267078,-0.1250716,0.9905488,-0.1050766,-0.0407472,-0.2490576,-0.3613961,-0.1947174,-0.9118541,0.2751892
3/20/2026 11:54:13.362,-0.0495708,-0.0266881,-0.1250918,0.9905467,-0.1050746,-0.0407056,-0.2491005,-0.3613643,-0.1945528,-0.9119018,0.2752196
3/20/2026 11:54:13.382,-0.0495644,-0.0266733,-0.1250979,0.9905465,-0.1050583,-0.0406768,-0.2491145,-0.3613164,-0.1944439,-0.9119442,0.2752222
3/20/2026 11:54:13.402,-0.0495853,-0.0266465,-0.1250892,0.9905474,-0.1050929,-0.0406192,-0.2490993,-0.3614837,-0.1942564,-0.9119178,0.2752101
3/20/2026 11:54:13.422,-0.0495725,-0.0266387,-0.1250688,0.9905508,-0.1050648,-0.0406091,-0.2490589,-0.3614560,-0.1942351,-0.9119332,0.2751596
3/20/2026 11:54:13.442,-0.0499269,-0.0265940,-0.1250786,0.9905329,-0.1057582,-0.0404317,-0.2490783,-0.3636982,-0.1937268,-0.9111496,0.2754203
3/20/2026 11:54:13.462,-0.0499127,-0.0265790,-0.1250750,0.9905345,-0.1057261,-0.0404057,-0.2490727,-0.3636250,-0.1936338,-0.9111986,0.2753977
3/20/2026 11:54:13.482,-0.0498828,-0.0265731,-0.1250725,0.9905365,-0.1056652,-0.0404016,-0.2490688,-0.3634451,-0.1936111,-0.9112751,0.2753690
3/20/2026 11:54:13.502,-0.0498768,-0.0265407,-0.1250866,0.9905359,-0.1056458,-0.0403369,-0.2491007,-0.3633897,-0.1933686,-0.9113488,0.2753769
3/20/2026 11:54:13.522,-0.0498803,-0.0265296,-0.1250781,0.9905370,-0.1056496,-0.0403150,-0.2490846,-0.3634380,-0.1933002,-0.9113440,0.2753603
3/20/2026 11:54:13.542,-0.0498689,-0.0265219,-0.1250915,0.9905362,-0.1056256,-0.0403009,-0.2491126,-0.3633376,-0.1932348,-0.9113979,0.2753734
3/20/2026 11:54:13.562,-0.0498633,-0.0265089,-0.1250839,0.9905378,-0.1056110,-0.0402773,-0.2490987,-0.3633272,-0.1931564,-0.9114187,0.2753499
3/20/2026 11:54:13.582,-0.0498490,-0.0265012,-0.1250790,0.9905393,-0.1055803,-0.0402658,-0.2490898,-0.3632521,-0.1931155,-0.9114572,0.2753273
3/20/2026 11:54:13.602,-0.0498530,-0.0264913,-0.1251061,0.9905359,-0.1055869,-0.0402422,-0.2491456,-0.3632173,-0.1930093,-0.9114936,0.2753777
3/20/2026 11:54:13.622,-0.0498592,-0.0264792,-0.1251087,0.9905357,-0.1055964,-0.0402164,-0.2491519,-0.3632566,-0.1929183,-0.9114972,0.2753803
3/20/2026 11:54:13.642,-0.0498585,-0.0264762,-0.1250969,0.9905373,-0.1055937,-0.0402118,-0.2491284,-0.3632818,-0.1929126,-0.9114884,0.2753569
