ISO-10303-21;
HEADER;
FILE_DESCRIPTION (( 'STEP AP214' ),
    '1' );
FILE_NAME ('SL_Disk.STEP',
    '2025-11-04T19:52:27',
    ( '' ),
    ( '' ),
    'SwSTEP 2.0',
    'SolidWorks 2025',
    '' );
FILE_SCHEMA (( 'AUTOMOTIVE_DESIGN' ));
ENDSEC;

DATA;
#1 = CARTESIAN_POINT ( 'NONE',  ( -14.49079038211821313, 2.500000000000000000, 11.50073885024394293 ) ) ;
#2 = ORIENTED_EDGE ( 'NONE', *, *, #5984, .F. ) ;
#3 = CARTESIAN_POINT ( 'NONE',  ( 1.999999999999999112, -3.000000000000000000, 18.38533865071370954 ) ) ;
#4 = EDGE_CURVE ( 'NONE', #5036, #332, #4700, .T. ) ;
#5 = FACE_OUTER_BOUND ( 'NONE', #3220, .T. ) ;
#6 = DIRECTION ( 'NONE',  ( -0.000000000000000000, -1.000000000000000000, -0.000000000000000000 ) ) ;
#7 = AXIS2_PLACEMENT_3D ( 'NONE', #1295, #6245, #2429 ) ;
#8 = AXIS2_PLACEMENT_3D ( 'NONE', #3100, #3556, #1069 ) ;
#9 = ORIENTED_EDGE ( 'NONE', *, *, #250, .T. ) ;
#10 = CARTESIAN_POINT ( 'NONE',  ( -4.063012012678565377, 2.500000000000000000, -6.891439137424754335 ) ) ;
#11 = DIRECTION ( 'NONE',  ( 0.7071067811865536790, -0.000000000000000000, 0.7071067811865414665 ) ) ;
#12 = EDGE_CURVE ( 'NONE', #2630, #4141, #1704, .T. ) ;
#13 = COLOUR_RGB ( '',0.7921568627450980005, 0.8196078431372548767, 0.9333333333333333481 ) ;
#14 = DIRECTION ( 'NONE',  ( -0.000000000000000000, -1.000000000000000000, -0.000000000000000000 ) ) ;
#15 = DIRECTION ( 'NONE',  ( -0.7071067811865554553, 0.000000000000000000, -0.7071067811865398012 ) ) ;
#16 = DIRECTION ( 'NONE',  ( 0.1142857142857177932, -0.000000000000000000, 0.9934479228979260501 ) ) ;
#17 = ORIENTED_EDGE ( 'NONE', *, *, #2935, .T. ) ;
#18 = AXIS2_PLACEMENT_3D ( 'NONE', #3800, #3768, #304 ) ;
#19 = ORIENTED_EDGE ( 'NONE', *, *, #2418, .T. ) ;
#20 = AXIS2_PLACEMENT_3D ( 'NONE', #2524, #3039, #5527 ) ;
#21 = FACE_OUTER_BOUND ( 'NONE', #6018, .T. ) ;
#22 = VECTOR ( 'NONE', #6335, 1000.000000000000000 ) ;
#23 = CARTESIAN_POINT ( 'NONE',  ( 11.50073885024371378, -2.500000000000000444, -14.49079038211839610 ) ) ;
#24 = ORIENTED_EDGE ( 'NONE', *, *, #1485, .T. ) ;
#25 = ORIENTED_EDGE ( 'NONE', *, *, #660, .T. ) ;
#26 = DIRECTION ( 'NONE',  ( 0.000000000000000000, 0.000000000000000000, -1.000000000000000000 ) ) ;
#27 = VECTOR ( 'NONE', #5151, 1000.000000000000000 ) ;
#28 = VECTOR ( 'NONE', #1316, 1000.000000000000000 ) ;
#29 = VECTOR ( 'NONE', #5155, 1000.000000000000000 ) ;
#30 = ORIENTED_EDGE ( 'NONE', *, *, #4832, .F. ) ;
#31 = DIRECTION ( 'NONE',  ( 0.000000000000000000, 1.000000000000000000, 0.000000000000000000 ) ) ;
#32 = CARTESIAN_POINT ( 'NONE',  ( -4.770118793865036011, 2.500000000000000000, 6.184332356238265938 ) ) ;
#33 = TOROIDAL_SURFACE ( 'NONE', #876, 1.000000000000000000, 0.5000000000000000000 ) ;
#34 = VERTEX_POINT ( 'NONE', #1550 ) ;
#35 = AXIS2_PLACEMENT_3D ( 'NONE', #2826, #5283, #4308 ) ;
#36 = CARTESIAN_POINT ( 'NONE',  ( 0.000000000000000000, 3.000000000000000000, 0.000000000000000000 ) ) ;
#37 = ADVANCED_FACE ( 'NONE', ( #1131 ), #4558, .F. ) ;
#38 = ORIENTED_EDGE ( 'NONE', *, *, #584, .F. ) ;
#39 = DIRECTION ( 'NONE',  ( 0.000000000000000000, 0.000000000000000000, 1.000000000000000000 ) ) ;
#40 = AXIS2_PLACEMENT_3D ( 'NONE', #5813, #4779, #2384 ) ;
#41 = EDGE_CURVE ( 'NONE', #1884, #4208, #5006, .T. ) ;
#42 = CARTESIAN_POINT ( 'NONE',  ( -11.18990807050729863, 3.001000000000000334, 14.09914739881797452 ) ) ;
#43 = LINE ( 'NONE', #2505, #1100 ) ;
#44 = ADVANCED_FACE ( 'NONE', ( #4591 ), #2748, .T. ) ;
#45 = ORIENTED_EDGE ( 'NONE', *, *, #1903, .T. ) ;
#46 = DIRECTION ( 'NONE',  ( -0.000000000000000000, -1.000000000000000000, -0.000000000000000000 ) ) ;
#47 = LINE ( 'NONE', #5968, #2208 ) ;
#48 = VECTOR ( 'NONE', #2644, 1000.000000000000000 ) ;
#49 = EDGE_CURVE ( 'NONE', #913, #376, #2222, .T. ) ;
#50 = CARTESIAN_POINT ( 'NONE',  ( -13.70750441551722787, -3.000000000000000000, 10.87907729077129737 ) ) ;
#51 = DIRECTION ( 'NONE',  ( 0.000000000000000000, 0.000000000000000000, 1.000000000000000000 ) ) ;
#52 = CIRCLE ( 'NONE', #1819, 0.5000000000000000000 ) ;
#53 = AXIS2_PLACEMENT_3D ( 'NONE', #1552, #5563, #2072 ) ;
#54 = DIRECTION ( 'NONE',  ( 0.000000000000000000, 0.000000000000000000, 1.000000000000000000 ) ) ;
#55 = ADVANCED_FACE ( 'NONE', ( #2070 ), #3525, .T. ) ;
#56 = EDGE_LOOP ( 'NONE', ( #3811, #5370, #4887, #421 ) ) ;
#57 = EDGE_CURVE ( 'NONE', #4785, #6354, #4181, .T. ) ;
#58 = VERTEX_POINT ( 'NONE', #2136 ) ;
#59 = AXIS2_PLACEMENT_3D ( 'NONE', #1144, #5129, #5649 ) ;
#60 = DIRECTION ( 'NONE',  ( 0.000000000000000000, 0.000000000000000000, 1.000000000000000000 ) ) ;
#61 = CARTESIAN_POINT ( 'NONE',  ( -6.537885746831435085, 2.500000000000000000, 4.416565403271908608 ) ) ;
#62 = EDGE_LOOP ( 'NONE', ( #4830, #3888, #1101, #5956, #4020 ) ) ;
#63 = ORIENTED_EDGE ( 'NONE', *, *, #2827, .F. ) ;
#64 = LINE ( 'NONE', #6012, #4565 ) ;
#65 = ORIENTED_EDGE ( 'NONE', *, *, #4877, .F. ) ;
#66 = FACE_OUTER_BOUND ( 'NONE', #977, .T. ) ;
#67 = CARTESIAN_POINT ( 'NONE',  ( 0.000000000000000000, 3.001000000000000334, 0.000000000000000000 ) ) ;
#68 = EDGE_LOOP ( 'NONE', ( #975, #565, #2343, #3660 ) ) ;
#69 = DIRECTION ( 'NONE',  ( 0.9682458365518533672, 0.000000000000000000, -0.2500000000000032752 ) ) ;
#70 = VERTEX_POINT ( 'NONE', #1070 ) ;
#71 = CARTESIAN_POINT ( 'NONE',  ( 1.776356839400251254E-15, 2.500000000000000000, 1.000000000000000444 ) ) ;
#72 = CARTESIAN_POINT ( 'NONE',  ( -6.030009245246625404, 2.500000000000000000, 3.555135511093808542 ) ) ;
#73 = VERTEX_POINT ( 'NONE', #5503 ) ;
#74 = CARTESIAN_POINT ( 'NONE',  ( 2.114285714285713436, 2.500000000000000000, 18.37878657361163803 ) ) ;
#75 = CYLINDRICAL_SURFACE ( 'NONE', #762, 0.5000000000000000000 ) ;
#76 = ADVANCED_FACE ( 'NONE', ( #6053 ), #3045, .F. ) ;
#77 = DIRECTION ( 'NONE',  ( 0.000000000000000000, 0.000000000000000000, 1.000000000000000000 ) ) ;
#78 = CARTESIAN_POINT ( 'NONE',  ( -4.489045641520085006, -2.500000000000000444, -5.903259203893179929 ) ) ;
#79 = CARTESIAN_POINT ( 'NONE',  ( 1.874999999999961808, -2.500000000000000444, -7.261843774138917240 ) ) ;
#80 = ORIENTED_EDGE ( 'NONE', *, *, #696, .F. ) ;
#81 = VERTEX_POINT ( 'NONE', #4102 ) ;
#82 = EDGE_CURVE ( 'NONE', #5561, #5577, #4844, .T. ) ;
#83 = DIRECTION ( 'NONE',  ( -0.000000000000000000, -1.000000000000000000, -0.000000000000000000 ) ) ;
#84 = TOROIDAL_SURFACE ( 'NONE', #4325, 1.000000000000000000, 0.5000000000000000000 ) ;
#85 = DIRECTION ( 'NONE',  ( -0.000000000000000000, -1.000000000000000000, -0.000000000000000000 ) ) ;
#86 = VERTEX_POINT ( 'NONE', #5596 ) ;
#87 = VERTEX_POINT ( 'NONE', #3141 ) ;
#88 = DIRECTION ( 'NONE',  ( 0.7071067811865510144, 0.000000000000000000, 0.7071067811865441310 ) ) ;
#89 = TOROIDAL_SURFACE ( 'NONE', #3304, 1.000000000000000000, 0.5000000000000000000 ) ;
#90 = ORIENTED_EDGE ( 'NONE', *, *, #1206, .F. ) ;
#91 = ADVANCED_FACE ( 'NONE', ( #5015 ), #84, .T. ) ;
#92 = AXIS2_PLACEMENT_3D ( 'NONE', #650, #4861, #4478 ) ;
#93 = DIRECTION ( 'NONE',  ( -0.000000000000000000, -1.000000000000000000, -0.000000000000000000 ) ) ;
#94 = CARTESIAN_POINT ( 'NONE',  ( 7.348469228349538973, 3.001000000000000334, 1.499999999999987566 ) ) ;
#95 = AXIS2_PLACEMENT_3D ( 'NONE', #4147, #6130, #4707 ) ;
#96 = ORIENTED_EDGE ( 'NONE', *, *, #6331, .T. ) ;
#97 = CARTESIAN_POINT ( 'NONE',  ( 7.745966692414835819, 2.500000000000000000, 1.999999999999985789 ) ) ;
#98 = VERTEX_POINT ( 'NONE', #4039 ) ;
#99 = DIRECTION ( 'NONE',  ( 0.000000000000000000, 1.000000000000000000, 0.000000000000000000 ) ) ;
#100 = EDGE_CURVE ( 'NONE', #5886, #3372, #2674, .T. ) ;
#101 = CARTESIAN_POINT ( 'NONE',  ( 0.000000000000000000, 2.500000000000000000, 0.000000000000000000 ) ) ;
#102 = ORIENTED_EDGE ( 'NONE', *, *, #3318, .T. ) ;
#103 = DIRECTION ( 'NONE',  ( 0.7832859666009912569, 0.000000000000000000, 0.6216615594726369043 ) ) ;
#104 = CARTESIAN_POINT ( 'NONE',  ( 0.7071067811865566766, -3.000000000000000000, 0.7071067811865394681 ) ) ;
#105 = CARTESIAN_POINT ( 'NONE',  ( 18.37878657361164159, -2.500000000000000000, 2.114285714285681461 ) ) ;
#106 = DIRECTION ( 'NONE',  ( 0.000000000000000000, 1.000000000000000000, 0.000000000000000000 ) ) ;
#107 = TOROIDAL_SURFACE ( 'NONE', #4347, 1.000000000000000000, 0.5000000000000000000 ) ;
#108 = DIRECTION ( 'NONE',  ( 0.000000000000000000, 0.000000000000000000, -1.000000000000000000 ) ) ;
#109 = DIRECTION ( 'NONE',  ( -0.6216615594726370153, 0.000000000000000000, 0.7832859666009913679 ) ) ;
#110 = ADVANCED_FACE ( 'NONE', ( #4486 ), #4421, .F. ) ;
#111 = TOROIDAL_SURFACE ( 'NONE', #4036, 1.000000000000000000, 0.5000000000000000000 ) ;
#112 = CIRCLE ( 'NONE', #3736, 0.4999999999999998890 ) ;
#113 = ORIENTED_EDGE ( 'NONE', *, *, #4357, .T. ) ;
#114 = DIRECTION ( 'NONE',  ( -0.000000000000000000, -1.000000000000000000, -0.000000000000000000 ) ) ;
#115 = ADVANCED_FACE ( 'NONE', ( #3997 ), #4024, .F. ) ;
#116 = CARTESIAN_POINT ( 'NONE',  ( 0.000000000000000000, 2.500000000000000000, 0.000000000000000000 ) ) ;
#117 = VERTEX_POINT ( 'NONE', #1472 ) ;
#118 = CIRCLE ( 'NONE', #5704, 1.000000000000000000 ) ;
#119 = ORIENTED_EDGE ( 'NONE', *, *, #3973, .F. ) ;
#120 = EDGE_CURVE ( 'NONE', #4605, #5281, #5979, .T. ) ;
#121 = PRODUCT_DEFINITION_CONTEXT ( 'detailed design', #5639, 'design' ) ;
#122 = DIRECTION ( 'NONE',  ( 0.000000000000000000, 1.000000000000000000, 0.000000000000000000 ) ) ;
#123 = CIRCLE ( 'NONE', #326, 0.9999999999999991118 ) ;
#124 = VERTEX_POINT ( 'NONE', #2027 ) ;
#125 = AXIS2_PLACEMENT_3D ( 'NONE', #814, #5248, #2785 ) ;
#126 = DIRECTION ( 'NONE',  ( 0.000000000000000000, 1.000000000000000000, 0.000000000000000000 ) ) ;
#127 = ORIENTED_EDGE ( 'NONE', *, *, #1422, .T. ) ;
#128 = VERTEX_POINT ( 'NONE', #1508 ) ;
#129 = ADVANCED_FACE ( 'NONE', ( #536 ), #1532, .T. ) ;
#130 = ORIENTED_EDGE ( 'NONE', *, *, #3294, .F. ) ;
#131 = CIRCLE ( 'NONE', #872, 0.4999999999999994449 ) ;
#132 = TOROIDAL_SURFACE ( 'NONE', #6022, 1.000000000000000000, 0.5000000000000000000 ) ;
#133 = DIRECTION ( 'NONE',  ( 0.000000000000000000, 0.000000000000000000, 1.000000000000000000 ) ) ;
#134 = TOROIDAL_SURFACE ( 'NONE', #3338, 1.000000000000000000, 0.5000000000000000000 ) ;
#135 = CIRCLE ( 'NONE', #3442, 18.00000000000000355 ) ;
#136 = FACE_OUTER_BOUND ( 'NONE', #4827, .T. ) ;
#137 = AXIS2_PLACEMENT_3D ( 'NONE', #5257, #5736, #2243 ) ;
#138 = ORIENTED_EDGE ( 'NONE', *, *, #4562, .T. ) ;
#139 = CARTESIAN_POINT ( 'NONE',  ( 6.891439137424740125, 3.000000000000000000, -4.063012012678589358 ) ) ;
#140 = CARTESIAN_POINT ( 'NONE',  ( 4.135492250926811941, 3.001000000000000334, 6.256812594486453882 ) ) ;
#141 = CIRCLE ( 'NONE', #4581, 1.000000000000000000 ) ;
#142 = CARTESIAN_POINT ( 'NONE',  ( -7.348469228349523874, 3.000000000000000000, 1.000000000000077049 ) ) ;
#143 = DIRECTION ( 'NONE',  ( -0.000000000000000000, -1.000000000000000000, -0.000000000000000000 ) ) ;
#144 = VERTEX_POINT ( 'NONE', #3508 ) ;
#145 = LINE ( 'NONE', #2123, #5717 ) ;
#146 = TOROIDAL_SURFACE ( 'NONE', #3771, 1.000000000000000000, 0.5000000000000000000 ) ;
#147 = LINE ( 'NONE', #4193, #1597 ) ;
#148 = ORIENTED_EDGE ( 'NONE', *, *, #5610, .F. ) ;
#149 = VECTOR ( 'NONE', #2691, 1000.000000000000000 ) ;
#150 = DIRECTION ( 'NONE',  ( 0.000000000000000000, 1.000000000000000000, 0.000000000000000000 ) ) ;
#151 = DIRECTION ( 'NONE',  ( 1.776356839400250465E-15, 0.000000000000000000, 1.000000000000000000 ) ) ;
#152 = EDGE_CURVE ( 'NONE', #4152, #628, #6283, .T. ) ;
#153 = DIRECTION ( 'NONE',  ( -0.9682458365518544774, -1.377117319837502945E-17, 0.2499999999999996392 ) ) ;
#154 = ORIENTED_EDGE ( 'NONE', *, *, #4373, .T. ) ;
#155 = ORIENTED_EDGE ( 'NONE', *, *, #3512, .F. ) ;
#156 = AXIS2_PLACEMENT_3D ( 'NONE', #4195, #2127, #5103 ) ;
#157 = AXIS2_PLACEMENT_3D ( 'NONE', #3757, #5923, #6401 ) ;
#158 = LINE ( 'NONE', #5591, #2406 ) ;
#159 = PRODUCT_DEFINITION ( 'UNKNOWN', '', #5533, #121 ) ;
#160 = DIRECTION ( 'NONE',  ( -0.7071067811865475727, -0.000000000000000000, -0.7071067811865475727 ) ) ;
#161 = AXIS2_PLACEMENT_3D ( 'NONE', #1289, #4612, #1739 ) ;
#162 = ADVANCED_FACE ( 'NONE', ( #5483 ), #3030, .F. ) ;
#163 = ADVANCED_FACE ( 'NONE', ( #503 ), #5031, .T. ) ;
#164 = DIRECTION ( 'NONE',  ( 0.000000000000000000, -0.000000000000000000, 1.000000000000000000 ) ) ;
#165 = LINE ( 'NONE', #4529, #3625 ) ;
#166 = DIRECTION ( 'NONE',  ( 0.000000000000000000, 0.000000000000000000, 1.000000000000000000 ) ) ;
#167 = ORIENTED_EDGE ( 'NONE', *, *, #1537, .F. ) ;
#168 = CARTESIAN_POINT ( 'NONE',  ( -1.999999999999788836, 2.500000000000000444, 17.88533865071373441 ) ) ;
#169 = EDGE_LOOP ( 'NONE', ( #102, #5861, #2638, #3049 ) ) ;
#170 = CARTESIAN_POINT ( 'NONE',  ( 17.88206261216266668, 2.500000000000000000, -2.057142857142918668 ) ) ;
#171 = EDGE_CURVE ( 'NONE', #5317, #4505, #715, .T. ) ;
#172 = DIRECTION ( 'NONE',  ( 0.000000000000000000, 0.000000000000000000, 1.000000000000000000 ) ) ;
#173 = ORIENTED_EDGE ( 'NONE', *, *, #2619, .T. ) ;
#174 = DIRECTION ( 'NONE',  ( 0.000000000000000000, 0.000000000000000000, 1.000000000000000000 ) ) ;
#175 = LINE ( 'NONE', #104, #1270 ) ;
#176 = EDGE_CURVE ( 'NONE', #3648, #2006, #1087, .T. ) ;
#177 = DIRECTION ( 'NONE',  ( -1.000000000000000000, 0.000000000000000000, 0.000000000000000000 ) ) ;
#178 = CARTESIAN_POINT ( 'NONE',  ( -13.00039763433067108, -3.000000000000000000, 11.58618407195783639 ) ) ;
#179 = VERTEX_POINT ( 'NONE', #2573 ) ;
#180 = DIRECTION ( 'NONE',  ( 1.000000000000000000, 0.000000000000000000, 0.000000000000000000 ) ) ;
#181 = DIRECTION ( 'NONE',  ( -0.000000000000000000, -1.000000000000000000, -0.000000000000000000 ) ) ;
#182 = ORIENTED_EDGE ( 'NONE', *, *, #1929, .F. ) ;
#183 = DIRECTION ( 'NONE',  ( 0.000000000000000000, 0.000000000000000000, 1.000000000000000000 ) ) ;
#184 = DIRECTION ( 'NONE',  ( 0.000000000000000000, 1.000000000000000000, 0.000000000000000000 ) ) ;
#185 = CARTESIAN_POINT ( 'NONE',  ( 17.38533865071371309, 2.500000000000000000, 0.9999999999999696909 ) ) ;
#186 = ORIENTED_EDGE ( 'NONE', *, *, #3171, .T. ) ;
#187 = ORIENTED_EDGE ( 'NONE', *, *, #3176, .T. ) ;
#188 = DIRECTION ( 'NONE',  ( 0.1142857142857023611, 0.000000000000000000, -0.9934479228979277154 ) ) ;
#189 = VECTOR ( 'NONE', #106, 1000.000000000000000 ) ;
#190 = CARTESIAN_POINT ( 'NONE',  ( -6.891439137424789863, -2.500000000000000444, -4.063012012678504092 ) ) ;
#191 = CARTESIAN_POINT ( 'NONE',  ( -6.537885746831435085, -2.999999999999998224, 4.416565403271908608 ) ) ;
#192 = VERTEX_POINT ( 'NONE', #3904 ) ;
#193 = ORIENTED_EDGE ( 'NONE', *, *, #4877, .T. ) ;
#194 = LINE ( 'NONE', #5219, #149 ) ;
#195 = ORIENTED_EDGE ( 'NONE', *, *, #2502, .T. ) ;
#196 = DIRECTION ( 'NONE',  ( -1.734723475976807094E-15, 0.000000000000000000, -1.000000000000000000 ) ) ;
#197 = EDGE_CURVE ( 'NONE', #5043, #2267, #1994, .T. ) ;
#198 = VECTOR ( 'NONE', #6080, 1000.000000000000000 ) ;
#199 = AXIS2_PLACEMENT_3D ( 'NONE', #204, #2084, #1086 ) ;
#200 = CARTESIAN_POINT ( 'NONE',  ( 1.999999999999958922, 3.000000000000000000, -7.745966692414842925 ) ) ;
#201 = ORIENTED_EDGE ( 'NONE', *, *, #852, .T. ) ;
#202 = EDGE_CURVE ( 'NONE', #2230, #4757, #1846, .T. ) ;
#203 = DIRECTION ( 'NONE',  ( -0.7071067811865474617, 0.000000000000000000, -0.7071067811865474617 ) ) ;
#204 = CARTESIAN_POINT ( 'NONE',  ( 0.000000000000000000, 2.500000000000000000, 0.000000000000000000 ) ) ;
#205 = DIRECTION ( 'NONE',  ( 2.664535259100375697E-15, 0.000000000000000000, 1.000000000000000000 ) ) ;
#206 = DIRECTION ( 'NONE',  ( -0.000000000000000000, -1.000000000000000000, -0.000000000000000000 ) ) ;
#207 = VERTEX_POINT ( 'NONE', #600 ) ;
#208 = CARTESIAN_POINT ( 'NONE',  ( -7.745966692414810950, -2.499999999999999556, 2.000000000000080380 ) ) ;
#209 = ADVANCED_FACE ( 'NONE', ( #4542 ), #403, .T. ) ;
#210 = ORIENTED_EDGE ( 'NONE', *, *, #1391, .F. ) ;
#211 = AXIS2_PLACEMENT_3D ( 'NONE', #5762, #2726, #718 ) ;
#212 = AXIS2_PLACEMENT_3D ( 'NONE', #2869, #3735, #1892 ) ;
#213 = DIRECTION ( 'NONE',  ( 0.000000000000000000, 0.000000000000000000, 1.000000000000000000 ) ) ;
#214 = FACE_OUTER_BOUND ( 'NONE', #6344, .T. ) ;
#215 = LINE ( 'NONE', #4683, #3367 ) ;
#216 = ORIENTED_EDGE ( 'NONE', *, *, #4742, .T. ) ;
#217 = ORIENTED_EDGE ( 'NONE', *, *, #4714, .F. ) ;
#218 = CIRCLE ( 'NONE', #5488, 1.000000000000000888 ) ;
#219 = AXIS2_PLACEMENT_3D ( 'NONE', #4231, #264, #3300 ) ;
#220 = EDGE_CURVE ( 'NONE', #268, #6381, #3810, .T. ) ;
#221 = CARTESIAN_POINT ( 'NONE',  ( 17.88206261216267734, -2.500000000000000444, 2.057142857142824965 ) ) ;
#222 = LINE ( 'NONE', #6147, #3106 ) ;
#223 = DIRECTION ( 'NONE',  ( -0.8614298921781008422, -0.000000000000000000, -0.5078765015848102360 ) ) ;
#224 = CARTESIAN_POINT ( 'NONE',  ( 1.047444401652940164E-14, -3.000000000000000000, 1.000000000000000000 ) ) ;
#225 = VERTEX_POINT ( 'NONE', #2938 ) ;
#226 = ORIENTED_EDGE ( 'NONE', *, *, #2551, .F. ) ;
#227 = PLANE ( 'NONE',  #3362 ) ;
#228 = ORIENTED_EDGE ( 'NONE', *, *, #2144, .F. ) ;
#229 = DIRECTION ( 'NONE',  ( 1.000000000000000000, 0.000000000000000000, -3.491481338843134144E-15 ) ) ;
#230 = AXIS2_PLACEMENT_3D ( 'NONE', #139, #1081, #5516 ) ;
#231 = AXIS2_PLACEMENT_3D ( 'NONE', #644, #4067, #1064 ) ;
#232 = AXIS2_PLACEMENT_3D ( 'NONE', #2061, #1096, #5556 ) ;
#233 = CARTESIAN_POINT ( 'NONE',  ( 6.030009245246668925, -2.500000000000000000, 3.555135511093735268 ) ) ;
#234 = EDGE_CURVE ( 'NONE', #4811, #1220, #4109, .T. ) ;
#235 = AXIS2_PLACEMENT_3D ( 'NONE', #3152, #4568, #1182 ) ;
#236 = VERTEX_POINT ( 'NONE', #5909 ) ;
#237 = CARTESIAN_POINT ( 'NONE',  ( 11.23263068136435372, 2.500000000000000000, -13.35395102492412533 ) ) ;
#238 = CYLINDRICAL_SURFACE ( 'NONE', #657, 0.5000000000000000000 ) ;
#239 = AXIS2_PLACEMENT_3D ( 'NONE', #5361, #5423, #1431 ) ;
#240 = CIRCLE ( 'NONE', #3645, 0.5000000000000000000 ) ;
#241 = EDGE_CURVE ( 'NONE', #3346, #5577, #4148, .T. ) ;
#242 = CIRCLE ( 'NONE', #2093, 0.5000000000000006661 ) ;
#243 = LINE ( 'NONE', #142, #4335 ) ;
#244 = DIRECTION ( 'NONE',  ( -0.000000000000000000, -0.000000000000000000, 1.000000000000000000 ) ) ;
#245 = ADVANCED_FACE ( 'NONE', ( #770 ), #4327, .T. ) ;
#246 = FACE_OUTER_BOUND ( 'NONE', #1881, .T. ) ;
#247 = AXIS2_PLACEMENT_3D ( 'NONE', #1727, #3820, #374 ) ;
#248 = ORIENTED_EDGE ( 'NONE', *, *, #4673, .F. ) ;
#249 = DIRECTION ( 'NONE',  ( 0.000000000000000000, 0.000000000000000000, 1.000000000000000000 ) ) ;
#250 = EDGE_CURVE ( 'NONE', #805, #1423, #2367, .T. ) ;
#251 = DIRECTION ( 'NONE',  ( 0.000000000000000000, 0.000000000000000000, 1.000000000000000000 ) ) ;
#252 = DIRECTION ( 'NONE',  ( 1.000000000000000000, -0.000000000000000000, -3.491481338843134144E-15 ) ) ;
#253 = EDGE_CURVE ( 'NONE', #5664, #4489, #3883, .T. ) ;
#254 = ORIENTED_EDGE ( 'NONE', *, *, #273, .F. ) ;
#255 = DIRECTION ( 'NONE',  ( -0.7071067811865440200, -0.000000000000000000, 0.7071067811865510144 ) ) ;
#256 = ORIENTED_EDGE ( 'NONE', *, *, #1404, .T. ) ;
#257 = EDGE_CURVE ( 'NONE', #5967, #4098, #1094, .T. ) ;
#258 = ORIENTED_EDGE ( 'NONE', *, *, #516, .T. ) ;
#259 = FACE_OUTER_BOUND ( 'NONE', #6399, .T. ) ;
#260 = AXIS2_PLACEMENT_3D ( 'NONE', #3281, #278, #4833 ) ;
#261 = CARTESIAN_POINT ( 'NONE',  ( 0.000000000000000000, 0.5000000000000000000, 0.000000000000000000 ) ) ;
#262 = EDGE_CURVE ( 'NONE', #2468, #4030, #5016, .T. ) ;
#263 = FACE_OUTER_BOUND ( 'NONE', #3555, .T. ) ;
#264 = DIRECTION ( 'NONE',  ( -1.000000000000000000, 0.000000000000000000, 0.000000000000000000 ) ) ;
#265 = ORIENTED_EDGE ( 'NONE', *, *, #1176, .F. ) ;
#266 = CIRCLE ( 'NONE', #3875, 1.000000000000000000 ) ;
#267 = AXIS2_PLACEMENT_3D ( 'NONE', #2269, #5733, #2792 ) ;
#268 = VERTEX_POINT ( 'NONE', #1116 ) ;
#269 = FACE_BOUND ( 'NONE', #1998, .T. ) ;
#270 = ORIENTED_EDGE ( 'NONE', *, *, #5497, .T. ) ;
#271 = CARTESIAN_POINT ( 'NONE',  ( -4.063012012678565377, 2.500000000000000000, -6.891439137424754335 ) ) ;
#272 = VECTOR ( 'NONE', #2387, 1000.000000000000114 ) ;
#273 = EDGE_CURVE ( 'NONE', #2230, #4694, #2234, .T. ) ;
#274 = CIRCLE ( 'NONE', #5852, 0.5000000000000000000 ) ;
#275 = LINE ( 'NONE', #1790, #2210 ) ;
#276 = ORIENTED_EDGE ( 'NONE', *, *, #4273, .F. ) ;
#277 = DIRECTION ( 'NONE',  ( -5.218048215738235740E-15, 0.000000000000000000, -1.000000000000000000 ) ) ;
#278 = DIRECTION ( 'NONE',  ( 0.000000000000000000, 1.000000000000000000, 0.000000000000000000 ) ) ;
#279 = AXIS2_PLACEMENT_3D ( 'NONE', #3021, #164, #470 ) ;
#280 = CARTESIAN_POINT ( 'NONE',  ( 1.999999999999999112, 3.001000000000000334, 7.745966692414832266 ) ) ;
#281 = LINE ( 'NONE', #2251, #1614 ) ;
#282 = CARTESIAN_POINT ( 'NONE',  ( -1.000000000000000000, 2.500000000000000000, -17.38533865071370954 ) ) ;
#283 = ORIENTED_EDGE ( 'NONE', *, *, #2033, .T. ) ;
#284 = DIRECTION ( 'NONE',  ( 0.000000000000000000, 1.000000000000000000, 0.000000000000000000 ) ) ;
#285 = ADVANCED_FACE ( 'NONE', ( #3085 ), #4055, .F. ) ;
#286 = CARTESIAN_POINT ( 'NONE',  ( -11.62299072218583440, -2.500000000000000444, 13.74431106574578720 ) ) ;
#287 = CARTESIAN_POINT ( 'NONE',  ( 17.93739111465209390, 2.500000000000000000, -1.500000000000062617 ) ) ;
#288 = CARTESIAN_POINT ( 'NONE',  ( 0.000000000000000000, -0.5000000000000000000, 0.000000000000000000 ) ) ;
#289 = ORIENTED_EDGE ( 'NONE', *, *, #5190, .T. ) ;
#290 = EDGE_LOOP ( 'NONE', ( #4748, #2212, #2441, #3069 ) ) ;
#291 = DIRECTION ( 'NONE',  ( 0.7071067811865451302, 0.000000000000000000, -0.7071067811865499042 ) ) ;
#292 = EDGE_CURVE ( 'NONE', #2206, #4175, #3181, .T. ) ;
#293 = CARTESIAN_POINT ( 'NONE',  ( 2.449293598294706907E-15, -0.5000000000000000000, -20.00000000000000355 ) ) ;
#294 = DIRECTION ( 'NONE',  ( 0.000000000000000000, 1.000000000000000000, 0.000000000000000000 ) ) ;
#295 = ORIENTED_EDGE ( 'NONE', *, *, #702, .T. ) ;
#296 = ORIENTED_EDGE ( 'NONE', *, *, #2973, .F. ) ;
#297 = DIRECTION ( 'NONE',  ( 0.000000000000000000, 1.000000000000000000, 0.000000000000000000 ) ) ;
#298 = EDGE_LOOP ( 'NONE', ( #5644, #3759, #1196, #2766 ) ) ;
#299 = CARTESIAN_POINT ( 'NONE',  ( -1.999999999999999112, -3.000000000000000000, -7.745966692414832266 ) ) ;
#300 = EDGE_CURVE ( 'NONE', #6280, #1615, #3061, .T. ) ;
#301 = DIRECTION ( 'NONE',  ( -0.000000000000000000, -1.000000000000000000, -0.000000000000000000 ) ) ;
#302 = ORIENTED_EDGE ( 'NONE', *, *, #241, .F. ) ;
#303 = ORIENTED_EDGE ( 'NONE', *, *, #4293, .T. ) ;
#304 = DIRECTION ( 'NONE',  ( 0.000000000000000000, 0.000000000000000000, -1.000000000000000000 ) ) ;
#305 = EDGE_CURVE ( 'NONE', #2853, #3346, #274, .T. ) ;
#306 = FACE_OUTER_BOUND ( 'NONE', #4182, .T. ) ;
#307 = CIRCLE ( 'NONE', #2053, 18.50000000000000355 ) ;
#308 = CARTESIAN_POINT ( 'NONE',  ( 6.184332356238189554, 2.500000000000000000, -4.770118793865134599 ) ) ;
#309 = FACE_OUTER_BOUND ( 'NONE', #3879, .T. ) ;
#310 = DIRECTION ( 'NONE',  ( 0.000000000000000000, 1.000000000000000000, 0.000000000000000000 ) ) ;
#311 = CIRCLE ( 'NONE', #4852, 0.4999999999999995004 ) ;
#312 = ORIENTED_EDGE ( 'NONE', *, *, #613, .F. ) ;
#313 = FACE_OUTER_BOUND ( 'NONE', #5764, .T. ) ;
#314 = DIRECTION ( 'NONE',  ( 0.2499999999999914790, -1.377117319835999641E-17, -0.9682458365518565868 ) ) ;
#315 = FACE_OUTER_BOUND ( 'NONE', #3866, .T. ) ;
#316 = DIRECTION ( 'NONE',  ( 0.000000000000000000, 0.000000000000000000, 1.000000000000000000 ) ) ;
#317 = ORIENTED_EDGE ( 'NONE', *, *, #5708, .T. ) ;
#318 = EDGE_CURVE ( 'NONE', #4199, #2301, #4711, .T. ) ;
#319 = ORIENTED_EDGE ( 'NONE', *, *, #584, .T. ) ;
#320 = CARTESIAN_POINT ( 'NONE',  ( -4.063012012678481000, 2.500000000000000000, 6.891439137424804073 ) ) ;
#321 = EDGE_CURVE ( 'NONE', #3797, #592, #6363, .T. ) ;
#322 = CARTESIAN_POINT ( 'NONE',  ( -11.23263068136442300, 3.000000000000000000, -13.35395102492406494 ) ) ;
#323 = DIRECTION ( 'NONE',  ( 0.000000000000000000, 1.000000000000000000, 0.000000000000000000 ) ) ;
#324 = CARTESIAN_POINT ( 'NONE',  ( -6.030009245246693794, -2.500000000000000000, -3.555135511093693079 ) ) ;
#325 = ORIENTED_EDGE ( 'NONE', *, *, #3889, .F. ) ;
#326 = AXIS2_PLACEMENT_3D ( 'NONE', #1326, #844, #2818 ) ;
#327 = TOROIDAL_SURFACE ( 'NONE', #5484, 7.000000000000000888, 0.5000000000000000000 ) ;
#328 = EDGE_CURVE ( 'NONE', #3385, #4978, #1716, .T. ) ;
#329 = EDGE_LOOP ( 'NONE', ( #1216, #1522, #6365, #3378 ) ) ;
#330 = DIRECTION ( 'NONE',  ( 0.000000000000000000, 0.000000000000000000, 1.000000000000000000 ) ) ;
#331 = ORIENTED_EDGE ( 'NONE', *, *, #6137, .T. ) ;
#332 = VERTEX_POINT ( 'NONE', #5094 ) ;
#333 = CIRCLE ( 'NONE', #854, 18.00000000000000355 ) ;
#334 = ORIENTED_EDGE ( 'NONE', *, *, #220, .F. ) ;
#335 = CARTESIAN_POINT ( 'NONE',  ( -6.777720855862962246, -2.500000000000000000, 1.750000000000070832 ) ) ;
#336 = ORIENTED_EDGE ( 'NONE', *, *, #2607, .T. ) ;
#337 = EDGE_CURVE ( 'NONE', #81, #4964, #5345, .T. ) ;
#338 = VECTOR ( 'NONE', #377, 1000.000000000000000 ) ;
#339 = VERTEX_POINT ( 'NONE', #178 ) ;
#340 = TOROIDAL_SURFACE ( 'NONE', #4465, 1.000000000000000000, 0.5000000000000000000 ) ;
#341 = LINE ( 'NONE', #2865, #5811 ) ;
#342 = DIRECTION ( 'NONE',  ( 0.7071067811865401342, 0.000000000000000000, -0.7071067811865550112 ) ) ;
#343 = AXIS2_PLACEMENT_3D ( 'NONE', #3067, #3455, #5038 ) ;
#344 = CIRCLE ( 'NONE', #4979, 1.000000000000000000 ) ;
#345 = AXIS2_PLACEMENT_3D ( 'NONE', #3713, #1254, #3230 ) ;
#346 = DIRECTION ( 'NONE',  ( 1.387778780781445676E-14, -1.734723475976807094E-15, 1.000000000000000000 ) ) ;
#347 = DIRECTION ( 'NONE',  ( 0.000000000000000000, 0.000000000000000000, 1.000000000000000000 ) ) ;
#348 = EDGE_CURVE ( 'NONE', #5696, #2559, #6158, .T. ) ;
#349 = DIRECTION ( 'NONE',  ( 0.7071067811865475727, 0.000000000000000000, -0.7071067811865475727 ) ) ;
#350 = VERTEX_POINT ( 'NONE', #6095 ) ;
#351 = CARTESIAN_POINT ( 'NONE',  ( 4.416565403271838441, -2.999999999999998224, 6.537885746831480382 ) ) ;
#352 = AXIS2_PLACEMENT_3D ( 'NONE', #2020, #6351, #1461 ) ;
#353 = TOROIDAL_SURFACE ( 'NONE', #1688, 1.000000000000000000, 0.5000000000000000000 ) ;
#354 = CIRCLE ( 'NONE', #1889, 0.9999999999999991118 ) ;
#355 = CIRCLE ( 'NONE', #5510, 0.5000000000000004441 ) ;
#356 = DIRECTION ( 'NONE',  ( 0.000000000000000000, 0.000000000000000000, 1.000000000000000000 ) ) ;
#357 = FACE_OUTER_BOUND ( 'NONE', #2159, .T. ) ;
#358 = VECTOR ( 'NONE', #4477, 1000.000000000000000 ) ;
#359 = DIRECTION ( 'NONE',  ( -0.000000000000000000, -1.000000000000000000, -0.000000000000000000 ) ) ;
#360 = CIRCLE ( 'NONE', #3968, 0.5000000000000000000 ) ;
#361 = VERTEX_POINT ( 'NONE', #3635 ) ;
#362 = CYLINDRICAL_SURFACE ( 'NONE', #2089, 0.5000000000000000000 ) ;
#363 = ADVANCED_FACE ( 'NONE', ( #3155 ), #6100, .T. ) ;
#364 = CIRCLE ( 'NONE', #880, 0.5000000000000000000 ) ;
#365 = ORIENTED_EDGE ( 'NONE', *, *, #3439, .T. ) ;
#366 = ORIENTED_EDGE ( 'NONE', *, *, #202, .F. ) ;
#367 = APPLICATION_PROTOCOL_DEFINITION ( 'draft international standard', 'automotive_design', 1998, #2457 ) ;
#368 = AXIS2_PLACEMENT_3D ( 'NONE', #4577, #603, #249 ) ;
#369 = CARTESIAN_POINT ( 'NONE',  ( 7.745966692414825161, 2.500000000000000444, -2.000000000000026201 ) ) ;
#370 = EDGE_CURVE ( 'NONE', #4030, #5934, #3830, .T. ) ;
#371 = ORIENTED_EDGE ( 'NONE', *, *, #5390, .T. ) ;
#372 = VECTOR ( 'NONE', #6237, 1000.000000000000000 ) ;
#373 = CIRCLE ( 'NONE', #5432, 7.000000000000000888 ) ;
#374 = DIRECTION ( 'NONE',  ( 0.000000000000000000, 0.000000000000000000, 1.000000000000000000 ) ) ;
#375 = ORIENTED_EDGE ( 'NONE', *, *, #328, .F. ) ;
#376 = VERTEX_POINT ( 'NONE', #382 ) ;
#377 = DIRECTION ( 'NONE',  ( 0.000000000000000000, 1.000000000000000000, 0.000000000000000000 ) ) ;
#378 = CARTESIAN_POINT ( 'NONE',  ( -10.87907729077115171, 2.500000000000000000, -13.70750441551733800 ) ) ;
#379 = ADVANCED_FACE ( 'NONE', ( #2379 ), #5711, .F. ) ;
#380 = FACE_OUTER_BOUND ( 'NONE', #5976, .T. ) ;
#381 = AXIS2_PLACEMENT_3D ( 'NONE', #2258, #5208, #5106 ) ;
#382 = CARTESIAN_POINT ( 'NONE',  ( 2.114285714285617512, -3.000000000000000000, -18.37878657361164869 ) ) ;
#383 = CARTESIAN_POINT ( 'NONE',  ( 4.063012012678529850, 2.500000000000000000, -6.891439137424775652 ) ) ;
#384 = ORIENTED_EDGE ( 'NONE', *, *, #2276, .T. ) ;
#385 = EDGE_CURVE ( 'NONE', #2007, #4757, #2175, .T. ) ;
#386 = CARTESIAN_POINT ( 'NONE',  ( -11.18990807050747271, -2.500000000000000444, -14.09914739881783774 ) ) ;
#387 = CARTESIAN_POINT ( 'NONE',  ( -6.460724191335742717, 3.001000000000000334, -3.809073761886098364 ) ) ;
#388 = DIRECTION ( 'NONE',  ( 0.000000000000000000, 1.000000000000000000, 0.000000000000000000 ) ) ;
#389 = EDGE_LOOP ( 'NONE', ( #4609, #3988, #575, #1097 ) ) ;
#390 = DIRECTION ( 'NONE',  ( 0.7071067811865389130, 0.000000000000000000, -0.7071067811865561215 ) ) ;
#391 = CARTESIAN_POINT ( 'NONE',  ( 1.999999999999999112, -2.500000000000000444, 17.38533865071370954 ) ) ;
#392 = VERTEX_POINT ( 'NONE', #4317 ) ;
#393 = EDGE_LOOP ( 'NONE', ( #1720, #3975, #1750, #1204 ) ) ;
#394 = DIRECTION ( 'NONE',  ( -0.7071067811865475727, 0.000000000000000000, 0.7071067811865475727 ) ) ;
#395 = ORIENTED_EDGE ( 'NONE', *, *, #4120, .T. ) ;
#396 = FACE_OUTER_BOUND ( 'NONE', #1251, .T. ) ;
#397 = ORIENTED_EDGE ( 'NONE', *, *, #5876, .F. ) ;
#398 = DIRECTION ( 'NONE',  ( 0.7071067811865451302, 0.000000000000000000, -0.7071067811865499042 ) ) ;
#399 = EDGE_CURVE ( 'NONE', #582, #6273, #5297, .T. ) ;
#400 = ORIENTED_EDGE ( 'NONE', *, *, #3381, .F. ) ;
#401 = CYLINDRICAL_SURFACE ( 'NONE', #18, 7.500000000000000888 ) ;
#402 = CARTESIAN_POINT ( 'NONE',  ( -4.063012012678565377, 3.000000000000000000, -6.891439137424754335 ) ) ;
#403 = TOROIDAL_SURFACE ( 'NONE', #5774, 1.000000000000000000, 0.5000000000000000000 ) ;
#404 = ADVANCED_FACE ( 'NONE', ( #1762 ), #3864, .F. ) ;
#405 = DIRECTION ( 'NONE',  ( -0.7071067811865492381, 0.000000000000000000, -0.7071067811865457964 ) ) ;
#406 = DIRECTION ( 'NONE',  ( 0.000000000000000000, 1.000000000000000000, 0.000000000000000000 ) ) ;
#407 = DIRECTION ( 'NONE',  ( 0.000000000000000000, 0.000000000000000000, 1.000000000000000000 ) ) ;
#408 = EDGE_CURVE ( 'NONE', #2555, #827, #2701, .T. ) ;
#409 = ORIENTED_EDGE ( 'NONE', *, *, #1388, .F. ) ;
#410 = FACE_OUTER_BOUND ( 'NONE', #3076, .T. ) ;
#411 = VECTOR ( 'NONE', #2780, 1000.000000000000114 ) ;
#412 = TOROIDAL_SURFACE ( 'NONE', #4019, 1.000000000000000000, 0.5000000000000000000 ) ;
#413 = CARTESIAN_POINT ( 'NONE',  ( 17.38533865071370244, -2.499999999999999556, -2.000000000000059952 ) ) ;
#414 = CARTESIAN_POINT ( 'NONE',  ( 17.38533865071371309, 3.001000000000000334, 1.999999999999968914 ) ) ;
#415 = CIRCLE ( 'NONE', #2579, 1.000000000000000000 ) ;
#416 = DIRECTION ( 'NONE',  ( 0.000000000000000000, 0.000000000000000000, 1.000000000000000000 ) ) ;
#417 = ADVANCED_FACE ( 'NONE', ( #4738 ), #6307, .T. ) ;
#418 = VERTEX_POINT ( 'NONE', #3827 ) ;
#419 = DIRECTION ( 'NONE',  ( 0.000000000000000000, 0.000000000000000000, 1.000000000000000000 ) ) ;
#420 = CARTESIAN_POINT ( 'NONE',  ( 0.000000000000000000, -2.500000000000000444, 0.000000000000000000 ) ) ;
#421 = ORIENTED_EDGE ( 'NONE', *, *, #1870, .F. ) ;
#422 = EDGE_CURVE ( 'NONE', #2130, #4471, #4348, .T. ) ;
#423 = EDGE_LOOP ( 'NONE', ( #4729, #561, #2314, #680 ) ) ;
#424 = APPLICATION_PROTOCOL_DEFINITION ( 'draft international standard', 'automotive_design', 1998, #5639 ) ;
#425 = CARTESIAN_POINT ( 'NONE',  ( 4.063012012678529850, -3.000000000000000000, -6.891439137424775652 ) ) ;
#426 = AXIS2_PLACEMENT_3D ( 'NONE', #5633, #5730, #6211 ) ;
#427 = CARTESIAN_POINT ( 'NONE',  ( -6.537885746831519462, -2.500000000000000444, -4.416565403271780710 ) ) ;
#428 = VERTEX_POINT ( 'NONE', #1344 ) ;
#429 = CARTESIAN_POINT ( 'NONE',  ( 17.93739111465209390, 3.001000000000000334, -1.500000000000062617 ) ) ;
#430 = ORIENTED_EDGE ( 'NONE', *, *, #1455, .T. ) ;
#431 = DIRECTION ( 'NONE',  ( -0.7071067811865413555, 0.000000000000000000, 0.7071067811865539010 ) ) ;
#432 = CIRCLE ( 'NONE', #1982, 0.4999999999999994449 ) ;
#433 = VECTOR ( 'NONE', #5560, 1000.000000000000114 ) ;
#434 = DIRECTION ( 'NONE',  ( -0.7071067811865483499, 0.000000000000000000, -0.7071067811865466846 ) ) ;
#435 = EDGE_CURVE ( 'NONE', #3882, #826, #4960, .T. ) ;
#436 = CIRCLE ( 'NONE', #5494, 1.000000000000000000 ) ;
#437 = DIRECTION ( 'NONE',  ( -0.7071067811865474617, -0.000000000000000000, -0.7071067811865474617 ) ) ;
#438 = DIRECTION ( 'NONE',  ( 0.000000000000000000, 1.000000000000000000, 0.000000000000000000 ) ) ;
#439 = ORIENTED_EDGE ( 'NONE', *, *, #1999, .F. ) ;
#440 = PRESENTATION_STYLE_ASSIGNMENT (( #4956 ) ) ;
#441 = VECTOR ( 'NONE', #6207, 1000.000000000000000 ) ;
#442 = EDGE_CURVE ( 'NONE', #1674, #3265, #2491, .T. ) ;
#443 = CARTESIAN_POINT ( 'NONE',  ( 0.000000000000000000, -3.000000000000000000, 0.000000000000000000 ) ) ;
#444 = CIRCLE ( 'NONE', #4672, 1.000000000000000000 ) ;
#445 = CARTESIAN_POINT ( 'NONE',  ( 17.38533865071370244, 3.001000000000000334, -2.000000000000059952 ) ) ;
#446 = LINE ( 'NONE', #5279, #1974 ) ;
#447 = CARTESIAN_POINT ( 'NONE',  ( -4.135492250926811941, -2.500000000000000444, -6.256812594486453882 ) ) ;
#448 = CIRCLE ( 'NONE', #4475, 1.000000000000000888 ) ;
#449 = AXIS2_PLACEMENT_3D ( 'NONE', #5454, #2996, #4302 ) ;
#450 = EDGE_LOOP ( 'NONE', ( #671, #1908, #1171, #5125 ) ) ;
#451 = AXIS2_PLACEMENT_3D ( 'NONE', #3838, #5816, #1384 ) ;
#452 = ADVANCED_FACE ( 'NONE', ( #3351 ), #4132, .T. ) ;
#453 = AXIS2_PLACEMENT_3D ( 'NONE', #101, #856, #1755 ) ;
#454 = FACE_OUTER_BOUND ( 'NONE', #1956, .T. ) ;
#455 = LINE ( 'NONE', #2430, #5197 ) ;
#456 = ORIENTED_EDGE ( 'NONE', *, *, #3197, .F. ) ;
#457 = ORIENTED_EDGE ( 'NONE', *, *, #1430, .F. ) ;
#458 = DIRECTION ( 'NONE',  ( 0.9934479228979270493, -0.000000000000000000, 0.1142857142857092445 ) ) ;
#459 = VECTOR ( 'NONE', #4390, 1000.000000000000000 ) ;
#460 = ORIENTED_EDGE ( 'NONE', *, *, #3176, .F. ) ;
#461 = EDGE_CURVE ( 'NONE', #5046, #4103, #5796, .T. ) ;
#462 = CYLINDRICAL_SURFACE ( 'NONE', #5907, 0.5000000000000004441 ) ;
#463 = EDGE_LOOP ( 'NONE', ( #712, #1849, #5052, #3163 ) ) ;
#464 = TOROIDAL_SURFACE ( 'NONE', #5217, 1.000000000000000000, 0.5000000000000000000 ) ;
#465 = EDGE_LOOP ( 'NONE', ( #1180, #5685, #296, #2977 ) ) ;
#466 = DIRECTION ( 'NONE',  ( 3.491481338843134144E-15, -0.000000000000000000, 1.000000000000000000 ) ) ;
#467 = ORIENTED_EDGE ( 'NONE', *, *, #1151, .F. ) ;
#468 = DIRECTION ( 'NONE',  ( 0.000000000000000000, 0.000000000000000000, 1.000000000000000000 ) ) ;
#469 = CARTESIAN_POINT ( 'NONE',  ( -17.38533865071368822, 2.500000000000000444, 2.000000000000181188 ) ) ;
#470 = DIRECTION ( 'NONE',  ( 1.000000000000000000, 0.000000000000000000, 0.000000000000000000 ) ) ;
#471 = DIRECTION ( 'NONE',  ( 0.000000000000000000, 0.000000000000000000, 1.000000000000000000 ) ) ;
#472 = ORIENTED_EDGE ( 'NONE', *, *, #4224, .T. ) ;
#473 = AXIS2_PLACEMENT_3D ( 'NONE', #743, #5166, #2187 ) ;
#474 = CARTESIAN_POINT ( 'NONE',  ( 13.00039763433075279, -2.500000000000000444, -11.58618407195774225 ) ) ;
#475 = DIRECTION ( 'NONE',  ( -0.000000000000000000, -1.000000000000000000, -0.000000000000000000 ) ) ;
#476 = AXIS2_PLACEMENT_3D ( 'NONE', #5586, #255, #1154 ) ;
#477 = DIRECTION ( 'NONE',  ( -0.8614298921780945140, -0.000000000000000000, 0.5078765015848207831 ) ) ;
#478 = CARTESIAN_POINT ( 'NONE',  ( 7.745966692414825161, -2.499999999999999556, -2.000000000000026201 ) ) ;
#479 = CARTESIAN_POINT ( 'NONE',  ( 13.70750441551736287, -2.500000000000000444, 10.87907729077112862 ) ) ;
#480 = DIRECTION ( 'NONE',  ( 0.000000000000000000, 0.000000000000000000, 1.000000000000000000 ) ) ;
#481 = ORIENTED_EDGE ( 'NONE', *, *, #2221, .F. ) ;
#482 = ADVANCED_FACE ( 'NONE', ( #832 ), #5024, .T. ) ;
#483 = ORIENTED_EDGE ( 'NONE', *, *, #921, .T. ) ;
#484 = DIRECTION ( 'NONE',  ( 0.5078765015848134556, 0.000000000000000000, -0.8614298921780988438 ) ) ;
#485 = DIRECTION ( 'NONE',  ( 0.000000000000000000, 0.000000000000000000, 1.000000000000000000 ) ) ;
#486 = ORIENTED_EDGE ( 'NONE', *, *, #3881, .F. ) ;
#487 = VERTEX_POINT ( 'NONE', #2775 ) ;
#488 = EDGE_CURVE ( 'NONE', #3608, #3339, #5246, .T. ) ;
#489 = DIRECTION ( 'NONE',  ( 0.000000000000000000, 0.000000000000000000, 1.000000000000000000 ) ) ;
#490 = EDGE_LOOP ( 'NONE', ( #4011, #2268, #2954, #3747 ) ) ;
#491 = ORIENTED_EDGE ( 'NONE', *, *, #2578, .F. ) ;
#492 = VERTEX_POINT ( 'NONE', #867 ) ;
#493 = DIRECTION ( 'NONE',  ( 0.000000000000000000, 0.000000000000000000, 1.000000000000000000 ) ) ;
#494 = EDGE_CURVE ( 'NONE', #2981, #34, #281, .T. ) ;
#495 = ORIENTED_EDGE ( 'NONE', *, *, #516, .F. ) ;
#496 = DIRECTION ( 'NONE',  ( 0.000000000000000000, 0.000000000000000000, 1.000000000000000000 ) ) ;
#497 = DIRECTION ( 'NONE',  ( 0.7071067811865536790, -0.000000000000000000, 0.7071067811865414665 ) ) ;
#498 = FACE_OUTER_BOUND ( 'NONE', #2697, .T. ) ;
#499 = ORIENTED_EDGE ( 'NONE', *, *, #997, .T. ) ;
#500 = DIRECTION ( 'NONE',  ( 0.000000000000000000, 1.000000000000000000, 0.000000000000000000 ) ) ;
#501 = AXIS2_PLACEMENT_3D ( 'NONE', #3971, #2051, #1019 ) ;
#502 = DIRECTION ( 'NONE',  ( -0.000000000000000000, -1.000000000000000000, -0.000000000000000000 ) ) ;
#503 = FACE_OUTER_BOUND ( 'NONE', #5407, .T. ) ;
#504 = CARTESIAN_POINT ( 'NONE',  ( 0.9999999999999085176, 2.500000000000000000, -17.38533865071371309 ) ) ;
#505 = ORIENTED_EDGE ( 'NONE', *, *, #2813, .T. ) ;
#506 = ORIENTED_EDGE ( 'NONE', *, *, #2245, .F. ) ;
#507 = CIRCLE ( 'NONE', #1751, 0.4999999999999997224 ) ;
#508 = DIRECTION ( 'NONE',  ( -1.000000000000000000, -0.000000000000000000, 0.000000000000000000 ) ) ;
#509 = EDGE_CURVE ( 'NONE', #746, #5967, #3579, .T. ) ;
#510 = DIRECTION ( 'NONE',  ( 0.7832859666009943655, 0.000000000000000000, 0.6216615594726331295 ) ) ;
#511 = ORIENTED_EDGE ( 'NONE', *, *, #4427, .T. ) ;
#512 = ORIENTED_EDGE ( 'NONE', *, *, #4087, .T. ) ;
#513 = DIRECTION ( 'NONE',  ( -0.7071067811865475727, 0.000000000000000000, -0.7071067811865475727 ) ) ;
#514 = ADVANCED_FACE ( 'NONE', ( #309 ), #4247, .T. ) ;
#515 = ORIENTED_EDGE ( 'NONE', *, *, #152, .T. ) ;
#516 = EDGE_CURVE ( 'NONE', #192, #5095, #586, .T. ) ;
#517 = CARTESIAN_POINT ( 'NONE',  ( 1.000000000000000000, 3.000000000000000000, 7.348469228349534532 ) ) ;
#518 = ORIENTED_EDGE ( 'NONE', *, *, #2426, .T. ) ;
#519 = ORIENTED_EDGE ( 'NONE', *, *, #690, .F. ) ;
#520 = ADVANCED_FACE ( 'NONE', ( #3897 ), #6384, .T. ) ;
#521 = CARTESIAN_POINT ( 'NONE',  ( -6.460724191335743605, -2.500000000000000444, -3.809073761886099696 ) ) ;
#522 = EDGE_LOOP ( 'NONE', ( #1877, #3791, #395, #2727, #1291 ) ) ;
#523 = DIRECTION ( 'NONE',  ( -1.000000000000000000, 0.000000000000000000, 5.204170427930421283E-15 ) ) ;
#524 = AXIS2_PLACEMENT_3D ( 'NONE', #1376, #5235, #3284 ) ;
#525 = EDGE_CURVE ( 'NONE', #4941, #4141, #6352, .T. ) ;
#526 = DIRECTION ( 'NONE',  ( -0.000000000000000000, -1.000000000000000000, -0.000000000000000000 ) ) ;
#527 = CARTESIAN_POINT ( 'NONE',  ( 4.135492250926811941, 2.500000000000000000, 6.256812594486453882 ) ) ;
#528 = EDGE_CURVE ( 'NONE', #2777, #826, #1725, .T. ) ;
#529 = AXIS2_PLACEMENT_3D ( 'NONE', #2854, #1871, #1354 ) ;
#530 = AXIS2_PLACEMENT_3D ( 'NONE', #3234, #1039, #2654 ) ;
#531 = ORIENTED_EDGE ( 'NONE', *, *, #3929, .F. ) ;
#532 =( NAMED_UNIT ( * ) SI_UNIT ( $, .STERADIAN. ) SOLID_ANGLE_UNIT ( ) );
#533 = DIRECTION ( 'NONE',  ( 0.000000000000000000, 0.000000000000000000, 1.000000000000000000 ) ) ;
#534 = CIRCLE ( 'NONE', #5700, 7.500000000000000888 ) ;
#535 = CARTESIAN_POINT ( 'NONE',  ( 3.555135511093746370, -2.500000000000000444, 6.030009245246662708 ) ) ;
#536 = FACE_OUTER_BOUND ( 'NONE', #3172, .T. ) ;
#537 = CARTESIAN_POINT ( 'NONE',  ( 13.00039763433081497, -2.500000000000000000, 11.58618407195767830 ) ) ;
#538 = ORIENTED_EDGE ( 'NONE', *, *, #4360, .F. ) ;
#539 = AXIS2_PLACEMENT_3D ( 'NONE', #4442, #1457, #39 ) ;
#540 = AXIS2_PLACEMENT_3D ( 'NONE', #5181, #4797, #724 ) ;
#541 = EDGE_LOOP ( 'NONE', ( #5915, #4607, #375, #1392 ) ) ;
#542 = CIRCLE ( 'NONE', #3848, 1.000000000000000000 ) ;
#543 = DIRECTION ( 'NONE',  ( 0.000000000000000000, 1.000000000000000000, 0.000000000000000000 ) ) ;
#544 = CIRCLE ( 'NONE', #4155, 0.4999999999999995559 ) ;
#545 = AXIS2_PLACEMENT_3D ( 'NONE', #2099, #1128, #5042 ) ;
#546 = FACE_OUTER_BOUND ( 'NONE', #583, .T. ) ;
#547 = ORIENTED_EDGE ( 'NONE', *, *, #6220, .T. ) ;
#548 = CIRCLE ( 'NONE', #5202, 0.5000000000000004441 ) ;
#549 = ORIENTED_EDGE ( 'NONE', *, *, #2872, .T. ) ;
#550 = CYLINDRICAL_SURFACE ( 'NONE', #4259, 0.5000000000000006661 ) ;
#551 = AXIS2_PLACEMENT_3D ( 'NONE', #4509, #3923, #3960 ) ;
#552 = CIRCLE ( 'NONE', #6127, 0.5000000000000000000 ) ;
#553 = CIRCLE ( 'NONE', #1380, 1.000000000000000888 ) ;
#554 = ORIENTED_EDGE ( 'NONE', *, *, #3969, .F. ) ;
#555 = DIRECTION ( 'NONE',  ( -0.000000000000000000, -1.000000000000000000, -0.000000000000000000 ) ) ;
#556 = ORIENTED_EDGE ( 'NONE', *, *, #3334, .T. ) ;
#557 = CIRCLE ( 'NONE', #1691, 0.5000000000000000000 ) ;
#558 = ORIENTED_EDGE ( 'NONE', *, *, #1573, .T. ) ;
#559 = AXIS2_PLACEMENT_3D ( 'NONE', #369, #2693, #4658 ) ;
#560 = DIRECTION ( 'NONE',  ( 0.000000000000000000, 1.000000000000000000, 0.000000000000000000 ) ) ;
#561 = ORIENTED_EDGE ( 'NONE', *, *, #1264, .T. ) ;
#562 = CYLINDRICAL_SURFACE ( 'NONE', #4890, 0.5000000000000000000 ) ;
#563 = ADVANCED_FACE ( 'NONE', ( #5900 ), #4719, .T. ) ;
#564 = CARTESIAN_POINT ( 'NONE',  ( -13.74431106574574812, -2.500000000000000444, -11.62299072218588414 ) ) ;
#565 = ORIENTED_EDGE ( 'NONE', *, *, #5366, .T. ) ;
#566 = DIRECTION ( 'NONE',  ( -0.7071067811865492381, 0.000000000000000000, -0.7071067811865457964 ) ) ;
#567 = ADVANCED_FACE ( 'NONE', ( #498 ), #2553, .T. ) ;
#568 = CARTESIAN_POINT ( 'NONE',  ( -1.500000000000000000, -2.500000000000000444, -17.38533865071370954 ) ) ;
#569 = CIRCLE ( 'NONE', #2220, 0.9999999999999991118 ) ;
#570 = DIRECTION ( 'NONE',  ( -1.000000000000000000, 0.000000000000000000, 0.000000000000000000 ) ) ;
#571 = CARTESIAN_POINT ( 'NONE',  ( 7.261843774138910135, 3.001000000000000334, 1.874999999999987343 ) ) ;
#572 = AXIS2_PLACEMENT_3D ( 'NONE', #414, #4781, #2327 ) ;
#573 = AXIS2_PLACEMENT_3D ( 'NONE', #3173, #5667, #1229 ) ;
#574 = DIRECTION ( 'NONE',  ( 0.7071067811865389130, -0.000000000000000000, -0.7071067811865562325 ) ) ;
#575 = ORIENTED_EDGE ( 'NONE', *, *, #2779, .F. ) ;
#576 = ADVANCED_FACE ( 'NONE', ( #2475 ), #5966, .F. ) ;
#577 = AXIS2_PLACEMENT_3D ( 'NONE', #4782, #359, #5369 ) ;
#578 = ORIENTED_EDGE ( 'NONE', *, *, #6169, .T. ) ;
#579 = AXIS2_PLACEMENT_3D ( 'NONE', #4089, #701, #670 ) ;
#580 = DIRECTION ( 'NONE',  ( 0.000000000000000000, 0.000000000000000000, -1.000000000000000000 ) ) ;
#581 = DIRECTION ( 'NONE',  ( 0.5078765015848208941, 0.000000000000000000, 0.8614298921780944029 ) ) ;
#582 = VERTEX_POINT ( 'NONE', #4415 ) ;
#583 = EDGE_LOOP ( 'NONE', ( #6193, #720, #5005, #2844 ) ) ;
#584 = EDGE_CURVE ( 'NONE', #5827, #4533, #6163, .T. ) ;
#585 = CARTESIAN_POINT ( 'NONE',  ( -11.50073885024361253, 3.000000000000000000, 14.49079038211847603 ) ) ;
#586 = CIRCLE ( 'NONE', #1932, 18.50000000000000355 ) ;
#587 = VERTEX_POINT ( 'NONE', #2414 ) ;
#588 = CARTESIAN_POINT ( 'NONE',  ( 1.999999999999999112, 3.000000000000000000, 18.38533865071370954 ) ) ;
#589 = DIRECTION ( 'NONE',  ( 0.000000000000000000, 0.000000000000000000, -1.000000000000000000 ) ) ;
#590 = ORIENTED_EDGE ( 'NONE', *, *, #5226, .F. ) ;
#591 = DIRECTION ( 'NONE',  ( 0.000000000000000000, 1.000000000000000000, 0.000000000000000000 ) ) ;
#592 = VERTEX_POINT ( 'NONE', #1927 ) ;
#593 = FACE_OUTER_BOUND ( 'NONE', #4401, .T. ) ;
#594 = EDGE_CURVE ( 'NONE', #3286, #2559, #43, .T. ) ;
#595 = EDGE_LOOP ( 'NONE', ( #5835, #19, #515, #6155 ) ) ;
#596 = CARTESIAN_POINT ( 'NONE',  ( -11.62299072218583440, 3.001000000000000334, 13.74431106574578720 ) ) ;
#597 = CARTESIAN_POINT ( 'NONE',  ( -1.999999999999788836, 3.000000000000000000, 17.38533865071373441 ) ) ;
#598 = EDGE_CURVE ( 'NONE', #3819, #2230, #3992, .T. ) ;
#599 = CARTESIAN_POINT ( 'NONE',  ( 11.62299072218593210, 3.001000000000000334, -13.74431106574570727 ) ) ;
#600 = CARTESIAN_POINT ( 'NONE',  ( -6.777720855862995997, 3.000000000000000000, -1.749999999999940936 ) ) ;
#601 = ADVANCED_FACE ( 'NONE', ( #5451 ), #412, .T. ) ;
#602 = CARTESIAN_POINT ( 'NONE',  ( -11.50073885024361253, -3.000000000000000000, 14.49079038211847603 ) ) ;
#603 = DIRECTION ( 'NONE',  ( 0.000000000000000000, 1.000000000000000000, 0.000000000000000000 ) ) ;
#604 = ORIENTED_EDGE ( 'NONE', *, *, #4434, .F. ) ;
#605 = DIRECTION ( 'NONE',  ( 0.000000000000000000, 0.000000000000000000, 1.000000000000000000 ) ) ;
#606 = ADVANCED_FACE ( 'NONE', ( #1165 ), #5987, .T. ) ;
#607 = CARTESIAN_POINT ( 'NONE',  ( -4.063012012678565377, 3.000000000000000000, -5.891439137424754335 ) ) ;
#608 = ORIENTED_EDGE ( 'NONE', *, *, #4954, .F. ) ;
#609 = ORIENTED_EDGE ( 'NONE', *, *, #3963, .T. ) ;
#610 = DIRECTION ( 'NONE',  ( 0.000000000000000000, 0.000000000000000000, 1.000000000000000000 ) ) ;
#611 = CIRCLE ( 'NONE', #2575, 1.000000000000000000 ) ;
#612 = VERTEX_POINT ( 'NONE', #2134 ) ;
#613 = EDGE_CURVE ( 'NONE', #86, #1791, #4330, .T. ) ;
#614 = CARTESIAN_POINT ( 'NONE',  ( 7.348469228349537197, 2.500000000000000000, 1.499999999999987566 ) ) ;
#615 = CARTESIAN_POINT ( 'NONE',  ( 0.000000000000000000, -2.500000000000000444, 0.000000000000000000 ) ) ;
#616 = AXIS2_PLACEMENT_3D ( 'NONE', #4316, #802, #1278 ) ;
#617 = ORIENTED_EDGE ( 'NONE', *, *, #422, .F. ) ;
#618 = DIRECTION ( 'NONE',  ( 1.734723475976808672E-15, 0.000000000000000000, 1.000000000000000000 ) ) ;
#619 = ORIENTED_EDGE ( 'NONE', *, *, #4807, .F. ) ;
#620 = DIRECTION ( 'NONE',  ( 0.000000000000000000, 1.000000000000000000, 0.000000000000000000 ) ) ;
#621 = CARTESIAN_POINT ( 'NONE',  ( 6.777720855862974680, -3.000000000000000000, -1.750000000000023537 ) ) ;
#622 = VERTEX_POINT ( 'NONE', #951 ) ;
#623 = DIRECTION ( 'NONE',  ( -0.7071067811865389130, 0.000000000000000000, 0.7071067811865561215 ) ) ;
#624 = CARTESIAN_POINT ( 'NONE',  ( 1.749999999999964251, -2.500000000000000444, -6.777720855862989779 ) ) ;
#625 = EDGE_CURVE ( 'NONE', #5289, #2368, #4101, .T. ) ;
#626 = CYLINDRICAL_SURFACE ( 'NONE', #3196, 0.5000000000000004441 ) ;
#627 = DIRECTION ( 'NONE',  ( -0.6216615594726369043, 0.000000000000000000, -0.7832859666009912569 ) ) ;
#628 = VERTEX_POINT ( 'NONE', #1643 ) ;
#629 = CIRCLE ( 'NONE', #5803, 2.499999999999998668 ) ;
#630 = CARTESIAN_POINT ( 'NONE',  ( 13.70750441551736287, -2.499999999999999556, 10.87907729077112862 ) ) ;
#631 = EDGE_CURVE ( 'NONE', #756, #3227, #5594, .T. ) ;
#632 = LINE ( 'NONE', #6039, #783 ) ;
#633 = AXIS2_PLACEMENT_3D ( 'NONE', #5779, #4350, #2383 ) ;
#634 = EDGE_CURVE ( 'NONE', #1570, #1825, #5214, .T. ) ;
#635 = CIRCLE ( 'NONE', #1876, 20.00000000000000355 ) ;
#636 = ADVANCED_FACE ( 'NONE', ( #4230 ), #5675, .T. ) ;
#637 = ORIENTED_EDGE ( 'NONE', *, *, #1806, .F. ) ;
#638 = CARTESIAN_POINT ( 'NONE',  ( 1.047444401652940164E-14, 2.500000000000000000, 1.000000000000000000 ) ) ;
#639 = DIRECTION ( 'NONE',  ( -0.7071067811865475727, 0.000000000000000000, 0.7071067811865475727 ) ) ;
#640 = CARTESIAN_POINT ( 'NONE',  ( 0.000000000000000000, -0.5000000000000000000, 22.50000000000000355 ) ) ;
#641 = ORIENTED_EDGE ( 'NONE', *, *, #5897, .T. ) ;
#642 = CIRCLE ( 'NONE', #230, 1.000000000000000000 ) ;
#643 = ORIENTED_EDGE ( 'NONE', *, *, #4107, .T. ) ;
#644 = CARTESIAN_POINT ( 'NONE',  ( 0.000000000000000000, 3.000000000000000000, 0.000000000000000000 ) ) ;
#645 = AXIS2_PLACEMENT_3D ( 'NONE', #4428, #3978, #1543 ) ;
#646 = EDGE_CURVE ( 'NONE', #3366, #2468, #2761, .T. ) ;
#647 = CIRCLE ( 'NONE', #4783, 1.000000000000000888 ) ;
#648 = CIRCLE ( 'NONE', #1470, 0.5000000000000000000 ) ;
#649 = DIRECTION ( 'NONE',  ( 1.224646799147354193E-16, 0.000000000000000000, -1.000000000000000000 ) ) ;
#650 = CARTESIAN_POINT ( 'NONE',  ( -1.999999999999905409, 2.500000000000000000, 7.745966692414857135 ) ) ;
#651 = LINE ( 'NONE', #614, #4455 ) ;
#652 = ORIENTED_EDGE ( 'NONE', *, *, #5100, .T. ) ;
#653 = ORIENTED_EDGE ( 'NONE', *, *, #120, .F. ) ;
#654 = CARTESIAN_POINT ( 'NONE',  ( 6.777720855862974680, -2.500000000000000000, -1.750000000000023537 ) ) ;
#655 = ORIENTED_EDGE ( 'NONE', *, *, #1106, .F. ) ;
#656 = TOROIDAL_SURFACE ( 'NONE', #1475, 1.000000000000000000, 0.5000000000000000000 ) ;
#657 = AXIS2_PLACEMENT_3D ( 'NONE', #2176, #3571, #5055 ) ;
#658 = CARTESIAN_POINT ( 'NONE',  ( 17.38533865071370599, -2.500000000000000444, -1.500000000000060840 ) ) ;
#659 = AXIS2_PLACEMENT_3D ( 'NONE', #282, #4117, #4189 ) ;
#660 = EDGE_CURVE ( 'NONE', #6091, #5261, #2372, .T. ) ;
#661 = AXIS2_PLACEMENT_3D ( 'NONE', #2633, #1623, #172 ) ;
#662 = AXIS2_PLACEMENT_3D ( 'NONE', #1724, #1232, #5222 ) ;
#663 = ORIENTED_EDGE ( 'NONE', *, *, #2235, .T. ) ;
#664 = CARTESIAN_POINT ( 'NONE',  ( 0.000000000000000000, -3.000000000000000000, 0.000000000000000000 ) ) ;
#665 = ADVANCED_FACE ( 'NONE', ( #263 ), #3193, .T. ) ;
#666 = CARTESIAN_POINT ( 'NONE',  ( 0.7071067811865457964, -3.000000000000000000, -0.7071067811865481278 ) ) ;
#667 = AXIS2_PLACEMENT_3D ( 'NONE', #1736, #114, #4157 ) ;
#668 = VERTEX_POINT ( 'NONE', #2788 ) ;
#669 = CARTESIAN_POINT ( 'NONE',  ( 6.537885746831465283, -2.500000000000000444, -4.416565403271862422 ) ) ;
#670 = DIRECTION ( 'NONE',  ( 0.000000000000000000, 0.000000000000000000, -1.000000000000000000 ) ) ;
#671 = ORIENTED_EDGE ( 'NONE', *, *, #1077, .T. ) ;
#672 = DIRECTION ( 'NONE',  ( 0.000000000000000000, 0.000000000000000000, 1.000000000000000000 ) ) ;
#673 = AXIS2_PLACEMENT_3D ( 'NONE', #2863, #3344, #3467 ) ;
#674 = FACE_OUTER_BOUND ( 'NONE', #2289, .T. ) ;
#675 = VERTEX_POINT ( 'NONE', #717 ) ;
#676 = CIRCLE ( 'NONE', #5009, 0.9999999999999991118 ) ;
#677 = CARTESIAN_POINT ( 'NONE',  ( -1.499999999999910294, 2.500000000000000000, 7.348469228349554072 ) ) ;
#678 = DIRECTION ( 'NONE',  ( -0.6216615594726433436, -0.000000000000000000, -0.7832859666009863719 ) ) ;
#679 = CARTESIAN_POINT ( 'NONE',  ( 1.999999999999908518, 3.001000000000000334, -17.88533865071372020 ) ) ;
#680 = ORIENTED_EDGE ( 'NONE', *, *, #3416, .T. ) ;
#681 = ADVANCED_FACE ( 'NONE', ( #4754 ), #6210, .T. ) ;
#682 = VERTEX_POINT ( 'NONE', #3753 ) ;
#683 = CIRCLE ( 'NONE', #3361, 7.000000000000000888 ) ;
#684 = DIRECTION ( 'NONE',  ( 0.000000000000000000, 0.000000000000000000, 1.000000000000000000 ) ) ;
#685 = CARTESIAN_POINT ( 'NONE',  ( 4.063012012678529850, -2.500000000000000444, -6.891439137424775652 ) ) ;
#686 = CIRCLE ( 'NONE', #476, 0.5000000000000006661 ) ;
#687 = CYLINDRICAL_SURFACE ( 'NONE', #775, 0.4999999999999998890 ) ;
#688 = CARTESIAN_POINT ( 'NONE',  ( 1.999999999999958922, 3.001000000000000334, -7.745966692414842925 ) ) ;
#689 = DIRECTION ( 'NONE',  ( 0.000000000000000000, 1.000000000000000000, 0.000000000000000000 ) ) ;
#690 = EDGE_CURVE ( 'NONE', #756, #3819, #3814, .T. ) ;
#691 = ORIENTED_EDGE ( 'NONE', *, *, #1862, .F. ) ;
#692 = LINE ( 'NONE', #3143, #5636 ) ;
#693 = EDGE_LOOP ( 'NONE', ( #3494, #1948, #2253, #5640, #1978, #1941, #155, #2533 ) ) ;
#694 = DIRECTION ( 'NONE',  ( 8.881784197001252323E-16, 0.000000000000000000, 1.000000000000000000 ) ) ;
#695 = CARTESIAN_POINT ( 'NONE',  ( -10.87907729077115171, -2.500000000000000444, -13.70750441551733800 ) ) ;
#696 = EDGE_CURVE ( 'NONE', #3392, #4175, #1851, .T. ) ;
#697 = EDGE_LOOP ( 'NONE', ( #5245, #1578, #3792, #2477 ) ) ;
#698 = CARTESIAN_POINT ( 'NONE',  ( 1.999999999999999112, -3.000000000000000000, 7.745966692414832266 ) ) ;
#699 = DIRECTION ( 'NONE',  ( -0.000000000000000000, -1.000000000000000000, -0.000000000000000000 ) ) ;
#700 = FACE_OUTER_BOUND ( 'NONE', #4921, .T. ) ;
#701 = DIRECTION ( 'NONE',  ( -0.000000000000000000, -1.000000000000000000, -0.000000000000000000 ) ) ;
#702 = EDGE_CURVE ( 'NONE', #4208, #1423, #2682, .T. ) ;
#703 = DIRECTION ( 'NONE',  ( 0.7071067811865415775, 0.000000000000000000, -0.7071067811865536790 ) ) ;
#704 = VERTEX_POINT ( 'NONE', #6149 ) ;
#705 = CARTESIAN_POINT ( 'NONE',  ( 13.70750441551730425, 3.000000000000000000, -10.87907729077119789 ) ) ;
#706 = VERTEX_POINT ( 'NONE', #4129 ) ;
#707 = CARTESIAN_POINT ( 'NONE',  ( 0.000000000000000000, -2.500000000000000444, 0.000000000000000000 ) ) ;
#708 = DIRECTION ( 'NONE',  ( -0.7071067811865554553, 0.000000000000000000, -0.7071067811865398012 ) ) ;
#709 = ORIENTED_EDGE ( 'NONE', *, *, #837, .T. ) ;
#710 = DIRECTION ( 'NONE',  ( -0.000000000000000000, -1.000000000000000000, -0.000000000000000000 ) ) ;
#711 = ORIENTED_EDGE ( 'NONE', *, *, #5573, .F. ) ;
#712 = ORIENTED_EDGE ( 'NONE', *, *, #3364, .F. ) ;
#713 = DIRECTION ( 'NONE',  ( 0.000000000000000000, 0.000000000000000000, -1.000000000000000000 ) ) ;
#714 = ADVANCED_FACE ( 'NONE', ( #2656 ), #146, .T. ) ;
#715 = CIRCLE ( 'NONE', #4013, 0.5000000000000000000 ) ;
#716 = CARTESIAN_POINT ( 'NONE',  ( 6.777720855862982674, -2.500000000000000444, 1.749999999999988010 ) ) ;
#717 = CARTESIAN_POINT ( 'NONE',  ( -11.18990807050730041, 2.500000000000000000, 14.09914739881797630 ) ) ;
#718 = DIRECTION ( 'NONE',  ( 0.000000000000000000, 0.000000000000000000, 1.000000000000000000 ) ) ;
#719 = ORIENTED_EDGE ( 'NONE', *, *, #3958, .T. ) ;
#720 = ORIENTED_EDGE ( 'NONE', *, *, #726, .F. ) ;
#721 = CARTESIAN_POINT ( 'NONE',  ( 0.9999999999999588107, -2.500000000000000000, -7.745966692414838484 ) ) ;
#722 = ORIENTED_EDGE ( 'NONE', *, *, #5465, .F. ) ;
#723 = ADVANCED_FACE ( 'NONE', ( #5662 ), #1257, .F. ) ;
#724 = DIRECTION ( 'NONE',  ( 0.000000000000000000, 0.000000000000000000, -1.000000000000000000 ) ) ;
#725 = VECTOR ( 'NONE', #6, 1000.000000000000000 ) ;
#726 = EDGE_CURVE ( 'NONE', #4720, #1093, #3552, .T. ) ;
#727 = AXIS2_PLACEMENT_3D ( 'NONE', #2703, #5158, #1698 ) ;
#728 = DIRECTION ( 'NONE',  ( 0.000000000000000000, 0.000000000000000000, 1.000000000000000000 ) ) ;
#729 = ADVANCED_FACE ( 'NONE', ( #751 ), #687, .T. ) ;
#730 = ORIENTED_EDGE ( 'NONE', *, *, #3479, .F. ) ;
#731 = CARTESIAN_POINT ( 'NONE',  ( -17.88206261216265602, 2.500000000000000000, 2.057142857143044345 ) ) ;
#732 = FACE_OUTER_BOUND ( 'NONE', #169, .T. ) ;
#733 = ADVANCED_FACE ( 'NONE', ( #3199 ), #2725, .F. ) ;
#734 = EDGE_CURVE ( 'NONE', #1570, #5247, #5523, .T. ) ;
#735 = CARTESIAN_POINT ( 'NONE',  ( 13.70750441551730425, 3.001000000000000334, -10.87907729077119789 ) ) ;
#736 = DIRECTION ( 'NONE',  ( 0.000000000000000000, 1.000000000000000000, 0.000000000000000000 ) ) ;
#737 = FACE_OUTER_BOUND ( 'NONE', #4525, .T. ) ;
#738 = ORIENTED_EDGE ( 'NONE', *, *, #3491, .T. ) ;
#739 = DIRECTION ( 'NONE',  ( 0.7832859666009912569, 0.000000000000000000, 0.6216615594726369043 ) ) ;
#740 = AXIS2_PLACEMENT_3D ( 'NONE', #2688, #2201, #2238 ) ;
#741 = AXIS2_PLACEMENT_3D ( 'NONE', #1214, #2670, #4836 ) ;
#742 = CARTESIAN_POINT ( 'NONE',  ( -11.58618407195769784, -3.000000000000000000, -13.00039763433079187 ) ) ;
#743 = CARTESIAN_POINT ( 'NONE',  ( 0.7071067811865486830, 2.500000000000000000, 0.7071067811865439090 ) ) ;
#744 = DIRECTION ( 'NONE',  ( 0.000000000000000000, 1.000000000000000000, 0.000000000000000000 ) ) ;
#745 = VERTEX_POINT ( 'NONE', #4820 ) ;
#746 = VERTEX_POINT ( 'NONE', #845 ) ;
#747 = AXIS2_PLACEMENT_3D ( 'NONE', #1424, #6308, #3492 ) ;
#748 = DIRECTION ( 'NONE',  ( -0.000000000000000000, -1.000000000000000000, -0.000000000000000000 ) ) ;
#749 = DIRECTION ( 'NONE',  ( -0.2499999999999984734, -1.377117319837278920E-17, 0.9682458365518548105 ) ) ;
#750 = AXIS2_PLACEMENT_3D ( 'NONE', #4283, #5290, #1853 ) ;
#751 = FACE_OUTER_BOUND ( 'NONE', #329, .T. ) ;
#752 = DIRECTION ( 'NONE',  ( 0.000000000000000000, 1.000000000000000000, 0.000000000000000000 ) ) ;
#753 = ORIENTED_EDGE ( 'NONE', *, *, #2022, .T. ) ;
#754 = EDGE_LOOP ( 'NONE', ( #1772, #2832, #4358, #3301 ) ) ;
#755 = DIRECTION ( 'NONE',  ( 0.000000000000000000, 0.000000000000000000, 1.000000000000000000 ) ) ;
#756 = VERTEX_POINT ( 'NONE', #4912 ) ;
#757 = CARTESIAN_POINT ( 'NONE',  ( 11.58618407195769784, -3.000000000000000000, 13.00039763433079187 ) ) ;
#758 = AXIS2_PLACEMENT_3D ( 'NONE', #3433, #4983, #468 ) ;
#759 = AXIS2_PLACEMENT_3D ( 'NONE', #5726, #5659, #1675 ) ;
#760 = AXIS2_PLACEMENT_3D ( 'NONE', #1967, #1610, #5981 ) ;
#761 = FACE_OUTER_BOUND ( 'NONE', #6233, .T. ) ;
#762 = AXIS2_PLACEMENT_3D ( 'NONE', #2451, #3443, #1959 ) ;
#763 = AXIS2_PLACEMENT_3D ( 'NONE', #504, #3998, #4452 ) ;
#764 = ADVANCED_FACE ( 'NONE', ( #4398 ), #464, .T. ) ;
#765 = ORIENTED_EDGE ( 'NONE', *, *, #5701, .F. ) ;
#766 = FACE_OUTER_BOUND ( 'NONE', #1080, .T. ) ;
#767 = CARTESIAN_POINT ( 'NONE',  ( 1.749999999999964251, 3.000000000000000000, -6.777720855862989779 ) ) ;
#768 = CIRCLE ( 'NONE', #2100, 18.00000000000000355 ) ;
#769 = CARTESIAN_POINT ( 'NONE',  ( 13.70750441551736287, -2.500000000000000444, 10.87907729077112862 ) ) ;
#770 = FACE_OUTER_BOUND ( 'NONE', #423, .T. ) ;
#771 = CARTESIAN_POINT ( 'NONE',  ( -7.745966692414844701, -2.999999999999998224, -1.499999999999932276 ) ) ;
#772 = EDGE_CURVE ( 'NONE', #4920, #4393, #5349, .T. ) ;
#773 = ORIENTED_EDGE ( 'NONE', *, *, #2054, .F. ) ;
#774 = DIRECTION ( 'NONE',  ( 0.000000000000000000, 0.000000000000000000, 1.000000000000000000 ) ) ;
#775 = AXIS2_PLACEMENT_3D ( 'NONE', #4617, #1225, #5143 ) ;
#776 = CARTESIAN_POINT ( 'NONE',  ( 0.000000000000000000, 3.000000000000000000, 0.000000000000000000 ) ) ;
#777 = LINE ( 'NONE', #3643, #1706 ) ;
#778 = DIRECTION ( 'NONE',  ( -0.000000000000000000, -1.000000000000000000, -0.000000000000000000 ) ) ;
#779 = VERTEX_POINT ( 'NONE', #2362 ) ;
#780 = EDGE_CURVE ( 'NONE', #4116, #1868, #2739, .T. ) ;
#781 = ORIENTED_EDGE ( 'NONE', *, *, #807, .T. ) ;
#782 = DIRECTION ( 'NONE',  ( 0.000000000000000000, 0.000000000000000000, -1.000000000000000000 ) ) ;
#783 = VECTOR ( 'NONE', #1605, 1000.000000000000000 ) ;
#784 = FACE_OUTER_BOUND ( 'NONE', #2641, .T. ) ;
#785 = CARTESIAN_POINT ( 'NONE',  ( 11.62299072218593210, -2.500000000000000444, -13.74431106574570727 ) ) ;
#786 = CARTESIAN_POINT ( 'NONE',  ( 7.745966692414834931, 2.500000000000000000, 1.499999999999986899 ) ) ;
#787 = ORIENTED_EDGE ( 'NONE', *, *, #1639, .F. ) ;
#788 = CIRCLE ( 'NONE', #5845, 0.5000000000000004441 ) ;
#789 = AXIS2_PLACEMENT_3D ( 'NONE', #3658, #5147, #4235 ) ;
#790 = ORIENTED_EDGE ( 'NONE', *, *, #4623, .F. ) ;
#791 = CARTESIAN_POINT ( 'NONE',  ( -17.93739111465208325, 2.500000000000000000, 1.500000000000187850 ) ) ;
#792 = ORIENTED_EDGE ( 'NONE', *, *, #2132, .T. ) ;
#793 = DIRECTION ( 'NONE',  ( 0.000000000000000000, 0.000000000000000000, 1.000000000000000000 ) ) ;
#794 = AXIS2_PLACEMENT_3D ( 'NONE', #1810, #3783, #1322 ) ;
#795 = CARTESIAN_POINT ( 'NONE',  ( -17.88206261216269155, 3.001000000000000334, -2.057142857142700620 ) ) ;
#796 = ORIENTED_EDGE ( 'NONE', *, *, #4600, .T. ) ;
#797 = ORIENTED_EDGE ( 'NONE', *, *, #328, .T. ) ;
#798 = CARTESIAN_POINT ( 'NONE',  ( 4.063012012678529850, -2.499999999999999556, -6.891439137424775652 ) ) ;
#799 = DIRECTION ( 'NONE',  ( -0.9934479228979278265, -0.000000000000000000, -0.1142857142857023889 ) ) ;
#800 = VECTOR ( 'NONE', #437, 1000.000000000000114 ) ;
#801 = EDGE_CURVE ( 'NONE', #4533, #4785, #4364, .T. ) ;
#802 = DIRECTION ( 'NONE',  ( 1.000000000000000000, 0.000000000000000000, -1.040834085586084414E-14 ) ) ;
#803 = DIRECTION ( 'NONE',  ( 1.000000000000000000, 0.000000000000000000, -1.047444401652940164E-14 ) ) ;
#804 = CARTESIAN_POINT ( 'NONE',  ( 0.000000000000000000, 3.000000000000000000, 0.000000000000000000 ) ) ;
#805 = VERTEX_POINT ( 'NONE', #1418 ) ;
#806 = CARTESIAN_POINT ( 'NONE',  ( 7.745966692414834043, -3.000000000000000000, 0.9999999999999867883 ) ) ;
#807 = EDGE_CURVE ( 'NONE', #4928, #207, #6345, .T. ) ;
#808 = ADVANCED_FACE ( 'NONE', ( #6336 ), #1591, .T. ) ;
#809 = CARTESIAN_POINT ( 'NONE',  ( 6.030009245246668925, -3.000000000000000000, 3.555135511093735268 ) ) ;
#810 = PLANE ( 'NONE',  #2642 ) ;
#811 = DIRECTION ( 'NONE',  ( -0.000000000000000000, -1.000000000000000000, -0.000000000000000000 ) ) ;
#812 = VERTEX_POINT ( 'NONE', #1355 ) ;
#813 = VERTEX_POINT ( 'NONE', #3391 ) ;
#814 = CARTESIAN_POINT ( 'NONE',  ( -6.891439137424789863, 2.500000000000000000, -4.063012012678504092 ) ) ;
#815 = ADVANCED_FACE ( 'NONE', ( #3419 ), #6037, .T. ) ;
#816 = CARTESIAN_POINT ( 'NONE',  ( -1.999999999999788836, -2.499999999999999556, 17.88533865071373441 ) ) ;
#817 = DIRECTION ( 'NONE',  ( -0.5078765015848101250, 0.000000000000000000, 0.8614298921781008422 ) ) ;
#818 = LINE ( 'NONE', #224, #1869 ) ;
#819 = ORIENTED_EDGE ( 'NONE', *, *, #6104, .T. ) ;
#820 = ORIENTED_EDGE ( 'NONE', *, *, #4357, .F. ) ;
#821 = CARTESIAN_POINT ( 'NONE',  ( 4.063012012678565377, 2.500000000000000444, 6.891439137424754335 ) ) ;
#822 = EDGE_LOOP ( 'NONE', ( #5258, #4167, #4802, #884 ) ) ;
#823 = CARTESIAN_POINT ( 'NONE',  ( -6.030009245246693794, 3.000000000000000000, -3.555135511093693079 ) ) ;
#824 = ORIENTED_EDGE ( 'NONE', *, *, #2255, .T. ) ;
#825 = CARTESIAN_POINT ( 'NONE',  ( 0.000000000000000000, 2.500000000000000000, 0.000000000000000000 ) ) ;
#826 = VERTEX_POINT ( 'NONE', #2820 ) ;
#827 = VERTEX_POINT ( 'NONE', #5406 ) ;
#828 = CARTESIAN_POINT ( 'NONE',  ( -7.745966692414821608, -3.000000000000000000, 1.000000000000081046 ) ) ;
#829 = FACE_OUTER_BOUND ( 'NONE', #62, .T. ) ;
#830 = CIRCLE ( 'NONE', #6196, 18.50000000000000355 ) ;
#831 = CARTESIAN_POINT ( 'NONE',  ( -17.38533865071370244, 2.500000000000000000, 1.000000000000181855 ) ) ;
#832 = FACE_OUTER_BOUND ( 'NONE', #5493, .T. ) ;
#833 = DIRECTION ( 'NONE',  ( -0.7071067811865561215, 0.000000000000000000, -0.7071067811865388020 ) ) ;
#834 = CIRCLE ( 'NONE', #2891, 0.5000000000000000000 ) ;
#835 = VERTEX_POINT ( 'NONE', #908 ) ;
#836 = CARTESIAN_POINT ( 'NONE',  ( 4.063012012678565377, -2.499999999999999556, 6.891439137424754335 ) ) ;
#837 = EDGE_CURVE ( 'NONE', #2981, #3628, #1285, .T. ) ;
#838 = CARTESIAN_POINT ( 'NONE',  ( 14.49079038211829662, -2.500000000000000000, -11.50073885024383991 ) ) ;
#839 = DIRECTION ( 'NONE',  ( 5.218048215738235740E-15, 0.000000000000000000, 1.000000000000000000 ) ) ;
#840 = FACE_OUTER_BOUND ( 'NONE', #5921, .T. ) ;
#841 = ORIENTED_EDGE ( 'NONE', *, *, #5519, .T. ) ;
#842 = EDGE_CURVE ( 'NONE', #1020, #5289, #3538, .T. ) ;
#843 = CYLINDRICAL_SURFACE ( 'NONE', #4982, 7.500000000000000888 ) ;
#844 = DIRECTION ( 'NONE',  ( 0.000000000000000000, 1.000000000000000000, 0.000000000000000000 ) ) ;
#845 = CARTESIAN_POINT ( 'NONE',  ( 13.35395102492402764, 2.500000000000000000, -11.23263068136447096 ) ) ;
#846 = CARTESIAN_POINT ( 'NONE',  ( 0.000000000000000000, 2.500000000000000000, 0.000000000000000000 ) ) ;
#847 = ORIENTED_EDGE ( 'NONE', *, *, #525, .T. ) ;
#848 = VECTOR ( 'NONE', #3653, 1000.000000000000000 ) ;
#849 = CIRCLE ( 'NONE', #3518, 0.5000000000000004441 ) ;
#850 = ORIENTED_EDGE ( 'NONE', *, *, #2319, .F. ) ;
#851 = DIRECTION ( 'NONE',  ( -0.000000000000000000, -1.000000000000000000, -0.000000000000000000 ) ) ;
#852 = EDGE_CURVE ( 'NONE', #5934, #3480, #542, .T. ) ;
#853 = CARTESIAN_POINT ( 'NONE',  ( 1.499999999999960920, 2.500000000000000000, -7.348469228349542526 ) ) ;
#854 = AXIS2_PLACEMENT_3D ( 'NONE', #5240, #3317, #4838 ) ;
#855 = ORIENTED_EDGE ( 'NONE', *, *, #6049, .F. ) ;
#856 = DIRECTION ( 'NONE',  ( 0.000000000000000000, 1.000000000000000000, 0.000000000000000000 ) ) ;
#857 = VERTEX_POINT ( 'NONE', #936 ) ;
#858 = AXIS2_PLACEMENT_3D ( 'NONE', #3280, #2737, #6258 ) ;
#859 = ADVANCED_FACE ( 'NONE', ( #2855 ), #5916, .T. ) ;
#860 = ORIENTED_EDGE ( 'NONE', *, *, #5897, .F. ) ;
#861 = CIRCLE ( 'NONE', #2621, 0.5000000000000000000 ) ;
#862 = CYLINDRICAL_SURFACE ( 'NONE', #858, 0.5000000000000000000 ) ;
#863 = CARTESIAN_POINT ( 'NONE',  ( -13.00039763433067108, 3.000000000000000000, 11.58618407195783639 ) ) ;
#864 = VECTOR ( 'NONE', #811, 1000.000000000000000 ) ;
#865 = AXIS2_PLACEMENT_3D ( 'NONE', #1058, #83, #2947 ) ;
#866 = DIRECTION ( 'NONE',  ( 0.000000000000000000, 1.000000000000000000, 0.000000000000000000 ) ) ;
#867 = CARTESIAN_POINT ( 'NONE',  ( -11.18990807050730041, -2.500000000000000444, 14.09914739881797630 ) ) ;
#868 = CARTESIAN_POINT ( 'NONE',  ( 6.030009245246650273, -3.000000000000000000, -3.555135511093766798 ) ) ;
#869 = ORIENTED_EDGE ( 'NONE', *, *, #2860, .F. ) ;
#870 = CARTESIAN_POINT ( 'NONE',  ( 4.416565403271838441, 2.500000000000000000, 6.537885746831480382 ) ) ;
#871 = VECTOR ( 'NONE', #4445, 1000.000000000000114 ) ;
#872 = AXIS2_PLACEMENT_3D ( 'NONE', #5872, #4346, #2282 ) ;
#873 = VECTOR ( 'NONE', #3250, 1000.000000000000000 ) ;
#874 = DIRECTION ( 'NONE',  ( -0.000000000000000000, -1.000000000000000000, -0.000000000000000000 ) ) ;
#875 = DIRECTION ( 'NONE',  ( 0.7071067811865474617, -0.000000000000000000, 0.7071067811865474617 ) ) ;
#876 = AXIS2_PLACEMENT_3D ( 'NONE', #6343, #2982, #3397 ) ;
#877 = FACE_OUTER_BOUND ( 'NONE', #5983, .T. ) ;
#878 = VECTOR ( 'NONE', #3623, 1000.000000000000000 ) ;
#879 = EDGE_LOOP ( 'NONE', ( #5651, #4190, #2978, #819 ) ) ;
#880 = AXIS2_PLACEMENT_3D ( 'NONE', #1666, #3676, #3706 ) ;
#881 = DIRECTION ( 'NONE',  ( -1.734723475976807094E-15, 0.000000000000000000, 1.000000000000000000 ) ) ;
#882 = EDGE_CURVE ( 'NONE', #1125, #5713, #455, .T. ) ;
#883 = DIRECTION ( 'NONE',  ( 0.000000000000000000, 1.000000000000000000, 0.000000000000000000 ) ) ;
#884 = ORIENTED_EDGE ( 'NONE', *, *, #969, .T. ) ;
#885 = ORIENTED_EDGE ( 'NONE', *, *, #1474, .T. ) ;
#886 = DIRECTION ( 'NONE',  ( 0.000000000000000000, 0.000000000000000000, 1.000000000000000000 ) ) ;
#887 = AXIS2_PLACEMENT_3D ( 'NONE', #5951, #4856, #1883 ) ;
#888 = DIRECTION ( 'NONE',  ( 0.000000000000000000, 0.000000000000000000, 1.000000000000000000 ) ) ;
#889 = EDGE_CURVE ( 'NONE', #87, #2436, #3026, .T. ) ;
#890 = CIRCLE ( 'NONE', #1089, 0.4999999999999995559 ) ;
#891 = ORIENTED_EDGE ( 'NONE', *, *, #321, .T. ) ;
#892 = CARTESIAN_POINT ( 'NONE',  ( 5.903259203893163942, -2.500000000000000444, -4.489045641520105434 ) ) ;
#893 = ORIENTED_EDGE ( 'NONE', *, *, #6071, .T. ) ;
#894 = CARTESIAN_POINT ( 'NONE',  ( -7.745966692414849142, 2.500000000000000444, -1.999999999999931610 ) ) ;
#895 = LINE ( 'NONE', #2773, #873 ) ;
#896 = AXIS2_PLACEMENT_3D ( 'NONE', #5549, #5058, #627 ) ;
#897 = ADVANCED_FACE ( 'NONE', ( #2948 ), #2825, .T. ) ;
#898 = CYLINDRICAL_SURFACE ( 'NONE', #1962, 0.5000000000000004441 ) ;
#899 = DIRECTION ( 'NONE',  ( 0.000000000000000000, 1.000000000000000000, 0.000000000000000000 ) ) ;
#900 = CYLINDRICAL_SURFACE ( 'NONE', #4883, 0.5000000000000000000 ) ;
#901 = ORIENTED_EDGE ( 'NONE', *, *, #1077, .F. ) ;
#902 = FACE_OUTER_BOUND ( 'NONE', #3756, .T. ) ;
#903 = DIRECTION ( 'NONE',  ( 0.000000000000000000, 1.000000000000000000, 0.000000000000000000 ) ) ;
#904 = DIRECTION ( 'NONE',  ( 0.000000000000000000, 0.000000000000000000, 1.000000000000000000 ) ) ;
#905 = CARTESIAN_POINT ( 'NONE',  ( 13.70750441551736287, 2.500000000000000444, 10.87907729077112862 ) ) ;
#906 = ORIENTED_EDGE ( 'NONE', *, *, #3922, .F. ) ;
#907 = DIRECTION ( 'NONE',  ( 0.000000000000000000, 1.000000000000000000, 0.000000000000000000 ) ) ;
#908 = CARTESIAN_POINT ( 'NONE',  ( -18.37878657361161672, -3.000000000000000000, 2.114285714285906614 ) ) ;
#909 = EDGE_LOOP ( 'NONE', ( #2323, #2728, #456, #4554 ) ) ;
#910 = ORIENTED_EDGE ( 'NONE', *, *, #4061, .T. ) ;
#911 = DIRECTION ( 'NONE',  ( -0.000000000000000000, -1.000000000000000000, -0.000000000000000000 ) ) ;
#912 = EDGE_CURVE ( 'NONE', #1868, #3648, #4368, .T. ) ;
#913 = VERTEX_POINT ( 'NONE', #2488 ) ;
#914 = CARTESIAN_POINT ( 'NONE',  ( 4.063012012678529850, -2.500000000000000444, -6.891439137424775652 ) ) ;
#915 = ORIENTED_EDGE ( 'NONE', *, *, #241, .T. ) ;
#916 = DIRECTION ( 'NONE',  ( -0.9682458365518546994, 0.000000000000000000, -0.2499999999999983902 ) ) ;
#917 = EDGE_LOOP ( 'NONE', ( #6183, #1127, #2911, #5239 ) ) ;
#918 = CARTESIAN_POINT ( 'NONE',  ( 1.499999999999960920, -2.500000000000000444, -7.348469228349544302 ) ) ;
#919 = EDGE_CURVE ( 'NONE', #2006, #3592, #2409, .T. ) ;
#920 = CARTESIAN_POINT ( 'NONE',  ( -1.500000000000000000, 3.001000000000000334, -17.93739111465210101 ) ) ;
#921 = EDGE_CURVE ( 'NONE', #4281, #2301, #6016, .T. ) ;
#922 = AXIS2_PLACEMENT_3D ( 'NONE', #32, #3493, #15 ) ;
#923 = CARTESIAN_POINT ( 'NONE',  ( -4.770118793865036011, -3.000000000000000000, 6.184332356238265938 ) ) ;
#924 = DIRECTION ( 'NONE',  ( 0.000000000000000000, 0.000000000000000000, 1.000000000000000000 ) ) ;
#925 = VERTEX_POINT ( 'NONE', #1060 ) ;
#926 = DIRECTION ( 'NONE',  ( 0.8614298921780972895, 1.338539617613951030E-16, 0.5078765015848162312 ) ) ;
#927 = EDGE_CURVE ( 'NONE', #236, #1638, #444, .T. ) ;
#928 = CIRCLE ( 'NONE', #2376, 0.5000000000000004441 ) ;
#929 = ADVANCED_FACE ( 'NONE', ( #3514 ), #1888, .T. ) ;
#930 = CARTESIAN_POINT ( 'NONE',  ( 17.38533865071370244, 2.500000000000000000, -2.000000000000059952 ) ) ;
#931 = DIRECTION ( 'NONE',  ( -0.9682458365518543664, 0.000000000000000000, 0.2499999999999996114 ) ) ;
#932 = CARTESIAN_POINT ( 'NONE',  ( -1.999999999999788836, -2.500000000000000444, 17.38533865071373441 ) ) ;
#933 = ORIENTED_EDGE ( 'NONE', *, *, #3591, .T. ) ;
#934 = EDGE_CURVE ( 'NONE', #4007, #5902, #4254, .T. ) ;
#935 = CARTESIAN_POINT ( 'NONE',  ( -4.416565403271838441, -2.999999999999998224, -6.537885746831480382 ) ) ;
#936 = CARTESIAN_POINT ( 'NONE',  ( -7.261843774138923457, 2.500000000000000000, -1.874999999999936495 ) ) ;
#937 = EDGE_LOOP ( 'NONE', ( #1950, #5146, #505, #3040 ) ) ;
#938 = ORIENTED_EDGE ( 'NONE', *, *, #197, .T. ) ;
#939 = PRODUCT_CONTEXT ( 'NONE', #2457, 'mechanical' ) ;
#940 = DIRECTION ( 'NONE',  ( 0.000000000000000000, 0.000000000000000000, 1.000000000000000000 ) ) ;
#941 = AXIS2_PLACEMENT_3D ( 'NONE', #4689, #160, #1679 ) ;
#942 = DIRECTION ( 'NONE',  ( -0.6216615594726271343, 0.000000000000000000, 0.7832859666009990285 ) ) ;
#943 = ORIENTED_EDGE ( 'NONE', *, *, #1188, .F. ) ;
#944 = LINE ( 'NONE', #4891, #1498 ) ;
#945 = ORIENTED_EDGE ( 'NONE', *, *, #1999, .T. ) ;
#946 = CARTESIAN_POINT ( 'NONE',  ( 0.000000000000000000, 2.500000000000000000, 0.000000000000000000 ) ) ;
#947 = CIRCLE ( 'NONE', #1559, 18.50000000000000355 ) ;
#948 = TOROIDAL_SURFACE ( 'NONE', #4248, 1.000000000000000000, 0.5000000000000000000 ) ;
#949 = DIRECTION ( 'NONE',  ( -1.000000000000000000, 7.523163845262640051E-31, 1.734723475976807094E-15 ) ) ;
#950 = TOROIDAL_SURFACE ( 'NONE', #750, 1.000000000000000000, 0.5000000000000000000 ) ;
#951 = CARTESIAN_POINT ( 'NONE',  ( 7.745966692414828714, -3.000000000000000000, -1.000000000000027311 ) ) ;
#952 = EDGE_CURVE ( 'NONE', #5007, #5261, #2508, .T. ) ;
#953 = DIRECTION ( 'NONE',  ( 0.000000000000000000, 1.000000000000000000, 0.000000000000000000 ) ) ;
#954 = VERTEX_POINT ( 'NONE', #607 ) ;
#955 = CARTESIAN_POINT ( 'NONE',  ( 0.000000000000000000, 2.500000000000000000, 0.000000000000000000 ) ) ;
#956 = AXIS2_PLACEMENT_3D ( 'NONE', #1541, #2487, #60 ) ;
#957 = AXIS2_PLACEMENT_3D ( 'NONE', #4034, #2131, #4099 ) ;
#958 = DIRECTION ( 'NONE',  ( -0.000000000000000000, -1.000000000000000000, -0.000000000000000000 ) ) ;
#959 = DIRECTION ( 'NONE',  ( -1.734723475976807094E-14, 0.000000000000000000, 1.000000000000000000 ) ) ;
#960 = EDGE_CURVE ( 'NONE', #5043, #5289, #1467, .T. ) ;
#961 = DIRECTION ( 'NONE',  ( -0.000000000000000000, -1.000000000000000000, -0.000000000000000000 ) ) ;
#962 = CARTESIAN_POINT ( 'NONE',  ( -13.74431106574574812, 3.001000000000000334, -11.62299072218588414 ) ) ;
#963 = AXIS2_PLACEMENT_3D ( 'NONE', #4863, #3352, #407 ) ;
#964 = ORIENTED_EDGE ( 'NONE', *, *, #3695, .T. ) ;
#965 = AXIS2_PLACEMENT_3D ( 'NONE', #3972, #16, #1604 ) ;
#966 = EDGE_LOOP ( 'NONE', ( #6400, #5443, #5756, #3665 ) ) ;
#967 = AXIS2_PLACEMENT_3D ( 'NONE', #5387, #949, #4895 ) ;
#968 = FACE_OUTER_BOUND ( 'NONE', #4349, .T. ) ;
#969 = EDGE_CURVE ( 'NONE', #1125, #4945, #1057, .T. ) ;
#970 = DIRECTION ( 'NONE',  ( 0.000000000000000000, 0.000000000000000000, 1.000000000000000000 ) ) ;
#971 = VERTEX_POINT ( 'NONE', #61 ) ;
#972 = EDGE_LOOP ( 'NONE', ( #2568, #2519, #3428, #5833 ) ) ;
#973 = CARTESIAN_POINT ( 'NONE',  ( -1.999999999999788836, 3.001000000000000334, 17.38533865071373441 ) ) ;
#974 = AXIS2_PLACEMENT_3D ( 'NONE', #3581, #1122, #3160 ) ;
#975 = ORIENTED_EDGE ( 'NONE', *, *, #1546, .T. ) ;
#976 = CARTESIAN_POINT ( 'NONE',  ( 0.000000000000000000, 3.000000000000000000, 0.000000000000000000 ) ) ;
#977 = EDGE_LOOP ( 'NONE', ( #6187, #4105, #3117, #3427 ) ) ;
#978 = AXIS2_PLACEMENT_3D ( 'NONE', #2298, #4267, #3236 ) ;
#979 = CIRCLE ( 'NONE', #2428, 0.5000000000000002220 ) ;
#980 = ORIENTED_EDGE ( 'NONE', *, *, #5250, .F. ) ;
#981 = FACE_OUTER_BOUND ( 'NONE', #2449, .T. ) ;
#982 = ORIENTED_EDGE ( 'NONE', *, *, #5603, .T. ) ;
#983 = DIRECTION ( 'NONE',  ( 0.000000000000000000, 1.000000000000000000, 0.000000000000000000 ) ) ;
#984 = CIRCLE ( 'NONE', #4593, 22.50000000000000355 ) ;
#985 = CARTESIAN_POINT ( 'NONE',  ( 13.74431106574566641, -2.500000000000000444, 11.62299072218598006 ) ) ;
#986 = DIRECTION ( 'NONE',  ( -0.000000000000000000, -1.000000000000000000, -0.000000000000000000 ) ) ;
#987 = ORIENTED_EDGE ( 'NONE', *, *, #6262, .F. ) ;
#988 = CIRCLE ( 'NONE', #2956, 0.5000000000000000000 ) ;
#989 = LINE ( 'NONE', #6389, #6328 ) ;
#990 = EDGE_CURVE ( 'NONE', #3628, #835, #4780, .T. ) ;
#991 = AXIS2_PLACEMENT_3D ( 'NONE', #5244, #744, #4222 ) ;
#992 = FACE_OUTER_BOUND ( 'NONE', #4961, .T. ) ;
#993 = CARTESIAN_POINT ( 'NONE',  ( 0.000000000000000000, 3.001000000000000334, 0.000000000000000000 ) ) ;
#994 = FACE_OUTER_BOUND ( 'NONE', #1034, .T. ) ;
#995 = ADVANCED_FACE ( 'NONE', ( #1025 ), #1371, .T. ) ;
#996 = EDGE_LOOP ( 'NONE', ( #6406, #2755, #3460, #1339 ) ) ;
#997 = EDGE_CURVE ( 'NONE', #2756, #2046, #3485, .T. ) ;
#998 = ORIENTED_EDGE ( 'NONE', *, *, #2540, .T. ) ;
#999 = DIRECTION ( 'NONE',  ( 0.000000000000000000, 0.000000000000000000, 1.000000000000000000 ) ) ;
#1000 = EDGE_CURVE ( 'NONE', #2525, #3819, #1265, .T. ) ;
#1001 = VERTEX_POINT ( 'NONE', #4582 ) ;
#1002 = ORIENTED_EDGE ( 'NONE', *, *, #1789, .F. ) ;
#1003 = FACE_OUTER_BOUND ( 'NONE', #2658, .T. ) ;
#1004 = ADVANCED_FACE ( 'NONE', ( #546 ), #3096, .F. ) ;
#1005 = ORIENTED_EDGE ( 'NONE', *, *, #1347, .F. ) ;
#1006 = DIRECTION ( 'NONE',  ( -0.000000000000000000, -1.000000000000000000, -0.000000000000000000 ) ) ;
#1007 = ORIENTED_EDGE ( 'NONE', *, *, #6262, .T. ) ;
#1008 = VERTEX_POINT ( 'NONE', #640 ) ;
#1009 = DIRECTION ( 'NONE',  ( 0.7832859666009851507, 0.000000000000000000, -0.6216615594726445648 ) ) ;
#1010 = ORIENTED_EDGE ( 'NONE', *, *, #1315, .F. ) ;
#1011 = DIRECTION ( 'NONE',  ( 0.000000000000000000, 1.000000000000000000, 0.000000000000000000 ) ) ;
#1012 = DIRECTION ( 'NONE',  ( 0.000000000000000000, 0.000000000000000000, 1.000000000000000000 ) ) ;
#1013 = DIRECTION ( 'NONE',  ( 0.000000000000000000, 1.000000000000000000, 0.000000000000000000 ) ) ;
#1014 = ORIENTED_EDGE ( 'NONE', *, *, #2586, .T. ) ;
#1015 = DIRECTION ( 'NONE',  ( 0.000000000000000000, -0.000000000000000000, 1.000000000000000000 ) ) ;
#1016 = CARTESIAN_POINT ( 'NONE',  ( -13.70750441551743570, 3.000000000000000000, -10.87907729077102914 ) ) ;
#1017 = AXIS2_PLACEMENT_3D ( 'NONE', #5397, #4959, #959 ) ;
#1018 = CARTESIAN_POINT ( 'NONE',  ( -13.70750441551743570, -2.499999999999999556, -11.37907729077103092 ) ) ;
#1019 = DIRECTION ( 'NONE',  ( 0.000000000000000000, 0.000000000000000000, 1.000000000000000000 ) ) ;
#1020 = VERTEX_POINT ( 'NONE', #2976 ) ;
#1021 = AXIS2_PLACEMENT_3D ( 'NONE', #4203, #1778, #1296 ) ;
#1022 = ORIENTED_EDGE ( 'NONE', *, *, #3489, .T. ) ;
#1023 = AXIS2_PLACEMENT_3D ( 'NONE', #4420, #2026, #3903 ) ;
#1024 = DIRECTION ( 'NONE',  ( 0.000000000000000000, 0.000000000000000000, 1.000000000000000000 ) ) ;
#1025 = FACE_OUTER_BOUND ( 'NONE', #3945, .T. ) ;
#1026 = ORIENTED_EDGE ( 'NONE', *, *, #6228, .F. ) ;
#1027 = EDGE_CURVE ( 'NONE', #5247, #913, #2302, .T. ) ;
#1028 = ORIENTED_EDGE ( 'NONE', *, *, #3491, .F. ) ;
#1029 = CARTESIAN_POINT ( 'NONE',  ( -4.770118793865111506, 3.000000000000000000, -6.184332356238208206 ) ) ;
#1030 = ORIENTED_EDGE ( 'NONE', *, *, #4068, .F. ) ;
#1031 = CARTESIAN_POINT ( 'NONE',  ( 13.39075767515232762, 3.000000000000000000, -11.97654411277932063 ) ) ;
#1032 = CARTESIAN_POINT ( 'NONE',  ( -1.999999999999999112, 3.000000000000000000, -17.38533865071370954 ) ) ;
#1033 = EDGE_CURVE ( 'NONE', #1093, #2007, #5004, .T. ) ;
#1034 = EDGE_LOOP ( 'NONE', ( #5930, #933, #6309, #2397 ) ) ;
#1035 = CARTESIAN_POINT ( 'NONE',  ( 4.063012012678565377, -2.499999999999999556, 6.891439137424754335 ) ) ;
#1036 = ORIENTED_EDGE ( 'NONE', *, *, #5876, .T. ) ;
#1037 = CARTESIAN_POINT ( 'NONE',  ( -2.057142857142856496, 2.500000000000000000, -17.88206261216267379 ) ) ;
#1038 = CIRCLE ( 'NONE', #2809, 1.000000000000000888 ) ;
#1039 = DIRECTION ( 'NONE',  ( 0.000000000000000000, 1.000000000000000000, 0.000000000000000000 ) ) ;
#1040 = CARTESIAN_POINT ( 'NONE',  ( 4.416565403271838441, -2.500000000000000444, 6.537885746831480382 ) ) ;
#1041 = DIRECTION ( 'NONE',  ( 0.000000000000000000, 1.000000000000000000, 0.000000000000000000 ) ) ;
#1042 = EDGE_CURVE ( 'NONE', #2080, #2364, #3949, .T. ) ;
#1043 = STYLED_ITEM ( 'NONE', ( #440 ), #4299 ) ;
#1044 = AXIS2_PLACEMENT_3D ( 'NONE', #688, #93, #3072 ) ;
#1045 = EDGE_LOOP ( 'NONE', ( #2876, #5798, #891, #4078 ) ) ;
#1046 = DIRECTION ( 'NONE',  ( 0.000000000000000000, 0.000000000000000000, 1.000000000000000000 ) ) ;
#1047 = PLANE ( 'NONE',  #2925 ) ;
#1048 = VECTOR ( 'NONE', #4665, 1000.000000000000000 ) ;
#1049 = DIRECTION ( 'NONE',  ( 0.000000000000000000, 0.000000000000000000, 1.000000000000000000 ) ) ;
#1050 = DIRECTION ( 'NONE',  ( 0.000000000000000000, 1.000000000000000000, 0.000000000000000000 ) ) ;
#1051 = EDGE_CURVE ( 'NONE', #5954, #487, #1160, .T. ) ;
#1052 = CARTESIAN_POINT ( 'NONE',  ( -4.416565403271758505, -2.500000000000000444, 6.537885746831535450 ) ) ;
#1053 = VERTEX_POINT ( 'NONE', #2680 ) ;
#1054 = CIRCLE ( 'NONE', #1568, 18.50000000000000355 ) ;
#1055 = VECTOR ( 'NONE', #3042, 1000.000000000000000 ) ;
#1056 = ORIENTED_EDGE ( 'NONE', *, *, #1512, .F. ) ;
#1057 = CIRCLE ( 'NONE', #3231, 0.5000000000000004441 ) ;
#1058 = CARTESIAN_POINT ( 'NONE',  ( 4.063012012678565377, 3.001000000000000334, 6.891439137424754335 ) ) ;
#1059 = AXIS2_PLACEMENT_3D ( 'NONE', #4184, #5609, #6162 ) ;
#1060 = CARTESIAN_POINT ( 'NONE',  ( -17.38533865071372020, -3.000000000000000000, -0.9999999999998484546 ) ) ;
#1061 = ORIENTED_EDGE ( 'NONE', *, *, #1608, .T. ) ;
#1062 = AXIS2_PLACEMENT_3D ( 'NONE', #3478, #3448, #5433 ) ;
#1063 = ORIENTED_EDGE ( 'NONE', *, *, #3007, .T. ) ;
#1064 = DIRECTION ( 'NONE',  ( 0.000000000000000000, 0.000000000000000000, 1.000000000000000000 ) ) ;
#1065 = AXIS2_PLACEMENT_3D ( 'NONE', #72, #3594, #5604 ) ;
#1066 = AXIS2_PLACEMENT_3D ( 'NONE', #4508, #4624, #6087 ) ;
#1067 = EDGE_CURVE ( 'NONE', #5967, #1072, #1194, .T. ) ;
#1068 = EDGE_LOOP ( 'NONE', ( #5139, #753, #2824, #5932 ) ) ;
#1069 = DIRECTION ( 'NONE',  ( -0.7071067811865457964, 0.000000000000000000, 0.7071067811865492381 ) ) ;
#1070 = CARTESIAN_POINT ( 'NONE',  ( 13.70750441551736287, 3.000000000000000000, 11.87907729077112684 ) ) ;
#1071 = AXIS2_PLACEMENT_3D ( 'NONE', #5670, #3307, #5224 ) ;
#1072 = VERTEX_POINT ( 'NONE', #1249 ) ;
#1073 = DIRECTION ( 'NONE',  ( -0.000000000000000000, -0.000000000000000000, -1.000000000000000000 ) ) ;
#1074 = ORIENTED_EDGE ( 'NONE', *, *, #6209, .F. ) ;
#1075 = EDGE_CURVE ( 'NONE', #5577, #6076, #2754, .T. ) ;
#1076 = FACE_OUTER_BOUND ( 'NONE', #68, .T. ) ;
#1077 = EDGE_CURVE ( 'NONE', #2665, #392, #1676, .T. ) ;
#1078 = VECTOR ( 'NONE', #883, 1000.000000000000000 ) ;
#1079 = FACE_OUTER_BOUND ( 'NONE', #56, .T. ) ;
#1080 = EDGE_LOOP ( 'NONE', ( #4733, #5558, #3551, #3804 ) ) ;
#1081 = DIRECTION ( 'NONE',  ( 0.000000000000000000, 1.000000000000000000, 0.000000000000000000 ) ) ;
#1082 = CARTESIAN_POINT ( 'NONE',  ( -4.063012012678565377, -2.500000000000000444, -6.891439137424754335 ) ) ;
#1083 = TOROIDAL_SURFACE ( 'NONE', #4806, 1.000000000000000000, 0.5000000000000000000 ) ;
#1084 = EDGE_CURVE ( 'NONE', #1093, #3497, #3158, .T. ) ;
#1085 = CLOSED_SHELL ( 'NONE', ( #5437, #1240, #1776, #3018, #929, #5781, #245, #4870, #4940, #3288, #1741, #37, #1395, #3675, #4522, #764, #4713, #4008, #4444, #417, #4759, #3685, #6286, #5578, #1092, #3725, #733, #5541, #55, #1327, #3373, #5035, #2142, #6035, #5327, #576, #1336, #4149, #1292, #4972, #4072, #3395, #363, #514, #4159, #3123, #5383, #5478, #2392, #2663, #115, #76, #4001, #5400, #1162, #1977, #2492, #2554, #162, #110, #681, #6057, #6341, #1553, #5323, #1234, #3913, #1788, #1361, #5791, #379, #2344, #4862, #4411, #404, #5740, #4481, #4750, #2039, #3264, #4834, #995, #4839, #6027, #4791, #44, #4343, #5360, #6146, #6178, #2735, #729, #5830, #2215, #3476, #1437, #5105, #2668, #2542, #4233, #4210, #815, #1856, #5581, #6064, #3461, #2028, #2377, #5889, #5718, #3898, #4933, #4828, #4517, #4528, #563, #714, #5657, #5665, #5585, #2992, #3409, #520, #3454, #4592, #5750, #2339, #1971, #4144, #4016, #3995, #6059, #859, #3255, #5269, #452, #3715, #4995, #1209, #5780, #3052, #129, #1726, #5898, #163, #5939, #1004, #1386, #4262, #5444, #808, #2613, #2547, #3766, #5642, #601, #1119, #285, #4633, #1763, #4616, #3595, #2747, #1833, #5150, #2068, #2896, #209, #636, #2955, #5788, #4722, #4312, #897, #4139, #5386, #665, #1193, #5862, #5142, #6371, #3064, #3214, #723, #5422, #5511, #3014, #2192, #1660, #482, #6251, #2182, #4081, #2535, #2858, #4319, #5975, #1506, #5029, #3083, #91, #2571, #5646, #2172, #2986, #567, #5786, #3223, #606, #5063, #1460, #2945, #3762, #3936, #1705, #5353, #2867, #5040 ) ) ;
#1086 = DIRECTION ( 'NONE',  ( 0.000000000000000000, 0.000000000000000000, 1.000000000000000000 ) ) ;
#1087 = LINE ( 'NONE', #571, #189 ) ;
#1088 = TOROIDAL_SURFACE ( 'NONE', #4598, 1.000000000000000000, 0.5000000000000000000 ) ;
#1089 = AXIS2_PLACEMENT_3D ( 'NONE', #5179, #6114, #330 ) ;
#1090 = DIRECTION ( 'NONE',  ( 0.000000000000000000, 1.000000000000000000, 0.000000000000000000 ) ) ;
#1091 = CIRCLE ( 'NONE', #1505, 0.5000000000000000000 ) ;
#1092 = ADVANCED_FACE ( 'NONE', ( #5137 ), #5124, .T. ) ;
#1093 = VERTEX_POINT ( 'NONE', #2158 ) ;
#1094 = CIRCLE ( 'NONE', #4192, 0.5000000000000004441 ) ;
#1095 = CARTESIAN_POINT ( 'NONE',  ( -1.999999999999999112, -2.499999999999999556, -17.38533865071370954 ) ) ;
#1096 = DIRECTION ( 'NONE',  ( 0.000000000000000000, 1.000000000000000000, 0.000000000000000000 ) ) ;
#1097 = ORIENTED_EDGE ( 'NONE', *, *, #4906, .F. ) ;
#1098 = VERTEX_POINT ( 'NONE', #6075 ) ;
#1099 = CYLINDRICAL_SURFACE ( 'NONE', #1678, 0.5000000000000000000 ) ;
#1100 = VECTOR ( 'NONE', #2965, 1000.000000000000000 ) ;
#1101 = ORIENTED_EDGE ( 'NONE', *, *, #3297, .F. ) ;
#1102 = DIRECTION ( 'NONE',  ( 0.000000000000000000, 0.000000000000000000, 1.000000000000000000 ) ) ;
#1103 = DIRECTION ( 'NONE',  ( -0.000000000000000000, -1.000000000000000000, -0.000000000000000000 ) ) ;
#1104 = ORIENTED_EDGE ( 'NONE', *, *, #5275, .F. ) ;
#1105 = CARTESIAN_POINT ( 'NONE',  ( -17.38533865071368822, -2.500000000000000444, 2.000000000000181188 ) ) ;
#1106 = EDGE_CURVE ( 'NONE', #1001, #3265, #2963, .T. ) ;
#1107 = ORIENTED_EDGE ( 'NONE', *, *, #6228, .T. ) ;
#1108 = DIRECTION ( 'NONE',  ( -0.5078765015848303310, -0.000000000000000000, -0.8614298921780890739 ) ) ;
#1109 = DIRECTION ( 'NONE',  ( -0.000000000000000000, -1.000000000000000000, -0.000000000000000000 ) ) ;
#1110 = EDGE_CURVE ( 'NONE', #4928, #5696, #6358, .T. ) ;
#1111 = EDGE_CURVE ( 'NONE', #1220, #3366, #5012, .T. ) ;
#1112 = ORIENTED_EDGE ( 'NONE', *, *, #2696, .T. ) ;
#1113 = CARTESIAN_POINT ( 'NONE',  ( -1.500000000000000000, 2.500000000000000000, -17.93739111465210101 ) ) ;
#1114 = FACE_OUTER_BOUND ( 'NONE', #2916, .T. ) ;
#1115 = CARTESIAN_POINT ( 'NONE',  ( -1.999999999999788836, -3.000000000000000000, 18.38533865071373441 ) ) ;
#1116 = CARTESIAN_POINT ( 'NONE',  ( 18.37878657361163093, -3.000000000000000000, -2.114285714285777829 ) ) ;
#1117 = ORIENTED_EDGE ( 'NONE', *, *, #3447, .T. ) ;
#1118 = DIRECTION ( 'NONE',  ( 0.000000000000000000, 0.000000000000000000, -1.000000000000000000 ) ) ;
#1119 = ADVANCED_FACE ( 'NONE', ( #3262 ), #6157, .T. ) ;
#1120 = CARTESIAN_POINT ( 'NONE',  ( 0.000000000000000000, -2.500000000000000444, 0.000000000000000000 ) ) ;
#1121 = ORIENTED_EDGE ( 'NONE', *, *, #4553, .T. ) ;
#1122 = DIRECTION ( 'NONE',  ( 0.000000000000000000, 1.000000000000000000, 0.000000000000000000 ) ) ;
#1123 = CARTESIAN_POINT ( 'NONE',  ( 0.000000000000000000, 0.5000000000000000000, 22.50000000000000355 ) ) ;
#1124 = DIRECTION ( 'NONE',  ( 0.000000000000000000, 1.000000000000000000, 0.000000000000000000 ) ) ;
#1125 = VERTEX_POINT ( 'NONE', #4096 ) ;
#1126 = EDGE_CURVE ( 'NONE', #6267, #487, #3612, .T. ) ;
#1127 = ORIENTED_EDGE ( 'NONE', *, *, #262, .T. ) ;
#1128 = DIRECTION ( 'NONE',  ( -0.000000000000000000, -1.000000000000000000, -0.000000000000000000 ) ) ;
#1129 = AXIS2_PLACEMENT_3D ( 'NONE', #4450, #14, #3970 ) ;
#1130 = CYLINDRICAL_SURFACE ( 'NONE', #1044, 0.4999999999999995559 ) ;
#1131 = FACE_OUTER_BOUND ( 'NONE', #2880, .T. ) ;
#1132 = AXIS2_PLACEMENT_3D ( 'NONE', #5775, #5233, #3826 ) ;
#1133 = EDGE_CURVE ( 'NONE', #81, #4430, #686, .T. ) ;
#1134 = ORIENTED_EDGE ( 'NONE', *, *, #4917, .F. ) ;
#1135 = CARTESIAN_POINT ( 'NONE',  ( -1.999999999999788836, -3.000000000000000000, 17.38533865071373441 ) ) ;
#1136 = EDGE_LOOP ( 'NONE', ( #1248, #5705, #130, #1323 ) ) ;
#1137 = DIRECTION ( 'NONE',  ( -0.1142857142857246211, 0.000000000000000000, -0.9934479228979251619 ) ) ;
#1138 = DIRECTION ( 'NONE',  ( 0.000000000000000000, 0.000000000000000000, 1.000000000000000000 ) ) ;
#1139 = ORIENTED_EDGE ( 'NONE', *, *, #6176, .F. ) ;
#1140 = LINE ( 'NONE', #4567, #2504 ) ;
#1141 = EDGE_CURVE ( 'NONE', #3608, #4489, #1606, .T. ) ;
#1142 = CARTESIAN_POINT ( 'NONE',  ( -1.000000000000000000, 2.500000000000000000, 0.000000000000000000 ) ) ;
#1143 = TOROIDAL_SURFACE ( 'NONE', #3336, 1.000000000000000000, 0.5000000000000000000 ) ;
#1144 = CARTESIAN_POINT ( 'NONE',  ( 0.000000000000000000, -3.000000000000000000, 0.000000000000000000 ) ) ;
#1145 = EDGE_LOOP ( 'NONE', ( #3950, #256, #460, #1694 ) ) ;
#1146 = CIRCLE ( 'NONE', #3835, 0.5000000000000002220 ) ;
#1147 = DIRECTION ( 'NONE',  ( 0.000000000000000000, 1.000000000000000000, 0.000000000000000000 ) ) ;
#1148 = DIRECTION ( 'NONE',  ( 0.000000000000000000, 0.000000000000000000, 1.000000000000000000 ) ) ;
#1149 = AXIS2_PLACEMENT_3D ( 'NONE', #5341, #2284, #5268 ) ;
#1150 = VERTEX_POINT ( 'NONE', #2650 ) ;
#1151 = EDGE_CURVE ( 'NONE', #5107, #3375, #4601, .T. ) ;
#1152 = CARTESIAN_POINT ( 'NONE',  ( 11.23263068136435372, -2.999999999999998224, -13.35395102492412533 ) ) ;
#1153 = CARTESIAN_POINT ( 'NONE',  ( -4.770118793865036899, -2.500000000000000444, 6.184332356238265049 ) ) ;
#1154 = DIRECTION ( 'NONE',  ( -0.7071067811865510144, 0.000000000000000000, -0.7071067811865441310 ) ) ;
#1155 = ORIENTED_EDGE ( 'NONE', *, *, #171, .F. ) ;
#1156 = VECTOR ( 'NONE', #4049, 1000.000000000000000 ) ;
#1157 = AXIS2_PLACEMENT_3D ( 'NONE', #2953, #2398, #888 ) ;
#1158 = ORIENTED_EDGE ( 'NONE', *, *, #1269, .F. ) ;
#1159 = CARTESIAN_POINT ( 'NONE',  ( -7.348469228349543414, -2.500000000000000444, -0.9999999999999358291 ) ) ;
#1160 = CIRCLE ( 'NONE', #1989, 0.5000000000000004441 ) ;
#1161 = VECTOR ( 'NONE', #5172, 1000.000000000000000 ) ;
#1162 = ADVANCED_FACE ( 'NONE', ( #1669 ), #3646, .F. ) ;
#1163 = AXIS2_PLACEMENT_3D ( 'NONE', #3884, #2465, #1421 ) ;
#1164 = CARTESIAN_POINT ( 'NONE',  ( 2.449293598294706907E-15, 0.5000000000000000000, -20.00000000000000355 ) ) ;
#1165 = FACE_OUTER_BOUND ( 'NONE', #4131, .T. ) ;
#1166 = DIRECTION ( 'NONE',  ( 8.881784197001252323E-15, 0.000000000000000000, 1.000000000000000000 ) ) ;
#1167 = CARTESIAN_POINT ( 'NONE',  ( 3.555135511093714840, -2.500000000000000000, -6.030009245246680472 ) ) ;
#1168 = EDGE_LOOP ( 'NONE', ( #2716, #1433, #943, #2016 ) ) ;
#1169 = CARTESIAN_POINT ( 'NONE',  ( -14.49079038211843518, 2.500000000000000000, -11.50073885024366405 ) ) ;
#1170 = CIRCLE ( 'NONE', #3545, 0.5000000000000006661 ) ;
#1171 = ORIENTED_EDGE ( 'NONE', *, *, #3632, .F. ) ;
#1172 = TOROIDAL_SURFACE ( 'NONE', #4263, 1.000000000000000000, 0.5000000000000000000 ) ;
#1173 = AXIS2_PLACEMENT_3D ( 'NONE', #624, #4604, #2570 ) ;
#1174 = DIRECTION ( 'NONE',  ( -0.000000000000000000, -1.000000000000000000, -0.000000000000000000 ) ) ;
#1175 = AXIS2_PLACEMENT_3D ( 'NONE', #537, #2574, #4543 ) ;
#1176 = EDGE_CURVE ( 'NONE', #3797, #58, #215, .T. ) ;
#1177 = AXIS2_PLACEMENT_3D ( 'NONE', #5259, #5702, #4310 ) ;
#1178 = DIRECTION ( 'NONE',  ( -0.7071067811865389130, 0.000000000000000000, 0.7071067811865561215 ) ) ;
#1179 = VECTOR ( 'NONE', #911, 1000.000000000000000 ) ;
#1180 = ORIENTED_EDGE ( 'NONE', *, *, #2114, .F. ) ;
#1181 = DIRECTION ( 'NONE',  ( -0.000000000000000000, -1.000000000000000000, -0.000000000000000000 ) ) ;
#1182 = DIRECTION ( 'NONE',  ( -0.7071067811865554553, 0.000000000000000000, -0.7071067811865398012 ) ) ;
#1183 = CIRCLE ( 'NONE', #4803, 0.5000000000000002220 ) ;
#1184 = DIRECTION ( 'NONE',  ( 0.000000000000000000, 0.000000000000000000, 1.000000000000000000 ) ) ;
#1185 = DIRECTION ( 'NONE',  ( 0.000000000000000000, 0.000000000000000000, 1.000000000000000000 ) ) ;
#1186 = CIRCLE ( 'NONE', #5525, 0.5000000000000000000 ) ;
#1187 = CARTESIAN_POINT ( 'NONE',  ( 14.09914739881779866, -2.500000000000000444, -11.18990807050751890 ) ) ;
#1188 = EDGE_CURVE ( 'NONE', #1937, #587, #2340, .T. ) ;
#1189 = ORIENTED_EDGE ( 'NONE', *, *, #1321, .T. ) ;
#1190 = AXIS2_PLACEMENT_3D ( 'NONE', #1432, #953, #1955 ) ;
#1191 = AXIS2_PLACEMENT_3D ( 'NONE', #654, #4532, #69 ) ;
#1192 = DIRECTION ( 'NONE',  ( 3.469446951953617344E-15, 0.000000000000000000, 1.000000000000000000 ) ) ;
#1193 = ADVANCED_FACE ( 'NONE', ( #4256 ), #3872, .F. ) ;
#1194 = LINE ( 'NONE', #4197, #5602 ) ;
#1195 = ORIENTED_EDGE ( 'NONE', *, *, #3695, .F. ) ;
#1196 = ORIENTED_EDGE ( 'NONE', *, *, #1663, .F. ) ;
#1197 = EDGE_CURVE ( 'NONE', #1611, #5858, #1416, .T. ) ;
#1198 = FACE_OUTER_BOUND ( 'NONE', #4367, .T. ) ;
#1199 = EDGE_CURVE ( 'NONE', #1098, #2160, #3809, .T. ) ;
#1200 = LINE ( 'NONE', #3198, #1161 ) ;
#1201 = DIRECTION ( 'NONE',  ( 0.000000000000000000, 1.000000000000000000, 0.000000000000000000 ) ) ;
#1202 = CARTESIAN_POINT ( 'NONE',  ( 6.891439137424740125, -3.000000000000000000, -4.063012012678589358 ) ) ;
#1203 = ORIENTED_EDGE ( 'NONE', *, *, #952, .F. ) ;
#1204 = ORIENTED_EDGE ( 'NONE', *, *, #6071, .F. ) ;
#1205 = FACE_OUTER_BOUND ( 'NONE', #5680, .T. ) ;
#1206 = EDGE_CURVE ( 'NONE', #4306, #6280, #3266, .T. ) ;
#1207 = EDGE_LOOP ( 'NONE', ( #5209, #6377, #6347, #4399 ) ) ;
#1208 = FACE_OUTER_BOUND ( 'NONE', #5490, .T. ) ;
#1209 = ADVANCED_FACE ( 'NONE', ( #877 ), #5880, .F. ) ;
#1210 = ORIENTED_EDGE ( 'NONE', *, *, #2796, .T. ) ;
#1211 = CARTESIAN_POINT ( 'NONE',  ( 14.09914739881785906, 3.001000000000000334, 11.18990807050744785 ) ) ;
#1212 = LINE ( 'NONE', #2147, #3851 ) ;
#1213 = CARTESIAN_POINT ( 'NONE',  ( 0.000000000000000000, 2.500000000000000000, 0.000000000000000000 ) ) ;
#1214 = CARTESIAN_POINT ( 'NONE',  ( 6.777720855862974680, 2.500000000000000000, -1.750000000000023537 ) ) ;
#1215 = DIRECTION ( 'NONE',  ( 1.734723475976807094E-15, 0.000000000000000000, 1.000000000000000000 ) ) ;
#1216 = ORIENTED_EDGE ( 'NONE', *, *, #2700, .T. ) ;
#1217 = CYLINDRICAL_SURFACE ( 'NONE', #5839, 0.4999999999999995559 ) ;
#1218 = DIRECTION ( 'NONE',  ( 0.000000000000000000, 1.000000000000000000, 0.000000000000000000 ) ) ;
#1219 = DIRECTION ( 'NONE',  ( 3.469446951953611033E-15, 0.000000000000000000, 1.000000000000000000 ) ) ;
#1220 = VERTEX_POINT ( 'NONE', #1442 ) ;
#1221 = ORIENTED_EDGE ( 'NONE', *, *, #2262, .F. ) ;
#1222 = DIRECTION ( 'NONE',  ( -0.7071067811865475727, 0.000000000000000000, -0.7071067811865475727 ) ) ;
#1223 = DIRECTION ( 'NONE',  ( -0.000000000000000000, -1.000000000000000000, -0.000000000000000000 ) ) ;
#1224 = EDGE_CURVE ( 'NONE', #4727, #3008, #6051, .T. ) ;
#1225 = DIRECTION ( 'NONE',  ( 0.7071067811865487940, -0.000000000000000000, 0.7071067811865463515 ) ) ;
#1226 = DIRECTION ( 'NONE',  ( -0.000000000000000000, -1.000000000000000000, -0.000000000000000000 ) ) ;
#1227 = ORIENTED_EDGE ( 'NONE', *, *, #6327, .F. ) ;
#1228 = ORIENTED_EDGE ( 'NONE', *, *, #5860, .F. ) ;
#1229 = DIRECTION ( 'NONE',  ( 0.000000000000000000, 0.000000000000000000, 1.000000000000000000 ) ) ;
#1230 = AXIS2_PLACEMENT_3D ( 'NONE', #50, #3996, #2050 ) ;
#1231 = ORIENTED_EDGE ( 'NONE', *, *, #6259, .T. ) ;
#1232 = DIRECTION ( 'NONE',  ( 0.000000000000000000, 1.000000000000000000, 0.000000000000000000 ) ) ;
#1233 = AXIS2_PLACEMENT_3D ( 'NONE', #190, #2164, #3168 ) ;
#1234 = ADVANCED_FACE ( 'NONE', ( #4356 ), #1936, .F. ) ;
#1235 = CIRCLE ( 'NONE', #4021, 0.4999999999999998890 ) ;
#1236 = DIRECTION ( 'NONE',  ( 0.8614298921780956242, 0.000000000000000000, 0.5078765015848187847 ) ) ;
#1237 = ORIENTED_EDGE ( 'NONE', *, *, #442, .T. ) ;
#1238 = CARTESIAN_POINT ( 'NONE',  ( 0.000000000000000000, 0.5000000000000000000, 0.000000000000000000 ) ) ;
#1239 = FACE_OUTER_BOUND ( 'NONE', #2857, .T. ) ;
#1240 = ADVANCED_FACE ( 'NONE', ( #2901 ), #3880, .T. ) ;
#1241 = CARTESIAN_POINT ( 'NONE',  ( 13.00039763433081497, 2.500000000000000000, 11.58618407195767830 ) ) ;
#1242 = DIRECTION ( 'NONE',  ( 0.000000000000000000, 0.000000000000000000, -1.000000000000000000 ) ) ;
#1243 = ORIENTED_EDGE ( 'NONE', *, *, #1188, .T. ) ;
#1244 = CARTESIAN_POINT ( 'NONE',  ( 6.891439137424740125, 2.500000000000000000, -4.063012012678589358 ) ) ;
#1245 = CIRCLE ( 'NONE', #2699, 1.000000000000000000 ) ;
#1246 = CYLINDRICAL_SURFACE ( 'NONE', #5727, 0.4999999999999995559 ) ;
#1247 = DIRECTION ( 'NONE',  ( 0.7071067811865398012, -2.708338984294552660E-29, -0.7071067811865553443 ) ) ;
#1248 = ORIENTED_EDGE ( 'NONE', *, *, #3769, .F. ) ;
#1249 = CARTESIAN_POINT ( 'NONE',  ( 13.70750441551730425, -2.499999999999999556, -11.37907729077119789 ) ) ;
#1250 = ORIENTED_EDGE ( 'NONE', *, *, #4033, .F. ) ;
#1251 = EDGE_LOOP ( 'NONE', ( #4976, #5078, #3097, #5178 ) ) ;
#1252 = AXIS2_PLACEMENT_3D ( 'NONE', #4418, #1015, #3474 ) ;
#1253 = TOROIDAL_SURFACE ( 'NONE', #6314, 18.50000000000000355, 0.5000000000000000000 ) ;
#1254 = DIRECTION ( 'NONE',  ( -0.7071067811865463515, 0.000000000000000000, 0.7071067811865487940 ) ) ;
#1255 = DIRECTION ( 'NONE',  ( -0.7832859666009991395, -0.000000000000000000, -0.6216615594726272453 ) ) ;
#1256 = VECTOR ( 'NONE', #2017, 1000.000000000000000 ) ;
#1257 = CYLINDRICAL_SURFACE ( 'NONE', #978, 0.5000000000000000000 ) ;
#1258 = DIRECTION ( 'NONE',  ( 0.000000000000000000, 1.000000000000000000, 0.000000000000000000 ) ) ;
#1259 = ORIENTED_EDGE ( 'NONE', *, *, #1663, .T. ) ;
#1260 = ORIENTED_EDGE ( 'NONE', *, *, #5568, .T. ) ;
#1261 = LINE ( 'NONE', #791, #5013 ) ;
#1262 = EDGE_LOOP ( 'NONE', ( #6028, #4686, #1456, #4311, #3964, #2010, #885, #5800, #4845 ) ) ;
#1263 = CARTESIAN_POINT ( 'NONE',  ( -3.491481338843134933E-15, 2.500000000000000000, -1.000000000000000222 ) ) ;
#1264 = EDGE_CURVE ( 'NONE', #1150, #2102, #1406, .T. ) ;
#1265 = CIRCLE ( 'NONE', #5082, 0.5000000000000003331 ) ;
#1266 = CARTESIAN_POINT ( 'NONE',  ( -4.063012012678481000, 2.500000000000000444, 6.891439137424804073 ) ) ;
#1267 = ORIENTED_EDGE ( 'NONE', *, *, #801, .F. ) ;
#1268 = AXIS2_PLACEMENT_3D ( 'NONE', #1661, #1147, #672 ) ;
#1269 = EDGE_CURVE ( 'NONE', #3613, #5713, #4400, .T. ) ;
#1270 = VECTOR ( 'NONE', #1696, 1000.000000000000000 ) ;
#1271 = CIRCLE ( 'NONE', #2096, 18.00000000000000355 ) ;
#1272 = EDGE_LOOP ( 'NONE', ( #5844, #506, #1843, #5687 ) ) ;
#1273 = DIRECTION ( 'NONE',  ( 0.7071067811865406894, -0.000000000000000000, -0.7071067811865544561 ) ) ;
#1274 = EDGE_CURVE ( 'NONE', #4281, #6273, #1091, .T. ) ;
#1275 = CARTESIAN_POINT ( 'NONE',  ( -10.87907729077098296, 3.001000000000000334, 13.70750441551747123 ) ) ;
#1276 = AXIS2_PLACEMENT_3D ( 'NONE', #200, #2695, #2113 ) ;
#1277 = CIRCLE ( 'NONE', #137, 18.50000000000000355 ) ;
#1278 = DIRECTION ( 'NONE',  ( -1.040834085586084257E-14, 0.000000000000000000, -1.000000000000000000 ) ) ;
#1279 = DIRECTION ( 'NONE',  ( 0.000000000000000000, 0.000000000000000000, -1.000000000000000000 ) ) ;
#1280 = CARTESIAN_POINT ( 'NONE',  ( 7.745966692414828714, -2.500000000000000444, -1.000000000000027089 ) ) ;
#1281 = ORIENTED_EDGE ( 'NONE', *, *, #3833, .T. ) ;
#1282 = CARTESIAN_POINT ( 'NONE',  ( 1.999999999999999112, 2.500000000000000000, 18.38533865071370954 ) ) ;
#1283 = EDGE_CURVE ( 'NONE', #487, #3690, #3056, .T. ) ;
#1284 = AXIS2_PLACEMENT_3D ( 'NONE', #638, #2610, #4122 ) ;
#1285 = CIRCLE ( 'NONE', #1571, 0.5000000000000000000 ) ;
#1286 = CARTESIAN_POINT ( 'NONE',  ( 1.499999999999958922, 2.500000000000000000, -7.745966692414841148 ) ) ;
#1287 = CARTESIAN_POINT ( 'NONE',  ( -1.999999999999999112, -2.499999999999999556, -17.88533865071370954 ) ) ;
#1288 = TOROIDAL_SURFACE ( 'NONE', #2632, 18.50000000000000355, 0.5000000000000000000 ) ;
#1289 = CARTESIAN_POINT ( 'NONE',  ( 0.000000000000000000, 3.000000000000000000, 0.000000000000000000 ) ) ;
#1290 = ORIENTED_EDGE ( 'NONE', *, *, #4824, .T. ) ;
#1291 = ORIENTED_EDGE ( 'NONE', *, *, #4403, .T. ) ;
#1292 = ADVANCED_FACE ( 'NONE', ( #840 ), #2329, .F. ) ;
#1293 = DIRECTION ( 'NONE',  ( 0.000000000000000000, 1.000000000000000000, 0.000000000000000000 ) ) ;
#1294 = AXIS2_PLACEMENT_3D ( 'NONE', #2107, #6019, #5473 ) ;
#1295 = CARTESIAN_POINT ( 'NONE',  ( 0.000000000000000000, 3.001000000000000334, 0.000000000000000000 ) ) ;
#1296 = DIRECTION ( 'NONE',  ( 0.000000000000000000, 0.000000000000000000, -1.000000000000000000 ) ) ;
#1297 = CARTESIAN_POINT ( 'NONE',  ( -1.749999999999917843, -3.000000000000000000, 6.777720855863002214 ) ) ;
#1298 = ORIENTED_EDGE ( 'NONE', *, *, #2740, .F. ) ;
#1299 = AXIS2_PLACEMENT_3D ( 'NONE', #5623, #1737, #1192 ) ;
#1300 = ORIENTED_EDGE ( 'NONE', *, *, #4351, .T. ) ;
#1301 = CARTESIAN_POINT ( 'NONE',  ( 0.000000000000000000, -0.5000000000000000000, 0.000000000000000000 ) ) ;
#1302 = ORIENTED_EDGE ( 'NONE', *, *, #4832, .T. ) ;
#1303 = CARTESIAN_POINT ( 'NONE',  ( -1.500000000000000000, 3.000000000000000000, -7.745966692414832266 ) ) ;
#1304 = ORIENTED_EDGE ( 'NONE', *, *, #3963, .F. ) ;
#1305 = AXIS2_PLACEMENT_3D ( 'NONE', #5625, #710, #4646 ) ;
#1306 = LINE ( 'NONE', #5797, #1900 ) ;
#1307 = ORIENTED_EDGE ( 'NONE', *, *, #100, .F. ) ;
#1308 = EDGE_CURVE ( 'NONE', #6076, #2597, #4324, .T. ) ;
#1309 = ORIENTED_EDGE ( 'NONE', *, *, #1944, .F. ) ;
#1310 = DIRECTION ( 'NONE',  ( 0.000000000000000000, 1.000000000000000000, 0.000000000000000000 ) ) ;
#1311 = CARTESIAN_POINT ( 'NONE',  ( -1.499999999999905409, 2.500000000000000000, 7.745966692414850918 ) ) ;
#1312 = CARTESIAN_POINT ( 'NONE',  ( -14.09914739881772050, 3.001000000000000334, 11.18990807050762015 ) ) ;
#1313 = DIRECTION ( 'NONE',  ( 0.000000000000000000, 1.000000000000000000, 0.000000000000000000 ) ) ;
#1314 = EDGE_CURVE ( 'NONE', #6273, #2665, #1866, .T. ) ;
#1315 = EDGE_CURVE ( 'NONE', #925, #6273, #5747, .T. ) ;
#1316 = DIRECTION ( 'NONE',  ( -0.000000000000000000, -1.000000000000000000, -0.000000000000000000 ) ) ;
#1317 = ORIENTED_EDGE ( 'NONE', *, *, #3692, .F. ) ;
#1318 = LINE ( 'NONE', #351, #6003 ) ;
#1319 = DIRECTION ( 'NONE',  ( 0.000000000000000000, 0.000000000000000000, 1.000000000000000000 ) ) ;
#1320 = CYLINDRICAL_SURFACE ( 'NONE', #572, 0.5000000000000000000 ) ;
#1321 = EDGE_CURVE ( 'NONE', #813, #6277, #548, .T. ) ;
#1322 = DIRECTION ( 'NONE',  ( 0.000000000000000000, 0.000000000000000000, 1.000000000000000000 ) ) ;
#1323 = ORIENTED_EDGE ( 'NONE', *, *, #2649, .F. ) ;
#1324 = ORIENTED_EDGE ( 'NONE', *, *, #1176, .T. ) ;
#1325 = CARTESIAN_POINT ( 'NONE',  ( 6.256812594486438783, -2.500000000000000444, -4.135492250926833258 ) ) ;
#1326 = CARTESIAN_POINT ( 'NONE',  ( 1.999999999999999112, 3.000000000000000000, 7.745966692414832266 ) ) ;
#1327 = ADVANCED_FACE ( 'NONE', ( #1901 ), #6326, .F. ) ;
#1328 = DIRECTION ( 'NONE',  ( 0.000000000000000000, 1.000000000000000000, 0.000000000000000000 ) ) ;
#1329 = CARTESIAN_POINT ( 'NONE',  ( 6.777720855862983562, -3.000000000000000000, 1.749999999999988232 ) ) ;
#1330 = ORIENTED_EDGE ( 'NONE', *, *, #5182, .F. ) ;
#1331 = ORIENTED_EDGE ( 'NONE', *, *, #3798, .F. ) ;
#1332 = DIRECTION ( 'NONE',  ( 0.000000000000000000, 1.000000000000000000, 0.000000000000000000 ) ) ;
#1333 = FACE_OUTER_BOUND ( 'NONE', #5890, .T. ) ;
#1334 = AXIS2_PLACEMENT_3D ( 'NONE', #478, #2453, #6391 ) ;
#1335 = ORIENTED_EDGE ( 'NONE', *, *, #1952, .F. ) ;
#1336 = ADVANCED_FACE ( 'NONE', ( #5032 ), #1567, .T. ) ;
#1337 = LINE ( 'NONE', #795, #4482 ) ;
#1338 = ORIENTED_EDGE ( 'NONE', *, *, #3147, .T. ) ;
#1339 = ORIENTED_EDGE ( 'NONE', *, *, #5553, .F. ) ;
#1340 = DIRECTION ( 'NONE',  ( -0.7071067811865536790, 0.000000000000000000, -0.7071067811865414665 ) ) ;
#1341 = DIRECTION ( 'NONE',  ( 0.1142857142857023611, -8.673617379884048291E-16, -0.9934479228979277154 ) ) ;
#1342 = CIRCLE ( 'NONE', #4639, 0.5000000000000001110 ) ;
#1343 = DIRECTION ( 'NONE',  ( 0.000000000000000000, 0.000000000000000000, 1.000000000000000000 ) ) ;
#1344 = CARTESIAN_POINT ( 'NONE',  ( 11.18990807050739633, 2.500000000000000000, -14.09914739881789814 ) ) ;
#1345 = CARTESIAN_POINT ( 'NONE',  ( 1.999999999999999112, -2.499999999999999556, 17.38533865071370954 ) ) ;
#1346 = EDGE_LOOP ( 'NONE', ( #2497, #841, #617, #5413, #1026, #1758, #6201, #4664, #1765 ) ) ;
#1347 = EDGE_CURVE ( 'NONE', #5288, #4785, #5412, .T. ) ;
#1348 = CARTESIAN_POINT ( 'NONE',  ( -1.499999999999910294, 3.001000000000000334, 7.348469228349553184 ) ) ;
#1349 = CARTESIAN_POINT ( 'NONE',  ( 10.87907729077107888, 2.500000000000000000, -13.70750441551739662 ) ) ;
#1350 = DIRECTION ( 'NONE',  ( -0.000000000000000000, -1.000000000000000000, -0.000000000000000000 ) ) ;
#1351 = EDGE_LOOP ( 'NONE', ( #4923, #4764, #2499, #3795, #6281 ) ) ;
#1352 = EDGE_CURVE ( 'NONE', #5767, #4694, #1891, .T. ) ;
#1353 = AXIS2_PLACEMENT_3D ( 'NONE', #2281, #899, #6317 ) ;
#1354 = DIRECTION ( 'NONE',  ( -0.7832859666009881483, 0.000000000000000000, 0.6216615594726407901 ) ) ;
#1355 = CARTESIAN_POINT ( 'NONE',  ( 13.35395102492408803, -2.500000000000000444, 11.23263068136440523 ) ) ;
#1356 = ORIENTED_EDGE ( 'NONE', *, *, #5978, .T. ) ;
#1357 = TOROIDAL_SURFACE ( 'NONE', #3624, 7.000000000000000888, 0.5000000000000000000 ) ;
#1358 = VECTOR ( 'NONE', #126, 1000.000000000000000 ) ;
#1359 = ORIENTED_EDGE ( 'NONE', *, *, #3294, .T. ) ;
#1360 = CARTESIAN_POINT ( 'NONE',  ( 0.000000000000000000, -3.000000000000000000, 0.000000000000000000 ) ) ;
#1361 = ADVANCED_FACE ( 'NONE', ( #994 ), #4056, .T. ) ;
#1362 = CIRCLE ( 'NONE', #1664, 0.5000000000000000000 ) ;
#1363 = ORIENTED_EDGE ( 'NONE', *, *, #5033, .F. ) ;
#1364 = ORIENTED_EDGE ( 'NONE', *, *, #2463, .F. ) ;
#1365 = AXIS2_PLACEMENT_3D ( 'NONE', #698, #2635, #174 ) ;
#1366 = FACE_OUTER_BOUND ( 'NONE', #4550, .T. ) ;
#1367 = ORIENTED_EDGE ( 'NONE', *, *, #1542, .T. ) ;
#1368 = AXIS2_PLACEMENT_3D ( 'NONE', #973, #5352, #3424 ) ;
#1369 = CARTESIAN_POINT ( 'NONE',  ( -13.00039763433067108, 2.500000000000000000, 11.58618407195783639 ) ) ;
#1370 = FACE_OUTER_BOUND ( 'NONE', #298, .T. ) ;
#1371 = TOROIDAL_SURFACE ( 'NONE', #3119, 18.50000000000000355, 0.5000000000000000000 ) ;
#1372 = CIRCLE ( 'NONE', #5183, 0.5000000000000000000 ) ;
#1373 = AXIS2_PLACEMENT_3D ( 'NONE', #3394, #458, #4404 ) ;
#1374 = DIRECTION ( 'NONE',  ( 0.000000000000000000, 1.000000000000000000, 0.000000000000000000 ) ) ;
#1375 = CIRCLE ( 'NONE', #4371, 0.5000000000000000000 ) ;
#1376 = CARTESIAN_POINT ( 'NONE',  ( -17.38533865071368822, 3.000000000000000000, 2.000000000000181188 ) ) ;
#1377 = FACE_OUTER_BOUND ( 'NONE', #3647, .T. ) ;
#1378 = ORIENTED_EDGE ( 'NONE', *, *, #2105, .F. ) ;
#1379 = CIRCLE ( 'NONE', #1190, 0.9999999999999991118 ) ;
#1380 = AXIS2_PLACEMENT_3D ( 'NONE', #4513, #6274, #4419 ) ;
#1381 = DIRECTION ( 'NONE',  ( -0.000000000000000000, -1.000000000000000000, -0.000000000000000000 ) ) ;
#1382 = DIRECTION ( 'NONE',  ( 0.000000000000000000, 1.000000000000000000, 0.000000000000000000 ) ) ;
#1383 = AXIS2_PLACEMENT_3D ( 'NONE', #5414, #3984, #4466 ) ;
#1384 = DIRECTION ( 'NONE',  ( 6.938893903907228378E-15, 0.000000000000000000, 1.000000000000000000 ) ) ;
#1385 = VECTOR ( 'NONE', #4697, 1000.000000000000000 ) ;
#1386 = ADVANCED_FACE ( 'NONE', ( #3088 ), #3437, .T. ) ;
#1387 = VERTEX_POINT ( 'NONE', #602 ) ;
#1388 = EDGE_CURVE ( 'NONE', #812, #5338, #5820, .T. ) ;
#1389 = CARTESIAN_POINT ( 'NONE',  ( -1.999999999999905409, -3.000000000000000000, 7.745966692414857135 ) ) ;
#1390 = ORIENTED_EDGE ( 'NONE', *, *, #4365, .T. ) ;
#1391 = EDGE_CURVE ( 'NONE', #1840, #2160, #4053, .T. ) ;
#1392 = ORIENTED_EDGE ( 'NONE', *, *, #5033, .T. ) ;
#1393 = AXIS2_PLACEMENT_3D ( 'NONE', #4675, #2576, #6070 ) ;
#1394 = DIRECTION ( 'NONE',  ( 0.000000000000000000, 1.000000000000000000, 0.000000000000000000 ) ) ;
#1395 = ADVANCED_FACE ( 'NONE', ( #5948 ), #2484, .F. ) ;
#1396 = AXIS2_PLACEMENT_3D ( 'NONE', #4010, #1103, #5990 ) ;
#1397 = EDGE_LOOP ( 'NONE', ( #2800, #154, #6065, #1281, #1683, #2651, #1231, #2115, #6005 ) ) ;
#1398 = CIRCLE ( 'NONE', #4080, 18.50000000000000355 ) ;
#1399 = CIRCLE ( 'NONE', #53, 1.000000000000000888 ) ;
#1400 = ORIENTED_EDGE ( 'NONE', *, *, #2270, .F. ) ;
#1401 = EDGE_CURVE ( 'NONE', #3102, #4116, #2086, .T. ) ;
#1402 = CYLINDRICAL_SURFACE ( 'NONE', #4069, 0.5000000000000000000 ) ;
#1403 = ORIENTED_EDGE ( 'NONE', *, *, #5546, .F. ) ;
#1404 = EDGE_CURVE ( 'NONE', #6091, #5793, #4266, .T. ) ;
#1405 = CYLINDRICAL_SURFACE ( 'NONE', #2399, 0.5000000000000000000 ) ;
#1406 = CIRCLE ( 'NONE', #5848, 0.5000000000000004441 ) ;
#1407 = DIRECTION ( 'NONE',  ( 0.000000000000000000, 1.000000000000000000, 0.000000000000000000 ) ) ;
#1408 = AXIS2_PLACEMENT_3D ( 'NONE', #2217, #1658, #5576 ) ;
#1409 = CARTESIAN_POINT ( 'NONE',  ( -1.500000000000000000, -2.999999999999998224, -17.38533865071370954 ) ) ;
#1410 = DIRECTION ( 'NONE',  ( 0.000000000000000000, 0.000000000000000000, 1.000000000000000000 ) ) ;
#1411 = LINE ( 'NONE', #5238, #28 ) ;
#1412 = ORIENTED_EDGE ( 'NONE', *, *, #2462, .T. ) ;
#1413 = AXIS2_PLACEMENT_3D ( 'NONE', #3438, #4896, #5424 ) ;
#1414 = CARTESIAN_POINT ( 'NONE',  ( 13.00039763433075279, 3.000000000000000000, -11.58618407195774225 ) ) ;
#1415 = DIRECTION ( 'NONE',  ( 0.000000000000000000, 0.000000000000000000, 1.000000000000000000 ) ) ;
#1416 = LINE ( 'NONE', #447, #272 ) ;
#1417 = ORIENTED_EDGE ( 'NONE', *, *, #488, .F. ) ;
#1418 = CARTESIAN_POINT ( 'NONE',  ( 1.499999999999958922, -2.500000000000000444, -7.745966692414841148 ) ) ;
#1419 = ORIENTED_EDGE ( 'NONE', *, *, #5156, .F. ) ;
#1420 = EDGE_LOOP ( 'NONE', ( #5067, #2166, #1652, #5621 ) ) ;
#1421 = DIRECTION ( 'NONE',  ( 0.000000000000000000, 0.000000000000000000, 1.000000000000000000 ) ) ;
#1422 = EDGE_CURVE ( 'NONE', #428, #2090, #4677, .T. ) ;
#1423 = VERTEX_POINT ( 'NONE', #79 ) ;
#1424 = CARTESIAN_POINT ( 'NONE',  ( -1.000000000000000000, -2.500000000000000000, -17.38533865071370954 ) ) ;
#1425 = ORIENTED_EDGE ( 'NONE', *, *, #1910, .T. ) ;
#1426 = CYLINDRICAL_SURFACE ( 'NONE', #2332, 0.5000000000000001110 ) ;
#1427 = VERTEX_POINT ( 'NONE', #4932 ) ;
#1428 = DIRECTION ( 'NONE',  ( 0.000000000000000000, 0.000000000000000000, 1.000000000000000000 ) ) ;
#1429 = DIRECTION ( 'NONE',  ( 1.000000000000000000, 0.000000000000000000, 0.000000000000000000 ) ) ;
#1430 = EDGE_CURVE ( 'NONE', #3720, #3656, #4984, .T. ) ;
#1431 = DIRECTION ( 'NONE',  ( 0.000000000000000000, 0.000000000000000000, -1.000000000000000000 ) ) ;
#1432 = CARTESIAN_POINT ( 'NONE',  ( 13.70750441551736287, 3.000000000000000000, 10.87907729077112862 ) ) ;
#1433 = ORIENTED_EDGE ( 'NONE', *, *, #5821, .T. ) ;
#1434 = CARTESIAN_POINT ( 'NONE',  ( -7.261843774138887930, 3.001000000000000334, 1.875000000000075717 ) ) ;
#1435 = CIRCLE ( 'NONE', #6088, 18.50000000000000355 ) ;
#1436 = DIRECTION ( 'NONE',  ( 0.000000000000000000, 1.000000000000000000, 0.000000000000000000 ) ) ;
#1437 = ADVANCED_FACE ( 'NONE', ( #5457 ), #134, .T. ) ;
#1438 = CARTESIAN_POINT ( 'NONE',  ( 0.000000000000000000, -3.000000000000000000, 0.000000000000000000 ) ) ;
#1439 = DIRECTION ( 'NONE',  ( 0.000000000000000000, 1.000000000000000000, 0.000000000000000000 ) ) ;
#1440 = AXIS2_PLACEMENT_3D ( 'NONE', #1142, #3115, #177 ) ;
#1441 = FACE_OUTER_BOUND ( 'NONE', #1713, .T. ) ;
#1442 = CARTESIAN_POINT ( 'NONE',  ( 7.261843774138901253, -2.500000000000000444, -1.875000000000025091 ) ) ;
#1443 = EDGE_LOOP ( 'NONE', ( #3983, #4223, #481, #1582, #228, #1529, #4339, #6387, #6288 ) ) ;
#1444 = CARTESIAN_POINT ( 'NONE',  ( 0.000000000000000000, -3.000000000000000000, 22.50000000000000355 ) ) ;
#1445 = DIRECTION ( 'NONE',  ( 0.000000000000000000, 0.000000000000000000, 1.000000000000000000 ) ) ;
#1446 = VERTEX_POINT ( 'NONE', #1052 ) ;
#1447 = ORIENTED_EDGE ( 'NONE', *, *, #5671, .F. ) ;
#1448 = DIRECTION ( 'NONE',  ( 0.000000000000000000, 0.000000000000000000, 1.000000000000000000 ) ) ;
#1449 = ORIENTED_EDGE ( 'NONE', *, *, #4623, .T. ) ;
#1450 = CIRCLE ( 'NONE', #2076, 0.5000000000000006661 ) ;
#1451 = FACE_OUTER_BOUND ( 'NONE', #2661, .T. ) ;
#1452 = ORIENTED_EDGE ( 'NONE', *, *, #2933, .F. ) ;
#1453 = ORIENTED_EDGE ( 'NONE', *, *, #3526, .T. ) ;
#1454 = DIRECTION ( 'NONE',  ( 4.440892098500626162E-15, 0.000000000000000000, 1.000000000000000000 ) ) ;
#1455 = EDGE_CURVE ( 'NONE', #1427, #3859, #2617, .T. ) ;
#1456 = ORIENTED_EDGE ( 'NONE', *, *, #1873, .F. ) ;
#1457 = DIRECTION ( 'NONE',  ( 0.000000000000000000, 1.000000000000000000, 0.000000000000000000 ) ) ;
#1458 = TOROIDAL_SURFACE ( 'NONE', #5073, 1.000000000000000000, 0.5000000000000000000 ) ;
#1459 = AXIS2_PLACEMENT_3D ( 'NONE', #3587, #2562, #1166 ) ;
#1460 = ADVANCED_FACE ( 'NONE', ( #2052 ), #1577, .T. ) ;
#1461 = DIRECTION ( 'NONE',  ( 0.000000000000000000, 0.000000000000000000, 1.000000000000000000 ) ) ;
#1462 = AXIS2_PLACEMENT_3D ( 'NONE', #1238, #4831, #5332 ) ;
#1463 = CARTESIAN_POINT ( 'NONE',  ( -0.9999999999997888356, -2.500000000000000444, 17.38533865071372020 ) ) ;
#1464 = EDGE_CURVE ( 'NONE', #3517, #827, #5927, .T. ) ;
#1465 = ORIENTED_EDGE ( 'NONE', *, *, #5660, .F. ) ;
#1466 = SURFACE_SIDE_STYLE ('',( #3408 ) ) ;
#1467 = CIRCLE ( 'NONE', #343, 0.4999999999999995559 ) ;
#1468 = CARTESIAN_POINT ( 'NONE',  ( -4.063012012678481000, 3.001000000000000334, 6.891439137424804073 ) ) ;
#1469 = AXIS2_PLACEMENT_3D ( 'NONE', #4936, #4911, #2580 ) ;
#1470 = AXIS2_PLACEMENT_3D ( 'NONE', #2161, #1517, #3488 ) ;
#1471 = DIRECTION ( 'NONE',  ( -1.000000000000000000, 0.000000000000000000, 0.000000000000000000 ) ) ;
#1472 = CARTESIAN_POINT ( 'NONE',  ( -0.9999999999999055200, -3.000000000000000000, 7.745966692414844701 ) ) ;
#1473 = CARTESIAN_POINT ( 'NONE',  ( 1.500000000000000000, 3.001000000000000334, 17.93739111465210101 ) ) ;
#1474 = EDGE_CURVE ( 'NONE', #5254, #2341, #2181, .T. ) ;
#1475 = AXIS2_PLACEMENT_3D ( 'NONE', #383, #2352, #5843 ) ;
#1476 = CIRCLE ( 'NONE', #2312, 0.5000000000000000000 ) ;
#1477 = ORIENTED_EDGE ( 'NONE', *, *, #1839, .F. ) ;
#1478 = AXIS2_PLACEMENT_3D ( 'NONE', #2515, #2455, #5910 ) ;
#1479 = ORIENTED_EDGE ( 'NONE', *, *, #4824, .F. ) ;
#1480 = CIRCLE ( 'NONE', #4057, 0.5000000000000004441 ) ;
#1481 = CARTESIAN_POINT ( 'NONE',  ( 0.000000000000000000, 2.500000000000000000, 0.000000000000000000 ) ) ;
#1482 = AXIS2_PLACEMENT_3D ( 'NONE', #1263, #229, #1845 ) ;
#1483 = DIRECTION ( 'NONE',  ( -0.000000000000000000, -1.000000000000000000, -0.000000000000000000 ) ) ;
#1484 = ORIENTED_EDGE ( 'NONE', *, *, #3922, .T. ) ;
#1485 = EDGE_CURVE ( 'NONE', #3682, #582, #2152, .T. ) ;
#1486 = ORIENTED_EDGE ( 'NONE', *, *, #2655, .F. ) ;
#1487 = CARTESIAN_POINT ( 'NONE',  ( 0.000000000000000000, 0.000000000000000000, 0.000000000000000000 ) ) ;
#1488 = CYLINDRICAL_SURFACE ( 'NONE', #3137, 0.4999999999999995559 ) ;
#1489 = VECTOR ( 'NONE', #6291, 1000.000000000000000 ) ;
#1490 = ORIENTED_EDGE ( 'NONE', *, *, #4635, .T. ) ;
#1491 = DIRECTION ( 'NONE',  ( -0.7071067811865406894, -8.673617379884023639E-16, 0.7071067811865545671 ) ) ;
#1492 = VERTEX_POINT ( 'NONE', #5712 ) ;
#1493 = AXIS2_PLACEMENT_3D ( 'NONE', #920, #1429, #1924 ) ;
#1494 = ORIENTED_EDGE ( 'NONE', *, *, #4514, .F. ) ;
#1495 = CARTESIAN_POINT ( 'NONE',  ( 6.777720855862983562, 2.500000000000000000, 1.749999999999988232 ) ) ;
#1496 = ORIENTED_EDGE ( 'NONE', *, *, #1352, .T. ) ;
#1497 = FACE_OUTER_BOUND ( 'NONE', #3133, .T. ) ;
#1498 = VECTOR ( 'NONE', #4410, 1000.000000000000000 ) ;
#1499 = EDGE_CURVE ( 'NONE', #812, #4605, #355, .T. ) ;
#1500 = LINE ( 'NONE', #42, #358 ) ;
#1501 = DIRECTION ( 'NONE',  ( 5.218048215738235740E-15, -0.000000000000000000, 1.000000000000000000 ) ) ;
#1502 = ORIENTED_EDGE ( 'NONE', *, *, #2872, .F. ) ;
#1503 = AXIS2_PLACEMENT_3D ( 'NONE', #5135, #3677, #4644 ) ;
#1504 = DIRECTION ( 'NONE',  ( 0.1142857142857143377, 0.000000000000000000, 0.9934479228979262722 ) ) ;
#1505 = AXIS2_PLACEMENT_3D ( 'NONE', #6272, #6239, #5344 ) ;
#1506 = ADVANCED_FACE ( 'NONE', ( #737 ), #6132, .F. ) ;
#1507 = DIRECTION ( 'NONE',  ( 0.000000000000000000, 0.000000000000000000, -1.000000000000000000 ) ) ;
#1508 = CARTESIAN_POINT ( 'NONE',  ( 4.770118793865111506, -3.000000000000000000, 6.184332356238207318 ) ) ;
#1509 = DIRECTION ( 'NONE',  ( -1.000000000000000000, -0.000000000000000000, 1.776356839400250465E-15 ) ) ;
#1510 = ORIENTED_EDGE ( 'NONE', *, *, #4908, .T. ) ;
#1511 = ORIENTED_EDGE ( 'NONE', *, *, #4663, .T. ) ;
#1512 = EDGE_CURVE ( 'NONE', #5036, #3497, #2199, .T. ) ;
#1513 = CARTESIAN_POINT ( 'NONE',  ( 4.063012012678565377, 2.500000000000000000, 6.891439137424754335 ) ) ;
#1514 = DIRECTION ( 'NONE',  ( 0.000000000000000000, 0.000000000000000000, 1.000000000000000000 ) ) ;
#1515 = ORIENTED_EDGE ( 'NONE', *, *, #2022, .F. ) ;
#1516 = ORIENTED_EDGE ( 'NONE', *, *, #5474, .T. ) ;
#1517 = DIRECTION ( 'NONE',  ( -0.2500000000000102141, 0.000000000000000000, -0.9682458365518515908 ) ) ;
#1518 = EDGE_LOOP ( 'NONE', ( #2363, #1477, #604, #5324 ) ) ;
#1519 = EDGE_CURVE ( 'NONE', #1539, #5136, #3541, .T. ) ;
#1520 = CARTESIAN_POINT ( 'NONE',  ( 17.93739111465210456, 3.000000000000000000, 0.9999999999999685807 ) ) ;
#1521 = DIRECTION ( 'NONE',  ( 0.000000000000000000, 0.000000000000000000, 1.000000000000000000 ) ) ;
#1522 = ORIENTED_EDGE ( 'NONE', *, *, #5629, .F. ) ;
#1523 = DIRECTION ( 'NONE',  ( 0.000000000000000000, 0.000000000000000000, 1.000000000000000000 ) ) ;
#1524 = VERTEX_POINT ( 'NONE', #3604 ) ;
#1525 = ADVANCED_BREP_SHAPE_REPRESENTATION ( 'SL_Disk', ( #4299, #5745 ), #4295 ) ;
#1526 = DIRECTION ( 'NONE',  ( -0.000000000000000000, -1.000000000000000000, -0.000000000000000000 ) ) ;
#1527 = DIRECTION ( 'NONE',  ( 0.000000000000000000, 0.000000000000000000, 1.000000000000000000 ) ) ;
#1528 = DIRECTION ( 'NONE',  ( 0.000000000000000000, 0.000000000000000000, 1.000000000000000000 ) ) ;
#1529 = ORIENTED_EDGE ( 'NONE', *, *, #3798, .T. ) ;
#1530 = DIRECTION ( 'NONE',  ( 0.7071067811865401342, -0.000000000000000000, -0.7071067811865550112 ) ) ;
#1531 = AXIS2_PLACEMENT_3D ( 'NONE', #3588, #5470, #1521 ) ;
#1532 = TOROIDAL_SURFACE ( 'NONE', #3186, 18.50000000000000355, 0.5000000000000000000 ) ;
#1533 = DIRECTION ( 'NONE',  ( -0.000000000000000000, 0.000000000000000000, 1.000000000000000000 ) ) ;
#1534 = CARTESIAN_POINT ( 'NONE',  ( 6.256812594486438783, 3.001000000000000334, -4.135492250926833258 ) ) ;
#1535 = DIRECTION ( 'NONE',  ( 0.000000000000000000, 1.000000000000000000, 0.000000000000000000 ) ) ;
#1536 = VERTEX_POINT ( 'NONE', #3118 ) ;
#1537 = EDGE_CURVE ( 'NONE', #1053, #5577, #1375, .T. ) ;
#1538 = VECTOR ( 'NONE', #1681, 1000.000000000000114 ) ;
#1539 = VERTEX_POINT ( 'NONE', #5060 ) ;
#1540 = CIRCLE ( 'NONE', #4947, 1.000000000000000000 ) ;
#1541 = CARTESIAN_POINT ( 'NONE',  ( 13.70750441551730425, -2.499999999999999556, -10.87907729077119789 ) ) ;
#1542 = EDGE_CURVE ( 'NONE', #1728, #3628, #1271, .T. ) ;
#1543 = DIRECTION ( 'NONE',  ( 0.000000000000000000, 0.000000000000000000, 1.000000000000000000 ) ) ;
#1544 = ORIENTED_EDGE ( 'NONE', *, *, #1598, .T. ) ;
#1545 = ORIENTED_EDGE ( 'NONE', *, *, #4553, .F. ) ;
#1546 = EDGE_CURVE ( 'NONE', #5741, #98, #145, .T. ) ;
#1547 = CARTESIAN_POINT ( 'NONE',  ( -13.70750441551722787, 3.000000000000000000, 11.87907729077129737 ) ) ;
#1548 = EDGE_LOOP ( 'NONE', ( #6276, #1874, #3309, #2493 ) ) ;
#1549 = LINE ( 'NONE', #1031, #433 ) ;
#1550 = CARTESIAN_POINT ( 'NONE',  ( -7.745966692414816279, -2.500000000000000444, 1.500000000000081046 ) ) ;
#1551 = EDGE_LOOP ( 'NONE', ( #1203, #652, #6242, #518, #6302, #6077, #3165, #1630, #3580 ) ) ;
#1552 = CARTESIAN_POINT ( 'NONE',  ( -1.999999999999788836, -3.000000000000000000, 17.38533865071373441 ) ) ;
#1553 = ADVANCED_FACE ( 'NONE', ( #246 ), #6096, .F. ) ;
#1554 = ORIENTED_EDGE ( 'NONE', *, *, #2356, .F. ) ;
#1555 = CARTESIAN_POINT ( 'NONE',  ( 1.999999999999999112, -2.499999999999999556, 7.745966692414832266 ) ) ;
#1556 = CIRCLE ( 'NONE', #740, 0.5000000000000000000 ) ;
#1557 = AXIS2_PLACEMENT_3D ( 'NONE', #5748, #5807, #1831 ) ;
#1558 = DIRECTION ( 'NONE',  ( 0.000000000000000000, 0.000000000000000000, 1.000000000000000000 ) ) ;
#1559 = AXIS2_PLACEMENT_3D ( 'NONE', #4712, #3739, #6234 ) ;
#1560 = CIRCLE ( 'NONE', #2706, 0.5000000000000000000 ) ;
#1561 = ORIENTED_EDGE ( 'NONE', *, *, #734, .T. ) ;
#1562 = DIRECTION ( 'NONE',  ( 0.000000000000000000, 0.000000000000000000, -1.000000000000000000 ) ) ;
#1563 = CARTESIAN_POINT ( 'NONE',  ( -5.903259203893219009, 3.000000000000000000, -4.489045641520030827 ) ) ;
#1564 = VECTOR ( 'NONE', #3178, 1000.000000000000000 ) ;
#1565 = CARTESIAN_POINT ( 'NONE',  ( -1.000000000000000000, 3.000000000000000000, -7.348469228349534532 ) ) ;
#1566 = DIRECTION ( 'NONE',  ( 0.000000000000000000, 0.000000000000000000, 1.000000000000000000 ) ) ;
#1567 = CYLINDRICAL_SURFACE ( 'NONE', #2413, 0.4999999999999994449 ) ;
#1568 = AXIS2_PLACEMENT_3D ( 'NONE', #5896, #3498, #1428 ) ;
#1569 = CIRCLE ( 'NONE', #5500, 0.5000000000000000000 ) ;
#1570 = VERTEX_POINT ( 'NONE', #4091 ) ;
#1571 = AXIS2_PLACEMENT_3D ( 'NONE', #4792, #2878, #4849 ) ;
#1572 = DIRECTION ( 'NONE',  ( -0.000000000000000000, -1.000000000000000000, -0.000000000000000000 ) ) ;
#1573 = EDGE_CURVE ( 'NONE', #4811, #622, #6235, .T. ) ;
#1574 = AXIS2_PLACEMENT_3D ( 'NONE', #2025, #4993, #5905 ) ;
#1575 = CARTESIAN_POINT ( 'NONE',  ( -18.37878657361161672, -2.500000000000000444, 2.114285714285906614 ) ) ;
#1576 = ORIENTED_EDGE ( 'NONE', *, *, #1583, .F. ) ;
#1577 = TOROIDAL_SURFACE ( 'NONE', #4571, 1.000000000000000000, 0.5000000000000000000 ) ;
#1578 = ORIENTED_EDGE ( 'NONE', *, *, #4439, .F. ) ;
#1579 = CARTESIAN_POINT ( 'NONE',  ( 14.09914739881785906, -2.500000000000000444, 11.18990807050744607 ) ) ;
#1580 = CIRCLE ( 'NONE', #5097, 0.5000000000000000000 ) ;
#1581 = AXIS2_PLACEMENT_3D ( 'NONE', #5449, #1011, #2988 ) ;
#1582 = ORIENTED_EDGE ( 'NONE', *, *, #889, .T. ) ;
#1583 = EDGE_CURVE ( 'NONE', #582, #682, #5612, .T. ) ;
#1584 = DIRECTION ( 'NONE',  ( 0.000000000000000000, 0.000000000000000000, 1.000000000000000000 ) ) ;
#1585 = DIRECTION ( 'NONE',  ( 0.000000000000000000, 0.000000000000000000, 1.000000000000000000 ) ) ;
#1586 = AXIS2_PLACEMENT_3D ( 'NONE', #1266, #3763, #3340 ) ;
#1587 = ORIENTED_EDGE ( 'NONE', *, *, #3197, .T. ) ;
#1588 = DIRECTION ( 'NONE',  ( 0.000000000000000000, 0.000000000000000000, 1.000000000000000000 ) ) ;
#1589 = ORIENTED_EDGE ( 'NONE', *, *, #442, .F. ) ;
#1590 = DIRECTION ( 'NONE',  ( 0.000000000000000000, 0.000000000000000000, -1.000000000000000000 ) ) ;
#1591 = TOROIDAL_SURFACE ( 'NONE', #2427, 1.000000000000000000, 0.5000000000000000000 ) ;
#1592 = EDGE_CURVE ( 'NONE', #5739, #3882, #1792, .T. ) ;
#1593 = DIRECTION ( 'NONE',  ( 0.7071067811865562325, 0.000000000000000000, 0.7071067811865390240 ) ) ;
#1594 = ORIENTED_EDGE ( 'NONE', *, *, #82, .T. ) ;
#1595 = FACE_OUTER_BOUND ( 'NONE', #5364, .T. ) ;
#1596 = LINE ( 'NONE', #5647, #29 ) ;
#1597 = VECTOR ( 'NONE', #1703, 1000.000000000000000 ) ;
#1598 = EDGE_CURVE ( 'NONE', #1825, #5895, #5823, .T. ) ;
#1599 = DIRECTION ( 'NONE',  ( -0.000000000000000000, -1.000000000000000000, -0.000000000000000000 ) ) ;
#1600 = CARTESIAN_POINT ( 'NONE',  ( 0.000000000000000000, 2.500000000000000000, 0.000000000000000000 ) ) ;
#1601 = ORIENTED_EDGE ( 'NONE', *, *, #5629, .T. ) ;
#1602 = AXIS2_PLACEMENT_3D ( 'NONE', #2712, #4643, #2677 ) ;
#1603 = AXIS2_PLACEMENT_3D ( 'NONE', #1169, #5538, #4104 ) ;
#1604 = DIRECTION ( 'NONE',  ( 0.9934479228979260501, 0.000000000000000000, -0.1142857142857177793 ) ) ;
#1605 = DIRECTION ( 'NONE',  ( 1.000000000000000000, -0.000000000000000000, -8.715250743307478842E-15 ) ) ;
#1606 = CIRCLE ( 'NONE', #3990, 0.4999999999999998890 ) ;
#1607 = ORIENTED_EDGE ( 'NONE', *, *, #3079, .T. ) ;
#1608 = EDGE_CURVE ( 'NONE', #3286, #4760, #240, .T. ) ;
#1609 = DIRECTION ( 'NONE',  ( -0.000000000000000000, -1.000000000000000000, -0.000000000000000000 ) ) ;
#1610 = DIRECTION ( 'NONE',  ( 0.000000000000000000, 1.000000000000000000, 0.000000000000000000 ) ) ;
#1611 = VERTEX_POINT ( 'NONE', #2671 ) ;
#1612 = ORIENTED_EDGE ( 'NONE', *, *, #5465, .T. ) ;
#1613 = CARTESIAN_POINT ( 'NONE',  ( 13.35395102492402764, -2.500000000000000444, -11.23263068136447096 ) ) ;
#1614 = VECTOR ( 'NONE', #803, 1000.000000000000000 ) ;
#1615 = VERTEX_POINT ( 'NONE', #4638 ) ;
#1616 = DIRECTION ( 'NONE',  ( 0.7071067811865475727, 0.000000000000000000, -0.7071067811865475727 ) ) ;
#1617 = DIRECTION ( 'NONE',  ( -1.000000000000000000, 0.000000000000000000, 1.776356839400250465E-15 ) ) ;
#1618 = EDGE_LOOP ( 'NONE', ( #201, #4531, #1909, #4234 ) ) ;
#1619 = DIRECTION ( 'NONE',  ( 0.000000000000000000, 0.000000000000000000, 1.000000000000000000 ) ) ;
#1620 = ORIENTED_EDGE ( 'NONE', *, *, #5428, .T. ) ;
#1621 = CARTESIAN_POINT ( 'NONE',  ( -6.030009245246625404, -2.500000000000000444, 3.555135511093808542 ) ) ;
#1622 = EDGE_CURVE ( 'NONE', #2806, #3392, #2207, .T. ) ;
#1623 = DIRECTION ( 'NONE',  ( -0.000000000000000000, -1.000000000000000000, -0.000000000000000000 ) ) ;
#1624 = ORIENTED_EDGE ( 'NONE', *, *, #5969, .T. ) ;
#1625 = DIRECTION ( 'NONE',  ( -0.6216615594726369043, 0.000000000000000000, 0.7832859666009912569 ) ) ;
#1626 = EDGE_CURVE ( 'NONE', #3503, #73, #2410, .T. ) ;
#1627 = DIRECTION ( 'NONE',  ( 0.000000000000000000, 0.000000000000000000, 1.000000000000000000 ) ) ;
#1628 = CARTESIAN_POINT ( 'NONE',  ( 11.58618407195763034, -3.000000000000000000, -13.00039763433085227 ) ) ;
#1629 = DIRECTION ( 'NONE',  ( 0.7832859666009912569, -0.000000000000000000, -0.6216615594726369043 ) ) ;
#1630 = ORIENTED_EDGE ( 'NONE', *, *, #3534, .F. ) ;
#1631 = DIRECTION ( 'NONE',  ( 0.000000000000000000, 0.000000000000000000, 1.000000000000000000 ) ) ;
#1632 = DIRECTION ( 'NONE',  ( 0.000000000000000000, 1.000000000000000000, 0.000000000000000000 ) ) ;
#1633 = EDGE_CURVE ( 'NONE', #6153, #2559, #3232, .T. ) ;
#1634 = ORIENTED_EDGE ( 'NONE', *, *, #4285, .T. ) ;
#1635 = DIRECTION ( 'NONE',  ( 0.000000000000000000, 0.000000000000000000, 1.000000000000000000 ) ) ;
#1636 = CARTESIAN_POINT ( 'NONE',  ( -7.745966692414849142, 3.001000000000000334, -1.999999999999931610 ) ) ;
#1637 = ORIENTED_EDGE ( 'NONE', *, *, #5109, .F. ) ;
#1638 = VERTEX_POINT ( 'NONE', #4249 ) ;
#1639 = EDGE_CURVE ( 'NONE', #3389, #706, #3434, .T. ) ;
#1640 = DIRECTION ( 'NONE',  ( 0.000000000000000000, 1.000000000000000000, 0.000000000000000000 ) ) ;
#1641 = CIRCLE ( 'NONE', #5566, 0.5000000000000004441 ) ;
#1642 = PLANE ( 'NONE',  #530 ) ;
#1643 = CARTESIAN_POINT ( 'NONE',  ( -14.09914739881772050, 2.500000000000000000, 11.18990807050762015 ) ) ;
#1644 = FACE_OUTER_BOUND ( 'NONE', #4642, .T. ) ;
#1645 = DIRECTION ( 'NONE',  ( -0.000000000000000000, -1.000000000000000000, -0.000000000000000000 ) ) ;
#1646 = ORIENTED_EDGE ( 'NONE', *, *, #1110, .F. ) ;
#1647 = DIRECTION ( 'NONE',  ( 0.7071067811865437980, -0.000000000000000000, -0.7071067811865513475 ) ) ;
#1648 = ORIENTED_EDGE ( 'NONE', *, *, #882, .F. ) ;
#1649 = PLANE ( 'NONE',  #2731 ) ;
#1650 = DIRECTION ( 'NONE',  ( 0.000000000000000000, 0.000000000000000000, 1.000000000000000000 ) ) ;
#1651 = EDGE_CURVE ( 'NONE', #3286, #6054, #552, .T. ) ;
#1652 = ORIENTED_EDGE ( 'NONE', *, *, #4154, .F. ) ;
#1653 = CARTESIAN_POINT ( 'NONE',  ( 1.499999999999958922, -2.999999999999998224, -7.745966692414841148 ) ) ;
#1654 = CARTESIAN_POINT ( 'NONE',  ( -1.000000000000000000, -2.500000000000000444, -17.93739111465210101 ) ) ;
#1655 = EDGE_CURVE ( 'NONE', #5319, #2981, #1411, .T. ) ;
#1656 = CARTESIAN_POINT ( 'NONE',  ( -13.70750441551722787, 2.500000000000000000, 10.87907729077129737 ) ) ;
#1657 = VECTOR ( 'NONE', #390, 1000.000000000000000 ) ;
#1658 = DIRECTION ( 'NONE',  ( 0.000000000000000000, 1.000000000000000000, 0.000000000000000000 ) ) ;
#1659 = CIRCLE ( 'NONE', #6001, 0.5000000000000001110 ) ;
#1660 = ADVANCED_FACE ( 'NONE', ( #2415 ), #5089, .T. ) ;
#1661 = CARTESIAN_POINT ( 'NONE',  ( -1.999999999999788836, -2.499999999999999556, 17.38533865071373441 ) ) ;
#1662 = CARTESIAN_POINT ( 'NONE',  ( -3.555135511093746370, 3.000000000000000000, -6.030009245246662708 ) ) ;
#1663 = EDGE_CURVE ( 'NONE', #3690, #3720, #1802, .T. ) ;
#1664 = AXIS2_PLACEMENT_3D ( 'NONE', #4741, #1895, #4292 ) ;
#1665 = ORIENTED_EDGE ( 'NONE', *, *, #3881, .T. ) ;
#1666 = CARTESIAN_POINT ( 'NONE',  ( 4.770118793865081308, 2.500000000000000000, -6.184332356238231299 ) ) ;
#1667 = CARTESIAN_POINT ( 'NONE',  ( 13.00039763433075279, -3.000000000000000000, -11.58618407195774225 ) ) ;
#1668 = EDGE_CURVE ( 'NONE', #746, #2228, #131, .T. ) ;
#1669 = FACE_OUTER_BOUND ( 'NONE', #5515, .T. ) ;
#1670 = ORIENTED_EDGE ( 'NONE', *, *, #3247, .T. ) ;
#1671 = CIRCLE ( 'NONE', #5301, 0.5000000000000000000 ) ;
#1672 = AXIS2_PLACEMENT_3D ( 'NONE', #299, #6156, #6250 ) ;
#1673 = EDGE_CURVE ( 'NONE', #1492, #3065, #448, .T. ) ;
#1674 = VERTEX_POINT ( 'NONE', #3384 ) ;
#1675 = DIRECTION ( 'NONE',  ( -0.1142857142857143377, 0.000000000000000000, -0.9934479228979262722 ) ) ;
#1676 = CIRCLE ( 'NONE', #3333, 0.5000000000000000000 ) ;
#1677 = AXIS2_PLACEMENT_3D ( 'NONE', #1481, #543, #3513 ) ;
#1678 = AXIS2_PLACEMENT_3D ( 'NONE', #1159, #3553, #5559 ) ;
#1679 = DIRECTION ( 'NONE',  ( -0.7071067811865475727, 0.000000000000000000, 0.7071067811865475727 ) ) ;
#1680 = EDGE_CURVE ( 'NONE', #6076, #4981, #2517, .T. ) ;
#1681 = DIRECTION ( 'NONE',  ( 0.7071067811865474617, -0.000000000000000000, 0.7071067811865474617 ) ) ;
#1682 = CARTESIAN_POINT ( 'NONE',  ( 0.000000000000000000, 2.500000000000000000, 0.000000000000000000 ) ) ;
#1683 = ORIENTED_EDGE ( 'NONE', *, *, #5019, .F. ) ;
#1684 = ORIENTED_EDGE ( 'NONE', *, *, #197, .F. ) ;
#1685 = CARTESIAN_POINT ( 'NONE',  ( 0.000000000000000000, -0.5000000000000000000, 0.000000000000000000 ) ) ;
#1686 = CIRCLE ( 'NONE', #4787, 0.5000000000000000000 ) ;
#1687 = VERTEX_POINT ( 'NONE', #868 ) ;
#1688 = AXIS2_PLACEMENT_3D ( 'NONE', #5388, #4897, #6386 ) ;
#1689 = TOROIDAL_SURFACE ( 'NONE', #449, 18.50000000000000355, 0.5000000000000000000 ) ;
#1690 = CARTESIAN_POINT ( 'NONE',  ( -4.063012012678481000, 3.001000000000000334, 6.391439137424804962 ) ) ;
#1691 = AXIS2_PLACEMENT_3D ( 'NONE', #335, #5185, #2309 ) ;
#1692 = DIRECTION ( 'NONE',  ( 0.000000000000000000, 1.000000000000000000, 0.000000000000000000 ) ) ;
#1693 = CIRCLE ( 'NONE', #2934, 0.5000000000000004441 ) ;
#1694 = ORIENTED_EDGE ( 'NONE', *, *, #952, .T. ) ;
#1695 = DIRECTION ( 'NONE',  ( 0.7832859666009942545, -0.000000000000000000, 0.6216615594726331295 ) ) ;
#1696 = DIRECTION ( 'NONE',  ( -0.7071067811865389130, -0.000000000000000000, 0.7071067811865561215 ) ) ;
#1697 = VECTOR ( 'NONE', #5583, 1000.000000000000000 ) ;
#1698 = DIRECTION ( 'NONE',  ( 0.000000000000000000, 0.000000000000000000, 1.000000000000000000 ) ) ;
#1699 = CARTESIAN_POINT ( 'NONE',  ( 1.000000000000000000, 2.500000000000000000, 7.745966692414832266 ) ) ;
#1700 = CARTESIAN_POINT ( 'NONE',  ( 1.000000000000000000, 2.500000000000000000, 17.38533865071370954 ) ) ;
#1701 = ORIENTED_EDGE ( 'NONE', *, *, #6169, .F. ) ;
#1702 = CIRCLE ( 'NONE', #4388, 1.000000000000000000 ) ;
#1703 = DIRECTION ( 'NONE',  ( -5.218048215738235740E-15, 0.000000000000000000, -1.000000000000000000 ) ) ;
#1704 = CIRCLE ( 'NONE', #1396, 0.4999999999999995559 ) ;
#1705 = ADVANCED_FACE ( 'NONE', ( #4289 ), #2381, .T. ) ;
#1706 = VECTOR ( 'NONE', #6139, 1000.000000000000000 ) ;
#1707 = AXIS2_PLACEMENT_3D ( 'NONE', #5282, #1722, #4621 ) ;
#1708 = DIRECTION ( 'NONE',  ( 0.000000000000000000, 1.000000000000000000, 0.000000000000000000 ) ) ;
#1709 = DIRECTION ( 'NONE',  ( 0.9934479228979263832, 0.000000000000000000, -0.1142857142857143654 ) ) ;
#1710 = ORIENTED_EDGE ( 'NONE', *, *, #6385, .F. ) ;
#1711 = CARTESIAN_POINT ( 'NONE',  ( 6.891439137424762329, 2.500000000000000444, 4.063012012678552942 ) ) ;
#1712 = ORIENTED_EDGE ( 'NONE', *, *, #4706, .T. ) ;
#1713 = EDGE_LOOP ( 'NONE', ( #4070, #2609, #5544, #409 ) ) ;
#1714 = CARTESIAN_POINT ( 'NONE',  ( 0.000000000000000000, -3.000000000000000000, 0.000000000000000000 ) ) ;
#1715 = EDGE_CURVE ( 'NONE', #3622, #4964, #5715, .T. ) ;
#1716 = CIRCLE ( 'NONE', #896, 0.5000000000000003331 ) ;
#1717 = ORIENTED_EDGE ( 'NONE', *, *, #3769, .T. ) ;
#1718 = FACE_BOUND ( 'NONE', #2856, .T. ) ;
#1719 = DIRECTION ( 'NONE',  ( -0.8614298921780925156, 0.000000000000000000, 0.5078765015848242248 ) ) ;
#1720 = ORIENTED_EDGE ( 'NONE', *, *, #257, .F. ) ;
#1721 = ORIENTED_EDGE ( 'NONE', *, *, #1757, .T. ) ;
#1722 = DIRECTION ( 'NONE',  ( -0.000000000000000000, -1.000000000000000000, -0.000000000000000000 ) ) ;
#1723 = ORIENTED_EDGE ( 'NONE', *, *, #4360, .T. ) ;
#1724 = CARTESIAN_POINT ( 'NONE',  ( 1.999999999999999112, 2.500000000000000000, 17.38533865071370954 ) ) ;
#1725 = CIRCLE ( 'NONE', #5348, 0.5000000000000000000 ) ;
#1726 = ADVANCED_FACE ( 'NONE', ( #5337 ), #900, .T. ) ;
#1727 = CARTESIAN_POINT ( 'NONE',  ( -1.999999999999999112, 2.500000000000000444, -7.745966692414832266 ) ) ;
#1728 = VERTEX_POINT ( 'NONE', #2322 ) ;
#1729 = CYLINDRICAL_SURFACE ( 'NONE', #3020, 0.5000000000000000000 ) ;
#1730 = DIRECTION ( 'NONE',  ( 0.000000000000000000, 0.000000000000000000, -1.000000000000000000 ) ) ;
#1731 = FACE_OUTER_BOUND ( 'NONE', #2106, .T. ) ;
#1732 = CARTESIAN_POINT ( 'NONE',  ( 4.063012012678529850, 3.000000000000000000, -6.891439137424775652 ) ) ;
#1733 = DIRECTION ( 'NONE',  ( 0.000000000000000000, 1.000000000000000000, 0.000000000000000000 ) ) ;
#1734 = ORIENTED_EDGE ( 'NONE', *, *, #1075, .F. ) ;
#1735 = CARTESIAN_POINT ( 'NONE',  ( 14.49079038211835346, -2.500000000000000444, 11.50073885024376352 ) ) ;
#1736 = CARTESIAN_POINT ( 'NONE',  ( 1.999999999999908518, 2.500000000000000444, -17.38533865071372020 ) ) ;
#1737 = DIRECTION ( 'NONE',  ( -0.000000000000000000, -1.000000000000000000, -0.000000000000000000 ) ) ;
#1738 = VERTEX_POINT ( 'NONE', #1832 ) ;
#1739 = DIRECTION ( 'NONE',  ( 0.000000000000000000, 0.000000000000000000, 1.000000000000000000 ) ) ;
#1740 = EDGE_LOOP ( 'NONE', ( #5961, #3274, #2431, #938 ) ) ;
#1741 = ADVANCED_FACE ( 'NONE', ( #1893 ), #656, .T. ) ;
#1742 = ORIENTED_EDGE ( 'NONE', *, *, #435, .F. ) ;
#1743 = PLANE ( 'NONE',  #345 ) ;
#1744 = EDGE_CURVE ( 'NONE', #954, #5902, #3749, .T. ) ;
#1745 = CARTESIAN_POINT ( 'NONE',  ( -11.50073885024361253, -2.500000000000000444, 14.49079038211847603 ) ) ;
#1746 = DIRECTION ( 'NONE',  ( 0.000000000000000000, 0.000000000000000000, -1.000000000000000000 ) ) ;
#1747 = DIRECTION ( 'NONE',  ( -0.8614298921780988438, 0.000000000000000000, -0.5078765015848133446 ) ) ;
#1748 = ORIENTED_EDGE ( 'NONE', *, *, #1314, .F. ) ;
#1749 = EDGE_CURVE ( 'NONE', #2080, #3346, #4788, .T. ) ;
#1750 = ORIENTED_EDGE ( 'NONE', *, *, #3958, .F. ) ;
#1751 = AXIS2_PLACEMENT_3D ( 'NONE', #535, #477, #2899 ) ;
#1752 = ORIENTED_EDGE ( 'NONE', *, *, #3801, .T. ) ;
#1753 = DIRECTION ( 'NONE',  ( -0.000000000000000000, -1.000000000000000000, -0.000000000000000000 ) ) ;
#1754 = AXIS2_PLACEMENT_3D ( 'NONE', #769, #6316, #5335 ) ;
#1755 = DIRECTION ( 'NONE',  ( 0.000000000000000000, 0.000000000000000000, 1.000000000000000000 ) ) ;
#1756 = ORIENTED_EDGE ( 'NONE', *, *, #408, .T. ) ;
#1757 = EDGE_CURVE ( 'NONE', #418, #2345, #4987, .T. ) ;
#1758 = ORIENTED_EDGE ( 'NONE', *, *, #3573, .T. ) ;
#1759 = FACE_OUTER_BOUND ( 'NONE', #6240, .T. ) ;
#1760 = CYLINDRICAL_SURFACE ( 'NONE', #4179, 0.5000000000000004441 ) ;
#1761 = DIRECTION ( 'NONE',  ( 0.7071067811865544561, 4.814824860968083467E-29, 0.7071067811865406894 ) ) ;
#1762 = FACE_OUTER_BOUND ( 'NONE', #4110, .T. ) ;
#1763 = ADVANCED_FACE ( 'NONE', ( #1377 ), #1172, .T. ) ;
#1764 = DIRECTION ( 'NONE',  ( -0.7071067811865474617, 0.000000000000000000, -0.7071067811865474617 ) ) ;
#1765 = ORIENTED_EDGE ( 'NONE', *, *, #461, .F. ) ;
#1766 = CARTESIAN_POINT ( 'NONE',  ( 0.000000000000000000, 2.500000000000000000, 0.000000000000000000 ) ) ;
#1767 = AXIS2_PLACEMENT_3D ( 'NONE', #2069, #4038, #1584 ) ;
#1768 = DIRECTION ( 'NONE',  ( 0.7071067811865475727, 0.000000000000000000, -0.7071067811865475727 ) ) ;
#1769 = DIRECTION ( 'NONE',  ( 0.7832859666009851507, -8.673617379884038430E-16, -0.6216615594726445648 ) ) ;
#1770 = CARTESIAN_POINT ( 'NONE',  ( -1.999999999999999112, 2.500000000000000000, -17.38533865071370954 ) ) ;
#1771 = EDGE_LOOP ( 'NONE', ( #2496, #2836, #3487, #2626 ) ) ;
#1772 = ORIENTED_EDGE ( 'NONE', *, *, #1749, .T. ) ;
#1773 = CIRCLE ( 'NONE', #2595, 0.5000000000000006661 ) ;
#1774 = AXIS2_PLACEMENT_3D ( 'NONE', #5014, #3655, #1616 ) ;
#1775 = FACE_OUTER_BOUND ( 'NONE', #5672, .T. ) ;
#1776 = ADVANCED_FACE ( 'NONE', ( #2448 ), #353, .T. ) ;
#1777 = CARTESIAN_POINT ( 'NONE',  ( 4.063012012678529850, -2.499999999999999556, -6.391439137424774763 ) ) ;
#1778 = DIRECTION ( 'NONE',  ( -0.000000000000000000, -1.000000000000000000, -0.000000000000000000 ) ) ;
#1779 = CARTESIAN_POINT ( 'NONE',  ( -6.777720855862995997, -3.000000000000000000, -1.749999999999940936 ) ) ;
#1780 = ORIENTED_EDGE ( 'NONE', *, *, #6209, .T. ) ;
#1781 = ORIENTED_EDGE ( 'NONE', *, *, #1269, .T. ) ;
#1782 = FACE_BOUND ( 'NONE', #3486, .T. ) ;
#1783 = VERTEX_POINT ( 'NONE', #3925 ) ;
#1784 = EDGE_CURVE ( 'NONE', #225, #70, #1379, .T. ) ;
#1785 = LINE ( 'NONE', #1303, #3329 ) ;
#1786 = AXIS2_PLACEMENT_3D ( 'NONE', #5403, #4965, #2556 ) ;
#1787 = CIRCLE ( 'NONE', #5405, 0.4999999999999998335 ) ;
#1788 = ADVANCED_FACE ( 'NONE', ( #3707 ), #4580, .F. ) ;
#1789 = EDGE_CURVE ( 'NONE', #3559, #5857, #2336, .T. ) ;
#1790 = CARTESIAN_POINT ( 'NONE',  ( 13.35395102492402764, 3.000000000000000000, -11.23263068136447096 ) ) ;
#1791 = VERTEX_POINT ( 'NONE', #2611 ) ;
#1792 = CIRCLE ( 'NONE', #1268, 0.5000000000000004441 ) ;
#1793 = VECTOR ( 'NONE', #5678, 1000.000000000000000 ) ;
#1794 = VERTEX_POINT ( 'NONE', #5684 ) ;
#1795 = CARTESIAN_POINT ( 'NONE',  ( 10.87907729077107888, 2.500000000000000000, -13.70750441551739662 ) ) ;
#1796 = DIRECTION ( 'NONE',  ( 0.000000000000000000, 0.000000000000000000, -1.000000000000000000 ) ) ;
#1797 = EDGE_CURVE ( 'NONE', #3389, #2102, #4062, .T. ) ;
#1798 = CIRCLE ( 'NONE', #352, 0.5000000000000004441 ) ;
#1799 = TOROIDAL_SURFACE ( 'NONE', #3444, 1.000000000000000000, 0.5000000000000000000 ) ;
#1800 = DIRECTION ( 'NONE',  ( 6.938893903907229167E-15, 0.000000000000000000, 1.000000000000000000 ) ) ;
#1801 = DIRECTION ( 'NONE',  ( -1.000000000000000000, 0.000000000000000000, 8.715250743307478842E-15 ) ) ;
#1802 = LINE ( 'NONE', #3285, #1996 ) ;
#1803 = ORIENTED_EDGE ( 'NONE', *, *, #12, .T. ) ;
#1804 = DIRECTION ( 'NONE',  ( 0.000000000000000000, 0.000000000000000000, 1.000000000000000000 ) ) ;
#1805 = CIRCLE ( 'NONE', #4894, 1.000000000000000888 ) ;
#1806 = EDGE_CURVE ( 'NONE', #4407, #5288, #1398, .T. ) ;
#1807 = FACE_OUTER_BOUND ( 'NONE', #2791, .T. ) ;
#1808 = DIRECTION ( 'NONE',  ( -0.000000000000000000, -1.000000000000000000, -0.000000000000000000 ) ) ;
#1809 = AXIS2_PLACEMENT_3D ( 'NONE', #2919, #2960, #6346 ) ;
#1810 = CARTESIAN_POINT ( 'NONE',  ( 1.999999999999908518, -2.499999999999999556, -17.38533865071372020 ) ) ;
#1811 = VERTEX_POINT ( 'NONE', #1667 ) ;
#1812 = ORIENTED_EDGE ( 'NONE', *, *, #5119, .T. ) ;
#1813 = DIRECTION ( 'NONE',  ( 0.000000000000000000, 1.000000000000000000, 0.000000000000000000 ) ) ;
#1814 = AXIS2_PLACEMENT_3D ( 'NONE', #4271, #297, #3303 ) ;
#1815 = LINE ( 'NONE', #4819, #1657 ) ;
#1816 = DIRECTION ( 'NONE',  ( -0.000000000000000000, -1.000000000000000000, -0.000000000000000000 ) ) ;
#1817 = DIRECTION ( 'NONE',  ( 0.000000000000000000, 0.000000000000000000, 1.000000000000000000 ) ) ;
#1818 = ORIENTED_EDGE ( 'NONE', *, *, #1633, .T. ) ;
#1819 = AXIS2_PLACEMENT_3D ( 'NONE', #1153, #1247, #708 ) ;
#1820 = ORIENTED_EDGE ( 'NONE', *, *, #2696, .F. ) ;
#1821 = DIRECTION ( 'NONE',  ( 0.000000000000000000, 1.000000000000000000, 0.000000000000000000 ) ) ;
#1822 = LINE ( 'NONE', #853, #1385 ) ;
#1823 = ORIENTED_EDGE ( 'NONE', *, *, #3885, .F. ) ;
#1824 = DIRECTION ( 'NONE',  ( 0.000000000000000000, 0.000000000000000000, 1.000000000000000000 ) ) ;
#1825 = VERTEX_POINT ( 'NONE', #5654 ) ;
#1826 = EDGE_CURVE ( 'NONE', #3608, #3375, #3246, .T. ) ;
#1827 = ORIENTED_EDGE ( 'NONE', *, *, #5019, .T. ) ;
#1828 = CARTESIAN_POINT ( 'NONE',  ( 11.23263068136442300, 3.000000000000000000, 13.35395102492406494 ) ) ;
#1829 = DIRECTION ( 'NONE',  ( 0.000000000000000000, 0.000000000000000000, 1.000000000000000000 ) ) ;
#1830 = DIRECTION ( 'NONE',  ( 0.000000000000000000, 0.000000000000000000, -1.000000000000000000 ) ) ;
#1831 = DIRECTION ( 'NONE',  ( 5.204170427930421283E-15, 0.000000000000000000, 1.000000000000000000 ) ) ;
#1832 = CARTESIAN_POINT ( 'NONE',  ( 13.70750441551736287, -3.000000000000000000, 11.87907729077112684 ) ) ;
#1833 = ADVANCED_FACE ( 'NONE', ( #214 ), #2713, .F. ) ;
#1834 = ORIENTED_EDGE ( 'NONE', *, *, #3371, .F. ) ;
#1835 = DIRECTION ( 'NONE',  ( 0.000000000000000000, 1.000000000000000000, 0.000000000000000000 ) ) ;
#1836 = DIRECTION ( 'NONE',  ( 7.105427357601001859E-15, 0.000000000000000000, 1.000000000000000000 ) ) ;
#1837 = DIRECTION ( 'NONE',  ( -1.000000000000000000, 0.000000000000000000, 5.218048215738235740E-15 ) ) ;
#1838 = CARTESIAN_POINT ( 'NONE',  ( -17.38533865071372375, 3.000000000000000000, -1.499999999999848566 ) ) ;
#1839 = EDGE_CURVE ( 'NONE', #2188, #6354, #6203, .T. ) ;
#1840 = VERTEX_POINT ( 'NONE', #1123 ) ;
#1841 = CARTESIAN_POINT ( 'NONE',  ( 0.000000000000000000, -2.500000000000000444, 0.000000000000000000 ) ) ;
#1842 = DIRECTION ( 'NONE',  ( 0.000000000000000000, 0.000000000000000000, 1.000000000000000000 ) ) ;
#1843 = ORIENTED_EDGE ( 'NONE', *, *, #348, .F. ) ;
#1844 = ORIENTED_EDGE ( 'NONE', *, *, #4068, .T. ) ;
#1845 = DIRECTION ( 'NONE',  ( -3.491481338843133355E-15, 0.000000000000000000, -1.000000000000000000 ) ) ;
#1846 = CIRCLE ( 'NONE', #501, 18.00000000000000355 ) ;
#1847 = EDGE_LOOP ( 'NONE', ( #5446, #2585, #4622, #5260 ) ) ;
#1848 = DIRECTION ( 'NONE',  ( -1.000000000000000000, 0.000000000000000000, 3.491481338843134144E-15 ) ) ;
#1849 = ORIENTED_EDGE ( 'NONE', *, *, #2833, .F. ) ;
#1850 = DIRECTION ( 'NONE',  ( -0.7071067811865514585, 0.000000000000000000, -0.7071067811865435759 ) ) ;
#1851 = CIRCLE ( 'NONE', #5468, 0.5000000000000000000 ) ;
#1852 = ORIENTED_EDGE ( 'NONE', *, *, #6104, .F. ) ;
#1853 = DIRECTION ( 'NONE',  ( 0.000000000000000000, 0.000000000000000000, 1.000000000000000000 ) ) ;
#1854 = CARTESIAN_POINT ( 'NONE',  ( -6.184332356238249950, 3.000000000000000000, -4.770118793865056439 ) ) ;
#1855 = AXIS2_PLACEMENT_3D ( 'NONE', #443, #958, #4515 ) ;
#1856 = ADVANCED_FACE ( 'NONE', ( #5584 ), #2157, .T. ) ;
#1857 = DIRECTION ( 'NONE',  ( 3.469446951953611033E-15, 0.000000000000000000, 1.000000000000000000 ) ) ;
#1858 = DIRECTION ( 'NONE',  ( -0.000000000000000000, -1.000000000000000000, -0.000000000000000000 ) ) ;
#1859 = DIRECTION ( 'NONE',  ( 0.000000000000000000, 0.000000000000000000, 1.000000000000000000 ) ) ;
#1860 = ORIENTED_EDGE ( 'NONE', *, *, #3813, .F. ) ;
#1861 = CARTESIAN_POINT ( 'NONE',  ( 0.000000000000000000, -2.500000000000000444, 0.000000000000000000 ) ) ;
#1862 = EDGE_CURVE ( 'NONE', #1446, #2806, #52, .T. ) ;
#1863 = EDGE_CURVE ( 'NONE', #5664, #813, #5339, .T. ) ;
#1864 = CARTESIAN_POINT ( 'NONE',  ( 0.000000000000000000, 3.000000000000000000, 0.000000000000000000 ) ) ;
#1865 = DIRECTION ( 'NONE',  ( 0.000000000000000000, 0.000000000000000000, 1.000000000000000000 ) ) ;
#1866 = LINE ( 'NONE', #1838, #2124 ) ;
#1867 = EDGE_CURVE ( 'NONE', #192, #1738, #3668, .T. ) ;
#1868 = VERTEX_POINT ( 'NONE', #4158 ) ;
#1869 = VECTOR ( 'NONE', #2789, 1000.000000000000000 ) ;
#1870 = EDGE_CURVE ( 'NONE', #1728, #4103, #3780, .T. ) ;
#1871 = DIRECTION ( 'NONE',  ( 0.6216615594726407901, -0.000000000000000000, 0.7832859666009883703 ) ) ;
#1872 = CARTESIAN_POINT ( 'NONE',  ( -14.09914739881793722, 3.001000000000000334, -11.18990807050734482 ) ) ;
#1873 = EDGE_CURVE ( 'NONE', #4945, #745, #3053, .T. ) ;
#1874 = ORIENTED_EDGE ( 'NONE', *, *, #1422, .F. ) ;
#1875 = TOROIDAL_SURFACE ( 'NONE', #2291, 18.50000000000000355, 0.5000000000000000000 ) ;
#1876 = AXIS2_PLACEMENT_3D ( 'NONE', #976, #2011, #5929 ) ;
#1877 = ORIENTED_EDGE ( 'NONE', *, *, #3692, .T. ) ;
#1878 = CARTESIAN_POINT ( 'NONE',  ( -0.9999999999999055200, 2.500000000000000000, 7.745966692414844701 ) ) ;
#1879 = VECTOR ( 'NONE', #2500, 1000.000000000000000 ) ;
#1880 = DIRECTION ( 'NONE',  ( 0.000000000000000000, 1.000000000000000000, 0.000000000000000000 ) ) ;
#1881 = EDGE_LOOP ( 'NONE', ( #6379, #1624, #24, #2063 ) ) ;
#1882 = CIRCLE ( 'NONE', #5498, 0.4999999999999995559 ) ;
#1883 = DIRECTION ( 'NONE',  ( 0.000000000000000000, 0.000000000000000000, 1.000000000000000000 ) ) ;
#1884 = VERTEX_POINT ( 'NONE', #4123 ) ;
#1885 = VECTOR ( 'NONE', #291, 1000.000000000000114 ) ;
#1886 = CYLINDRICAL_SURFACE ( 'NONE', #4667, 0.5000000000000000000 ) ;
#1887 = DIRECTION ( 'NONE',  ( 0.000000000000000000, 0.000000000000000000, 1.000000000000000000 ) ) ;
#1888 = TOROIDAL_SURFACE ( 'NONE', #232, 1.000000000000000000, 0.5000000000000000000 ) ;
#1889 = AXIS2_PLACEMENT_3D ( 'NONE', #2866, #2738, #1829 ) ;
#1890 = FACE_OUTER_BOUND ( 'NONE', #3124, .T. ) ;
#1891 = CIRCLE ( 'NONE', #3132, 18.50000000000000355 ) ;
#1892 = DIRECTION ( 'NONE',  ( 0.000000000000000000, 0.000000000000000000, 1.000000000000000000 ) ) ;
#1893 = FACE_OUTER_BOUND ( 'NONE', #3615, .T. ) ;
#1894 = EDGE_LOOP ( 'NONE', ( #1227, #1545, #1544, #2283 ) ) ;
#1895 = DIRECTION ( 'NONE',  ( -0.8614298921781008422, 1.338539617613815691E-16, -0.5078765015848100139 ) ) ;
#1896 = CIRCLE ( 'NONE', #551, 2.499999999999998668 ) ;
#1897 = CIRCLE ( 'NONE', #1581, 0.4999999999999995559 ) ;
#1898 = CYLINDRICAL_SURFACE ( 'NONE', #5882, 0.5000000000000004441 ) ;
#1899 = DIRECTION ( 'NONE',  ( 0.000000000000000000, 0.000000000000000000, 1.000000000000000000 ) ) ;
#1900 = VECTOR ( 'NONE', #2342, 1000.000000000000000 ) ;
#1901 = FACE_OUTER_BOUND ( 'NONE', #4546, .T. ) ;
#1902 = ORIENTED_EDGE ( 'NONE', *, *, #5519, .F. ) ;
#1903 = EDGE_CURVE ( 'NONE', #2597, #3346, #777, .T. ) ;
#1904 = AXIS2_PLACEMENT_3D ( 'NONE', #4690, #6181, #1746 ) ;
#1905 = ORIENTED_EDGE ( 'NONE', *, *, #4925, .T. ) ;
#1906 = CARTESIAN_POINT ( 'NONE',  ( 0.000000000000000000, -3.000000000000000000, 0.000000000000000000 ) ) ;
#1907 = DIRECTION ( 'NONE',  ( 0.000000000000000000, 1.000000000000000000, 0.000000000000000000 ) ) ;
#1908 = ORIENTED_EDGE ( 'NONE', *, *, #5190, .F. ) ;
#1909 = ORIENTED_EDGE ( 'NONE', *, *, #5000, .F. ) ;
#1910 = EDGE_CURVE ( 'NONE', #6407, #4175, #2224, .T. ) ;
#1911 = TOROIDAL_SURFACE ( 'NONE', #5334, 1.000000000000000000, 0.5000000000000000000 ) ;
#1912 = DIRECTION ( 'NONE',  ( 0.000000000000000000, 0.000000000000000000, 1.000000000000000000 ) ) ;
#1913 = AXIS2_PLACEMENT_3D ( 'NONE', #3619, #4530, #6015 ) ;
#1914 = ORIENTED_EDGE ( 'NONE', *, *, #1797, .T. ) ;
#1915 = CIRCLE ( 'NONE', #5530, 1.000000000000000888 ) ;
#1916 = TOROIDAL_SURFACE ( 'NONE', #1814, 1.000000000000000000, 0.5000000000000000000 ) ;
#1917 = DIRECTION ( 'NONE',  ( -1.000000000000000000, -0.000000000000000000, 6.938893903907231533E-15 ) ) ;
#1918 = EDGE_LOOP ( 'NONE', ( #2067, #2373, #3331, #2822 ) ) ;
#1919 = PRODUCT ( 'SL_Disk', 'SL_Disk', '', ( #939 ) ) ;
#1920 = EDGE_CURVE ( 'NONE', #1728, #1536, #5435, .T. ) ;
#1921 = ORIENTED_EDGE ( 'NONE', *, *, #1826, .F. ) ;
#1922 = FACE_OUTER_BOUND ( 'NONE', #4579, .T. ) ;
#1923 = AXIS2_PLACEMENT_3D ( 'NONE', #1770, #3743, #4746 ) ;
#1924 = DIRECTION ( 'NONE',  ( 0.000000000000000000, 0.000000000000000000, -1.000000000000000000 ) ) ;
#1925 = AXIS2_PLACEMENT_3D ( 'NONE', #1600, #3217, #205 ) ;
#1926 = DIRECTION ( 'NONE',  ( 0.000000000000000000, 1.000000000000000000, 0.000000000000000000 ) ) ;
#1927 = CARTESIAN_POINT ( 'NONE',  ( 2.114285714285713436, -3.000000000000000000, 18.37878657361163803 ) ) ;
#1928 = DIRECTION ( 'NONE',  ( -0.000000000000000000, -1.000000000000000000, -0.000000000000000000 ) ) ;
#1929 = EDGE_CURVE ( 'NONE', #332, #4720, #988, .T. ) ;
#1930 = ORIENTED_EDGE ( 'NONE', *, *, #5200, .T. ) ;
#1931 = DIRECTION ( 'NONE',  ( 0.000000000000000000, 0.000000000000000000, 1.000000000000000000 ) ) ;
#1932 = AXIS2_PLACEMENT_3D ( 'NONE', #4927, #4989, #1954 ) ;
#1933 = CARTESIAN_POINT ( 'NONE',  ( -6.891439137424789863, -3.000000000000000000, -4.063012012678504092 ) ) ;
#1934 = CARTESIAN_POINT ( 'NONE',  ( 1.499999999999960920, 3.001000000000000334, -7.348469228349544302 ) ) ;
#1935 = DIRECTION ( 'NONE',  ( 0.7071067811865475727, 0.000000000000000000, 0.7071067811865475727 ) ) ;
#1936 = PLANE ( 'NONE',  #2645 ) ;
#1937 = VERTEX_POINT ( 'NONE', #3291 ) ;
#1938 = CARTESIAN_POINT ( 'NONE',  ( -6.891439137424713479, 2.500000000000000000, 4.063012012678638207 ) ) ;
#1939 = EDGE_CURVE ( 'NONE', #592, #5261, #6032, .T. ) ;
#1940 = CARTESIAN_POINT ( 'NONE',  ( 0.000000000000000000, 2.500000000000000000, 0.000000000000000000 ) ) ;
#1941 = ORIENTED_EDGE ( 'NONE', *, *, #4473, .T. ) ;
#1942 = ORIENTED_EDGE ( 'NONE', *, *, #1598, .F. ) ;
#1943 = DIRECTION ( 'NONE',  ( 0.000000000000000000, 1.000000000000000000, 0.000000000000000000 ) ) ;
#1944 = EDGE_CURVE ( 'NONE', #1825, #4620, #3261, .T. ) ;
#1945 = EDGE_LOOP ( 'NONE', ( #4135, #365, #3490, #4892 ) ) ;
#1946 = EDGE_CURVE ( 'NONE', #826, #1539, #6325, .T. ) ;
#1947 = ORIENTED_EDGE ( 'NONE', *, *, #1224, .T. ) ;
#1948 = ORIENTED_EDGE ( 'NONE', *, *, #1990, .T. ) ;
#1949 = DIRECTION ( 'NONE',  ( 0.000000000000000000, 1.000000000000000000, 0.000000000000000000 ) ) ;
#1950 = ORIENTED_EDGE ( 'NONE', *, *, #3732, .F. ) ;
#1951 = CARTESIAN_POINT ( 'NONE',  ( 6.184332356238215311, -2.500000000000000444, 4.770118793865102624 ) ) ;
#1952 = EDGE_CURVE ( 'NONE', #1687, #2972, #683, .T. ) ;
#1953 = LINE ( 'NONE', #985, #5416 ) ;
#1954 = DIRECTION ( 'NONE',  ( 0.000000000000000000, 0.000000000000000000, 1.000000000000000000 ) ) ;
#1955 = DIRECTION ( 'NONE',  ( 0.000000000000000000, 0.000000000000000000, 1.000000000000000000 ) ) ;
#1956 = EDGE_LOOP ( 'NONE', ( #2310, #1490, #5949, #2672 ) ) ;
#1957 = CARTESIAN_POINT ( 'NONE',  ( -13.70750441551743570, 3.001000000000000334, -11.37907729077103092 ) ) ;
#1958 = TOROIDAL_SURFACE ( 'NONE', #199, 18.50000000000000355, 0.5000000000000000000 ) ;
#1959 = DIRECTION ( 'NONE',  ( 0.7071067811865554553, 0.000000000000000000, 0.7071067811865398012 ) ) ;
#1960 = DIRECTION ( 'NONE',  ( 0.000000000000000000, 0.000000000000000000, 1.000000000000000000 ) ) ;
#1961 = CARTESIAN_POINT ( 'NONE',  ( 0.000000000000000000, 2.500000000000000000, 0.000000000000000000 ) ) ;
#1962 = AXIS2_PLACEMENT_3D ( 'NONE', #280, #6263, #4835 ) ;
#1963 = CARTESIAN_POINT ( 'NONE',  ( 1.776356839400251254E-15, -3.000000000000000000, 1.000000000000000444 ) ) ;
#1964 = ORIENTED_EDGE ( 'NONE', *, *, #780, .F. ) ;
#1965 = ORIENTED_EDGE ( 'NONE', *, *, #5186, .T. ) ;
#1966 = LINE ( 'NONE', #6397, #5307 ) ;
#1967 = CARTESIAN_POINT ( 'NONE',  ( 0.000000000000000000, -2.500000000000000444, 0.000000000000000000 ) ) ;
#1968 = ORIENTED_EDGE ( 'NONE', *, *, #1430, .T. ) ;
#1969 = EDGE_LOOP ( 'NONE', ( #4160, #1554, #80, #5557 ) ) ;
#1970 = CARTESIAN_POINT ( 'NONE',  ( 18.37878657361164159, -3.000000000000000000, 2.114285714285681461 ) ) ;
#1971 = ADVANCED_FACE ( 'NONE', ( #357 ), #1088, .T. ) ;
#1972 = ORIENTED_EDGE ( 'NONE', *, *, #3326, .T. ) ;
#1973 = AXIS2_PLACEMENT_3D ( 'NONE', #5854, #3788, #5277 ) ;
#1974 = VECTOR ( 'NONE', #2299, 1000.000000000000000 ) ;
#1975 = DIRECTION ( 'NONE',  ( 1.000000000000000000, 0.000000000000000000, -1.776356839400250465E-15 ) ) ;
#1976 = ORIENTED_EDGE ( 'NONE', *, *, #4685, .F. ) ;
#1977 = ADVANCED_FACE ( 'NONE', ( #5242 ), #810, .F. ) ;
#1978 = ORIENTED_EDGE ( 'NONE', *, *, #2380, .F. ) ;
#1979 = CARTESIAN_POINT ( 'NONE',  ( -7.261843774138924346, 3.001000000000000334, -1.874999999999936717 ) ) ;
#1980 = ORIENTED_EDGE ( 'NONE', *, *, #4906, .T. ) ;
#1981 = DIRECTION ( 'NONE',  ( -0.000000000000000000, -1.000000000000000000, -0.000000000000000000 ) ) ;
#1982 = AXIS2_PLACEMENT_3D ( 'NONE', #474, #5392, #566 ) ;
#1983 = EDGE_CURVE ( 'NONE', #5713, #706, #3259, .T. ) ;
#1984 = CYLINDRICAL_SURFACE ( 'NONE', #5311, 0.5000000000000001110 ) ;
#1985 = AXIS2_PLACEMENT_3D ( 'NONE', #798, #3824, #2772 ) ;
#1986 = AXIS2_PLACEMENT_3D ( 'NONE', #1360, #4761, #2272 ) ;
#1987 = ORIENTED_EDGE ( 'NONE', *, *, #12, .F. ) ;
#1988 = DIRECTION ( 'NONE',  ( 0.5078765015848161202, 0.000000000000000000, -0.8614298921780971785 ) ) ;
#1989 = AXIS2_PLACEMENT_3D ( 'NONE', #5168, #6204, #4164 ) ;
#1990 = EDGE_CURVE ( 'NONE', #925, #5495, #4816, .T. ) ;
#1991 = CARTESIAN_POINT ( 'NONE',  ( -1.749999999999917843, 2.500000000000000000, 6.777720855863002214 ) ) ;
#1992 = CIRCLE ( 'NONE', #3745, 1.000000000000000000 ) ;
#1993 = CIRCLE ( 'NONE', #2718, 0.4999999999999995559 ) ;
#1994 = LINE ( 'NONE', #2549, #2154 ) ;
#1995 = CARTESIAN_POINT ( 'NONE',  ( 13.70750441551730425, 3.001000000000000334, -10.87907729077119789 ) ) ;
#1996 = VECTOR ( 'NONE', #310, 1000.000000000000000 ) ;
#1997 = AXIS2_PLACEMENT_3D ( 'NONE', #597, #2968, #2480 ) ;
#1998 = EDGE_LOOP ( 'NONE', ( #2459, #1670, #531, #5668, #3764, #2618, #1363, #3597, #4412 ) ) ;
#1999 = EDGE_CURVE ( 'NONE', #6153, #6054, #4842, .T. ) ;
#2000 = AXIS2_PLACEMENT_3D ( 'NONE', #2970, #5971, #1566 ) ;
#2001 = ORIENTED_EDGE ( 'NONE', *, *, #2786, .F. ) ;
#2002 = VECTOR ( 'NONE', #1848, 1000.000000000000000 ) ;
#2003 = DIRECTION ( 'NONE',  ( -0.000000000000000000, -1.000000000000000000, -0.000000000000000000 ) ) ;
#2004 = AXIS2_PLACEMENT_3D ( 'NONE', #4369, #5957, #2881 ) ;
#2005 = DIRECTION ( 'NONE',  ( 0.000000000000000000, 1.000000000000000000, 0.000000000000000000 ) ) ;
#2006 = VERTEX_POINT ( 'NONE', #3357 ) ;
#2007 = VERTEX_POINT ( 'NONE', #1287 ) ;
#2008 = CARTESIAN_POINT ( 'NONE',  ( -14.49079038211843518, 3.000000000000000000, -11.50073885024366405 ) ) ;
#2009 = AXIS2_PLACEMENT_3D ( 'NONE', #3125, #5102, #5683 ) ;
#2010 = ORIENTED_EDGE ( 'NONE', *, *, #5757, .F. ) ;
#2011 = DIRECTION ( 'NONE',  ( 0.000000000000000000, 1.000000000000000000, 0.000000000000000000 ) ) ;
#2012 = CARTESIAN_POINT ( 'NONE',  ( -1.999999999999788836, -2.500000000000000444, 17.38533865071373441 ) ) ;
#2013 = CIRCLE ( 'NONE', #4492, 0.4999999999999998335 ) ;
#2014 = ORIENTED_EDGE ( 'NONE', *, *, #2114, .T. ) ;
#2015 = CARTESIAN_POINT ( 'NONE',  ( 11.18990807050747271, 3.001000000000000334, 14.09914739881783596 ) ) ;
#2016 = ORIENTED_EDGE ( 'NONE', *, *, #5671, .T. ) ;
#2017 = DIRECTION ( 'NONE',  ( 1.210143096841420787E-14, -0.000000000000000000, 1.000000000000000000 ) ) ;
#2018 = VECTOR ( 'NONE', #252, 1000.000000000000000 ) ;
#2019 = AXIS2_PLACEMENT_3D ( 'NONE', #1105, #591, #2564 ) ;
#2020 = CARTESIAN_POINT ( 'NONE',  ( -1.999999999999788836, 2.500000000000000000, 18.38533865071373441 ) ) ;
#2021 = CARTESIAN_POINT ( 'NONE',  ( 0.000000000000000000, -2.500000000000000444, 0.000000000000000000 ) ) ;
#2022 = EDGE_CURVE ( 'NONE', #3204, #86, #788, .T. ) ;
#2023 = ORIENTED_EDGE ( 'NONE', *, *, #631, .T. ) ;
#2024 = CARTESIAN_POINT ( 'NONE',  ( 3.555135511093714840, 3.000000000000000000, -6.030009245246680472 ) ) ;
#2025 = CARTESIAN_POINT ( 'NONE',  ( 13.70750441551736287, 3.000000000000000000, 10.87907729077112862 ) ) ;
#2026 = DIRECTION ( 'NONE',  ( 0.000000000000000000, 1.000000000000000000, 0.000000000000000000 ) ) ;
#2027 = CARTESIAN_POINT ( 'NONE',  ( 0.9999999999999588107, -3.000000000000000000, -7.745966692414838484 ) ) ;
#2028 = ADVANCED_FACE ( 'NONE', ( #315 ), #4255, .F. ) ;
#2029 = DIRECTION ( 'NONE',  ( -0.000000000000000000, -1.000000000000000000, -0.000000000000000000 ) ) ;
#2030 = ORIENTED_EDGE ( 'NONE', *, *, #726, .T. ) ;
#2031 = EDGE_LOOP ( 'NONE', ( #4278, #312, #1515, #4459 ) ) ;
#2032 = LINE ( 'NONE', #1444, #3429 ) ;
#2033 = EDGE_CURVE ( 'NONE', #1868, #4505, #2811, .T. ) ;
#2034 = DIRECTION ( 'NONE',  ( 0.7832859666009912569, -0.000000000000000000, -0.6216615594726369043 ) ) ;
#2035 = ORIENTED_EDGE ( 'NONE', *, *, #2270, .T. ) ;
#2036 = ORIENTED_EDGE ( 'NONE', *, *, #5952, .T. ) ;
#2037 = FACE_OUTER_BOUND ( 'NONE', #3708, .T. ) ;
#2038 = ORIENTED_EDGE ( 'NONE', *, *, #1826, .T. ) ;
#2039 = ADVANCED_FACE ( 'NONE', ( #5754 ), #1320, .F. ) ;
#2040 = DIRECTION ( 'NONE',  ( 0.000000000000000000, 0.000000000000000000, -1.000000000000000000 ) ) ;
#2041 = ORIENTED_EDGE ( 'NONE', *, *, #4394, .F. ) ;
#2042 = FACE_OUTER_BOUND ( 'NONE', #2231, .T. ) ;
#2043 = EDGE_LOOP ( 'NONE', ( #964, #2203, #1419, #4872 ) ) ;
#2044 = DIRECTION ( 'NONE',  ( 0.8614298921780889629, 0.000000000000000000, -0.5078765015848302200 ) ) ;
#2045 = DIRECTION ( 'NONE',  ( -0.000000000000000000, -1.000000000000000000, -0.000000000000000000 ) ) ;
#2046 = VERTEX_POINT ( 'NONE', #5343 ) ;
#2047 =( NAMED_UNIT ( * ) PLANE_ANGLE_UNIT ( ) SI_UNIT ( $, .RADIAN. ) );
#2048 = FACE_OUTER_BOUND ( 'NONE', #2095, .T. ) ;
#2049 = EDGE_CURVE ( 'NONE', #1794, #3091, #266, .T. ) ;
#2050 = DIRECTION ( 'NONE',  ( -3.469446951953611033E-15, 0.000000000000000000, 1.000000000000000000 ) ) ;
#2051 = DIRECTION ( 'NONE',  ( -0.000000000000000000, -1.000000000000000000, -0.000000000000000000 ) ) ;
#2052 = FACE_OUTER_BOUND ( 'NONE', #2043, .T. ) ;
#2053 = AXIS2_PLACEMENT_3D ( 'NONE', #1438, #2937, #1960 ) ;
#2054 = EDGE_CURVE ( 'NONE', #2073, #4386, #4323, .T. ) ;
#2055 = AXIS2_PLACEMENT_3D ( 'NONE', #2265, #5173, #4724 ) ;
#2056 = EDGE_CURVE ( 'NONE', #5153, #5731, #1915, .T. ) ;
#2057 = VERTEX_POINT ( 'NONE', #5815 ) ;
#2058 = AXIS2_PLACEMENT_3D ( 'NONE', #1241, #405, #5194 ) ;
#2059 = DIRECTION ( 'NONE',  ( 0.000000000000000000, 1.000000000000000000, 0.000000000000000000 ) ) ;
#2060 = EDGE_CURVE ( 'NONE', #2403, #4920, #2749, .T. ) ;
#2061 = CARTESIAN_POINT ( 'NONE',  ( -13.70750441551722787, 2.500000000000000000, 10.87907729077129737 ) ) ;
#2062 = ORIENTED_EDGE ( 'NONE', *, *, #3289, .F. ) ;
#2063 = ORIENTED_EDGE ( 'NONE', *, *, #399, .T. ) ;
#2064 = UNCERTAINTY_MEASURE_WITH_UNIT (LENGTH_MEASURE( 1.000000000000000082E-05 ), #2951, 'distance_accuracy_value', 'NONE');
#2065 = FACE_OUTER_BOUND ( 'NONE', #4734, .T. ) ;
#2066 = EDGE_CURVE ( 'NONE', #5554, #6112, #4395, .T. ) ;
#2067 = ORIENTED_EDGE ( 'NONE', *, *, #2923, .T. ) ;
#2068 = ADVANCED_FACE ( 'NONE', ( #5653 ), #5230, .T. ) ;
#2069 = CARTESIAN_POINT ( 'NONE',  ( -1.999999999999788836, -2.500000000000000444, 18.38533865071373441 ) ) ;
#2070 = FACE_OUTER_BOUND ( 'NONE', #1945, .T. ) ;
#2071 = ORIENTED_EDGE ( 'NONE', *, *, #1042, .F. ) ;
#2072 = DIRECTION ( 'NONE',  ( 0.000000000000000000, 0.000000000000000000, 1.000000000000000000 ) ) ;
#2073 = VERTEX_POINT ( 'NONE', #742 ) ;
#2074 = DIRECTION ( 'NONE',  ( 1.776356839400250465E-15, 0.000000000000000000, 1.000000000000000000 ) ) ;
#2075 = EDGE_CURVE ( 'NONE', #1539, #5734, #2126, .T. ) ;
#2076 = AXIS2_PLACEMENT_3D ( 'NONE', #3719, #1935, #4268 ) ;
#2077 = CARTESIAN_POINT ( 'NONE',  ( -6.777720855862962246, -3.000000000000000000, 1.750000000000070832 ) ) ;
#2078 =( GEOMETRIC_REPRESENTATION_CONTEXT ( 3 ) GLOBAL_UNCERTAINTY_ASSIGNED_CONTEXT ( ( #5377 ) ) GLOBAL_UNIT_ASSIGNED_CONTEXT ( ( #3901, #2047, #532 ) ) REPRESENTATION_CONTEXT ( 'NONE', 'WORKASPACE' ) );
#2079 = AXIS2_PLACEMENT_3D ( 'NONE', #4009, #2657, #5989 ) ;
#2080 = VERTEX_POINT ( 'NONE', #4678 ) ;
#2081 = CARTESIAN_POINT ( 'NONE',  ( 0.9999999999999993339, -3.000000000000000000, -5.218048215738232585E-15 ) ) ;
#2082 = DIRECTION ( 'NONE',  ( 0.000000000000000000, 1.000000000000000000, 0.000000000000000000 ) ) ;
#2083 = AXIS2_PLACEMENT_3D ( 'NONE', #4342, #3989, #496 ) ;
#2084 = DIRECTION ( 'NONE',  ( 0.000000000000000000, 1.000000000000000000, 0.000000000000000000 ) ) ;
#2085 = DIRECTION ( 'NONE',  ( 0.000000000000000000, 1.000000000000000000, 0.000000000000000000 ) ) ;
#2086 = LINE ( 'NONE', #1963, #3028 ) ;
#2087 = CARTESIAN_POINT ( 'NONE',  ( 2.057142857142763237, -2.500000000000000444, -17.88206261216268445 ) ) ;
#2088 = VECTOR ( 'NONE', #2294, 1000.000000000000000 ) ;
#2089 = AXIS2_PLACEMENT_3D ( 'NONE', #3684, #1222, #3748 ) ;
#2090 = VERTEX_POINT ( 'NONE', #2647 ) ;
#2091 = DIRECTION ( 'NONE',  ( -1.210143096841420787E-14, -0.000000000000000000, -1.000000000000000000 ) ) ;
#2092 = AXIS2_PLACEMENT_3D ( 'NONE', #3828, #5808, #924 ) ;
#2093 = AXIS2_PLACEMENT_3D ( 'NONE', #3667, #6093, #2667 ) ;
#2094 = DIRECTION ( 'NONE',  ( -0.000000000000000000, -1.000000000000000000, -0.000000000000000000 ) ) ;
#2095 = EDGE_LOOP ( 'NONE', ( #216, #3194, #1425, #3993 ) ) ;
#2096 = AXIS2_PLACEMENT_3D ( 'NONE', #4217, #3671, #1185 ) ;
#2097 = EDGE_CURVE ( 'NONE', #1794, #1638, #3659, .T. ) ;
#2098 = ORIENTED_EDGE ( 'NONE', *, *, #3087, .T. ) ;
#2099 = CARTESIAN_POINT ( 'NONE',  ( 0.000000000000000000, 2.500000000000000000, 0.000000000000000000 ) ) ;
#2100 = AXIS2_PLACEMENT_3D ( 'NONE', #4599, #1109, #4108 ) ;
#2101 = AXIS2_PLACEMENT_3D ( 'NONE', #2110, #3275, #2767 ) ;
#2102 = VERTEX_POINT ( 'NONE', #3610 ) ;
#2103 = CARTESIAN_POINT ( 'NONE',  ( -1.500000000000000000, 2.500000000000000000, -17.38533865071370954 ) ) ;
#2104 = ORIENTED_EDGE ( 'NONE', *, *, #5773, .F. ) ;
#2105 = EDGE_CURVE ( 'NONE', #3622, #3656, #1805, .T. ) ;
#2106 = EDGE_LOOP ( 'NONE', ( #6151, #2472, #4710, #6172 ) ) ;
#2107 = CARTESIAN_POINT ( 'NONE',  ( 7.745966692414835819, -2.500000000000000444, 1.999999999999985789 ) ) ;
#2108 = AXIS2_PLACEMENT_3D ( 'NONE', #707, #4715, #3806 ) ;
#2109 = ORIENTED_EDGE ( 'NONE', *, *, #5610, .T. ) ;
#2110 = CARTESIAN_POINT ( 'NONE',  ( 0.9999999999999588107, 2.500000000000000000, -7.745966692414838484 ) ) ;
#2111 = VECTOR ( 'NONE', #1328, 1000.000000000000000 ) ;
#2112 = CIRCLE ( 'NONE', #6145, 1.000000000000000000 ) ;
#2113 = DIRECTION ( 'NONE',  ( 0.000000000000000000, 0.000000000000000000, 1.000000000000000000 ) ) ;
#2114 = EDGE_CURVE ( 'NONE', #2630, #3271, #6073, .T. ) ;
#2115 = ORIENTED_EDGE ( 'NONE', *, *, #6321, .F. ) ;
#2116 = DIRECTION ( 'NONE',  ( 0.000000000000000000, 1.000000000000000000, 0.000000000000000000 ) ) ;
#2117 = DIRECTION ( 'NONE',  ( -0.000000000000000000, -1.000000000000000000, -0.000000000000000000 ) ) ;
#2118 = AXIS2_PLACEMENT_3D ( 'NONE', #1035, #560, #1619 ) ;
#2119 = FACE_OUTER_BOUND ( 'NONE', #4305, .T. ) ;
#2120 = CARTESIAN_POINT ( 'NONE',  ( 1.500000000000000000, 2.500000000000000000, 17.93739111465210101 ) ) ;
#2121 = EDGE_LOOP ( 'NONE', ( #3242, #5994, #1947, #4332 ) ) ;
#2122 = AXIS2_PLACEMENT_3D ( 'NONE', #4611, #678, #1769 ) ;
#2123 = CARTESIAN_POINT ( 'NONE',  ( -1.874999999999911626, 3.001000000000000334, 7.261843774138929675 ) ) ;
#2124 = VECTOR ( 'NONE', #3323, 1000.000000000000000 ) ;
#2125 = ORIENTED_EDGE ( 'NONE', *, *, #3605, .F. ) ;
#2126 = LINE ( 'NONE', #677, #6046 ) ;
#2127 = DIRECTION ( 'NONE',  ( -0.000000000000000000, -1.000000000000000000, -0.000000000000000000 ) ) ;
#2128 = DIRECTION ( 'NONE',  ( -0.000000000000000000, -1.000000000000000000, -0.000000000000000000 ) ) ;
#2129 = ORIENTED_EDGE ( 'NONE', *, *, #5660, .T. ) ;
#2130 = VERTEX_POINT ( 'NONE', #3224 ) ;
#2131 = DIRECTION ( 'NONE',  ( 0.5078765015848242248, 1.338539617614133454E-16, 0.8614298921780925156 ) ) ;
#2132 = EDGE_CURVE ( 'NONE', #3720, #6267, #3355, .T. ) ;
#2133 = DIRECTION ( 'NONE',  ( -0.6216615594726271343, 0.000000000000000000, 0.7832859666009990285 ) ) ;
#2134 = CARTESIAN_POINT ( 'NONE',  ( 3.809073761886122345, 2.500000000000000000, -6.460724191335728506 ) ) ;
#2135 = CARTESIAN_POINT ( 'NONE',  ( 17.38533865071371309, 3.000000000000000000, 0.9999999999999696909 ) ) ;
#2136 = CARTESIAN_POINT ( 'NONE',  ( 2.057142857142856496, 2.500000000000000000, 17.88206261216267379 ) ) ;
#2137 = EDGE_LOOP ( 'NONE', ( #4313, #2929, #276, #2300 ) ) ;
#2138 = DIRECTION ( 'NONE',  ( 0.000000000000000000, 0.000000000000000000, 1.000000000000000000 ) ) ;
#2139 = ORIENTED_EDGE ( 'NONE', *, *, #2887, .T. ) ;
#2140 = EDGE_CURVE ( 'NONE', #4430, #1570, #4610, .T. ) ;
#2141 = CYLINDRICAL_SURFACE ( 'NONE', #3546, 0.5000000000000000000 ) ;
#2142 = ADVANCED_FACE ( 'NONE', ( #5555 ), #5624, .T. ) ;
#2143 = DIRECTION ( 'NONE',  ( 0.000000000000000000, 0.000000000000000000, -1.000000000000000000 ) ) ;
#2144 = EDGE_CURVE ( 'NONE', #4341, #2436, #2528, .T. ) ;
#2145 = ORIENTED_EDGE ( 'NONE', *, *, #3850, .F. ) ;
#2146 = DIRECTION ( 'NONE',  ( 0.000000000000000000, 1.000000000000000000, 0.000000000000000000 ) ) ;
#2147 = CARTESIAN_POINT ( 'NONE',  ( 17.38533865071370599, -2.999999999999998224, -1.500000000000060840 ) ) ;
#2148 = EDGE_CURVE ( 'NONE', #1615, #4620, #364, .T. ) ;
#2149 = CARTESIAN_POINT ( 'NONE',  ( -13.70750441551722787, -2.500000000000000444, 11.87907729077129737 ) ) ;
#2150 = CARTESIAN_POINT ( 'NONE',  ( -6.184332356238249950, 2.500000000000000000, -4.770118793865056439 ) ) ;
#2151 = ORIENTED_EDGE ( 'NONE', *, *, #6090, .F. ) ;
#2152 = LINE ( 'NONE', #771, #1793 ) ;
#2153 = DIRECTION ( 'NONE',  ( 0.000000000000000000, 0.000000000000000000, 1.000000000000000000 ) ) ;
#2154 = VECTOR ( 'NONE', #3062, 1000.000000000000114 ) ;
#2155 = ORIENTED_EDGE ( 'NONE', *, *, #2469, .F. ) ;
#2156 = CARTESIAN_POINT ( 'NONE',  ( 2.755455298081545172E-15, 0.5000000000000000000, -22.50000000000000355 ) ) ;
#2157 = CYLINDRICAL_SURFACE ( 'NONE', #473, 0.4999999999999998890 ) ;
#2158 = CARTESIAN_POINT ( 'NONE',  ( -1.999999999999999112, 2.500000000000000000, -17.88533865071370954 ) ) ;
#2159 = EDGE_LOOP ( 'NONE', ( #5479, #3415, #6040, #3482 ) ) ;
#2160 = VERTEX_POINT ( 'NONE', #2156 ) ;
#2161 = CARTESIAN_POINT ( 'NONE',  ( -6.777720855862962246, 2.500000000000000000, 1.750000000000070832 ) ) ;
#2162 = CIRCLE ( 'NONE', #1129, 1.000000000000000000 ) ;
#2163 = DIRECTION ( 'NONE',  ( 0.000000000000000000, 0.000000000000000000, 1.000000000000000000 ) ) ;
#2164 = DIRECTION ( 'NONE',  ( 0.000000000000000000, 1.000000000000000000, 0.000000000000000000 ) ) ;
#2165 = LINE ( 'NONE', #191, #5184 ) ;
#2166 = ORIENTED_EDGE ( 'NONE', *, *, #889, .F. ) ;
#2167 = ORIENTED_EDGE ( 'NONE', *, *, #6256, .T. ) ;
#2168 = CARTESIAN_POINT ( 'NONE',  ( 10.87907729077107888, -3.000000000000000000, -13.70750441551739662 ) ) ;
#2169 = EDGE_LOOP ( 'NONE', ( #486, #3316, #113, #5401 ) ) ;
#2170 = LINE ( 'NONE', #3105, #878 ) ;
#2171 = CARTESIAN_POINT ( 'NONE',  ( 4.063012012678529850, -2.499999999999999556, -6.891439137424775652 ) ) ;
#2172 = ADVANCED_FACE ( 'NONE', ( #3187 ), #1246, .F. ) ;
#2173 = ORIENTED_EDGE ( 'NONE', *, *, #1592, .F. ) ;
#2174 = DIRECTION ( 'NONE',  ( 0.000000000000000000, -0.000000000000000000, -1.000000000000000000 ) ) ;
#2175 = CIRCLE ( 'NONE', #3315, 0.5000000000000004441 ) ;
#2176 = CARTESIAN_POINT ( 'NONE',  ( -0.9999999999999991118, 2.500000000000000000, 1.210143096841419682E-14 ) ) ;
#2177 = CARTESIAN_POINT ( 'NONE',  ( 4.063012012678565377, 2.500000000000000444, 6.391439137424754335 ) ) ;
#2178 = AXIS2_PLACEMENT_3D ( 'NONE', #1095, #3908, #1024 ) ;
#2179 = DIRECTION ( 'NONE',  ( 0.000000000000000000, 1.000000000000000000, 0.000000000000000000 ) ) ;
#2180 = AXIS2_PLACEMENT_3D ( 'NONE', #1745, #1255, #2133 ) ;
#2181 = LINE ( 'NONE', #2744, #6330 ) ;
#2182 = ADVANCED_FACE ( 'NONE', ( #3642 ), #5165, .T. ) ;
#2183 = ORIENTED_EDGE ( 'NONE', *, *, #2551, .T. ) ;
#2184 = DIRECTION ( 'NONE',  ( 0.000000000000000000, 0.000000000000000000, 1.000000000000000000 ) ) ;
#2185 = CIRCLE ( 'NONE', #5806, 0.5000000000000000000 ) ;
#2186 = CARTESIAN_POINT ( 'NONE',  ( 1.999999999999908518, 3.000000000000000000, -17.38533865071372020 ) ) ;
#2187 = DIRECTION ( 'NONE',  ( 0.7071067811865499042, 0.000000000000000000, 0.7071067811865451302 ) ) ;
#2188 = VERTEX_POINT ( 'NONE', #4547 ) ;
#2189 = DIRECTION ( 'NONE',  ( 0.000000000000000000, 1.000000000000000000, 0.000000000000000000 ) ) ;
#2190 = ORIENTED_EDGE ( 'NONE', *, *, #5000, .T. ) ;
#2191 = CIRCLE ( 'NONE', #2600, 0.5000000000000006661 ) ;
#2192 = ADVANCED_FACE ( 'NONE', ( #6042 ), #6141, .T. ) ;
#2193 = ORIENTED_EDGE ( 'NONE', *, *, #1274, .T. ) ;
#2194 = LINE ( 'NONE', #6108, #441 ) ;
#2195 = VECTOR ( 'NONE', #85, 1000.000000000000000 ) ;
#2196 = AXIS2_PLACEMENT_3D ( 'NONE', #4397, #2877, #5249 ) ;
#2197 = AXIS2_PLACEMENT_3D ( 'NONE', #5689, #1293, #5171 ) ;
#2198 = DIRECTION ( 'NONE',  ( 0.000000000000000000, 1.000000000000000000, 0.000000000000000000 ) ) ;
#2199 = CIRCLE ( 'NONE', #659, 0.5000000000000000000 ) ;
#2200 = DIRECTION ( 'NONE',  ( -0.000000000000000000, -1.000000000000000000, -0.000000000000000000 ) ) ;
#2201 = DIRECTION ( 'NONE',  ( 1.000000000000000000, 0.000000000000000000, -8.673617379884035472E-15 ) ) ;
#2202 = ORIENTED_EDGE ( 'NONE', *, *, #494, .F. ) ;
#2203 = ORIENTED_EDGE ( 'NONE', *, *, #6189, .T. ) ;
#2204 = FACE_BOUND ( 'NONE', #4090, .T. ) ;
#2205 = AXIS2_PLACEMENT_3D ( 'NONE', #3626, #2594, #2143 ) ;
#2206 = VERTEX_POINT ( 'NONE', #3093 ) ;
#2207 = CIRCLE ( 'NONE', #2612, 1.000000000000000000 ) ;
#2208 = VECTOR ( 'NONE', #1530, 1000.000000000000114 ) ;
#2209 = FACE_OUTER_BOUND ( 'NONE', #1518, .T. ) ;
#2210 = VECTOR ( 'NONE', #4211, 1000.000000000000000 ) ;
#2211 = CARTESIAN_POINT ( 'NONE',  ( 3.555135511093746370, 2.500000000000000000, 6.030009245246662708 ) ) ;
#2212 = ORIENTED_EDGE ( 'NONE', *, *, #1744, .T. ) ;
#2213 = DIRECTION ( 'NONE',  ( 3.469446951953614189E-15, 0.000000000000000000, 1.000000000000000000 ) ) ;
#2214 = CYLINDRICAL_SURFACE ( 'NONE', #1059, 0.5000000000000000000 ) ;
#2215 = ADVANCED_FACE ( 'NONE', ( #5064 ), #2629, .T. ) ;
#2216 = DIRECTION ( 'NONE',  ( 0.9934479228979260501, 0.000000000000000000, -0.1142857142857177793 ) ) ;
#2217 = CARTESIAN_POINT ( 'NONE',  ( 0.000000000000000000, 2.500000000000000000, 0.000000000000000000 ) ) ;
#2218 = DIRECTION ( 'NONE',  ( 0.000000000000000000, 1.000000000000000000, 0.000000000000000000 ) ) ;
#2219 = VERTEX_POINT ( 'NONE', #5134 ) ;
#2220 = AXIS2_PLACEMENT_3D ( 'NONE', #705, #1632, #5163 ) ;
#2221 = EDGE_CURVE ( 'NONE', #87, #5886, #141, .T. ) ;
#2222 = CIRCLE ( 'NONE', #3664, 18.50000000000000355 ) ;
#2223 = EDGE_CURVE ( 'NONE', #4429, #3227, #6244, .T. ) ;
#2224 = CIRCLE ( 'NONE', #1299, 0.4999999999999995559 ) ;
#2225 = CIRCLE ( 'NONE', #1707, 0.4999999999999995559 ) ;
#2226 = CARTESIAN_POINT ( 'NONE',  ( 0.000000000000000000, -2.500000000000000444, 0.000000000000000000 ) ) ;
#2227 = DIRECTION ( 'NONE',  ( 0.7071067811865474617, 0.000000000000000000, 0.7071067811865474617 ) ) ;
#2228 = VERTEX_POINT ( 'NONE', #1414 ) ;
#2229 = DIRECTION ( 'NONE',  ( 0.000000000000000000, 0.000000000000000000, 1.000000000000000000 ) ) ;
#2230 = VERTEX_POINT ( 'NONE', #386 ) ;
#2231 = EDGE_LOOP ( 'NONE', ( #3245, #4260, #5535, #709 ) ) ;
#2232 = AXIS2_PLACEMENT_3D ( 'NONE', #1711, #3680, #2229 ) ;
#2233 = DIRECTION ( 'NONE',  ( 0.000000000000000000, 1.000000000000000000, 0.000000000000000000 ) ) ;
#2234 = CIRCLE ( 'NONE', #5536, 0.5000000000000003331 ) ;
#2235 = EDGE_CURVE ( 'NONE', #3689, #1446, #2810, .T. ) ;
#2236 = FACE_BOUND ( 'NONE', #693, .T. ) ;
#2237 = DIRECTION ( 'NONE',  ( 0.000000000000000000, 1.000000000000000000, 0.000000000000000000 ) ) ;
#2238 = DIRECTION ( 'NONE',  ( -8.673617379884035472E-15, 0.000000000000000000, -1.000000000000000000 ) ) ;
#2239 = ORIENTED_EDGE ( 'NONE', *, *, #3803, .T. ) ;
#2240 = ORIENTED_EDGE ( 'NONE', *, *, #1404, .F. ) ;
#2241 = CARTESIAN_POINT ( 'NONE',  ( 17.38533865071370599, 2.500000000000000000, -1.500000000000060840 ) ) ;
#2242 = VERTEX_POINT ( 'NONE', #809 ) ;
#2243 = DIRECTION ( 'NONE',  ( 0.000000000000000000, 0.000000000000000000, 1.000000000000000000 ) ) ;
#2244 = AXIS2_PLACEMENT_3D ( 'NONE', #3962, #2990, #1528 ) ;
#2245 = EDGE_CURVE ( 'NONE', #2559, #2756, #2847, .T. ) ;
#2246 = DIRECTION ( 'NONE',  ( 0.000000000000000000, 0.000000000000000000, 1.000000000000000000 ) ) ;
#2247 = ORIENTED_EDGE ( 'NONE', *, *, #1519, .T. ) ;
#2248 = CARTESIAN_POINT ( 'NONE',  ( 17.38533865071371309, -2.500000000000000444, 1.499999999999969580 ) ) ;
#2249 = CARTESIAN_POINT ( 'NONE',  ( -1.874999999999911848, -2.500000000000000444, 7.261843774138930563 ) ) ;
#2250 = CARTESIAN_POINT ( 'NONE',  ( 6.891439137424762329, 3.000000000000000000, 4.063012012678552942 ) ) ;
#2251 = CARTESIAN_POINT ( 'NONE',  ( -17.93739111465208325, -2.500000000000000444, 1.500000000000187850 ) ) ;
#2252 = CARTESIAN_POINT ( 'NONE',  ( -7.745966692414810950, 3.001000000000000334, 2.000000000000080380 ) ) ;
#2253 = ORIENTED_EDGE ( 'NONE', *, *, #5952, .F. ) ;
#2254 = DIRECTION ( 'NONE',  ( -0.000000000000000000, -1.000000000000000000, -0.000000000000000000 ) ) ;
#2255 = EDGE_CURVE ( 'NONE', #2219, #612, #2325, .T. ) ;
#2256 = DIRECTION ( 'NONE',  ( 0.000000000000000000, 1.000000000000000000, 0.000000000000000000 ) ) ;
#2257 = CARTESIAN_POINT ( 'NONE',  ( 13.70750441551736287, -3.000000000000000000, 10.87907729077112862 ) ) ;
#2258 = CARTESIAN_POINT ( 'NONE',  ( 0.000000000000000000, -2.500000000000000444, 0.000000000000000000 ) ) ;
#2259 = ORIENTED_EDGE ( 'NONE', *, *, #1655, .F. ) ;
#2260 = ORIENTED_EDGE ( 'NONE', *, *, #594, .T. ) ;
#2261 = EDGE_CURVE ( 'NONE', #4821, #4533, #3144, .T. ) ;
#2262 = EDGE_CURVE ( 'NONE', #3559, #682, #1183, .T. ) ;
#2263 = DIRECTION ( 'NONE',  ( -0.000000000000000000, -1.000000000000000000, -0.000000000000000000 ) ) ;
#2264 = DIRECTION ( 'NONE',  ( 1.000000000000000000, -0.000000000000000000, 1.224646799147353207E-16 ) ) ;
#2265 = CARTESIAN_POINT ( 'NONE',  ( 11.50073885024379194, -2.500000000000000000, 14.49079038211833392 ) ) ;
#2266 = CARTESIAN_POINT ( 'NONE',  ( -13.70750441551743570, -3.000000000000000000, -10.87907729077102914 ) ) ;
#2267 = VERTEX_POINT ( 'NONE', #4841 ) ;
#2268 = ORIENTED_EDGE ( 'NONE', *, *, #6049, .T. ) ;
#2269 = CARTESIAN_POINT ( 'NONE',  ( 0.000000000000000000, 3.001000000000000334, 0.000000000000000000 ) ) ;
#2270 = EDGE_CURVE ( 'NONE', #3584, #2242, #2846, .T. ) ;
#2271 = EDGE_LOOP ( 'NONE', ( #4973, #9, #711, #1412 ) ) ;
#2272 = DIRECTION ( 'NONE',  ( 0.000000000000000000, 0.000000000000000000, 1.000000000000000000 ) ) ;
#2273 = AXIS2_PLACEMENT_3D ( 'NONE', #6197, #1761, #2841 ) ;
#2274 = CARTESIAN_POINT ( 'NONE',  ( 1.750000000000000000, -3.000000000000000000, 6.777720855862980009 ) ) ;
#2275 = ORIENTED_EDGE ( 'NONE', *, *, #4510, .T. ) ;
#2276 = EDGE_CURVE ( 'NONE', #4941, #2382, #4488, .T. ) ;
#2277 = ORIENTED_EDGE ( 'NONE', *, *, #41, .T. ) ;
#2278 = DIRECTION ( 'NONE',  ( 0.000000000000000000, 0.000000000000000000, 1.000000000000000000 ) ) ;
#2279 = CARTESIAN_POINT ( 'NONE',  ( 6.891439137424740125, -2.500000000000000444, -4.063012012678589358 ) ) ;
#2280 = DIRECTION ( 'NONE',  ( -0.7071067811865449082, 0.000000000000000000, 0.7071067811865501263 ) ) ;
#2281 = CARTESIAN_POINT ( 'NONE',  ( 4.063012012678529850, 2.500000000000000000, -6.891439137424775652 ) ) ;
#2282 = DIRECTION ( 'NONE',  ( -0.7071067811865492381, 0.000000000000000000, -0.7071067811865457964 ) ) ;
#2283 = ORIENTED_EDGE ( 'NONE', *, *, #5869, .T. ) ;
#2284 = DIRECTION ( 'NONE',  ( 0.000000000000000000, 1.000000000000000000, 0.000000000000000000 ) ) ;
#2285 = VECTOR ( 'NONE', #294, 1000.000000000000000 ) ;
#2286 = DIRECTION ( 'NONE',  ( 0.000000000000000000, 0.000000000000000000, 1.000000000000000000 ) ) ;
#2287 = DIRECTION ( 'NONE',  ( 0.000000000000000000, 1.000000000000000000, 0.000000000000000000 ) ) ;
#2288 = DIRECTION ( 'NONE',  ( 0.9682458365518543664, 0.000000000000000000, -0.2499999999999996114 ) ) ;
#2289 = EDGE_LOOP ( 'NONE', ( #5928, #5460, #1447, #2692 ) ) ;
#2290 = ORIENTED_EDGE ( 'NONE', *, *, #5100, .F. ) ;
#2291 = AXIS2_PLACEMENT_3D ( 'NONE', #1861, #3778, #3258 ) ;
#2292 = CIRCLE ( 'NONE', #4037, 0.5000000000000006661 ) ;
#2293 = FACE_OUTER_BOUND ( 'NONE', #2169, .T. ) ;
#2294 = DIRECTION ( 'NONE',  ( 0.000000000000000000, 1.000000000000000000, 0.000000000000000000 ) ) ;
#2295 = TOROIDAL_SURFACE ( 'NONE', #4777, 7.000000000000000888, 0.5000000000000000000 ) ;
#2296 = EDGE_CURVE ( 'NONE', #3385, #361, #1435, .T. ) ;
#2297 = VECTOR ( 'NONE', #3943, 1000.000000000000114 ) ;
#2298 = CARTESIAN_POINT ( 'NONE',  ( -6.891439137424713479, 3.001000000000000334, 4.063012012678638207 ) ) ;
#2299 = DIRECTION ( 'NONE',  ( -0.000000000000000000, -1.000000000000000000, -0.000000000000000000 ) ) ;
#2300 = ORIENTED_EDGE ( 'NONE', *, *, #2255, .F. ) ;
#2301 = VERTEX_POINT ( 'NONE', #4743 ) ;
#2302 = CIRCLE ( 'NONE', #2721, 0.5000000000000006661 ) ;
#2303 = CARTESIAN_POINT ( 'NONE',  ( 4.063012012678529850, 3.000000000000000000, -5.891439137424775652 ) ) ;
#2304 = ORIENTED_EDGE ( 'NONE', *, *, #3215, .T. ) ;
#2305 = CARTESIAN_POINT ( 'NONE',  ( 1.999999999999999112, -2.499999999999999556, 17.88533865071370954 ) ) ;
#2306 = CIRCLE ( 'NONE', #529, 0.5000000000000001110 ) ;
#2307 = CIRCLE ( 'NONE', #5818, 18.00000000000000355 ) ;
#2308 = EDGE_CURVE ( 'NONE', #5827, #5001, #1342, .T. ) ;
#2309 = DIRECTION ( 'NONE',  ( -0.9682458365518515908, 0.000000000000000000, 0.2500000000000102141 ) ) ;
#2310 = ORIENTED_EDGE ( 'NONE', *, *, #5236, .T. ) ;
#2311 = AXIS2_PLACEMENT_3D ( 'NONE', #4318, #438, #2895 ) ;
#2312 = AXIS2_PLACEMENT_3D ( 'NONE', #2838, #6315, #3311 ) ;
#2313 = AXIS2_PLACEMENT_3D ( 'NONE', #2971, #3544, #1118 ) ;
#2314 = ORIENTED_EDGE ( 'NONE', *, *, #4042, .T. ) ;
#2315 = DIRECTION ( 'NONE',  ( -1.000000000000000000, 0.000000000000000000, 1.214306433183764966E-14 ) ) ;
#2316 = FACE_OUTER_BOUND ( 'NONE', #5837, .T. ) ;
#2317 = AXIS2_PLACEMENT_3D ( 'NONE', #2171, #2045, #1138 ) ;
#2318 = AXIS2_PLACEMENT_3D ( 'NONE', #4178, #6278, #4237 ) ;
#2319 = EDGE_CURVE ( 'NONE', #4913, #4620, #4846, .T. ) ;
#2320 = CARTESIAN_POINT ( 'NONE',  ( 6.184332356238216200, -3.000000000000000000, 4.770118793865101736 ) ) ;
#2321 = DIRECTION ( 'NONE',  ( -0.000000000000000000, -1.000000000000000000, -0.000000000000000000 ) ) ;
#2322 = CARTESIAN_POINT ( 'NONE',  ( -14.09914739881771872, -2.500000000000000444, 11.18990807050761838 ) ) ;
#2323 = ORIENTED_EDGE ( 'NONE', *, *, #1067, .F. ) ;
#2324 = CARTESIAN_POINT ( 'NONE',  ( 3.809073761886122345, -2.500000000000000444, -6.460724191335728506 ) ) ;
#2325 = CIRCLE ( 'NONE', #5936, 7.500000000000000888 ) ;
#2326 = DIRECTION ( 'NONE',  ( -1.210143096841420787E-14, 0.000000000000000000, -1.000000000000000000 ) ) ;
#2327 = DIRECTION ( 'NONE',  ( 0.000000000000000000, 0.000000000000000000, -1.000000000000000000 ) ) ;
#2328 = VECTOR ( 'NONE', #5652, 1000.000000000000000 ) ;
#2329 = CYLINDRICAL_SURFACE ( 'NONE', #2445, 0.5000000000000004441 ) ;
#2330 = EDGE_LOOP ( 'NONE', ( #4865, #3874, #4456, #4855 ) ) ;
#2331 = CARTESIAN_POINT ( 'NONE',  ( -6.460724191335669886, -2.500000000000000444, 3.809073761886223597 ) ) ;
#2332 = AXIS2_PLACEMENT_3D ( 'NONE', #892, #398, #2471 ) ;
#2333 = DIRECTION ( 'NONE',  ( -0.7071067811865487940, 0.000000000000000000, -0.7071067811865463515 ) ) ;
#2334 = DIRECTION ( 'NONE',  ( 0.000000000000000000, 1.000000000000000000, 0.000000000000000000 ) ) ;
#2335 = ORIENTED_EDGE ( 'NONE', *, *, #1051, .F. ) ;
#2336 = CIRCLE ( 'NONE', #4498, 7.000000000000000888 ) ;
#2337 = VERTEX_POINT ( 'NONE', #1286 ) ;
#2338 = CARTESIAN_POINT ( 'NONE',  ( 11.23263068136442300, 2.500000000000000000, 13.35395102492406494 ) ) ;
#2339 = ADVANCED_FACE ( 'NONE', ( #2751 ), #1898, .F. ) ;
#2340 = CIRCLE ( 'NONE', #2232, 0.4999999999999995559 ) ;
#2341 = VERTEX_POINT ( 'NONE', #4220 ) ;
#2342 = DIRECTION ( 'NONE',  ( 0.000000000000000000, 1.000000000000000000, 0.000000000000000000 ) ) ;
#2343 = ORIENTED_EDGE ( 'NONE', *, *, #292, .T. ) ;
#2344 = ADVANCED_FACE ( 'NONE', ( #1807 ), #3741, .F. ) ;
#2345 = VERTEX_POINT ( 'NONE', #5719 ) ;
#2346 = CARTESIAN_POINT ( 'NONE',  ( -0.9999999999999055200, -2.500000000000000000, 7.745966692414844701 ) ) ;
#2347 = EDGE_CURVE ( 'NONE', #236, #5731, #3260, .T. ) ;
#2348 = PLANE ( 'NONE',  #3977 ) ;
#2349 = EDGE_CURVE ( 'NONE', #3620, #5741, #2885, .T. ) ;
#2350 = CYLINDRICAL_SURFACE ( 'NONE', #5376, 0.5000000000000000000 ) ;
#2351 = CARTESIAN_POINT ( 'NONE',  ( 0.000000000000000000, 3.001000000000000334, 0.000000000000000000 ) ) ;
#2352 = DIRECTION ( 'NONE',  ( 0.000000000000000000, 1.000000000000000000, 0.000000000000000000 ) ) ;
#2353 = ORIENTED_EDGE ( 'NONE', *, *, #3803, .F. ) ;
#2354 = LINE ( 'NONE', #1957, #3216 ) ;
#2355 = EDGE_CURVE ( 'NONE', #6191, #5739, #6270, .T. ) ;
#2356 = EDGE_CURVE ( 'NONE', #4175, #5741, #5471, .T. ) ;
#2357 = CARTESIAN_POINT ( 'NONE',  ( 0.000000000000000000, 2.500000000000000000, 0.000000000000000000 ) ) ;
#2358 = CARTESIAN_POINT ( 'NONE',  ( -7.745966692414810950, 3.000000000000000000, 2.000000000000080380 ) ) ;
#2359 = DIRECTION ( 'NONE',  ( 0.000000000000000000, 0.000000000000000000, -1.000000000000000000 ) ) ;
#2360 = ORIENTED_EDGE ( 'NONE', *, *, #5111, .F. ) ;
#2361 = CARTESIAN_POINT ( 'NONE',  ( -11.18990807050747271, 2.500000000000000000, -14.09914739881783774 ) ) ;
#2362 = CARTESIAN_POINT ( 'NONE',  ( -11.58618407195753797, -3.000000000000000000, 13.00039763433093398 ) ) ;
#2363 = ORIENTED_EDGE ( 'NONE', *, *, #3046, .T. ) ;
#2364 = VERTEX_POINT ( 'NONE', #4485 ) ;
#2365 = FACE_OUTER_BOUND ( 'NONE', #2470, .T. ) ;
#2366 = AXIS2_PLACEMENT_3D ( 'NONE', #1534, #4516, #5431 ) ;
#2367 = CIRCLE ( 'NONE', #5980, 0.4999999999999995559 ) ;
#2368 = VERTEX_POINT ( 'NONE', #3542 ) ;
#2369 = DIRECTION ( 'NONE',  ( 0.000000000000000000, 0.000000000000000000, 1.000000000000000000 ) ) ;
#2370 = ORIENTED_EDGE ( 'NONE', *, *, #5757, .T. ) ;
#2371 = DIRECTION ( 'NONE',  ( -3.469446951953611033E-15, 0.000000000000000000, 1.000000000000000000 ) ) ;
#2372 = CIRCLE ( 'NONE', #2055, 0.5000000000000003331 ) ;
#2373 = ORIENTED_EDGE ( 'NONE', *, *, #1464, .T. ) ;
#2374 = DIRECTION ( 'NONE',  ( 0.000000000000000000, 1.000000000000000000, 0.000000000000000000 ) ) ;
#2375 = DIRECTION ( 'NONE',  ( 0.7071067811865474617, -0.000000000000000000, 0.7071067811865474617 ) ) ;
#2376 = AXIS2_PLACEMENT_3D ( 'NONE', #2513, #570, #5970 ) ;
#2377 = ADVANCED_FACE ( 'NONE', ( #6390 ), #89, .T. ) ;
#2378 = CARTESIAN_POINT ( 'NONE',  ( -17.38533865071372375, 2.500000000000000000, -1.499999999999848566 ) ) ;
#2379 = FACE_OUTER_BOUND ( 'NONE', #3098, .T. ) ;
#2380 = EDGE_CURVE ( 'NONE', #4760, #5857, #1540, .T. ) ;
#2381 = CYLINDRICAL_SURFACE ( 'NONE', #2834, 0.4999999999999995004 ) ;
#2382 = VERTEX_POINT ( 'NONE', #4902 ) ;
#2383 = DIRECTION ( 'NONE',  ( 0.7071067811865423547, 0.000000000000000000, -0.7071067811865526798 ) ) ;
#2384 = DIRECTION ( 'NONE',  ( 7.993605777301127091E-15, 0.000000000000000000, 1.000000000000000000 ) ) ;
#2385 = CARTESIAN_POINT ( 'NONE',  ( -13.70750441551743570, -2.499999999999999556, -10.87907729077102914 ) ) ;
#2386 = EDGE_CURVE ( 'NONE', #2597, #6068, #5161, .T. ) ;
#2387 = DIRECTION ( 'NONE',  ( -0.7071067811865474617, 0.000000000000000000, -0.7071067811865474617 ) ) ;
#2388 = ORIENTED_EDGE ( 'NONE', *, *, #2694, .F. ) ;
#2389 = CIRCLE ( 'NONE', #4243, 0.4999999999999997780 ) ;
#2390 = VECTOR ( 'NONE', #1801, 1000.000000000000000 ) ;
#2391 = CARTESIAN_POINT ( 'NONE',  ( 17.38533865071370244, 3.000000000000000000, -2.000000000000059952 ) ) ;
#2392 = ADVANCED_FACE ( 'NONE', ( #3411 ), #3709, .T. ) ;
#2393 = DIRECTION ( 'NONE',  ( 0.000000000000000000, 0.000000000000000000, 1.000000000000000000 ) ) ;
#2394 = ORIENTED_EDGE ( 'NONE', *, *, #5164, .F. ) ;
#2395 = AXIS2_PLACEMENT_3D ( 'NONE', #1766, #5714, #3287 ) ;
#2396 = CIRCLE ( 'NONE', #6004, 0.5000000000000004441 ) ;
#2397 = ORIENTED_EDGE ( 'NONE', *, *, #1983, .T. ) ;
#2398 = DIRECTION ( 'NONE',  ( 0.000000000000000000, 1.000000000000000000, 0.000000000000000000 ) ) ;
#2399 = AXIS2_PLACEMENT_3D ( 'NONE', #5867, #1526, #5421 ) ;
#2400 = ORIENTED_EDGE ( 'NONE', *, *, #690, .T. ) ;
#2401 = EDGE_CURVE ( 'NONE', #339, #5046, #3817, .T. ) ;
#2402 = DIRECTION ( 'NONE',  ( 1.000000000000000000, -0.000000000000000000, -3.491481338843134144E-15 ) ) ;
#2403 = VERTEX_POINT ( 'NONE', #1018 ) ;
#2404 = LINE ( 'NONE', #4829, #2952 ) ;
#2405 = ORIENTED_EDGE ( 'NONE', *, *, #1655, .T. ) ;
#2406 = VECTOR ( 'NONE', #4615, 1000.000000000000000 ) ;
#2407 = CARTESIAN_POINT ( 'NONE',  ( -4.063012012678481000, -2.499999999999999556, 6.891439137424804073 ) ) ;
#2408 = DIRECTION ( 'NONE',  ( 0.000000000000000000, 1.000000000000000000, 0.000000000000000000 ) ) ;
#2409 = CIRCLE ( 'NONE', #4151, 0.5000000000000000000 ) ;
#2410 = CIRCLE ( 'NONE', #2924, 0.5000000000000000000 ) ;
#2411 = AXIS2_PLACEMENT_3D ( 'NONE', #955, #475, #4449 ) ;
#2412 = CARTESIAN_POINT ( 'NONE',  ( -4.063012012678481000, -2.500000000000000444, 6.891439137424804073 ) ) ;
#2413 = AXIS2_PLACEMENT_3D ( 'NONE', #3577, #5551, #4423 ) ;
#2414 = CARTESIAN_POINT ( 'NONE',  ( 6.537885746831488376, 2.500000000000000000, 4.416565403271827783 ) ) ;
#2415 = FACE_OUTER_BOUND ( 'NONE', #3398, .T. ) ;
#2416 = ORIENTED_EDGE ( 'NONE', *, *, #5459, .T. ) ;
#2417 = TOROIDAL_SURFACE ( 'NONE', #3342, 1.000000000000000000, 0.5000000000000000000 ) ;
#2418 = EDGE_CURVE ( 'NONE', #5153, #4152, #928, .T. ) ;
#2419 = CARTESIAN_POINT ( 'NONE',  ( -1.749999999999917843, 3.000000000000000000, 6.777720855863002214 ) ) ;
#2420 = DIRECTION ( 'NONE',  ( 0.000000000000000000, 0.000000000000000000, -1.000000000000000000 ) ) ;
#2421 = AXIS2_PLACEMENT_3D ( 'NONE', #4699, #4661, #3796 ) ;
#2422 = LINE ( 'NONE', #4651, #2285 ) ;
#2423 = DIRECTION ( 'NONE',  ( -1.000000000000000000, 0.000000000000000000, 0.000000000000000000 ) ) ;
#2424 = EDGE_CURVE ( 'NONE', #5739, #492, #3089, .T. ) ;
#2425 = ORIENTED_EDGE ( 'NONE', *, *, #348, .T. ) ;
#2426 = EDGE_CURVE ( 'NONE', #4232, #3204, #4535, .T. ) ;
#2427 = AXIS2_PLACEMENT_3D ( 'NONE', #5790, #3365, #5278 ) ;
#2428 = AXIS2_PLACEMENT_3D ( 'NONE', #1495, #5799, #916 ) ;
#2429 = DIRECTION ( 'NONE',  ( 0.000000000000000000, 0.000000000000000000, -1.000000000000000000 ) ) ;
#2430 = CARTESIAN_POINT ( 'NONE',  ( -1.874999999999999778, 3.001000000000000334, -7.261843774138906582 ) ) ;
#2431 = ORIENTED_EDGE ( 'NONE', *, *, #3381, .T. ) ;
#2432 = ORIENTED_EDGE ( 'NONE', *, *, #3297, .T. ) ;
#2433 = AXIS2_PLACEMENT_3D ( 'NONE', #1135, #4041, #4506 ) ;
#2434 = CARTESIAN_POINT ( 'NONE',  ( 7.745966692414834931, -2.999999999999998224, 1.499999999999986899 ) ) ;
#2435 = EDGE_CURVE ( 'NONE', #4232, #1791, #507, .T. ) ;
#2436 = VERTEX_POINT ( 'NONE', #2419 ) ;
#2437 = AXIS2_PLACEMENT_3D ( 'NONE', #2226, #150, #1635 ) ;
#2438 = AXIS2_PLACEMENT_3D ( 'NONE', #1301, #4207, #4758 ) ;
#2439 = CARTESIAN_POINT ( 'NONE',  ( 17.38533865071370954, -2.500000000000000000, -1.000000000000061062 ) ) ;
#2440 = ORIENTED_EDGE ( 'NONE', *, *, #3059, .F. ) ;
#2441 = ORIENTED_EDGE ( 'NONE', *, *, #934, .F. ) ;
#2442 = CARTESIAN_POINT ( 'NONE',  ( -7.745966692414849142, 3.000000000000000000, -1.999999999999931610 ) ) ;
#2443 = EDGE_LOOP ( 'NONE', ( #5374, #1028, #1155, #1104 ) ) ;
#2444 = CARTESIAN_POINT ( 'NONE',  ( -11.50073885024379194, -3.000000000000000000, -14.49079038211833392 ) ) ;
#2445 = AXIS2_PLACEMENT_3D ( 'NONE', #2850, #4298, #2359 ) ;
#2446 = FACE_OUTER_BOUND ( 'NONE', #2790, .T. ) ;
#2447 = DIRECTION ( 'NONE',  ( 0.000000000000000000, 0.000000000000000000, 1.000000000000000000 ) ) ;
#2448 = FACE_OUTER_BOUND ( 'NONE', #2489, .T. ) ;
#2449 = EDGE_LOOP ( 'NONE', ( #1107, #5634, #3744, #5893 ) ) ;
#2450 = DIRECTION ( 'NONE',  ( 0.000000000000000000, 0.000000000000000000, 1.000000000000000000 ) ) ;
#2451 = CARTESIAN_POINT ( 'NONE',  ( -5.903259203893132856, -2.500000000000000444, 4.489045641520147178 ) ) ;
#2452 = CARTESIAN_POINT ( 'NONE',  ( 1.999999999999958922, -3.000000000000000000, -7.745966692414842925 ) ) ;
#2453 = DIRECTION ( 'NONE',  ( -0.000000000000000000, -1.000000000000000000, -0.000000000000000000 ) ) ;
#2454 = DIRECTION ( 'NONE',  ( 0.000000000000000000, 0.000000000000000000, 1.000000000000000000 ) ) ;
#2455 = DIRECTION ( 'NONE',  ( -0.000000000000000000, -1.000000000000000000, -0.000000000000000000 ) ) ;
#2456 = EDGE_CURVE ( 'NONE', #5036, #745, #2997, .T. ) ;
#2457 = APPLICATION_CONTEXT ( 'automotive_design' ) ;
#2458 = ORIENTED_EDGE ( 'NONE', *, *, #262, .F. ) ;
#2459 = ORIENTED_EDGE ( 'NONE', *, *, #5119, .F. ) ;
#2460 = CARTESIAN_POINT ( 'NONE',  ( -4.063012012678565377, -3.000000000000000000, -6.891439137424754335 ) ) ;
#2461 = ORIENTED_EDGE ( 'NONE', *, *, #2779, .T. ) ;
#2462 = EDGE_CURVE ( 'NONE', #4948, #124, #611, .T. ) ;
#2463 = EDGE_CURVE ( 'NONE', #1492, #5253, #830, .T. ) ;
#2464 = ORIENTED_EDGE ( 'NONE', *, *, #4714, .T. ) ;
#2465 = DIRECTION ( 'NONE',  ( -0.000000000000000000, -1.000000000000000000, -0.000000000000000000 ) ) ;
#2466 = ORIENTED_EDGE ( 'NONE', *, *, #3007, .F. ) ;
#2467 = DIRECTION ( 'NONE',  ( -0.000000000000000000, -1.000000000000000000, -0.000000000000000000 ) ) ;
#2468 = VERTEX_POINT ( 'NONE', #4958 ) ;
#2469 = EDGE_CURVE ( 'NONE', #268, #5001, #307, .T. ) ;
#2470 = EDGE_LOOP ( 'NONE', ( #1486, #3393, #1742, #2173, #4074, #3926 ) ) ;
#2471 = DIRECTION ( 'NONE',  ( -0.7071067811865501263, 0.000000000000000000, -0.7071067811865449082 ) ) ;
#2472 = ORIENTED_EDGE ( 'NONE', *, *, #842, .F. ) ;
#2473 = FACE_OUTER_BOUND ( 'NONE', #4026, .T. ) ;
#2474 = LINE ( 'NONE', #5937, #871 ) ;
#2475 = FACE_OUTER_BOUND ( 'NONE', #465, .T. ) ;
#2476 = EDGE_CURVE ( 'NONE', #4605, #1738, #5050, .T. ) ;
#2477 = ORIENTED_EDGE ( 'NONE', *, *, #2140, .F. ) ;
#2478 = DIRECTION ( 'NONE',  ( 0.000000000000000000, 0.000000000000000000, 1.000000000000000000 ) ) ;
#2479 = AXIS2_PLACEMENT_3D ( 'NONE', #1213, #4054, #5520 ) ;
#2480 = DIRECTION ( 'NONE',  ( 0.000000000000000000, 0.000000000000000000, 1.000000000000000000 ) ) ;
#2481 = DIRECTION ( 'NONE',  ( 0.000000000000000000, 0.000000000000000000, -1.000000000000000000 ) ) ;
#2482 = DIRECTION ( 'NONE',  ( -0.7071067811865475727, 0.000000000000000000, 0.7071067811865475727 ) ) ;
#2483 = CIRCLE ( 'NONE', #6200, 1.000000000000000000 ) ;
#2484 = CYLINDRICAL_SURFACE ( 'NONE', #3961, 0.5000000000000004441 ) ;
#2485 = ORIENTED_EDGE ( 'NONE', *, *, #3282, .T. ) ;
#2486 = ORIENTED_EDGE ( 'NONE', *, *, #2817, .F. ) ;
#2487 = DIRECTION ( 'NONE',  ( 0.000000000000000000, 1.000000000000000000, 0.000000000000000000 ) ) ;
#2488 = CARTESIAN_POINT ( 'NONE',  ( 11.50073885024371378, -3.000000000000000000, -14.49079038211839610 ) ) ;
#2489 = EDGE_LOOP ( 'NONE', ( #6255, #2961, #3816, #5637 ) ) ;
#2490 = ORIENTED_EDGE ( 'NONE', *, *, #1537, .T. ) ;
#2491 = CIRCLE ( 'NONE', #524, 1.000000000000000000 ) ;
#2492 = ADVANCED_FACE ( 'NONE', ( #992 ), #2969, .T. ) ;
#2493 = ORIENTED_EDGE ( 'NONE', *, *, #1715, .F. ) ;
#2494 = CIRCLE ( 'NONE', #956, 0.5000000000000004441 ) ;
#2495 = CIRCLE ( 'NONE', #3320, 0.5000000000000004441 ) ;
#2496 = ORIENTED_EDGE ( 'NONE', *, *, #2760, .T. ) ;
#2497 = ORIENTED_EDGE ( 'NONE', *, *, #2401, .F. ) ;
#2498 = PLANE ( 'NONE',  #5116 ) ;
#2499 = ORIENTED_EDGE ( 'NONE', *, *, #3318, .F. ) ;
#2500 = DIRECTION ( 'NONE',  ( -0.000000000000000000, -1.000000000000000000, -0.000000000000000000 ) ) ;
#2501 = CIRCLE ( 'NONE', #1252, 0.5000000000000000000 ) ;
#2502 = EDGE_CURVE ( 'NONE', #3102, #5095, #2162, .T. ) ;
#2503 = DIRECTION ( 'NONE',  ( -0.000000000000000000, -1.000000000000000000, -0.000000000000000000 ) ) ;
#2504 = VECTOR ( 'NONE', #3598, 1000.000000000000000 ) ;
#2505 = CARTESIAN_POINT ( 'NONE',  ( -6.537885746831519462, 3.000000000000000000, -4.416565403271780710 ) ) ;
#2506 = CIRCLE ( 'NONE', #4146, 1.000000000000000000 ) ;
#2507 = VERTEX_POINT ( 'NONE', #1628 ) ;
#2508 = CIRCLE ( 'NONE', #20, 1.000000000000000888 ) ;
#2509 = FACE_OUTER_BOUND ( 'NONE', #5698, .T. ) ;
#2510 = CIRCLE ( 'NONE', #6227, 1.000000000000000000 ) ;
#2511 = EDGE_CURVE ( 'NONE', #3080, #2382, #3574, .T. ) ;
#2512 = CIRCLE ( 'NONE', #4878, 7.500000000000000888 ) ;
#2513 = CARTESIAN_POINT ( 'NONE',  ( -13.70750441551722787, 2.500000000000000000, 11.87907729077129737 ) ) ;
#2514 = DIRECTION ( 'NONE',  ( 0.000000000000000000, 0.000000000000000000, 1.000000000000000000 ) ) ;
#2515 = CARTESIAN_POINT ( 'NONE',  ( 0.000000000000000000, 0.5000000000000000000, 0.000000000000000000 ) ) ;
#2516 = AXIS2_PLACEMENT_3D ( 'NONE', #5513, #4626, #1650 ) ;
#2517 = CIRCLE ( 'NONE', #3128, 0.5000000000000004441 ) ;
#2518 = AXIS2_PLACEMENT_3D ( 'NONE', #1468, #5426, #4022 ) ;
#2519 = ORIENTED_EDGE ( 'NONE', *, *, #5973, .T. ) ;
#2520 = ORIENTED_EDGE ( 'NONE', *, *, #4191, .F. ) ;
#2521 = VECTOR ( 'NONE', #4854, 1000.000000000000000 ) ;
#2522 = CARTESIAN_POINT ( 'NONE',  ( -6.030009245246693794, 2.500000000000000000, -3.555135511093693079 ) ) ;
#2523 = AXIS2_PLACEMENT_3D ( 'NONE', #271, #4274, #793 ) ;
#2524 = CARTESIAN_POINT ( 'NONE',  ( 10.87907729077115171, -3.000000000000000000, 13.70750441551733800 ) ) ;
#2525 = VERTEX_POINT ( 'NONE', #6033 ) ;
#2526 = ORIENTED_EDGE ( 'NONE', *, *, #4025, .F. ) ;
#2527 = CARTESIAN_POINT ( 'NONE',  ( -0.9999999999997888356, 3.000000000000000000, 17.38533865071372020 ) ) ;
#2528 = CIRCLE ( 'NONE', #5328, 1.000000000000000000 ) ;
#2529 = EDGE_LOOP ( 'NONE', ( #5108, #5769, #5732, #4822 ) ) ;
#2530 = DIRECTION ( 'NONE',  ( 0.000000000000000000, 0.000000000000000000, 1.000000000000000000 ) ) ;
#2531 = DIRECTION ( 'NONE',  ( 0.000000000000000000, 1.000000000000000000, 0.000000000000000000 ) ) ;
#2532 = TOROIDAL_SURFACE ( 'NONE', #4392, 7.000000000000000888, 0.5000000000000000000 ) ;
#2533 = ORIENTED_EDGE ( 'NONE', *, *, #318, .T. ) ;
#2534 = CARTESIAN_POINT ( 'NONE',  ( -10.87907729077098296, -3.000000000000000000, 13.70750441551747123 ) ) ;
#2535 = ADVANCED_FACE ( 'NONE', ( #1731 ), #4437, .T. ) ;
#2536 = EDGE_LOOP ( 'NONE', ( #4640, #1844, #787, #1914 ) ) ;
#2537 = FACE_OUTER_BOUND ( 'NONE', #3465, .T. ) ;
#2538 = AXIS2_PLACEMENT_3D ( 'NONE', #2257, #3126, #6171 ) ;
#2539 = AXIS2_PLACEMENT_3D ( 'NONE', #3495, #5507, #4560 ) ;
#2540 = EDGE_CURVE ( 'NONE', #1674, #3091, #243, .T. ) ;
#2541 = CYLINDRICAL_SURFACE ( 'NONE', #4376, 0.5000000000000000000 ) ;
#2542 = ADVANCED_FACE ( 'NONE', ( #3180 ), #626, .F. ) ;
#2543 = EDGE_LOOP ( 'NONE', ( #2260, #4851, #499, #4177 ) ) ;
#2544 = CARTESIAN_POINT ( 'NONE',  ( 3.555135511093714396, 2.500000000000000000, -6.030009245246679583 ) ) ;
#2545 = FACE_OUTER_BOUND ( 'NONE', #5597, .T. ) ;
#2546 = AXIS2_PLACEMENT_3D ( 'NONE', #2602, #736, #2640 ) ;
#2547 = ADVANCED_FACE ( 'NONE', ( #5128 ), #5985, .T. ) ;
#2548 = CARTESIAN_POINT ( 'NONE',  ( 0.000000000000000000, -2.500000000000000444, 0.000000000000000000 ) ) ;
#2549 = CARTESIAN_POINT ( 'NONE',  ( -6.256812594486410362, -2.500000000000000444, 4.135492250926877666 ) ) ;
#2550 = DIRECTION ( 'NONE',  ( 0.7071067811865561215, 0.000000000000000000, 0.7071067811865388020 ) ) ;
#2551 = EDGE_CURVE ( 'NONE', #4533, #268, #5784, .T. ) ;
#2552 = ORIENTED_EDGE ( 'NONE', *, *, #997, .F. ) ;
#2553 = TOROIDAL_SURFACE ( 'NONE', #5543, 18.50000000000000355, 0.5000000000000000000 ) ;
#2554 = ADVANCED_FACE ( 'NONE', ( #4541 ), #4669, .F. ) ;
#2555 = VERTEX_POINT ( 'NONE', #6164 ) ;
#2556 = DIRECTION ( 'NONE',  ( 0.000000000000000000, 0.000000000000000000, 1.000000000000000000 ) ) ;
#2557 = CARTESIAN_POINT ( 'NONE',  ( -11.50073885024379194, 2.500000000000000000, -14.49079038211833392 ) ) ;
#2558 = ORIENTED_EDGE ( 'NONE', *, *, #2540, .F. ) ;
#2559 = VERTEX_POINT ( 'NONE', #5575 ) ;
#2560 = CARTESIAN_POINT ( 'NONE',  ( 11.50073885024379194, -3.000000000000000000, 14.49079038211833392 ) ) ;
#2561 = ORIENTED_EDGE ( 'NONE', *, *, #2786, .T. ) ;
#2562 = DIRECTION ( 'NONE',  ( -0.000000000000000000, -1.000000000000000000, -0.000000000000000000 ) ) ;
#2563 = EDGE_LOOP ( 'NONE', ( #384, #5574, #3583, #2745 ) ) ;
#2564 = DIRECTION ( 'NONE',  ( 0.000000000000000000, 0.000000000000000000, 1.000000000000000000 ) ) ;
#2565 = ORIENTED_EDGE ( 'NONE', *, *, #4673, .T. ) ;
#2566 = CARTESIAN_POINT ( 'NONE',  ( 0.000000000000000000, 3.001000000000000334, 0.000000000000000000 ) ) ;
#2567 = DIRECTION ( 'NONE',  ( 0.000000000000000000, 0.000000000000000000, 1.000000000000000000 ) ) ;
#2568 = ORIENTED_EDGE ( 'NONE', *, *, #3652, .T. ) ;
#2569 = CARTESIAN_POINT ( 'NONE',  ( 14.49079038211829484, 3.000000000000000000, -11.50073885024383991 ) ) ;
#2570 = DIRECTION ( 'NONE',  ( -0.2499999999999950873, 0.000000000000000000, 0.9682458365518554766 ) ) ;
#2571 = ADVANCED_FACE ( 'NONE', ( #700 ), #1958, .T. ) ;
#2572 = DIRECTION ( 'NONE',  ( -0.000000000000000000, -1.000000000000000000, -0.000000000000000000 ) ) ;
#2573 = CARTESIAN_POINT ( 'NONE',  ( -1.499999999999905409, -2.500000000000000444, 7.745966692414850918 ) ) ;
#2574 = DIRECTION ( 'NONE',  ( -0.7071067811865492381, -0.000000000000000000, -0.7071067811865457964 ) ) ;
#2575 = AXIS2_PLACEMENT_3D ( 'NONE', #2452, #4023, #5877 ) ;
#2576 = DIRECTION ( 'NONE',  ( -0.000000000000000000, -1.000000000000000000, -0.000000000000000000 ) ) ;
#2577 = EDGE_LOOP ( 'NONE', ( #6011, #847, #5607, #3681 ) ) ;
#2578 = EDGE_CURVE ( 'NONE', #1536, #5046, #1641, .T. ) ;
#2579 = AXIS2_PLACEMENT_3D ( 'NONE', #2250, #1374, #3802 ) ;
#2580 = DIRECTION ( 'NONE',  ( -0.7071067811865554553, 0.000000000000000000, -0.7071067811865398012 ) ) ;
#2581 = CARTESIAN_POINT ( 'NONE',  ( -6.891439137424713479, 3.000000000000000000, 4.063012012678638207 ) ) ;
#2582 = VERTEX_POINT ( 'NONE', #669 ) ;
#2583 = ORIENTED_EDGE ( 'NONE', *, *, #3641, .F. ) ;
#2584 = DIRECTION ( 'NONE',  ( 0.7071067811865561215, -8.673617379884044347E-16, 0.7071067811865388020 ) ) ;
#2585 = ORIENTED_EDGE ( 'NONE', *, *, #4663, .F. ) ;
#2586 = EDGE_CURVE ( 'NONE', #6267, #2090, #2793, .T. ) ;
#2587 = DIRECTION ( 'NONE',  ( -1.000000000000000000, -0.000000000000000000, 1.776356839400250465E-15 ) ) ;
#2588 = DIRECTION ( 'NONE',  ( 0.5078765015848161202, 0.000000000000000000, -0.8614298921780971785 ) ) ;
#2589 = EDGE_LOOP ( 'NONE', ( #3401, #2388, #2764, #5666 ) ) ;
#2590 = CARTESIAN_POINT ( 'NONE',  ( 0.000000000000000000, 3.000000000000000000, 20.00000000000000355 ) ) ;
#2591 = VERTEX_POINT ( 'NONE', #1115 ) ;
#2592 = DIRECTION ( 'NONE',  ( -0.000000000000000000, -1.000000000000000000, -0.000000000000000000 ) ) ;
#2593 = TOROIDAL_SURFACE ( 'NONE', #6107, 18.50000000000000355, 0.5000000000000000000 ) ;
#2594 = DIRECTION ( 'NONE',  ( -0.000000000000000000, -1.000000000000000000, -0.000000000000000000 ) ) ;
#2595 = AXIS2_PLACEMENT_3D ( 'NONE', #4142, #1695, #6124 ) ;
#2596 = CIRCLE ( 'NONE', #3108, 0.5000000000000004441 ) ;
#2597 = VERTEX_POINT ( 'NONE', #4636 ) ;
#2598 = CARTESIAN_POINT ( 'NONE',  ( -4.063012012678565377, 2.500000000000000444, -6.391439137424754335 ) ) ;
#2599 = CYLINDRICAL_SURFACE ( 'NONE', #4789, 0.4999999999999995559 ) ;
#2600 = AXIS2_PLACEMENT_3D ( 'NONE', #1369, #1273, #2802 ) ;
#2601 = CARTESIAN_POINT ( 'NONE',  ( 18.37878657361163093, -2.500000000000000444, -2.114285714285777829 ) ) ;
#2602 = CARTESIAN_POINT ( 'NONE',  ( 10.87907729077107888, 3.000000000000000000, -13.70750441551739662 ) ) ;
#2603 = ORIENTED_EDGE ( 'NONE', *, *, #5186, .F. ) ;
#2604 = DIRECTION ( 'NONE',  ( 0.000000000000000000, 1.000000000000000000, 0.000000000000000000 ) ) ;
#2605 = DIRECTION ( 'NONE',  ( -0.000000000000000000, -1.000000000000000000, -0.000000000000000000 ) ) ;
#2606 = CIRCLE ( 'NONE', #1677, 18.00000000000000355 ) ;
#2607 = EDGE_CURVE ( 'NONE', #5317, #5095, #1235, .T. ) ;
#2608 = CIRCLE ( 'NONE', #3746, 7.000000000000000888 ) ;
#2609 = ORIENTED_EDGE ( 'NONE', *, *, #2476, .T. ) ;
#2610 = DIRECTION ( 'NONE',  ( -1.000000000000000000, 0.000000000000000000, 1.047444401652940164E-14 ) ) ;
#2611 = CARTESIAN_POINT ( 'NONE',  ( 3.809073761886156539, -2.500000000000000444, 6.460724191335709854 ) ) ;
#2612 = AXIS2_PLACEMENT_3D ( 'NONE', #3703, #206, #1215 ) ;
#2613 = ADVANCED_FACE ( 'NONE', ( #2119 ), #6066, .T. ) ;
#2614 = AXIS2_PLACEMENT_3D ( 'NONE', #3179, #3082, #3700 ) ;
#2615 = CARTESIAN_POINT ( 'NONE',  ( 1.749999999999999778, 2.500000000000000000, 6.777720855862979121 ) ) ;
#2616 = ORIENTED_EDGE ( 'NONE', *, *, #5284, .F. ) ;
#2617 = CIRCLE ( 'NONE', #4885, 0.4999999999999995004 ) ;
#2618 = ORIENTED_EDGE ( 'NONE', *, *, #2511, .T. ) ;
#2619 = EDGE_CURVE ( 'NONE', #2652, #4804, #311, .T. ) ;
#2620 = CARTESIAN_POINT ( 'NONE',  ( 0.000000000000000000, 2.500000000000000000, 0.000000000000000000 ) ) ;
#2621 = AXIS2_PLACEMENT_3D ( 'NONE', #3206, #1753, #2732 ) ;
#2622 = FACE_OUTER_BOUND ( 'NONE', #1894, .T. ) ;
#2623 = DIRECTION ( 'NONE',  ( 0.000000000000000000, 1.000000000000000000, 0.000000000000000000 ) ) ;
#2624 = LINE ( 'NONE', #4557, #1358 ) ;
#2625 = DIRECTION ( 'NONE',  ( 0.8614298921780971785, 0.000000000000000000, 0.5078765015848162312 ) ) ;
#2626 = ORIENTED_EDGE ( 'NONE', *, *, #4373, .F. ) ;
#2627 = DIRECTION ( 'NONE',  ( 1.000000000000000000, -8.673617379884035472E-16, 0.000000000000000000 ) ) ;
#2628 = EDGE_CURVE ( 'NONE', #5795, #4152, #4443, .T. ) ;
#2629 = TOROIDAL_SURFACE ( 'NONE', #2108, 7.000000000000000888, 0.5000000000000000000 ) ;
#2630 = VERTEX_POINT ( 'NONE', #2177 ) ;
#2631 = CARTESIAN_POINT ( 'NONE',  ( -6.184332356238249062, -3.000000000000000000, -4.770118793865057327 ) ) ;
#2632 = AXIS2_PLACEMENT_3D ( 'NONE', #1120, #4119, #4153 ) ;
#2633 = CARTESIAN_POINT ( 'NONE',  ( 1.999999999999958922, 2.500000000000000444, -7.745966692414842925 ) ) ;
#2634 = ORIENTED_EDGE ( 'NONE', *, *, #370, .F. ) ;
#2635 = DIRECTION ( 'NONE',  ( -0.000000000000000000, -1.000000000000000000, -0.000000000000000000 ) ) ;
#2636 = DIRECTION ( 'NONE',  ( 0.000000000000000000, 0.000000000000000000, 1.000000000000000000 ) ) ;
#2637 = CIRCLE ( 'NONE', #2433, 1.000000000000000888 ) ;
#2638 = ORIENTED_EDGE ( 'NONE', *, *, #1626, .F. ) ;
#2639 = DIRECTION ( 'NONE',  ( 0.7071067811865474617, -0.000000000000000000, 0.7071067811865474617 ) ) ;
#2640 = DIRECTION ( 'NONE',  ( 0.000000000000000000, 0.000000000000000000, 1.000000000000000000 ) ) ;
#2641 = EDGE_LOOP ( 'NONE', ( #4999, #210, #4497, #5582 ) ) ;
#2642 = AXIS2_PLACEMENT_3D ( 'NONE', #1934, #1837, #839 ) ;
#2643 = DIRECTION ( 'NONE',  ( 0.000000000000000000, 1.000000000000000000, 0.000000000000000000 ) ) ;
#2644 = DIRECTION ( 'NONE',  ( -0.000000000000000000, -1.000000000000000000, -0.000000000000000000 ) ) ;
#2645 = AXIS2_PLACEMENT_3D ( 'NONE', #962, #3414, #2940 ) ;
#2646 = ORIENTED_EDGE ( 'NONE', *, *, #5988, .F. ) ;
#2647 = CARTESIAN_POINT ( 'NONE',  ( 2.057142857142763237, 2.500000000000000000, -17.88206261216268445 ) ) ;
#2648 = DIRECTION ( 'NONE',  ( 0.000000000000000000, 0.000000000000000000, 1.000000000000000000 ) ) ;
#2649 = EDGE_CURVE ( 'NONE', #1840, #6112, #2798, .T. ) ;
#2650 = CARTESIAN_POINT ( 'NONE',  ( -4.063012012678565377, -2.499999999999999556, -6.391439137424754335 ) ) ;
#2651 = ORIENTED_EDGE ( 'NONE', *, *, #5869, .F. ) ;
#2652 = VERTEX_POINT ( 'NONE', #4287 ) ;
#2653 = DIRECTION ( 'NONE',  ( -0.2499999999999950873, 0.000000000000000000, 0.9682458365518554766 ) ) ;
#2654 = DIRECTION ( 'NONE',  ( 0.000000000000000000, -0.000000000000000000, 1.000000000000000000 ) ) ;
#2655 = EDGE_CURVE ( 'NONE', #1539, #6134, #5054, .T. ) ;
#2656 = FACE_OUTER_BOUND ( 'NONE', #2949, .T. ) ;
#2657 = DIRECTION ( 'NONE',  ( 0.000000000000000000, 1.000000000000000000, 0.000000000000000000 ) ) ;
#2658 = EDGE_LOOP ( 'NONE', ( #4270, #5940, #5417, #3353 ) ) ;
#2659 = ORIENTED_EDGE ( 'NONE', *, *, #4731, .T. ) ;
#2660 = LINE ( 'NONE', #2015, #5846 ) ;
#2661 = EDGE_LOOP ( 'NONE', ( #467, #4048, #2999, #2038 ) ) ;
#2662 = CARTESIAN_POINT ( 'NONE',  ( -2.057142857142856496, -2.500000000000000444, -17.88206261216267379 ) ) ;
#2663 = ADVANCED_FACE ( 'NONE', ( #4808 ), #898, .F. ) ;
#2664 = DIRECTION ( 'NONE',  ( 1.210143096841420787E-14, -0.000000000000000000, 1.000000000000000000 ) ) ;
#2665 = VERTEX_POINT ( 'NONE', #2378 ) ;
#2666 = CARTESIAN_POINT ( 'NONE',  ( -0.9999999999999055200, 3.000000000000000000, 7.745966692414844701 ) ) ;
#2667 = DIRECTION ( 'NONE',  ( -0.7071067811865475727, 0.000000000000000000, 0.7071067811865475727 ) ) ;
#2668 = ADVANCED_FACE ( 'NONE', ( #380 ), #3733, .F. ) ;
#2669 = DIRECTION ( 'NONE',  ( 0.000000000000000000, 0.000000000000000000, 1.000000000000000000 ) ) ;
#2670 = DIRECTION ( 'NONE',  ( 0.2500000000000032752, -0.000000000000000000, 0.9682458365518533672 ) ) ;
#2671 = CARTESIAN_POINT ( 'NONE',  ( -4.416565403271838441, -2.500000000000000444, -6.537885746831480382 ) ) ;
#2672 = ORIENTED_EDGE ( 'NONE', *, *, #202, .T. ) ;
#2673 = DIRECTION ( 'NONE',  ( 0.000000000000000000, 0.000000000000000000, -1.000000000000000000 ) ) ;
#2674 = CIRCLE ( 'NONE', #922, 0.5000000000000000000 ) ;
#2675 = AXIS2_PLACEMENT_3D ( 'NONE', #4931, #4997, #3477 ) ;
#2676 = EDGE_LOOP ( 'NONE', ( #5656, #3738, #691, #3229 ) ) ;
#2677 = DIRECTION ( 'NONE',  ( 0.000000000000000000, 0.000000000000000000, 1.000000000000000000 ) ) ;
#2678 = CARTESIAN_POINT ( 'NONE',  ( -2.114285714285713436, 2.500000000000000000, -18.37878657361163803 ) ) ;
#2679 = ORIENTED_EDGE ( 'NONE', *, *, #6259, .F. ) ;
#2680 = CARTESIAN_POINT ( 'NONE',  ( 1.000000000000000000, 3.000000000000000000, 17.38533865071370954 ) ) ;
#2681 = ORIENTED_EDGE ( 'NONE', *, *, #1499, .F. ) ;
#2682 = CIRCLE ( 'NONE', #6290, 7.500000000000000888 ) ;
#2683 = ORIENTED_EDGE ( 'NONE', *, *, #305, .T. ) ;
#2684 = DIRECTION ( 'NONE',  ( -1.000000000000000000, 0.000000000000000000, 0.000000000000000000 ) ) ;
#2685 = AXIS2_PLACEMENT_3D ( 'NONE', #6359, #1507, #3029 ) ;
#2686 = DIRECTION ( 'NONE',  ( 0.000000000000000000, 0.000000000000000000, 1.000000000000000000 ) ) ;
#2687 = DIRECTION ( 'NONE',  ( 0.000000000000000000, 0.000000000000000000, 1.000000000000000000 ) ) ;
#2688 = CARTESIAN_POINT ( 'NONE',  ( -7.745966692414841148, 2.500000000000000000, -0.9999999999999323874 ) ) ;
#2689 = EDGE_LOOP ( 'NONE', ( #5787, #5375, #1309, #1121, #6113, #3678 ) ) ;
#2690 = ORIENTED_EDGE ( 'NONE', *, *, #1464, .F. ) ;
#2691 = DIRECTION ( 'NONE',  ( 0.000000000000000000, 0.000000000000000000, 1.000000000000000000 ) ) ;
#2692 = ORIENTED_EDGE ( 'NONE', *, *, #3079, .F. ) ;
#2693 = DIRECTION ( 'NONE',  ( 0.000000000000000000, 1.000000000000000000, 0.000000000000000000 ) ) ;
#2694 = EDGE_CURVE ( 'NONE', #4393, #5420, #3714, .T. ) ;
#2695 = DIRECTION ( 'NONE',  ( 0.000000000000000000, 1.000000000000000000, 0.000000000000000000 ) ) ;
#2696 = EDGE_CURVE ( 'NONE', #3584, #4116, #2483, .T. ) ;
#2697 = EDGE_LOOP ( 'NONE', ( #3980, #4696, #1195, #4990 ) ) ;
#2698 = DIRECTION ( 'NONE',  ( 0.000000000000000000, 0.000000000000000000, 1.000000000000000000 ) ) ;
#2699 = AXIS2_PLACEMENT_3D ( 'NONE', #1202, #2762, #4793 ) ;
#2700 = EDGE_CURVE ( 'NONE', #225, #6277, #5887, .T. ) ;
#2701 = CIRCLE ( 'NONE', #4654, 7.000000000000000888 ) ;
#2702 = CYLINDRICAL_SURFACE ( 'NONE', #3435, 0.5000000000000000000 ) ;
#2703 = CARTESIAN_POINT ( 'NONE',  ( 0.000000000000000000, -2.500000000000000444, 0.000000000000000000 ) ) ;
#2704 = CIRCLE ( 'NONE', #3107, 0.9999999999999991118 ) ;
#2705 = DIRECTION ( 'NONE',  ( 0.7071067811865535679, -0.000000000000000000, 0.7071067811865414665 ) ) ;
#2706 = AXIS2_PLACEMENT_3D ( 'NONE', #2439, #1917, #3887 ) ;
#2707 = DIRECTION ( 'NONE',  ( -0.000000000000000000, -0.000000000000000000, -1.000000000000000000 ) ) ;
#2708 = ORIENTED_EDGE ( 'NONE', *, *, #1199, .T. ) ;
#2709 = CARTESIAN_POINT ( 'NONE',  ( 6.777720855862974680, 3.000000000000000000, -1.750000000000023537 ) ) ;
#2710 = EDGE_CURVE ( 'NONE', #2555, #3986, #415, .T. ) ;
#2711 = AXIS2_PLACEMENT_3D ( 'NONE', #596, #6092, #623 ) ;
#2712 = CARTESIAN_POINT ( 'NONE',  ( 0.000000000000000000, 3.000000000000000000, 0.000000000000000000 ) ) ;
#2713 = CYLINDRICAL_SURFACE ( 'NONE', #5008, 0.5000000000000000000 ) ;
#2714 = ORIENTED_EDGE ( 'NONE', *, *, #4731, .F. ) ;
#2715 = DIRECTION ( 'NONE',  ( -0.9934479228979264942, 0.000000000000000000, -0.1142857142857126307 ) ) ;
#2716 = ORIENTED_EDGE ( 'NONE', *, *, #2710, .T. ) ;
#2717 = TOROIDAL_SURFACE ( 'NONE', #3533, 1.000000000000000000, 0.5000000000000000000 ) ;
#2718 = AXIS2_PLACEMENT_3D ( 'NONE', #5531, #5496, #684 ) ;
#2719 = ORIENTED_EDGE ( 'NONE', *, *, #1315, .T. ) ;
#2720 = CARTESIAN_POINT ( 'NONE',  ( 13.00039763433081497, -3.000000000000000000, 11.58618407195767830 ) ) ;
#2721 = AXIS2_PLACEMENT_3D ( 'NONE', #23, #510, #3002 ) ;
#2722 = AXIS2_PLACEMENT_3D ( 'NONE', #6226, #6195, #3825 ) ;
#2723 = FACE_OUTER_BOUND ( 'NONE', #1420, .T. ) ;
#2724 = AXIS2_PLACEMENT_3D ( 'NONE', #6199, #6069, #4575 ) ;
#2725 = CYLINDRICAL_SURFACE ( 'NONE', #1904, 18.00000000000000355 ) ;
#2726 = DIRECTION ( 'NONE',  ( 0.000000000000000000, 1.000000000000000000, 0.000000000000000000 ) ) ;
#2727 = ORIENTED_EDGE ( 'NONE', *, *, #2435, .F. ) ;
#2728 = ORIENTED_EDGE ( 'NONE', *, *, #509, .F. ) ;
#2729 = FACE_OUTER_BOUND ( 'NONE', #2903, .T. ) ;
#2730 = VERTEX_POINT ( 'NONE', #3312 ) ;
#2731 = AXIS2_PLACEMENT_3D ( 'NONE', #3530, #3077, #5121 ) ;
#2732 = DIRECTION ( 'NONE',  ( 0.000000000000000000, 0.000000000000000000, 1.000000000000000000 ) ) ;
#2733 = AXIS2_PLACEMENT_3D ( 'NONE', #3277, #4238, #1824 ) ;
#2734 = CYLINDRICAL_SURFACE ( 'NONE', #2421, 0.5000000000000000000 ) ;
#2735 = ADVANCED_FACE ( 'NONE', ( #5710 ), #3404, .T. ) ;
#2736 = ORIENTED_EDGE ( 'NONE', *, *, #1680, .F. ) ;
#2737 = DIRECTION ( 'NONE',  ( -1.000000000000000000, 0.000000000000000000, 3.491481338843134144E-15 ) ) ;
#2738 = DIRECTION ( 'NONE',  ( -0.000000000000000000, -1.000000000000000000, -0.000000000000000000 ) ) ;
#2739 = CIRCLE ( 'NONE', #4693, 0.5000000000000000000 ) ;
#2740 = EDGE_CURVE ( 'NONE', #34, #4468, #6402, .T. ) ;
#2741 = DIRECTION ( 'NONE',  ( 0.000000000000000000, 0.000000000000000000, 1.000000000000000000 ) ) ;
#2742 = DIRECTION ( 'NONE',  ( 0.000000000000000000, 1.000000000000000000, 0.000000000000000000 ) ) ;
#2743 = EDGE_CURVE ( 'NONE', #3689, #492, #5679, .T. ) ;
#2744 = CARTESIAN_POINT ( 'NONE',  ( -11.97654411277927800, 3.000000000000000000, -13.39075767515237381 ) ) ;
#2745 = ORIENTED_EDGE ( 'NONE', *, *, #525, .F. ) ;
#2746 = FACE_OUTER_BOUND ( 'NONE', #4239, .T. ) ;
#2747 = ADVANCED_FACE ( 'NONE', ( #3701 ), #2350, .T. ) ;
#2748 = TOROIDAL_SURFACE ( 'NONE', #6148, 18.50000000000000355, 0.5000000000000000000 ) ;
#2749 = CIRCLE ( 'NONE', #6355, 0.5000000000000004441 ) ;
#2750 = CIRCLE ( 'NONE', #789, 1.000000000000000000 ) ;
#2751 = FACE_OUTER_BOUND ( 'NONE', #697, .T. ) ;
#2752 = DIRECTION ( 'NONE',  ( -0.1142857142857143377, 0.000000000000000000, -0.9934479228979262722 ) ) ;
#2753 = EDGE_CURVE ( 'NONE', #2730, #2756, #4227, .T. ) ;
#2754 = LINE ( 'NONE', #3226, #864 ) ;
#2755 = ORIENTED_EDGE ( 'NONE', *, *, #49, .F. ) ;
#2756 = VERTEX_POINT ( 'NONE', #3252 ) ;
#2757 = AXIS2_PLACEMENT_3D ( 'NONE', #288, #5722, #316 ) ;
#2758 = DIRECTION ( 'NONE',  ( 0.000000000000000000, 0.000000000000000000, 1.000000000000000000 ) ) ;
#2759 = FACE_OUTER_BOUND ( 'NONE', #6061, .T. ) ;
#2760 = EDGE_CURVE ( 'NONE', #4501, #3690, #834, .T. ) ;
#2761 = LINE ( 'NONE', #5251, #3502 ) ;
#2762 = DIRECTION ( 'NONE',  ( -0.000000000000000000, -1.000000000000000000, -0.000000000000000000 ) ) ;
#2763 = VERTEX_POINT ( 'NONE', #4737 ) ;
#2764 = ORIENTED_EDGE ( 'NONE', *, *, #772, .F. ) ;
#2765 = DIRECTION ( 'NONE',  ( -1.000000000000000000, -0.000000000000000000, 1.047444401652940164E-14 ) ) ;
#2766 = ORIENTED_EDGE ( 'NONE', *, *, #1283, .F. ) ;
#2767 = DIRECTION ( 'NONE',  ( 1.000000000000000000, 0.000000000000000000, -5.204170427930421283E-15 ) ) ;
#2768 = AXIS2_PLACEMENT_3D ( 'NONE', #2804, #4773, #6231 ) ;
#2769 = DIRECTION ( 'NONE',  ( -0.000000000000000000, -1.000000000000000000, -0.000000000000000000 ) ) ;
#2770 = EDGE_LOOP ( 'NONE', ( #1818, #6099, #5963, #439 ) ) ;
#2771 = ORIENTED_EDGE ( 'NONE', *, *, #960, .T. ) ;
#2772 = DIRECTION ( 'NONE',  ( 1.040834085586083310E-14, 0.000000000000000000, 1.000000000000000000 ) ) ;
#2773 = CARTESIAN_POINT ( 'NONE',  ( 17.93739111465209390, -2.500000000000000444, -1.500000000000062617 ) ) ;
#2774 = CARTESIAN_POINT ( 'NONE',  ( 0.9999999999999085176, -2.500000000000000444, -17.38533865071371309 ) ) ;
#2775 = CARTESIAN_POINT ( 'NONE',  ( 1.999999999999908518, -2.499999999999999556, -17.88533865071372020 ) ) ;
#2776 = DIRECTION ( 'NONE',  ( 0.8614298921780945140, -0.000000000000000000, -0.5078765015848207831 ) ) ;
#2777 = VERTEX_POINT ( 'NONE', #6230 ) ;
#2778 = DIRECTION ( 'NONE',  ( 0.000000000000000000, 0.000000000000000000, 1.000000000000000000 ) ) ;
#2779 = EDGE_CURVE ( 'NONE', #704, #5145, #3092, .T. ) ;
#2780 = DIRECTION ( 'NONE',  ( -0.7071067811865401342, 0.000000000000000000, 0.7071067811865550112 ) ) ;
#2781 = DIRECTION ( 'NONE',  ( 0.2499999999999995559, 0.000000000000000000, 0.9682458365518542553 ) ) ;
#2782 = DIRECTION ( 'NONE',  ( 1.000000000000000000, -0.000000000000000000, -6.938893903907226011E-15 ) ) ;
#2783 = EDGE_LOOP ( 'NONE', ( #1259, #3248, #511, #4275 ) ) ;
#2784 = ORIENTED_EDGE ( 'NONE', *, *, #1347, .T. ) ;
#2785 = DIRECTION ( 'NONE',  ( 0.000000000000000000, 0.000000000000000000, 1.000000000000000000 ) ) ;
#2786 = EDGE_CURVE ( 'NONE', #628, #1728, #3773, .T. ) ;
#2787 = CYLINDRICAL_SURFACE ( 'NONE', #7, 18.00000000000000355 ) ;
#2788 = CARTESIAN_POINT ( 'NONE',  ( 6.537885746831488376, -2.500000000000000444, 4.416565403271827783 ) ) ;
#2789 = DIRECTION ( 'NONE',  ( -1.000000000000000000, -0.000000000000000000, 1.047444401652940164E-14 ) ) ;
#2790 = EDGE_LOOP ( 'NONE', ( #4290, #4014, #1298, #2202 ) ) ;
#2791 = EDGE_LOOP ( 'NONE', ( #6404, #5792, #270, #1511 ) ) ;
#2792 = DIRECTION ( 'NONE',  ( 0.000000000000000000, 0.000000000000000000, -1.000000000000000000 ) ) ;
#2793 = CIRCLE ( 'NONE', #6396, 0.5000000000000004441 ) ;
#2794 = ORIENTED_EDGE ( 'NONE', *, *, #2418, .F. ) ;
#2795 = CYLINDRICAL_SURFACE ( 'NONE', #2318, 0.5000000000000004441 ) ;
#2796 = EDGE_CURVE ( 'NONE', #1674, #5319, #1686, .T. ) ;
#2797 = VERTEX_POINT ( 'NONE', #2320 ) ;
#2798 = CIRCLE ( 'NONE', #95, 2.499999999999998668 ) ;
#2799 = DIRECTION ( 'NONE',  ( 4.440892098500626162E-15, 0.000000000000000000, 1.000000000000000000 ) ) ;
#2800 = ORIENTED_EDGE ( 'NONE', *, *, #3282, .F. ) ;
#2801 = VERTEX_POINT ( 'NONE', #1040 ) ;
#2802 = DIRECTION ( 'NONE',  ( 0.7071067811865545671, 0.000000000000000000, 0.7071067811865406894 ) ) ;
#2803 = DIRECTION ( 'NONE',  ( 1.000000000000000000, 6.018531076210112041E-30, -1.387778780781445676E-14 ) ) ;
#2804 = CARTESIAN_POINT ( 'NONE',  ( 0.000000000000000000, 3.000000000000000000, 0.000000000000000000 ) ) ;
#2805 = DIRECTION ( 'NONE',  ( 0.000000000000000000, 1.000000000000000000, 0.000000000000000000 ) ) ;
#2806 = VERTEX_POINT ( 'NONE', #923 ) ;
#2807 = FACE_OUTER_BOUND ( 'NONE', #3767, .T. ) ;
#2808 = AXIS2_PLACEMENT_3D ( 'NONE', #3877, #5347, #5789 ) ;
#2809 = AXIS2_PLACEMENT_3D ( 'NONE', #2266, #1226, #1817 ) ;
#2810 = LINE ( 'NONE', #286, #1489 ) ;
#2811 = LINE ( 'NONE', #3807, #5635 ) ;
#2812 = DIRECTION ( 'NONE',  ( -0.000000000000000000, -1.000000000000000000, -0.000000000000000000 ) ) ;
#2813 = EDGE_CURVE ( 'NONE', #144, #1008, #1896, .T. ) ;
#2814 = ORIENTED_EDGE ( 'NONE', *, *, #696, .T. ) ;
#2815 = AXIS2_PLACEMENT_3D ( 'NONE', #4321, #284, #2778 ) ;
#2816 = CARTESIAN_POINT ( 'NONE',  ( 0.000000000000000000, 3.001000000000000334, 0.000000000000000000 ) ) ;
#2817 = EDGE_CURVE ( 'NONE', #179, #5741, #3956, .T. ) ;
#2818 = DIRECTION ( 'NONE',  ( 0.000000000000000000, 0.000000000000000000, 1.000000000000000000 ) ) ;
#2819 = AXIS2_PLACEMENT_3D ( 'NONE', #2346, #4702, #2315 ) ;
#2820 = CARTESIAN_POINT ( 'NONE',  ( -1.499999999999788836, -2.500000000000000444, 17.38533865071372730 ) ) ;
#2821 = DIRECTION ( 'NONE',  ( -0.000000000000000000, -1.000000000000000000, -0.000000000000000000 ) ) ;
#2822 = ORIENTED_EDGE ( 'NONE', *, *, #919, .T. ) ;
#2823 = EDGE_CURVE ( 'NONE', #58, #4978, #135, .T. ) ;
#2824 = ORIENTED_EDGE ( 'NONE', *, *, #4840, .F. ) ;
#2825 = TOROIDAL_SURFACE ( 'NONE', #760, 7.000000000000000888, 0.5000000000000000000 ) ;
#2826 = CARTESIAN_POINT ( 'NONE',  ( 1.999999999999999112, -2.500000000000000444, 18.38533865071370954 ) ) ;
#2827 = EDGE_CURVE ( 'NONE', #3065, #6134, #1798, .T. ) ;
#2828 = AXIS2_PLACEMENT_3D ( 'NONE', #3138, #1223, #2163 ) ;
#2829 = CIRCLE ( 'NONE', #957, 0.4999999999999997780 ) ;
#2830 = ORIENTED_EDGE ( 'NONE', *, *, #3023, .T. ) ;
#2831 = LINE ( 'NONE', #3208, #2002 ) ;
#2832 = ORIENTED_EDGE ( 'NONE', *, *, #1903, .F. ) ;
#2833 = EDGE_CURVE ( 'NONE', #492, #675, #1500, .T. ) ;
#2834 = AXIS2_PLACEMENT_3D ( 'NONE', #6266, #3775, #833 ) ;
#2835 = TOROIDAL_SURFACE ( 'NONE', #2614, 1.000000000000000000, 0.5000000000000000000 ) ;
#2836 = ORIENTED_EDGE ( 'NONE', *, *, #4625, .F. ) ;
#2837 = DIRECTION ( 'NONE',  ( 0.000000000000000000, 1.000000000000000000, 0.000000000000000000 ) ) ;
#2838 = CARTESIAN_POINT ( 'NONE',  ( 6.030009245246668925, 2.500000000000000000, 3.555135511093735268 ) ) ;
#2839 = CIRCLE ( 'NONE', #6133, 0.5000000000000000000 ) ;
#2840 = CIRCLE ( 'NONE', #2101, 0.5000000000000000000 ) ;
#2841 = DIRECTION ( 'NONE',  ( -0.7071067811865406894, 1.734723475976804728E-15, 0.7071067811865545671 ) ) ;
#2842 = DIRECTION ( 'NONE',  ( 0.000000000000000000, 0.000000000000000000, 1.000000000000000000 ) ) ;
#2843 = DIRECTION ( 'NONE',  ( 0.000000000000000000, 0.000000000000000000, 1.000000000000000000 ) ) ;
#2844 = ORIENTED_EDGE ( 'NONE', *, *, #385, .F. ) ;
#2845 = CARTESIAN_POINT ( 'NONE',  ( -11.58618407195769784, -2.500000000000000444, -13.00039763433079187 ) ) ;
#2846 = CIRCLE ( 'NONE', #40, 7.000000000000000888 ) ;
#2847 = LINE ( 'NONE', #5367, #5104 ) ;
#2848 = CARTESIAN_POINT ( 'NONE',  ( -13.70750441551722787, 3.000000000000000000, 10.87907729077129737 ) ) ;
#2849 = CIRCLE ( 'NONE', #887, 0.5000000000000000000 ) ;
#2850 = CARTESIAN_POINT ( 'NONE',  ( 1.999999999999999112, 3.001000000000000334, 17.38533865071370954 ) ) ;
#2851 = ORIENTED_EDGE ( 'NONE', *, *, #2308, .F. ) ;
#2852 = CIRCLE ( 'NONE', #1191, 0.5000000000000000000 ) ;
#2853 = VERTEX_POINT ( 'NONE', #4988 ) ;
#2854 = CARTESIAN_POINT ( 'NONE',  ( 14.49079038211829484, 2.500000000000000000, -11.50073885024383991 ) ) ;
#2855 = FACE_OUTER_BOUND ( 'NONE', #2137, .T. ) ;
#2856 = EDGE_LOOP ( 'NONE', ( #248, #4461, #4196, #5205, #325, #556, #334, #6252 ) ) ;
#2857 = EDGE_LOOP ( 'NONE', ( #4520, #3900, #609, #5725 ) ) ;
#2858 = ADVANCED_FACE ( 'NONE', ( #2446 ), #2541, .T. ) ;
#2859 = CARTESIAN_POINT ( 'NONE',  ( -13.70750441551722787, -3.000000000000000000, 11.87907729077129737 ) ) ;
#2860 = EDGE_CURVE ( 'NONE', #2046, #3286, #4860, .T. ) ;
#2861 = DIRECTION ( 'NONE',  ( 0.000000000000000000, 0.000000000000000000, 1.000000000000000000 ) ) ;
#2862 = VERTEX_POINT ( 'NONE', #4952 ) ;
#2863 = CARTESIAN_POINT ( 'NONE',  ( -7.745966692414821608, 2.500000000000000000, 1.000000000000081046 ) ) ;
#2864 = ORIENTED_EDGE ( 'NONE', *, *, #4807, .T. ) ;
#2865 = CARTESIAN_POINT ( 'NONE',  ( 6.537885746831488376, 3.000000000000000000, 4.416565403271827783 ) ) ;
#2866 = CARTESIAN_POINT ( 'NONE',  ( 13.70750441551736287, -3.000000000000000000, 10.87907729077112862 ) ) ;
#2867 = ADVANCED_FACE ( 'NONE', ( #1890 ), #2931, .T. ) ;
#2868 = CARTESIAN_POINT ( 'NONE',  ( 7.745966692414835819, -3.000000000000000000, 1.999999999999985789 ) ) ;
#2869 = CARTESIAN_POINT ( 'NONE',  ( -13.70750441551722787, -3.000000000000000000, 10.87907729077129737 ) ) ;
#2870 = ORIENTED_EDGE ( 'NONE', *, *, #4333, .T. ) ;
#2871 = DIRECTION ( 'NONE',  ( -1.000000000000000000, 0.000000000000000000, 0.000000000000000000 ) ) ;
#2872 = EDGE_CURVE ( 'NONE', #339, #2267, #1170, .T. ) ;
#2873 = DIRECTION ( 'NONE',  ( -0.7071067811865536790, -0.000000000000000000, -0.7071067811865414665 ) ) ;
#2874 = DIRECTION ( 'NONE',  ( 0.000000000000000000, 1.000000000000000000, 0.000000000000000000 ) ) ;
#2875 = DIRECTION ( 'NONE',  ( -0.000000000000000000, -1.000000000000000000, -0.000000000000000000 ) ) ;
#2876 = ORIENTED_EDGE ( 'NONE', *, *, #4946, .F. ) ;
#2877 = DIRECTION ( 'NONE',  ( 0.2499999999999914790, -0.000000000000000000, -0.9682458365518564758 ) ) ;
#2878 = DIRECTION ( 'NONE',  ( 0.000000000000000000, 1.000000000000000000, 0.000000000000000000 ) ) ;
#2879 = EDGE_LOOP ( 'NONE', ( #2897, #3450, #4417, #4511 ) ) ;
#2880 = EDGE_LOOP ( 'NONE', ( #6174, #3074, #2335, #4165 ) ) ;
#2881 = DIRECTION ( 'NONE',  ( -0.7832859666009959199, 0.000000000000000000, -0.6216615594726310201 ) ) ;
#2882 = ORIENTED_EDGE ( 'NONE', *, *, #253, .T. ) ;
#2883 = DIRECTION ( 'NONE',  ( -0.000000000000000000, 0.000000000000000000, -1.000000000000000000 ) ) ;
#2884 = ORIENTED_EDGE ( 'NONE', *, *, #960, .F. ) ;
#2885 = CIRCLE ( 'NONE', #4017, 0.4999999999999997224 ) ;
#2886 = CARTESIAN_POINT ( 'NONE',  ( -1.500000000000000000, 2.500000000000000000, -7.745966692414832266 ) ) ;
#2887 = EDGE_CURVE ( 'NONE', #4306, #5723, #3758, .T. ) ;
#2888 = EDGE_LOOP ( 'NONE', ( #3368, #5020, #1820, #2035, #217, #5537, #765, #3776, #258 ) ) ;
#2889 = DIRECTION ( 'NONE',  ( 0.000000000000000000, 0.000000000000000000, 1.000000000000000000 ) ) ;
#2890 = CARTESIAN_POINT ( 'NONE',  ( -13.70750441551743570, -2.500000000000000444, -10.87907729077102914 ) ) ;
#2891 = AXIS2_PLACEMENT_3D ( 'NONE', #2774, #1800, #5746 ) ;
#2892 = EDGE_CURVE ( 'NONE', #3497, #5532, #3405, .T. ) ;
#2893 = DIRECTION ( 'NONE',  ( 0.000000000000000000, 1.000000000000000000, 0.000000000000000000 ) ) ;
#2894 = DIRECTION ( 'NONE',  ( 0.000000000000000000, 0.000000000000000000, -1.000000000000000000 ) ) ;
#2895 = DIRECTION ( 'NONE',  ( 0.000000000000000000, 0.000000000000000000, 1.000000000000000000 ) ) ;
#2896 = ADVANCED_FACE ( 'NONE', ( #3863 ), #5870, .F. ) ;
#2897 = ORIENTED_EDGE ( 'NONE', *, *, #2476, .F. ) ;
#2898 = DIRECTION ( 'NONE',  ( 0.000000000000000000, 1.000000000000000000, 0.000000000000000000 ) ) ;
#2899 = DIRECTION ( 'NONE',  ( -0.5078765015848208941, 0.000000000000000000, -0.8614298921780944029 ) ) ;
#2900 = DIRECTION ( 'NONE',  ( -0.000000000000000000, -1.000000000000000000, -0.000000000000000000 ) ) ;
#2901 = FACE_OUTER_BOUND ( 'NONE', #5357, .T. ) ;
#2902 = EDGE_CURVE ( 'NONE', #6134, #6191, #1480, .T. ) ;
#2903 = EDGE_LOOP ( 'NONE', ( #3451, #643, #186, #1290 ) ) ;
#2904 = CIRCLE ( 'NONE', #5069, 7.500000000000000888 ) ;
#2905 = ORIENTED_EDGE ( 'NONE', *, *, #5022, .T. ) ;
#2906 = DIRECTION ( 'NONE',  ( 0.000000000000000000, 1.000000000000000000, 0.000000000000000000 ) ) ;
#2907 = DIRECTION ( 'NONE',  ( 0.000000000000000000, 0.000000000000000000, 1.000000000000000000 ) ) ;
#2908 = ORIENTED_EDGE ( 'NONE', *, *, #3011, .T. ) ;
#2909 = CIRCLE ( 'NONE', #6313, 0.5000000000000006661 ) ;
#2910 = AXIS2_PLACEMENT_3D ( 'NONE', #4406, #6376, #5380 ) ;
#2911 = ORIENTED_EDGE ( 'NONE', *, *, #3596, .T. ) ;
#2912 =( NAMED_UNIT ( * ) PLANE_ANGLE_UNIT ( ) SI_UNIT ( $, .RADIAN. ) );
#2913 = LINE ( 'NONE', #2434, #1179 ) ;
#2914 = TOROIDAL_SURFACE ( 'NONE', #1462, 20.00000000000000355, 2.500000000000000000 ) ;
#2915 = FACE_OUTER_BOUND ( 'NONE', #3907, .T. ) ;
#2916 = EDGE_LOOP ( 'NONE', ( #5310, #397, #1330, #4881 ) ) ;
#2917 = ORIENTED_EDGE ( 'NONE', *, *, #3171, .F. ) ;
#2918 = TOROIDAL_SURFACE ( 'NONE', #1786, 1.000000000000000000, 0.5000000000000000000 ) ;
#2919 = CARTESIAN_POINT ( 'NONE',  ( 0.000000000000000000, 2.500000000000000000, 0.000000000000000000 ) ) ;
#2920 = EDGE_LOOP ( 'NONE', ( #96, #2708, #1717, #1304 ) ) ;
#2921 = TOROIDAL_SURFACE ( 'NONE', #125, 1.000000000000000000, 0.5000000000000000000 ) ;
#2922 = CARTESIAN_POINT ( 'NONE',  ( 0.000000000000000000, -2.500000000000000444, 0.000000000000000000 ) ) ;
#2923 = EDGE_CURVE ( 'NONE', #3592, #3517, #3032, .T. ) ;
#2924 = AXIS2_PLACEMENT_3D ( 'NONE', #3182, #5160, #3865 ) ;
#2925 = AXIS2_PLACEMENT_3D ( 'NONE', #140, #4086, #203 ) ;
#2926 = DIRECTION ( 'NONE',  ( -0.000000000000000000, -1.000000000000000000, -0.000000000000000000 ) ) ;
#2927 = DIRECTION ( 'NONE',  ( -1.387778780781445833E-14, -0.000000000000000000, -1.000000000000000000 ) ) ;
#2928 = DIRECTION ( 'NONE',  ( 0.000000000000000000, 1.000000000000000000, 0.000000000000000000 ) ) ;
#2929 = ORIENTED_EDGE ( 'NONE', *, *, #2887, .F. ) ;
#2930 = CARTESIAN_POINT ( 'NONE',  ( -17.88206261216269155, -2.500000000000000444, -2.057142857142700620 ) ) ;
#2931 = TOROIDAL_SURFACE ( 'NONE', #4681, 1.000000000000000000, 0.5000000000000000000 ) ;
#2932 = FACE_OUTER_BOUND ( 'NONE', #2536, .T. ) ;
#2933 = EDGE_CURVE ( 'NONE', #4408, #5319, #4474, .T. ) ;
#2934 = AXIS2_PLACEMENT_3D ( 'NONE', #1555, #2592, #5509 ) ;
#2935 = EDGE_CURVE ( 'NONE', #812, #668, #1953, .T. ) ;
#2936 = EDGE_CURVE ( 'NONE', #1811, #2862, #2474, .T. ) ;
#2937 = DIRECTION ( 'NONE',  ( 0.000000000000000000, 1.000000000000000000, 0.000000000000000000 ) ) ;
#2938 = CARTESIAN_POINT ( 'NONE',  ( 13.00039763433081497, 3.000000000000000000, 11.58618407195767830 ) ) ;
#2939 = CARTESIAN_POINT ( 'NONE',  ( -7.745966692414844701, 2.500000000000000000, -1.499999999999932276 ) ) ;
#2940 = DIRECTION ( 'NONE',  ( -0.7071067811865536790, 0.000000000000000000, -0.7071067811865414665 ) ) ;
#2941 = VECTOR ( 'NONE', #1609, 1000.000000000000000 ) ;
#2942 = EDGE_LOOP ( 'NONE', ( #5564, #2882, #3466, #3853 ) ) ;
#2943 = AXIS2_PLACEMENT_3D ( 'NONE', #6110, #1816, #5113 ) ;
#2944 = ORIENTED_EDGE ( 'NONE', *, *, #2923, .F. ) ;
#2945 = ADVANCED_FACE ( 'NONE', ( #5 ), #1984, .T. ) ;
#2946 = CIRCLE ( 'NONE', #1393, 1.000000000000000000 ) ;
#2947 = DIRECTION ( 'NONE',  ( 0.000000000000000000, 0.000000000000000000, -1.000000000000000000 ) ) ;
#2948 = FACE_OUTER_BOUND ( 'NONE', #5346, .T. ) ;
#2949 = EDGE_LOOP ( 'NONE', ( #4889, #1780, #6394, #558 ) ) ;
#2950 = ORIENTED_EDGE ( 'NONE', *, *, #4490, .F. ) ;
#2951 =( LENGTH_UNIT ( ) NAMED_UNIT ( * ) SI_UNIT ( .MILLI., .METRE. ) );
#2952 = VECTOR ( 'NONE', #5382, 1000.000000000000000 ) ;
#2953 = CARTESIAN_POINT ( 'NONE',  ( -1.999999999999905409, -2.500000000000000444, 7.745966692414857135 ) ) ;
#2954 = ORIENTED_EDGE ( 'NONE', *, *, #1757, .F. ) ;
#2955 = ADVANCED_FACE ( 'NONE', ( #5051 ), #4161, .T. ) ;
#2956 = AXIS2_PLACEMENT_3D ( 'NONE', #2678, #1709, #2752 ) ;
#2957 = FACE_OUTER_BOUND ( 'NONE', #3306, .T. ) ;
#2958 = ORIENTED_EDGE ( 'NONE', *, *, #4540, .F. ) ;
#2959 = ORIENTED_EDGE ( 'NONE', *, *, #1983, .F. ) ;
#2960 = DIRECTION ( 'NONE',  ( 0.000000000000000000, 1.000000000000000000, 0.000000000000000000 ) ) ;
#2961 = ORIENTED_EDGE ( 'NONE', *, *, #2827, .T. ) ;
#2962 = CARTESIAN_POINT ( 'NONE',  ( 6.891439137424762329, -3.000000000000000000, 4.063012012678552942 ) ) ;
#2963 = CIRCLE ( 'NONE', #161, 18.50000000000000355 ) ;
#2964 = CARTESIAN_POINT ( 'NONE',  ( -1.999999999999905409, -2.499999999999999556, 7.745966692414857135 ) ) ;
#2965 = DIRECTION ( 'NONE',  ( 0.000000000000000000, 1.000000000000000000, 0.000000000000000000 ) ) ;
#2966 = ORIENTED_EDGE ( 'NONE', *, *, #5497, .F. ) ;
#2967 = FACE_OUTER_BOUND ( 'NONE', #490, .T. ) ;
#2968 = DIRECTION ( 'NONE',  ( 0.000000000000000000, 1.000000000000000000, 0.000000000000000000 ) ) ;
#2969 = CYLINDRICAL_SURFACE ( 'NONE', #3917, 7.500000000000000888 ) ;
#2970 = CARTESIAN_POINT ( 'NONE',  ( 13.70750441551736287, -2.499999999999999556, 10.87907729077112862 ) ) ;
#2971 = CARTESIAN_POINT ( 'NONE',  ( 0.000000000000000000, 3.001000000000000334, 0.000000000000000000 ) ) ;
#2972 = VERTEX_POINT ( 'NONE', #621 ) ;
#2973 = EDGE_CURVE ( 'NONE', #1791, #4594, #3055, .T. ) ;
#2974 = ORIENTED_EDGE ( 'NONE', *, *, #1806, .T. ) ;
#2975 = CARTESIAN_POINT ( 'NONE',  ( 17.38533865071371309, -2.500000000000000444, 0.9999999999999696909 ) ) ;
#2976 = CARTESIAN_POINT ( 'NONE',  ( -7.261843774138887930, -2.500000000000000444, 1.875000000000075717 ) ) ;
#2977 = ORIENTED_EDGE ( 'NONE', *, *, #4120, .F. ) ;
#2978 = ORIENTED_EDGE ( 'NONE', *, *, #528, .F. ) ;
#2979 = EDGE_CURVE ( 'NONE', #3892, #4208, #6126, .T. ) ;
#2980 = CARTESIAN_POINT ( 'NONE',  ( -0.7071067811865473507, -3.000000000000000000, 0.7071067811865473507 ) ) ;
#2981 = VERTEX_POINT ( 'NONE', #5542 ) ;
#2982 = DIRECTION ( 'NONE',  ( 0.000000000000000000, 1.000000000000000000, 0.000000000000000000 ) ) ;
#2983 = EDGE_LOOP ( 'NONE', ( #2247, #1331, #5588, #3278 ) ) ;
#2984 = ORIENTED_EDGE ( 'NONE', *, *, #2223, .F. ) ;
#2985 = DIRECTION ( 'NONE',  ( -0.000000000000000000, -1.000000000000000000, -0.000000000000000000 ) ) ;
#2986 = ADVANCED_FACE ( 'NONE', ( #4046 ), #3149, .T. ) ;
#2987 = ORIENTED_EDGE ( 'NONE', *, *, #2097, .F. ) ;
#2988 = DIRECTION ( 'NONE',  ( 0.000000000000000000, 0.000000000000000000, 1.000000000000000000 ) ) ;
#2989 = DIRECTION ( 'NONE',  ( 1.000000000000000000, 0.000000000000000000, -1.047444401652940164E-14 ) ) ;
#2990 = DIRECTION ( 'NONE',  ( 0.000000000000000000, 1.000000000000000000, 0.000000000000000000 ) ) ;
#2991 = AXIS2_PLACEMENT_3D ( 'NONE', #2021, #2623, #4589 ) ;
#2992 = ADVANCED_FACE ( 'NONE', ( #593 ), #2417, .T. ) ;
#2993 = EDGE_LOOP ( 'NONE', ( #4424, #5351, #3036, #1648 ) ) ;
#2994 = FILL_AREA_STYLE ('',( #4991 ) ) ;
#2995 = AXIS2_PLACEMENT_3D ( 'NONE', #2601, #5057, #2216 ) ;
#2996 = DIRECTION ( 'NONE',  ( 0.000000000000000000, 1.000000000000000000, 0.000000000000000000 ) ) ;
#2997 = LINE ( 'NONE', #1565, #5371 ) ;
#2998 = DIRECTION ( 'NONE',  ( 0.000000000000000000, 0.000000000000000000, 1.000000000000000000 ) ) ;
#2999 = ORIENTED_EDGE ( 'NONE', *, *, #1141, .F. ) ;
#3000 = ORIENTED_EDGE ( 'NONE', *, *, #1512, .T. ) ;
#3001 = EDGE_CURVE ( 'NONE', #4043, #5723, #4576, .T. ) ;
#3002 = DIRECTION ( 'NONE',  ( 0.6216615594726331295, 0.000000000000000000, -0.7832859666009942545 ) ) ;
#3003 = ORIENTED_EDGE ( 'NONE', *, *, #6403, .F. ) ;
#3004 = VERTEX_POINT ( 'NONE', #2077 ) ;
#3005 = AXIS2_PLACEMENT_3D ( 'NONE', #2351, #1858, #1279 ) ;
#3006 = FACE_OUTER_BOUND ( 'NONE', #4519, .T. ) ;
#3007 = EDGE_CURVE ( 'NONE', #6091, #3797, #768, .T. ) ;
#3008 = VERTEX_POINT ( 'NONE', #4138 ) ;
#3009 = PRESENTATION_LAYER_ASSIGNMENT (  '', '', ( #1043 ) ) ;
#3010 = TOROIDAL_SURFACE ( 'NONE', #5901, 7.000000000000000888, 0.5000000000000000000 ) ;
#3011 = EDGE_CURVE ( 'NONE', #2219, #2337, #4986, .T. ) ;
#3012 = DIRECTION ( 'NONE',  ( 0.000000000000000000, 1.000000000000000000, 0.000000000000000000 ) ) ;
#3013 = ORIENTED_EDGE ( 'NONE', *, *, #4276, .T. ) ;
#3014 = ADVANCED_FACE ( 'NONE', ( #3078 ), #6120, .F. ) ;
#3015 = ORIENTED_EDGE ( 'NONE', *, *, #2456, .F. ) ;
#3016 = DIRECTION ( 'NONE',  ( -0.7071067811865483499, -3.009265538105058122E-30, -0.7071067811865466846 ) ) ;
#3017 = TOROIDAL_SURFACE ( 'NONE', #2815, 1.000000000000000000, 0.5000000000000000000 ) ;
#3018 = ADVANCED_FACE ( 'NONE', ( #1079 ), #4888, .T. ) ;
#3019 = CARTESIAN_POINT ( 'NONE',  ( -17.93739111465209035, -2.500000000000000444, 1.000000000000187850 ) ) ;
#3020 = AXIS2_PLACEMENT_3D ( 'NONE', #6161, #277, #523 ) ;
#3021 = CARTESIAN_POINT ( 'NONE',  ( 1.000000000000000000, 2.500000000000000000, 0.000000000000000000 ) ) ;
#3022 = CIRCLE ( 'NONE', #1163, 0.5000000000000004441 ) ;
#3023 = EDGE_CURVE ( 'NONE', #2368, #1638, #4272, .T. ) ;
#3024 = ORIENTED_EDGE ( 'NONE', *, *, #300, .F. ) ;
#3025 = CARTESIAN_POINT ( 'NONE',  ( -10.87907729077098296, 3.000000000000000000, 13.70750441551747123 ) ) ;
#3026 = CIRCLE ( 'NONE', #6324, 7.000000000000000888 ) ;
#3027 = CARTESIAN_POINT ( 'NONE',  ( -7.745966692414841148, -3.000000000000000000, -0.9999999999999323874 ) ) ;
#3028 = VECTOR ( 'NONE', #1509, 1000.000000000000000 ) ;
#3029 = DIRECTION ( 'NONE',  ( -1.000000000000000000, 0.000000000000000000, 0.000000000000000000 ) ) ;
#3030 = CYLINDRICAL_SURFACE ( 'NONE', #2675, 18.00000000000000355 ) ;
#3031 = CARTESIAN_POINT ( 'NONE',  ( -11.58618407195753797, 2.500000000000000000, 13.00039763433093398 ) ) ;
#3032 = CIRCLE ( 'NONE', #967, 0.5000000000000000000 ) ;
#3033 = AXIS2_PLACEMENT_3D ( 'NONE', #3636, #5616, #3219 ) ;
#3034 = CIRCLE ( 'NONE', #1173, 0.4999999999999998335 ) ;
#3035 = ORIENTED_EDGE ( 'NONE', *, *, #990, .F. ) ;
#3036 = ORIENTED_EDGE ( 'NONE', *, *, #5109, .T. ) ;
#3037 = TOROIDAL_SURFACE ( 'NONE', #1383, 1.000000000000000000, 0.5000000000000000000 ) ;
#3038 = CARTESIAN_POINT ( 'NONE',  ( -3.809073761886156539, 2.500000000000000000, -6.460724191335709854 ) ) ;
#3039 = DIRECTION ( 'NONE',  ( -0.000000000000000000, -1.000000000000000000, -0.000000000000000000 ) ) ;
#3040 = ORIENTED_EDGE ( 'NONE', *, *, #6364, .F. ) ;
#3041 = ORIENTED_EDGE ( 'NONE', *, *, #3596, .F. ) ;
#3042 = DIRECTION ( 'NONE',  ( -1.000000000000000000, 0.000000000000000000, 8.715250743307478842E-15 ) ) ;
#3043 = ORIENTED_EDGE ( 'NONE', *, *, #3850, .T. ) ;
#3044 = CARTESIAN_POINT ( 'NONE',  ( 4.063012012678565377, -2.500000000000000444, 6.891439137424754335 ) ) ;
#3045 = PLANE ( 'NONE',  #4628 ) ;
#3046 = EDGE_CURVE ( 'NONE', #350, #6354, #1580, .T. ) ;
#3047 = AXIS2_PLACEMENT_3D ( 'NONE', #5359, #434, #6349 ) ;
#3048 = ORIENTED_EDGE ( 'NONE', *, *, #1784, .F. ) ;
#3049 = ORIENTED_EDGE ( 'NONE', *, *, #6306, .F. ) ;
#3050 = CYLINDRICAL_SURFACE ( 'NONE', #5418, 7.500000000000000888 ) ;
#3051 = AXIS2_PLACEMENT_3D ( 'NONE', #67, #1645, #589 ) ;
#3052 = ADVANCED_FACE ( 'NONE', ( #136 ), #5206, .T. ) ;
#3053 = CIRCLE ( 'NONE', #3565, 1.000000000000000000 ) ;
#3054 = AXIS2_PLACEMENT_3D ( 'NONE', #5993, #5598, #1588 ) ;
#3055 = LINE ( 'NONE', #3567, #27 ) ;
#3056 = CIRCLE ( 'NONE', #794, 0.5000000000000004441 ) ;
#3057 = ORIENTED_EDGE ( 'NONE', *, *, #4071, .F. ) ;
#3058 = LINE ( 'NONE', #1113, #3421 ) ;
#3059 = EDGE_CURVE ( 'NONE', #2230, #5858, #5721, .T. ) ;
#3060 = CARTESIAN_POINT ( 'NONE',  ( 1.999999999999999112, 2.500000000000000000, 7.745966692414832266 ) ) ;
#3061 = CIRCLE ( 'NONE', #3572, 1.000000000000000000 ) ;
#3062 = DIRECTION ( 'NONE',  ( -0.7071067811865401342, 0.000000000000000000, 0.7071067811865550112 ) ) ;
#3063 = DIRECTION ( 'NONE',  ( -1.000000000000000000, 0.000000000000000000, 0.000000000000000000 ) ) ;
#3064 = ADVANCED_FACE ( 'NONE', ( #5023 ), #3241, .T. ) ;
#3065 = VERTEX_POINT ( 'NONE', #4536 ) ;
#3066 = CYLINDRICAL_SURFACE ( 'NONE', #4454, 7.500000000000000888 ) ;
#3067 = CARTESIAN_POINT ( 'NONE',  ( -6.891439137424713479, -2.499999999999999556, 4.063012012678638207 ) ) ;
#3068 = ORIENTED_EDGE ( 'NONE', *, *, #3023, .F. ) ;
#3069 = ORIENTED_EDGE ( 'NONE', *, *, #6403, .T. ) ;
#3070 = LINE ( 'NONE', #5070, #1055 ) ;
#3071 = ORIENTED_EDGE ( 'NONE', *, *, #3484, .F. ) ;
#3072 = DIRECTION ( 'NONE',  ( 0.000000000000000000, 0.000000000000000000, -1.000000000000000000 ) ) ;
#3073 = DIRECTION ( 'NONE',  ( -1.776356839400250465E-15, 0.000000000000000000, -1.000000000000000000 ) ) ;
#3074 = ORIENTED_EDGE ( 'NONE', *, *, #1126, .T. ) ;
#3075 = CARTESIAN_POINT ( 'NONE',  ( 0.000000000000000000, 3.000000000000000000, 0.000000000000000000 ) ) ;
#3076 = EDGE_LOOP ( 'NONE', ( #2432, #5873, #6083, #869 ) ) ;
#3077 = DIRECTION ( 'NONE',  ( -1.047444401652940164E-14, 0.000000000000000000, -1.000000000000000000 ) ) ;
#3078 = FACE_OUTER_BOUND ( 'NONE', #6082, .T. ) ;
#3079 = EDGE_CURVE ( 'NONE', #2006, #1937, #4796, .T. ) ;
#3080 = VERTEX_POINT ( 'NONE', #4801 ) ;
#3081 = CARTESIAN_POINT ( 'NONE',  ( -4.770118793865111506, -3.000000000000000000, -6.184332356238207318 ) ) ;
#3082 = DIRECTION ( 'NONE',  ( 0.000000000000000000, 1.000000000000000000, 0.000000000000000000 ) ) ;
#3083 = ADVANCED_FACE ( 'NONE', ( #4763 ), #3862, .T. ) ;
#3084 = DIRECTION ( 'NONE',  ( -0.1142857142857126584, -0.000000000000000000, 0.9934479228979266052 ) ) ;
#3085 = FACE_OUTER_BOUND ( 'NONE', #2993, .T. ) ;
#3086 = ORIENTED_EDGE ( 'NONE', *, *, #318, .F. ) ;
#3087 = EDGE_CURVE ( 'NONE', #350, #3480, #2831, .T. ) ;
#3088 = FACE_OUTER_BOUND ( 'NONE', #3640, .T. ) ;
#3089 = CIRCLE ( 'NONE', #3606, 18.00000000000000355 ) ;
#3090 = FACE_OUTER_BOUND ( 'NONE', #4375, .T. ) ;
#3091 = VERTEX_POINT ( 'NONE', #6254 ) ;
#3092 = CIRCLE ( 'NONE', #6333, 0.5000000000000001110 ) ;
#3093 = CARTESIAN_POINT ( 'NONE',  ( -3.809073761886077047, 2.500000000000000000, 6.460724191335755151 ) ) ;
#3094 = DIRECTION ( 'NONE',  ( -0.000000000000000000, -1.000000000000000000, -0.000000000000000000 ) ) ;
#3095 = EDGE_CURVE ( 'NONE', #706, #4007, #1306, .T. ) ;
#3096 = CYLINDRICAL_SURFACE ( 'NONE', #4977, 0.5000000000000004441 ) ;
#3097 = ORIENTED_EDGE ( 'NONE', *, *, #41, .F. ) ;
#3098 = EDGE_LOOP ( 'NONE', ( #6247, #1965, #3515, #3420 ) ) ;
#3099 = CARTESIAN_POINT ( 'NONE',  ( 6.184332356238189554, 3.000000000000000000, -4.770118793865134599 ) ) ;
#3100 = CARTESIAN_POINT ( 'NONE',  ( 13.39075767515239335, -2.500000000000000444, 11.97654411277925490 ) ) ;
#3101 = DIRECTION ( 'NONE',  ( -0.000000000000000000, -1.000000000000000000, -0.000000000000000000 ) ) ;
#3102 = VERTEX_POINT ( 'NONE', #3244 ) ;
#3103 = DIRECTION ( 'NONE',  ( 0.000000000000000000, 1.000000000000000000, 0.000000000000000000 ) ) ;
#3104 = ORIENTED_EDGE ( 'NONE', *, *, #5025, .T. ) ;
#3105 = CARTESIAN_POINT ( 'NONE',  ( -11.62299072218583262, 2.500000000000000000, 13.74431106574578543 ) ) ;
#3106 = VECTOR ( 'NONE', #5213, 1000.000000000000000 ) ;
#3107 = AXIS2_PLACEMENT_3D ( 'NONE', #3025, #6388, #3965 ) ;
#3108 = AXIS2_PLACEMENT_3D ( 'NONE', #3464, #1006, #2861 ) ;
#3109 = ORIENTED_EDGE ( 'NONE', *, *, #4071, .T. ) ;
#3110 = CARTESIAN_POINT ( 'NONE',  ( -7.745966692414810950, 2.500000000000000000, 2.000000000000080380 ) ) ;
#3111 = CYLINDRICAL_SURFACE ( 'NONE', #4884, 22.50000000000000355 ) ;
#3112 = EDGE_CURVE ( 'NONE', #1125, #5996, #4688, .T. ) ;
#3113 = CIRCLE ( 'NONE', #3222, 0.5000000000000004441 ) ;
#3114 = TOROIDAL_SURFACE ( 'NONE', #1157, 1.000000000000000000, 0.5000000000000000000 ) ;
#3115 = DIRECTION ( 'NONE',  ( 0.000000000000000000, 0.000000000000000000, -1.000000000000000000 ) ) ;
#3116 = CARTESIAN_POINT ( 'NONE',  ( 1.999999999999958922, -2.499999999999999556, -7.745966692414842925 ) ) ;
#3117 = ORIENTED_EDGE ( 'NONE', *, *, #3011, .F. ) ;
#3118 = CARTESIAN_POINT ( 'NONE',  ( -13.70750441551722787, -2.499999999999999556, 11.37907729077129737 ) ) ;
#3119 = AXIS2_PLACEMENT_3D ( 'NONE', #116, #1124, #5920 ) ;
#3120 = DIRECTION ( 'NONE',  ( -0.000000000000000000, -1.000000000000000000, -0.000000000000000000 ) ) ;
#3121 = CIRCLE ( 'NONE', #4564, 0.4999999999999995559 ) ;
#3122 = CIRCLE ( 'NONE', #759, 0.5000000000000000000 ) ;
#3123 = ADVANCED_FACE ( 'NONE', ( #3726 ), #6030, .T. ) ;
#3124 = EDGE_LOOP ( 'NONE', ( #4198, #2814, #6103, #2714, #3657 ) ) ;
#3125 = CARTESIAN_POINT ( 'NONE',  ( 10.87907729077115171, -2.500000000000000444, 13.70750441551733800 ) ) ;
#3126 = DIRECTION ( 'NONE',  ( -0.000000000000000000, -1.000000000000000000, -0.000000000000000000 ) ) ;
#3127 = AXIS2_PLACEMENT_3D ( 'NONE', #695, #1692, #3663 ) ;
#3128 = AXIS2_PLACEMENT_3D ( 'NONE', #1345, #6287, #4385 ) ;
#3129 = AXIS2_PLACEMENT_3D ( 'NONE', #3380, #799, #1341 ) ;
#3130 = DIRECTION ( 'NONE',  ( -0.1142857142857126584, -0.000000000000000000, 0.9934479228979266052 ) ) ;
#3131 = ORIENTED_EDGE ( 'NONE', *, *, #4191, .T. ) ;
#3132 = AXIS2_PLACEMENT_3D ( 'NONE', #6036, #3509, #2998 ) ;
#3133 = EDGE_LOOP ( 'NONE', ( #1812, #512, #1594, #167 ) ) ;
#3134 = DIRECTION ( 'NONE',  ( 0.7071067811865389130, -0.000000000000000000, -0.7071067811865562325 ) ) ;
#3135 = EDGE_CURVE ( 'NONE', #3004, #1020, #557, .T. ) ;
#3136 = VECTOR ( 'NONE', #526, 1000.000000000000000 ) ;
#3137 = AXIS2_PLACEMENT_3D ( 'NONE', #5859, #4823, #26 ) ;
#3138 = CARTESIAN_POINT ( 'NONE',  ( 0.000000000000000000, 0.5000000000000000000, 0.000000000000000000 ) ) ;
#3139 = DIRECTION ( 'NONE',  ( 0.000000000000000000, 0.000000000000000000, 1.000000000000000000 ) ) ;
#3140 = DIRECTION ( 'NONE',  ( 0.000000000000000000, 0.000000000000000000, 1.000000000000000000 ) ) ;
#3141 = CARTESIAN_POINT ( 'NONE',  ( -3.555135511093672207, 3.000000000000000000, 6.030009245246706229 ) ) ;
#3142 = ORIENTED_EDGE ( 'NONE', *, *, #1401, .F. ) ;
#3143 = CARTESIAN_POINT ( 'NONE',  ( -0.7071067811865493491, -3.000000000000000000, -0.7071067811865417996 ) ) ;
#3144 = CIRCLE ( 'NONE', #3974, 0.5000000000000000000 ) ;
#3145 = ORIENTED_EDGE ( 'NONE', *, *, #171, .T. ) ;
#3146 = CARTESIAN_POINT ( 'NONE',  ( -18.37878657361161672, 2.500000000000000000, 2.114285714285906614 ) ) ;
#3147 = EDGE_CURVE ( 'NONE', #3918, #144, #3966, .T. ) ;
#3148 = TOROIDAL_SURFACE ( 'NONE', #260, 18.50000000000000355, 0.5000000000000000000 ) ;
#3149 = CYLINDRICAL_SURFACE ( 'NONE', #3644, 0.5000000000000000000 ) ;
#3150 = ORIENTED_EDGE ( 'NONE', *, *, #1084, .T. ) ;
#3151 = DIRECTION ( 'NONE',  ( -0.000000000000000000, -1.000000000000000000, -0.000000000000000000 ) ) ;
#3152 = CARTESIAN_POINT ( 'NONE',  ( -6.184332356238157580, -2.500000000000000000, 4.770118793865179008 ) ) ;
#3153 = AXIS2_PLACEMENT_3D ( 'NONE', #4012, #1073, #2627 ) ;
#3154 = DIRECTION ( 'NONE',  ( 0.000000000000000000, 0.000000000000000000, -1.000000000000000000 ) ) ;
#3155 = FACE_OUTER_BOUND ( 'NONE', #1045, .T. ) ;
#3156 = CARTESIAN_POINT ( 'NONE',  ( -6.184332356238249062, -2.500000000000000444, -4.770118793865057327 ) ) ;
#3157 = FACE_OUTER_BOUND ( 'NONE', #6179, .T. ) ;
#3158 = CIRCLE ( 'NONE', #1923, 0.5000000000000004441 ) ;
#3159 = EDGE_LOOP ( 'NONE', ( #2190, #5384, #3721, #3041 ) ) ;
#3160 = DIRECTION ( 'NONE',  ( 0.000000000000000000, 0.000000000000000000, 1.000000000000000000 ) ) ;
#3161 = CARTESIAN_POINT ( 'NONE',  ( 13.70750441551736287, 2.500000000000000444, 10.87907729077112862 ) ) ;
#3162 = CARTESIAN_POINT ( 'NONE',  ( -17.38533865071372020, 2.500000000000000000, -0.9999999999998482325 ) ) ;
#3163 = ORIENTED_EDGE ( 'NONE', *, *, #4627, .F. ) ;
#3164 = EDGE_CURVE ( 'NONE', #2525, #2341, #5831, .T. ) ;
#3165 = ORIENTED_EDGE ( 'NONE', *, *, #1224, .F. ) ;
#3166 = CYLINDRICAL_SURFACE ( 'NONE', #6122, 0.5000000000000000000 ) ;
#3167 = DIRECTION ( 'NONE',  ( 0.000000000000000000, 0.000000000000000000, 1.000000000000000000 ) ) ;
#3168 = DIRECTION ( 'NONE',  ( 0.000000000000000000, 0.000000000000000000, 1.000000000000000000 ) ) ;
#3169 = CARTESIAN_POINT ( 'NONE',  ( 2.114285714285617512, 3.000000000000000000, -18.37878657361164869 ) ) ;
#3170 = ORIENTED_EDGE ( 'NONE', *, *, #1592, .T. ) ;
#3171 = EDGE_CURVE ( 'NONE', #4804, #4281, #1337, .T. ) ;
#3172 = EDGE_LOOP ( 'NONE', ( #4125, #5892, #182, #3341 ) ) ;
#3173 = CARTESIAN_POINT ( 'NONE',  ( 17.38533865071371309, 2.500000000000000444, 1.999999999999968914 ) ) ;
#3174 = ORIENTED_EDGE ( 'NONE', *, *, #634, .T. ) ;
#3175 = CARTESIAN_POINT ( 'NONE',  ( 17.38533865071371309, -2.500000000000000444, 1.999999999999968914 ) ) ;
#3176 = EDGE_CURVE ( 'NONE', #5007, #5793, #5617, .T. ) ;
#3177 = ORIENTED_EDGE ( 'NONE', *, *, #5553, .T. ) ;
#3178 = DIRECTION ( 'NONE',  ( 5.218048215738235740E-15, -0.000000000000000000, 1.000000000000000000 ) ) ;
#3179 = CARTESIAN_POINT ( 'NONE',  ( 1.999999999999908518, 2.500000000000000000, -17.38533865071372020 ) ) ;
#3180 = FACE_OUTER_BOUND ( 'NONE', #909, .T. ) ;
#3181 = LINE ( 'NONE', #5159, #4504 ) ;
#3182 = CARTESIAN_POINT ( 'NONE',  ( -1.000000000000000000, -2.500000000000000444, -7.745966692414832266 ) ) ;
#3183 = ORIENTED_EDGE ( 'NONE', *, *, #4765, .F. ) ;
#3184 = DIRECTION ( 'NONE',  ( 0.000000000000000000, 1.000000000000000000, 0.000000000000000000 ) ) ;
#3185 = AXIS2_PLACEMENT_3D ( 'NONE', #993, #6000, #5945 ) ;
#3186 = AXIS2_PLACEMENT_3D ( 'NONE', #1961, #1050, #2514 ) ;
#3187 = FACE_OUTER_BOUND ( 'NONE', #5703, .T. ) ;
#3188 = CARTESIAN_POINT ( 'NONE',  ( -4.135492250926811941, 3.001000000000000334, -6.256812594486453882 ) ) ;
#3189 = EDGE_LOOP ( 'NONE', ( #3043, #5086, #1221, #2036 ) ) ;
#3190 = AXIS2_PLACEMENT_3D ( 'NONE', #599, #4186, #5548 ) ;
#3191 = DIRECTION ( 'NONE',  ( 0.000000000000000000, 0.000000000000000000, 1.000000000000000000 ) ) ;
#3192 = ORIENTED_EDGE ( 'NONE', *, *, #3679, .F. ) ;
#3193 = TOROIDAL_SURFACE ( 'NONE', #1233, 1.000000000000000000, 0.5000000000000000000 ) ;
#3194 = ORIENTED_EDGE ( 'NONE', *, *, #4749, .T. ) ;
#3195 = FACE_OUTER_BOUND ( 'NONE', #4645, .T. ) ;
#3196 = AXIS2_PLACEMENT_3D ( 'NONE', #735, #1599, #3154 ) ;
#3197 = EDGE_CURVE ( 'NONE', #5175, #746, #275, .T. ) ;
#3198 = CARTESIAN_POINT ( 'NONE',  ( -0.9999999999997820632, 3.000000000000000000, 17.93739111465211167 ) ) ;
#3199 = FACE_OUTER_BOUND ( 'NONE', #4040, .T. ) ;
#3200 = DIRECTION ( 'NONE',  ( 0.000000000000000000, 0.000000000000000000, 1.000000000000000000 ) ) ;
#3201 = ORIENTED_EDGE ( 'NONE', *, *, #3207, .F. ) ;
#3202 = ORIENTED_EDGE ( 'NONE', *, *, #912, .T. ) ;
#3203 = DIRECTION ( 'NONE',  ( 0.000000000000000000, 0.000000000000000000, 1.000000000000000000 ) ) ;
#3204 = VERTEX_POINT ( 'NONE', #2274 ) ;
#3205 = EDGE_CURVE ( 'NONE', #2763, #3372, #6339, .T. ) ;
#3206 = CARTESIAN_POINT ( 'NONE',  ( -17.38533865071372730, 2.500000000000000444, -1.999999999999847899 ) ) ;
#3207 = EDGE_CURVE ( 'NONE', #4594, #1524, #3548, .T. ) ;
#3208 = CARTESIAN_POINT ( 'NONE',  ( 7.348469228349530979, 3.000000000000000000, -1.000000000000025757 ) ) ;
#3209 = EDGE_CURVE ( 'NONE', #612, #4208, #6279, .T. ) ;
#3210 = ORIENTED_EDGE ( 'NONE', *, *, #3205, .F. ) ;
#3211 = LINE ( 'NONE', #3729, #5601 ) ;
#3212 = CIRCLE ( 'NONE', #2180, 0.4999999999999998890 ) ;
#3213 = DIRECTION ( 'NONE',  ( 0.000000000000000000, 0.000000000000000000, 1.000000000000000000 ) ) ;
#3214 = ADVANCED_FACE ( 'NONE', ( #761 ), #2734, .T. ) ;
#3215 = EDGE_CURVE ( 'NONE', #2242, #1783, #2839, .T. ) ;
#3216 = VECTOR ( 'NONE', #3927, 1000.000000000000000 ) ;
#3217 = DIRECTION ( 'NONE',  ( -0.000000000000000000, -1.000000000000000000, -0.000000000000000000 ) ) ;
#3218 = CIRCLE ( 'NONE', #1459, 7.500000000000000888 ) ;
#3219 = DIRECTION ( 'NONE',  ( 0.7071067811865519026, 0.000000000000000000, 0.7071067811865432429 ) ) ;
#3220 = EDGE_LOOP ( 'NONE', ( #430, #619, #1307, #1860 ) ) ;
#3221 = DIRECTION ( 'NONE',  ( 0.000000000000000000, 0.000000000000000000, 1.000000000000000000 ) ) ;
#3222 = AXIS2_PLACEMENT_3D ( 'NONE', #1795, #4735, #4767 ) ;
#3223 = ADVANCED_FACE ( 'NONE', ( #4180 ), #33, .T. ) ;
#3224 = CARTESIAN_POINT ( 'NONE',  ( -6.030009245246625404, -3.000000000000000000, 3.555135511093808542 ) ) ;
#3225 = DIRECTION ( 'NONE',  ( 0.000000000000000000, 0.000000000000000000, 1.000000000000000000 ) ) ;
#3226 = CARTESIAN_POINT ( 'NONE',  ( 1.500000000000000000, -2.999999999999998224, 17.38533865071370954 ) ) ;
#3227 = VERTEX_POINT ( 'NONE', #5445 ) ;
#3228 = CIRCLE ( 'NONE', #231, 18.50000000000000355 ) ;
#3229 = ORIENTED_EDGE ( 'NONE', *, *, #2235, .F. ) ;
#3230 = DIRECTION ( 'NONE',  ( 0.7071067811865487940, 0.000000000000000000, 0.7071067811865463515 ) ) ;
#3231 = AXIS2_PLACEMENT_3D ( 'NONE', #6043, #4548, #6007 ) ;
#3232 = CIRCLE ( 'NONE', #2311, 0.5000000000000000000 ) ;
#3233 = AXIS2_PLACEMENT_3D ( 'NONE', #3060, #5393, #4483 ) ;
#3234 = CARTESIAN_POINT ( 'NONE',  ( 0.000000000000000000, -3.000000000000000000, 0.000000000000000000 ) ) ;
#3235 = AXIS2_PLACEMENT_3D ( 'NONE', #6002, #2218, #1631 ) ;
#3236 = DIRECTION ( 'NONE',  ( 0.000000000000000000, 0.000000000000000000, -1.000000000000000000 ) ) ;
#3237 = CARTESIAN_POINT ( 'NONE',  ( 7.745966692414834043, 3.000000000000000000, 0.9999999999999865663 ) ) ;
#3238 = ORIENTED_EDGE ( 'NONE', *, *, #2619, .F. ) ;
#3239 = ORIENTED_EDGE ( 'NONE', *, *, #2105, .T. ) ;
#3240 = FACE_BOUND ( 'NONE', #5524, .T. ) ;
#3241 = TOROIDAL_SURFACE ( 'NONE', #453, 18.50000000000000355, 0.5000000000000000000 ) ;
#3242 = ORIENTED_EDGE ( 'NONE', *, *, #1680, .T. ) ;
#3243 = FACE_OUTER_BOUND ( 'NONE', #3704, .T. ) ;
#3244 = CARTESIAN_POINT ( 'NONE',  ( 17.38533865071371309, -3.000000000000000000, 0.9999999999999696909 ) ) ;
#3245 = ORIENTED_EDGE ( 'NONE', *, *, #990, .T. ) ;
#3246 = CIRCLE ( 'NONE', #5744, 1.000000000000000000 ) ;
#3247 = EDGE_CURVE ( 'NONE', #1053, #2853, #6405, .T. ) ;
#3248 = ORIENTED_EDGE ( 'NONE', *, *, #4985, .T. ) ;
#3249 = DIRECTION ( 'NONE',  ( -3.122502256758252770E-14, 0.000000000000000000, 1.000000000000000000 ) ) ;
#3250 = DIRECTION ( 'NONE',  ( -1.000000000000000000, 0.000000000000000000, 3.491481338843134144E-15 ) ) ;
#3251 = TOROIDAL_SURFACE ( 'NONE', #5735, 1.000000000000000000, 0.5000000000000000000 ) ;
#3252 = CARTESIAN_POINT ( 'NONE',  ( -13.35395102492416441, 2.500000000000000000, -11.23263068136430753 ) ) ;
#3253 = CARTESIAN_POINT ( 'NONE',  ( -1.999999999999999112, -2.499999999999999556, -17.38533865071370954 ) ) ;
#3254 = DIRECTION ( 'NONE',  ( 0.000000000000000000, 0.000000000000000000, 1.000000000000000000 ) ) ;
#3255 = ADVANCED_FACE ( 'NONE', ( #396 ), #3349, .T. ) ;
#3256 = ORIENTED_EDGE ( 'NONE', *, *, #4627, .T. ) ;
#3257 = AXIS2_PLACEMENT_3D ( 'NONE', #821, #5255, #3203 ) ;
#3258 = DIRECTION ( 'NONE',  ( 0.000000000000000000, 0.000000000000000000, 1.000000000000000000 ) ) ;
#3259 = CIRCLE ( 'NONE', #4294, 7.500000000000000888 ) ;
#3260 = LINE ( 'NONE', #5241, #411 ) ;
#3261 = LINE ( 'NONE', #5783, #3462 ) ;
#3262 = FACE_OUTER_BOUND ( 'NONE', #4898, .T. ) ;
#3263 = ORIENTED_EDGE ( 'NONE', *, *, #5056, .T. ) ;
#3264 = ADVANCED_FACE ( 'NONE', ( #1451 ), #3037, .T. ) ;
#3265 = VERTEX_POINT ( 'NONE', #3947 ) ;
#3266 = CIRCLE ( 'NONE', #4914, 1.000000000000000000 ) ;
#3267 = DIRECTION ( 'NONE',  ( 0.000000000000000000, 1.000000000000000000, 0.000000000000000000 ) ) ;
#3268 = LINE ( 'NONE', #322, #2088 ) ;
#3269 = CARTESIAN_POINT ( 'NONE',  ( -3.555135511093672207, -2.500000000000000000, 6.030009245246706229 ) ) ;
#3270 = DIRECTION ( 'NONE',  ( 0.000000000000000000, 0.000000000000000000, 1.000000000000000000 ) ) ;
#3271 = VERTEX_POINT ( 'NONE', #4435 ) ;
#3272 = ORIENTED_EDGE ( 'NONE', *, *, #2049, .F. ) ;
#3273 = FACE_BOUND ( 'NONE', #1443, .T. ) ;
#3274 = ORIENTED_EDGE ( 'NONE', *, *, #4545, .T. ) ;
#3275 = DIRECTION ( 'NONE',  ( 5.204170427930421283E-15, -0.000000000000000000, 1.000000000000000000 ) ) ;
#3276 = ORIENTED_EDGE ( 'NONE', *, *, #1485, .F. ) ;
#3277 = CARTESIAN_POINT ( 'NONE',  ( -10.87907729077115171, 3.000000000000000000, -13.70750441551733800 ) ) ;
#3278 = ORIENTED_EDGE ( 'NONE', *, *, #2075, .F. ) ;
#3279 = ORIENTED_EDGE ( 'NONE', *, *, #488, .T. ) ;
#3280 = CARTESIAN_POINT ( 'NONE',  ( 17.93739111465209746, -2.500000000000000444, -1.000000000000062839 ) ) ;
#3281 = CARTESIAN_POINT ( 'NONE',  ( 0.000000000000000000, -2.500000000000000444, 0.000000000000000000 ) ) ;
#3282 = EDGE_CURVE ( 'NONE', #4501, #376, #4992, .T. ) ;
#3283 = CARTESIAN_POINT ( 'NONE',  ( -8.715250743307477265E-15, 2.500000000000000000, -0.9999999999999997780 ) ) ;
#3284 = DIRECTION ( 'NONE',  ( 0.000000000000000000, 0.000000000000000000, 1.000000000000000000 ) ) ;
#3285 = CARTESIAN_POINT ( 'NONE',  ( 1.499999999999908518, 3.000000000000000000, -17.38533865071371665 ) ) ;
#3286 = VERTEX_POINT ( 'NONE', #427 ) ;
#3287 = DIRECTION ( 'NONE',  ( 0.000000000000000000, 0.000000000000000000, 1.000000000000000000 ) ) ;
#3288 = ADVANCED_FACE ( 'NONE', ( #2957 ), #4660, .T. ) ;
#3289 = EDGE_CURVE ( 'NONE', #5253, #675, #112, .T. ) ;
#3290 = DIRECTION ( 'NONE',  ( -0.7071067811865475727, 0.000000000000000000, -0.7071067811865475727 ) ) ;
#3291 = CARTESIAN_POINT ( 'NONE',  ( 6.460724191335716959, 2.500000000000000000, 3.809073761886144549 ) ) ;
#3292 = CARTESIAN_POINT ( 'NONE',  ( -6.891439137424789863, 3.001000000000000334, -4.063012012678504092 ) ) ;
#3293 = ORIENTED_EDGE ( 'NONE', *, *, #2796, .F. ) ;
#3294 = EDGE_CURVE ( 'NONE', #6112, #5554, #635, .T. ) ;
#3295 = EDGE_LOOP ( 'NONE', ( #3712, #4766, #2616, #2659 ) ) ;
#3296 = FACE_OUTER_BOUND ( 'NONE', #2563, .T. ) ;
#3297 = EDGE_CURVE ( 'NONE', #2046, #4585, #2292, .T. ) ;
#3298 = LINE ( 'NONE', #935, #22 ) ;
#3299 = CARTESIAN_POINT ( 'NONE',  ( 0.000000000000000000, 2.500000000000000000, 0.000000000000000000 ) ) ;
#3300 = DIRECTION ( 'NONE',  ( 0.000000000000000000, 0.000000000000000000, 1.000000000000000000 ) ) ;
#3301 = ORIENTED_EDGE ( 'NONE', *, *, #4277, .F. ) ;
#3302 = EDGE_LOOP ( 'NONE', ( #4000, #4479, #3603, #1634 ) ) ;
#3303 = DIRECTION ( 'NONE',  ( 0.000000000000000000, 0.000000000000000000, 1.000000000000000000 ) ) ;
#3304 = AXIS2_PLACEMENT_3D ( 'NONE', #930, #5396, #3507 ) ;
#3305 = CYLINDRICAL_SURFACE ( 'NONE', #1482, 0.5000000000000000000 ) ;
#3306 = EDGE_LOOP ( 'NONE', ( #3324, #4320, #1827, #2277 ) ) ;
#3307 = DIRECTION ( 'NONE',  ( -0.000000000000000000, -1.000000000000000000, -0.000000000000000000 ) ) ;
#3308 = EDGE_LOOP ( 'NONE', ( #6143, #1976, #3035, #5350 ) ) ;
#3309 = ORIENTED_EDGE ( 'NONE', *, *, #4326, .F. ) ;
#3310 = FACE_OUTER_BOUND ( 'NONE', #4133, .T. ) ;
#3311 = DIRECTION ( 'NONE',  ( 0.8614298921780956242, 0.000000000000000000, 0.5078765015848187847 ) ) ;
#3312 = CARTESIAN_POINT ( 'NONE',  ( -13.00039763433089490, 3.000000000000000000, -11.58618407195758415 ) ) ;
#3313 = CARTESIAN_POINT ( 'NONE',  ( -1.999999999999788836, -2.499999999999999556, 17.38533865071373441 ) ) ;
#3314 = CARTESIAN_POINT ( 'NONE',  ( -6.891439137424789863, -2.499999999999999556, -4.063012012678504092 ) ) ;
#3315 = AXIS2_PLACEMENT_3D ( 'NONE', #3253, #406, #2842 ) ;
#3316 = ORIENTED_EDGE ( 'NONE', *, *, #5429, .T. ) ;
#3317 = DIRECTION ( 'NONE',  ( 0.000000000000000000, 1.000000000000000000, 0.000000000000000000 ) ) ;
#3318 = EDGE_CURVE ( 'NONE', #5532, #4065, #4556, .T. ) ;
#3319 = AXIS2_PLACEMENT_3D ( 'NONE', #716, #749, #4649 ) ;
#3320 = AXIS2_PLACEMENT_3D ( 'NONE', #5398, #961, #6392 ) ;
#3321 = DIRECTION ( 'NONE',  ( 1.000000000000000000, 0.000000000000000000, -1.210143096841420787E-14 ) ) ;
#3322 = DIRECTION ( 'NONE',  ( 0.000000000000000000, 0.000000000000000000, 1.000000000000000000 ) ) ;
#3323 = DIRECTION ( 'NONE',  ( 0.000000000000000000, 1.000000000000000000, 0.000000000000000000 ) ) ;
#3324 = ORIENTED_EDGE ( 'NONE', *, *, #2979, .F. ) ;
#3325 = TOROIDAL_SURFACE ( 'NONE', #3734, 7.000000000000000888, 0.5000000000000000000 ) ;
#3326 = EDGE_CURVE ( 'NONE', #3517, #3375, #5959, .T. ) ;
#3327 = DIRECTION ( 'NONE',  ( 0.000000000000000000, 0.000000000000000000, 1.000000000000000000 ) ) ;
#3328 = AXIS2_PLACEMENT_3D ( 'NONE', #2922, #2374, #4472 ) ;
#3329 = VECTOR ( 'NONE', #4730, 1000.000000000000000 ) ;
#3330 = DIRECTION ( 'NONE',  ( -0.000000000000000000, -1.000000000000000000, -0.000000000000000000 ) ) ;
#3331 = ORIENTED_EDGE ( 'NONE', *, *, #6010, .F. ) ;
#3332 = ORIENTED_EDGE ( 'NONE', *, *, #2386, .F. ) ;
#3333 = AXIS2_PLACEMENT_3D ( 'NONE', #3162, #2782, #4717 ) ;
#3334 = EDGE_CURVE ( 'NONE', #622, #6381, #4338, .T. ) ;
#3335 = DIRECTION ( 'NONE',  ( 0.000000000000000000, 1.000000000000000000, 0.000000000000000000 ) ) ;
#3336 = AXIS2_PLACEMENT_3D ( 'NONE', #5372, #2906, #4875 ) ;
#3337 = AXIS2_PLACEMENT_3D ( 'NONE', #4586, #122, #610 ) ;
#3338 = AXIS2_PLACEMENT_3D ( 'NONE', #5972, #1535, #5486 ) ;
#3339 = VERTEX_POINT ( 'NONE', #5834 ) ;
#3340 = DIRECTION ( 'NONE',  ( 0.000000000000000000, 0.000000000000000000, 1.000000000000000000 ) ) ;
#3341 = ORIENTED_EDGE ( 'NONE', *, *, #5232, .F. ) ;
#3342 = AXIS2_PLACEMENT_3D ( 'NONE', #4018, #5643, #1558 ) ;
#3343 = VECTOR ( 'NONE', #11, 1000.000000000000000 ) ;
#3344 = DIRECTION ( 'NONE',  ( 1.000000000000000000, 0.000000000000000000, -1.040834085586084257E-14 ) ) ;
#3345 = EDGE_CURVE ( 'NONE', #73, #4065, #3374, .T. ) ;
#3346 = VERTEX_POINT ( 'NONE', #4374 ) ;
#3347 = CARTESIAN_POINT ( 'NONE',  ( -13.00039763433089490, -3.000000000000000000, -11.58618407195758415 ) ) ;
#3348 = CARTESIAN_POINT ( 'NONE',  ( -6.256812594486410362, 3.001000000000000334, 4.135492250926877666 ) ) ;
#3349 = TOROIDAL_SURFACE ( 'NONE', #4169, 7.000000000000000888, 0.5000000000000000000 ) ;
#3350 = DIRECTION ( 'NONE',  ( 1.000000000000000000, 0.000000000000000000, -8.715250743307478842E-15 ) ) ;
#3351 = FACE_OUTER_BOUND ( 'NONE', #5467, .T. ) ;
#3352 = DIRECTION ( 'NONE',  ( 0.000000000000000000, 1.000000000000000000, 0.000000000000000000 ) ) ;
#3353 = ORIENTED_EDGE ( 'NONE', *, *, #3808, .T. ) ;
#3354 = DIRECTION ( 'NONE',  ( 0.7071067811865475727, 0.000000000000000000, 0.7071067811865475727 ) ) ;
#3355 = CIRCLE ( 'NONE', #667, 0.5000000000000004441 ) ;
#3356 = DIRECTION ( 'NONE',  ( 0.6216615594726395688, 0.000000000000000000, 0.7832859666009891475 ) ) ;
#3357 = CARTESIAN_POINT ( 'NONE',  ( 7.261843774138910135, 2.500000000000000000, 1.874999999999987343 ) ) ;
#3358 = CIRCLE ( 'NONE', #368, 18.00000000000000355 ) ;
#3359 = DIRECTION ( 'NONE',  ( 0.000000000000000000, 0.000000000000000000, 1.000000000000000000 ) ) ;
#3360 = ORIENTED_EDGE ( 'NONE', *, *, #4112, .F. ) ;
#3361 = AXIS2_PLACEMENT_3D ( 'NONE', #3870, #2900, #6271 ) ;
#3362 = AXIS2_PLACEMENT_3D ( 'NONE', #4176, #1821, #6185 ) ;
#3363 = DIRECTION ( 'NONE',  ( 1.734723475976805517E-15, 0.000000000000000000, 1.000000000000000000 ) ) ;
#3364 = EDGE_CURVE ( 'NONE', #675, #3859, #2596, .T. ) ;
#3365 = DIRECTION ( 'NONE',  ( 0.000000000000000000, 1.000000000000000000, 0.000000000000000000 ) ) ;
#3366 = VERTEX_POINT ( 'NONE', #4944 ) ;
#3367 = VECTOR ( 'NONE', #2189, 1000.000000000000000 ) ;
#3368 = ORIENTED_EDGE ( 'NONE', *, *, #2502, .F. ) ;
#3369 = AXIS2_PLACEMENT_3D ( 'NONE', #2150, #2705, #4115 ) ;
#3370 = FACE_OUTER_BOUND ( 'NONE', #3295, .T. ) ;
#3371 = EDGE_CURVE ( 'NONE', #4821, #6381, #1560, .T. ) ;
#3372 = VERTEX_POINT ( 'NONE', #5863 ) ;
#3373 = ADVANCED_FACE ( 'NONE', ( #2915 ), #462, .F. ) ;
#3374 = LINE ( 'NONE', #5354, #5395 ) ;
#3375 = VERTEX_POINT ( 'NONE', #2135 ) ;
#3376 = AXIS2_PLACEMENT_3D ( 'NONE', #5841, #5265, #1410 ) ;
#3377 = DIRECTION ( 'NONE',  ( 0.000000000000000000, 1.000000000000000000, 0.000000000000000000 ) ) ;
#3378 = ORIENTED_EDGE ( 'NONE', *, *, #3873, .F. ) ;
#3379 = CARTESIAN_POINT ( 'NONE',  ( -0.7071067811865421326, 2.500000000000000000, 0.7071067811865544561 ) ) ;
#3380 = CARTESIAN_POINT ( 'NONE',  ( -2.114285714285491391, -2.500000000000000000, 18.37878657361166290 ) ) ;
#3381 = EDGE_CURVE ( 'NONE', #971, #5043, #2165, .T. ) ;
#3382 = DIRECTION ( 'NONE',  ( 0.7071067811865405783, -0.000000000000000000, -0.7071067811865544561 ) ) ;
#3383 = CARTESIAN_POINT ( 'NONE',  ( 0.000000000000000000, 3.001000000000000334, 0.000000000000000000 ) ) ;
#3384 = CARTESIAN_POINT ( 'NONE',  ( -17.38533865071370244, 3.000000000000000000, 1.000000000000182077 ) ) ;
#3385 = VERTEX_POINT ( 'NONE', #6111 ) ;
#3386 = FACE_OUTER_BOUND ( 'NONE', #3784, .T. ) ;
#3387 = CARTESIAN_POINT ( 'NONE',  ( -6.777720855862995109, -2.500000000000000444, -1.749999999999940714 ) ) ;
#3388 = CARTESIAN_POINT ( 'NONE',  ( 2.755455298081545172E-15, -3.000000000000000000, -22.50000000000000355 ) ) ;
#3389 = VERTEX_POINT ( 'NONE', #4502 ) ;
#3390 = FACE_OUTER_BOUND ( 'NONE', #4630, .T. ) ;
#3391 = CARTESIAN_POINT ( 'NONE',  ( 13.70750441551736287, 2.500000000000000444, 11.37907729077112862 ) ) ;
#3392 = VERTEX_POINT ( 'NONE', #5114 ) ;
#3393 = ORIENTED_EDGE ( 'NONE', *, *, #1946, .F. ) ;
#3394 = CARTESIAN_POINT ( 'NONE',  ( 2.114285714285617512, 2.500000000000000000, -18.37878657361164869 ) ) ;
#3395 = ADVANCED_FACE ( 'NONE', ( #5595 ), #948, .T. ) ;
#3396 = VERTEX_POINT ( 'NONE', #588 ) ;
#3397 = DIRECTION ( 'NONE',  ( 0.000000000000000000, 0.000000000000000000, 1.000000000000000000 ) ) ;
#3398 = EDGE_LOOP ( 'NONE', ( #5117, #4583, #3068, #5828 ) ) ;
#3399 = AXIS2_PLACEMENT_3D ( 'NONE', #4354, #2256, #356 ) ;
#3400 = DIRECTION ( 'NONE',  ( 0.000000000000000000, 0.000000000000000000, -1.000000000000000000 ) ) ;
#3401 = ORIENTED_EDGE ( 'NONE', *, *, #4224, .F. ) ;
#3402 = CARTESIAN_POINT ( 'NONE',  ( -1.499999999999910294, -2.500000000000000444, 7.348469228349553184 ) ) ;
#3403 = EDGE_CURVE ( 'NONE', #58, #5561, #2396, .T. ) ;
#3404 = TOROIDAL_SURFACE ( 'NONE', #1754, 1.000000000000000000, 0.5000000000000000000 ) ;
#3405 = LINE ( 'NONE', #1409, #3136 ) ;
#3406 = CARTESIAN_POINT ( 'NONE',  ( 0.000000000000000000, -2.500000000000000444, 0.000000000000000000 ) ) ;
#3407 = ORIENTED_EDGE ( 'NONE', *, *, #4985, .F. ) ;
#3408 = SURFACE_STYLE_FILL_AREA ( #2994 ) ;
#3409 = ADVANCED_FACE ( 'NONE', ( #6081 ), #1253, .T. ) ;
#3410 = DIRECTION ( 'NONE',  ( 0.000000000000000000, 1.000000000000000000, 0.000000000000000000 ) ) ;
#3411 = FACE_OUTER_BOUND ( 'NONE', #1068, .T. ) ;
#3412 = DIRECTION ( 'NONE',  ( 0.000000000000000000, 0.000000000000000000, 1.000000000000000000 ) ) ;
#3413 = DIRECTION ( 'NONE',  ( 0.000000000000000000, 1.000000000000000000, 0.000000000000000000 ) ) ;
#3414 = DIRECTION ( 'NONE',  ( 0.7071067811865414665, 0.000000000000000000, -0.7071067811865536790 ) ) ;
#3415 = ORIENTED_EDGE ( 'NONE', *, *, #4462, .T. ) ;
#3416 = EDGE_CURVE ( 'NONE', #4386, #1611, #3523, .T. ) ;
#3417 = TOROIDAL_SURFACE ( 'NONE', #5292, 1.000000000000000000, 0.5000000000000000000 ) ;
#3418 = FACE_OUTER_BOUND ( 'NONE', #4566, .T. ) ;
#3419 = FACE_OUTER_BOUND ( 'NONE', #5587, .T. ) ;
#3420 = ORIENTED_EDGE ( 'NONE', *, *, #2424, .T. ) ;
#3421 = VECTOR ( 'NONE', #2174, 1000.000000000000000 ) ;
#3422 = AXIS2_PLACEMENT_3D ( 'NONE', #914, #31, #2369 ) ;
#3423 = ORIENTED_EDGE ( 'NONE', *, *, #3801, .F. ) ;
#3424 = DIRECTION ( 'NONE',  ( 0.000000000000000000, 0.000000000000000000, -1.000000000000000000 ) ) ;
#3425 = CIRCLE ( 'NONE', #2819, 0.5000000000000000000 ) ;
#3426 = DIRECTION ( 'NONE',  ( -0.7832859666009991395, 0.000000000000000000, -0.6216615594726272453 ) ) ;
#3427 = ORIENTED_EDGE ( 'NONE', *, *, #5318, .F. ) ;
#3428 = ORIENTED_EDGE ( 'NONE', *, *, #5237, .F. ) ;
#3429 = VECTOR ( 'NONE', #4002, 1000.000000000000000 ) ;
#3430 = LINE ( 'NONE', #1979, #4587 ) ;
#3431 = ORIENTED_EDGE ( 'NONE', *, *, #1639, .T. ) ;
#3432 = CIRCLE ( 'NONE', #3844, 0.4999999999999992784 ) ;
#3433 = CARTESIAN_POINT ( 'NONE',  ( 13.70750441551730425, -2.499999999999999556, -10.87907729077119789 ) ) ;
#3434 = CIRCLE ( 'NONE', #4569, 0.4999999999999997224 ) ;
#3435 = AXIS2_PLACEMENT_3D ( 'NONE', #1654, #3630, #4632 ) ;
#3436 = CARTESIAN_POINT ( 'NONE',  ( -13.00039763433067108, -2.500000000000000444, 11.58618407195783639 ) ) ;
#3437 = TOROIDAL_SURFACE ( 'NONE', #6024, 1.000000000000000000, 0.5000000000000000000 ) ;
#3438 = CARTESIAN_POINT ( 'NONE',  ( 4.063012012678565377, 3.001000000000000334, 6.891439137424754335 ) ) ;
#3439 = EDGE_CURVE ( 'NONE', #4594, #2080, #3218, .T. ) ;
#3440 = EDGE_LOOP ( 'NONE', ( #5658, #3202, #3423, #1112 ) ) ;
#3441 = LINE ( 'NONE', #1434, #3522 ) ;
#3442 = AXIS2_PLACEMENT_3D ( 'NONE', #5899, #2893, #1012 ) ;
#3443 = DIRECTION ( 'NONE',  ( -0.7071067811865401342, 0.000000000000000000, 0.7071067811865550112 ) ) ;
#3444 = AXIS2_PLACEMENT_3D ( 'NONE', #5888, #4882, #5409 ) ;
#3445 = CARTESIAN_POINT ( 'NONE',  ( 1.999999999999999112, -2.500000000000000444, 7.745966692414832266 ) ) ;
#3446 = CARTESIAN_POINT ( 'NONE',  ( -13.70750441551743570, 2.500000000000000000, -10.87907729077102914 ) ) ;
#3447 = EDGE_CURVE ( 'NONE', #5145, #2228, #1549, .T. ) ;
#3448 = DIRECTION ( 'NONE',  ( 0.000000000000000000, 1.000000000000000000, 0.000000000000000000 ) ) ;
#3449 = AXIS2_PLACEMENT_3D ( 'NONE', #5782, #5270, #1319 ) ;
#3450 = ORIENTED_EDGE ( 'NONE', *, *, #120, .T. ) ;
#3451 = ORIENTED_EDGE ( 'NONE', *, *, #772, .T. ) ;
#3452 = CIRCLE ( 'NONE', #673, 0.5000000000000000000 ) ;
#3453 = CARTESIAN_POINT ( 'NONE',  ( -1.000000000000000000, -3.000000000000000000, -17.38533865071370954 ) ) ;
#3454 = ADVANCED_FACE ( 'NONE', ( #66 ), #1130, .F. ) ;
#3455 = DIRECTION ( 'NONE',  ( 0.000000000000000000, 1.000000000000000000, 0.000000000000000000 ) ) ;
#3456 = ORIENTED_EDGE ( 'NONE', *, *, #1197, .T. ) ;
#3457 = ORIENTED_EDGE ( 'NONE', *, *, #4042, .F. ) ;
#3458 = CIRCLE ( 'NONE', #2118, 0.4999999999999995559 ) ;
#3459 = CARTESIAN_POINT ( 'NONE',  ( 10.87907729077115171, 3.000000000000000000, 13.70750441551733800 ) ) ;
#3460 = ORIENTED_EDGE ( 'NONE', *, *, #1027, .F. ) ;
#3461 = ADVANCED_FACE ( 'NONE', ( #1644 ), #4867, .T. ) ;
#3462 = VECTOR ( 'NONE', #2287, 1000.000000000000000 ) ;
#3463 = CIRCLE ( 'NONE', #157, 0.4999999999999995559 ) ;
#3464 = CARTESIAN_POINT ( 'NONE',  ( -10.87907729077098296, 2.500000000000000000, 13.70750441551747123 ) ) ;
#3465 = EDGE_LOOP ( 'NONE', ( #3847, #1701, #2634, #2458 ) ) ;
#3466 = ORIENTED_EDGE ( 'NONE', *, *, #5275, .T. ) ;
#3467 = DIRECTION ( 'NONE',  ( -1.040834085586084257E-14, 0.000000000000000000, -1.000000000000000000 ) ) ;
#3468 = ORIENTED_EDGE ( 'NONE', *, *, #1308, .F. ) ;
#3469 = CARTESIAN_POINT ( 'NONE',  ( 1.999999999999999112, 2.500000000000000000, 17.38533865071370954 ) ) ;
#3470 = AXIS2_PLACEMENT_3D ( 'NONE', #5399, #1350, #4905 ) ;
#3471 = DIRECTION ( 'NONE',  ( 0.000000000000000000, 0.000000000000000000, 1.000000000000000000 ) ) ;
#3472 = DIRECTION ( 'NONE',  ( 1.776356839400250465E-15, 0.000000000000000000, 1.000000000000000000 ) ) ;
#3473 = EDGE_LOOP ( 'NONE', ( #1589, #998, #3272, #4280, #3914, #3846, #5881, #3723, #6337 ) ) ;
#3474 = DIRECTION ( 'NONE',  ( 1.000000000000000000, 0.000000000000000000, 0.000000000000000000 ) ) ;
#3475 = DIRECTION ( 'NONE',  ( 0.000000000000000000, 1.000000000000000000, 0.000000000000000000 ) ) ;
#3476 = ADVANCED_FACE ( 'NONE', ( #3524 ), #5502, .T. ) ;
#3477 = DIRECTION ( 'NONE',  ( 0.000000000000000000, 0.000000000000000000, -1.000000000000000000 ) ) ;
#3478 = CARTESIAN_POINT ( 'NONE',  ( 0.000000000000000000, 2.500000000000000000, 0.000000000000000000 ) ) ;
#3479 = EDGE_CURVE ( 'NONE', #6068, #3008, #165, .T. ) ;
#3480 = VERTEX_POINT ( 'NONE', #5044 ) ;
#3481 = EDGE_CURVE ( 'NONE', #3882, #2591, #4769, .T. ) ;
#3482 = ORIENTED_EDGE ( 'NONE', *, *, #337, .T. ) ;
#3483 = DIRECTION ( 'NONE',  ( -0.000000000000000000, -1.000000000000000000, -0.000000000000000000 ) ) ;
#3484 = EDGE_CURVE ( 'NONE', #2046, #2403, #849, .T. ) ;
#3485 = LINE ( 'NONE', #4938, #4050 ) ;
#3486 = EDGE_LOOP ( 'NONE', ( #5853, #2098, #5982, #578, #538, #1117, #860, #2974 ) ) ;
#3487 = ORIENTED_EDGE ( 'NONE', *, *, #6378, .F. ) ;
#3488 = DIRECTION ( 'NONE',  ( -0.9682458365518515908, 0.000000000000000000, 0.2500000000000102141 ) ) ;
#3489 = EDGE_CURVE ( 'NONE', #5107, #3592, #651, .T. ) ;
#3490 = ORIENTED_EDGE ( 'NONE', *, *, #4277, .T. ) ;
#3491 = EDGE_CURVE ( 'NONE', #4505, #5107, #2624, .T. ) ;
#3492 = DIRECTION ( 'NONE',  ( -1.000000000000000000, -8.673617379884035472E-16, 0.000000000000000000 ) ) ;
#3493 = DIRECTION ( 'NONE',  ( 0.7071067811865396902, 0.000000000000000000, -0.7071067811865553443 ) ) ;
#3494 = ORIENTED_EDGE ( 'NONE', *, *, #4351, .F. ) ;
#3495 = CARTESIAN_POINT ( 'NONE',  ( 11.58618407195763034, -2.500000000000000000, -13.00039763433085227 ) ) ;
#3496 = AXIS2_PLACEMENT_3D ( 'NONE', #78, #5456, #2482 ) ;
#3497 = VERTEX_POINT ( 'NONE', #2103 ) ;
#3498 = DIRECTION ( 'NONE',  ( 0.000000000000000000, 1.000000000000000000, 0.000000000000000000 ) ) ;
#3499 = FACE_OUTER_BOUND ( 'NONE', #5986, .T. ) ;
#3500 = CARTESIAN_POINT ( 'NONE',  ( 0.000000000000000000, 3.000000000000000000, 0.000000000000000000 ) ) ;
#3501 = CARTESIAN_POINT ( 'NONE',  ( -1.999999999999999112, 2.500000000000000000, -7.745966692414832266 ) ) ;
#3502 = VECTOR ( 'NONE', #2237, 1000.000000000000000 ) ;
#3503 = VERTEX_POINT ( 'NONE', #4590 ) ;
#3504 = DIRECTION ( 'NONE',  ( 0.000000000000000000, 1.000000000000000000, 0.000000000000000000 ) ) ;
#3505 = AXIS2_PLACEMENT_3D ( 'NONE', #4322, #3290, #1768 ) ;
#3506 = FACE_OUTER_BOUND ( 'NONE', #2577, .T. ) ;
#3507 = DIRECTION ( 'NONE',  ( 0.000000000000000000, 0.000000000000000000, 1.000000000000000000 ) ) ;
#3508 = CARTESIAN_POINT ( 'NONE',  ( 0.000000000000000000, -3.000000000000000000, 20.00000000000000355 ) ) ;
#3509 = DIRECTION ( 'NONE',  ( 0.000000000000000000, 1.000000000000000000, 0.000000000000000000 ) ) ;
#3510 = ORIENTED_EDGE ( 'NONE', *, *, #1274, .F. ) ;
#3511 = ORIENTED_EDGE ( 'NONE', *, *, #1027, .T. ) ;
#3512 = EDGE_CURVE ( 'NONE', #4199, #4585, #1038, .T. ) ;
#3513 = DIRECTION ( 'NONE',  ( 0.000000000000000000, 0.000000000000000000, 1.000000000000000000 ) ) ;
#3514 = FACE_OUTER_BOUND ( 'NONE', #595, .T. ) ;
#3515 = ORIENTED_EDGE ( 'NONE', *, *, #2355, .T. ) ;
#3516 = EDGE_CURVE ( 'NONE', #954, #4429, #4653, .T. ) ;
#3517 = VERTEX_POINT ( 'NONE', #3237 ) ;
#3518 = AXIS2_PLACEMENT_3D ( 'NONE', #5074, #5534, #1102 ) ;
#3519 = AXIS2_PLACEMENT_3D ( 'NONE', #5776, #6265, #6198 ) ;
#3520 = DIRECTION ( 'NONE',  ( 0.000000000000000000, 0.000000000000000000, 1.000000000000000000 ) ) ;
#3521 = ORIENTED_EDGE ( 'NONE', *, *, #3839, .T. ) ;
#3522 = VECTOR ( 'NONE', #4512, 1000.000000000000000 ) ;
#3523 = CIRCLE ( 'NONE', #1774, 0.4999999999999994449 ) ;
#3524 = FACE_OUTER_BOUND ( 'NONE', #3823, .T. ) ;
#3525 = CYLINDRICAL_SURFACE ( 'NONE', #3051, 7.500000000000000888 ) ;
#3526 = EDGE_CURVE ( 'NONE', #3396, #361, #6213, .T. ) ;
#3527 = ORIENTED_EDGE ( 'NONE', *, *, #6176, .T. ) ;
#3528 = LINE ( 'NONE', #4595, #6041 ) ;
#3529 = EDGE_LOOP ( 'NONE', ( #491, #6184, #1502, #5885 ) ) ;
#3530 = CARTESIAN_POINT ( 'NONE',  ( -17.93739111465208325, 3.001000000000000334, 1.500000000000187850 ) ) ;
#3531 = CIRCLE ( 'NONE', #6009, 18.00000000000000355 ) ;
#3532 = DIRECTION ( 'NONE',  ( 1.000000000000000000, 0.000000000000000000, -1.214306433183764966E-14 ) ) ;
#3533 = AXIS2_PLACEMENT_3D ( 'NONE', #3469, #4858, #6382 ) ;
#3534 = EDGE_CURVE ( 'NONE', #592, #4727, #6305, .T. ) ;
#3535 = CIRCLE ( 'NONE', #4363, 1.000000000000000888 ) ;
#3536 = ORIENTED_EDGE ( 'NONE', *, *, #5284, .T. ) ;
#3537 = CARTESIAN_POINT ( 'NONE',  ( -0.9999999999999991118, -3.000000000000000000, 1.210143096841419682E-14 ) ) ;
#3538 = CIRCLE ( 'NONE', #4467, 7.500000000000000888 ) ;
#3539 = CARTESIAN_POINT ( 'NONE',  ( -7.745966692414841148, 3.000000000000000000, -0.9999999999999323874 ) ) ;
#3540 = AXIS2_PLACEMENT_3D ( 'NONE', #1991, #3928, #5518 ) ;
#3541 = CIRCLE ( 'NONE', #2724, 0.5000000000000000000 ) ;
#3542 = CARTESIAN_POINT ( 'NONE',  ( -6.460724191335669886, 2.500000000000000000, 3.809073761886223597 ) ) ;
#3543 = EDGE_CURVE ( 'NONE', #5954, #376, #5389, .T. ) ;
#3544 = DIRECTION ( 'NONE',  ( -0.000000000000000000, -1.000000000000000000, -0.000000000000000000 ) ) ;
#3545 = AXIS2_PLACEMENT_3D ( 'NONE', #3436, #3382, #4383 ) ;
#3546 = AXIS2_PLACEMENT_3D ( 'NONE', #4106, #6058, #196 ) ;
#3547 = ORIENTED_EDGE ( 'NONE', *, *, #4439, .T. ) ;
#3548 = CIRCLE ( 'NONE', #3650, 0.4999999999999997224 ) ;
#3549 = DIRECTION ( 'NONE',  ( 0.1142857142857058167, -0.000000000000000000, -0.9934479228979273824 ) ) ;
#3550 = ORIENTED_EDGE ( 'NONE', *, *, #6097, .T. ) ;
#3551 = ORIENTED_EDGE ( 'NONE', *, *, #1573, .F. ) ;
#3552 = CIRCLE ( 'NONE', #2943, 0.5000000000000004441 ) ;
#3553 = DIRECTION ( 'NONE',  ( -1.000000000000000000, 0.000000000000000000, 8.715250743307478842E-15 ) ) ;
#3554 = EDGE_CURVE ( 'NONE', #5857, #6054, #1146, .T. ) ;
#3555 = EDGE_LOOP ( 'NONE', ( #5026, #5626, #3840, #1061 ) ) ;
#3556 = DIRECTION ( 'NONE',  ( -0.7071067811865487940, 0.000000000000000000, -0.7071067811865463515 ) ) ;
#3557 = CARTESIAN_POINT ( 'NONE',  ( 0.000000000000000000, -3.000000000000000000, 0.000000000000000000 ) ) ;
#3558 = AXIS2_PLACEMENT_3D ( 'NONE', #1735, #109, #739 ) ;
#3559 = VERTEX_POINT ( 'NONE', #1779 ) ;
#3560 = LINE ( 'NONE', #6084, #4075 ) ;
#3561 = EDGE_LOOP ( 'NONE', ( #457, #792, #1014, #2360, #3239 ) ) ;
#3562 = EDGE_CURVE ( 'NONE', #1536, #2267, #4032, .T. ) ;
#3563 = FACE_OUTER_BOUND ( 'NONE', #5425, .T. ) ;
#3564 = EDGE_CURVE ( 'NONE', #1687, #2862, #1245, .T. ) ;
#3565 = AXIS2_PLACEMENT_3D ( 'NONE', #5204, #184, #3225 ) ;
#3566 = CIRCLE ( 'NONE', #1603, 0.4999999999999995559 ) ;
#3567 = CARTESIAN_POINT ( 'NONE',  ( 3.809073761886156095, 3.001000000000000334, 6.460724191335708966 ) ) ;
#3568 = AXIS2_PLACEMENT_3D ( 'NONE', #3292, #2812, #5851 ) ;
#3569 = ORIENTED_EDGE ( 'NONE', *, *, #3543, .F. ) ;
#3570 = CARTESIAN_POINT ( 'NONE',  ( -17.38533865071372730, -3.000000000000000000, -1.999999999999847899 ) ) ;
#3571 = DIRECTION ( 'NONE',  ( -1.210143096841420787E-14, 0.000000000000000000, -1.000000000000000000 ) ) ;
#3572 = AXIS2_PLACEMENT_3D ( 'NONE', #1732, #2085, #6067 ) ;
#3573 = EDGE_CURVE ( 'NONE', #4468, #2057, #818, .T. ) ;
#3574 = LINE ( 'NONE', #3601, #4745 ) ;
#3575 = DIRECTION ( 'NONE',  ( -0.9934479228979263832, 0.000000000000000000, 0.1142857142857143515 ) ) ;
#3576 = EDGE_LOOP ( 'NONE', ( #1484, #2023, #4206, #3456 ) ) ;
#3577 = CARTESIAN_POINT ( 'NONE',  ( 4.489045641520085006, -2.500000000000000444, 5.903259203893179929 ) ) ;
#3578 = CARTESIAN_POINT ( 'NONE',  ( -6.030009245246693794, -3.000000000000000000, -3.555135511093693079 ) ) ;
#3579 = CIRCLE ( 'NONE', #4409, 0.5000000000000004441 ) ;
#3580 = ORIENTED_EDGE ( 'NONE', *, *, #1939, .T. ) ;
#3581 = CARTESIAN_POINT ( 'NONE',  ( -17.38533865071368822, 2.500000000000000000, 2.000000000000181188 ) ) ;
#3582 = DIRECTION ( 'NONE',  ( -0.1142857142857246350, -0.000000000000000000, -0.9934479228979251619 ) ) ;
#3583 = ORIENTED_EDGE ( 'NONE', *, *, #5081, .F. ) ;
#3584 = VERTEX_POINT ( 'NONE', #1329 ) ;
#3585 = DIRECTION ( 'NONE',  ( 0.000000000000000000, 0.000000000000000000, 1.000000000000000000 ) ) ;
#3586 = ORIENTED_EDGE ( 'NONE', *, *, #2347, .F. ) ;
#3587 = CARTESIAN_POINT ( 'NONE',  ( 0.000000000000000000, 2.500000000000000000, 0.000000000000000000 ) ) ;
#3588 = CARTESIAN_POINT ( 'NONE',  ( 1.999999999999999112, 2.500000000000000000, 17.38533865071370954 ) ) ;
#3589 = EDGE_LOOP ( 'NONE', ( #2784, #5381, #5436, #4549 ) ) ;
#3590 = DIRECTION ( 'NONE',  ( 0.000000000000000000, 0.000000000000000000, 1.000000000000000000 ) ) ;
#3591 = EDGE_CURVE ( 'NONE', #4007, #1125, #2904, .T. ) ;
#3592 = VERTEX_POINT ( 'NONE', #786 ) ;
#3593 = DIRECTION ( 'NONE',  ( 0.000000000000000000, 0.000000000000000000, 1.000000000000000000 ) ) ;
#3594 = DIRECTION ( 'NONE',  ( -0.5078765015848302200, 0.000000000000000000, -0.8614298921780889629 ) ) ;
#3595 = ADVANCED_FACE ( 'NONE', ( #4725 ), #2593, .T. ) ;
#3596 = EDGE_CURVE ( 'NONE', #4030, #1220, #446, .T. ) ;
#3597 = ORIENTED_EDGE ( 'NONE', *, *, #2296, .T. ) ;
#3598 = DIRECTION ( 'NONE',  ( 0.000000000000000000, 1.000000000000000000, 0.000000000000000000 ) ) ;
#3599 = CARTESIAN_POINT ( 'NONE',  ( 1.999999999999999112, 2.500000000000000000, 17.88533865071370954 ) ) ;
#3600 = ORIENTED_EDGE ( 'NONE', *, *, #422, .T. ) ;
#3601 = CARTESIAN_POINT ( 'NONE',  ( 11.97654411277927800, 3.000000000000000000, 13.39075767515237381 ) ) ;
#3602 = DIRECTION ( 'NONE',  ( 0.000000000000000000, 0.000000000000000000, 1.000000000000000000 ) ) ;
#3603 = ORIENTED_EDGE ( 'NONE', *, *, #1455, .F. ) ;
#3604 = CARTESIAN_POINT ( 'NONE',  ( 3.555135511093746370, 3.000000000000000000, 6.030009245246662708 ) ) ;
#3605 = EDGE_CURVE ( 'NONE', #3628, #4408, #2422, .T. ) ;
#3606 = AXIS2_PLACEMENT_3D ( 'NONE', #2548, #4389, #5455 ) ;
#3607 = FACE_OUTER_BOUND ( 'NONE', #6246, .T. ) ;
#3608 = VERTEX_POINT ( 'NONE', #4691 ) ;
#3609 = AXIS2_PLACEMENT_3D ( 'NONE', #4771, #866, #2741 ) ;
#3610 = CARTESIAN_POINT ( 'NONE',  ( -4.063012012678565377, -3.000000000000000000, -5.891439137424754335 ) ) ;
#3611 = DIRECTION ( 'NONE',  ( -0.000000000000000000, -1.000000000000000000, -0.000000000000000000 ) ) ;
#3612 = LINE ( 'NONE', #679, #6264 ) ;
#3613 = VERTEX_POINT ( 'NONE', #4391 ) ;
#3614 = EDGE_CURVE ( 'NONE', #3227, #5254, #1450, .T. ) ;
#3615 = EDGE_LOOP ( 'NONE', ( #4747, #4507, #5528, #3942 ) ) ;
#3616 = DIRECTION ( 'NONE',  ( -0.9934479228979278265, 0.000000000000000000, -0.1142857142857023889 ) ) ;
#3617 = CARTESIAN_POINT ( 'NONE',  ( -6.460724191335670774, 3.001000000000000334, 3.809073761886223153 ) ) ;
#3618 = DIRECTION ( 'NONE',  ( 0.000000000000000000, 1.000000000000000000, 0.000000000000000000 ) ) ;
#3619 = CARTESIAN_POINT ( 'NONE',  ( 17.38533865071370244, 2.500000000000000444, -2.000000000000059952 ) ) ;
#3620 = VERTEX_POINT ( 'NONE', #1297 ) ;
#3621 = CARTESIAN_POINT ( 'NONE',  ( -2.057142857142640224, 2.500000000000000000, 17.88206261216269866 ) ) ;
#3622 = VERTEX_POINT ( 'NONE', #3169 ) ;
#3623 = DIRECTION ( 'NONE',  ( -0.7071067811865389130, -0.000000000000000000, 0.7071067811865561215 ) ) ;
#3624 = AXIS2_PLACEMENT_3D ( 'NONE', #1841, #3812, #3327 ) ;
#3625 = VECTOR ( 'NONE', #6014, 1000.000000000000000 ) ;
#3626 = CARTESIAN_POINT ( 'NONE',  ( -17.38533865071368822, 3.001000000000000334, 2.000000000000181188 ) ) ;
#3627 = MECHANICAL_DESIGN_GEOMETRIC_PRESENTATION_REPRESENTATION (  '', ( #1043 ), #2078 ) ;
#3628 = VERTEX_POINT ( 'NONE', #5144 ) ;
#3629 = CYLINDRICAL_SURFACE ( 'NONE', #5187, 0.5000000000000004441 ) ;
#3630 = DIRECTION ( 'NONE',  ( 0.000000000000000000, 0.000000000000000000, 1.000000000000000000 ) ) ;
#3631 = CIRCLE ( 'NONE', #1985, 0.5000000000000004441 ) ;
#3632 = EDGE_CURVE ( 'NONE', #3682, #5434, #1556, .T. ) ;
#3633 = TOROIDAL_SURFACE ( 'NONE', #662, 1.000000000000000000, 0.5000000000000000000 ) ;
#3634 = CARTESIAN_POINT ( 'NONE',  ( -18.37878657361165580, 2.500000000000000000, -2.114285714285553563 ) ) ;
#3635 = CARTESIAN_POINT ( 'NONE',  ( 2.114285714285713436, 3.000000000000000000, 18.37878657361163803 ) ) ;
#3636 = CARTESIAN_POINT ( 'NONE',  ( 4.770118793865080420, -2.500000000000000444, -6.184332356238232187 ) ) ;
#3637 = AXIS2_PLACEMENT_3D ( 'NONE', #1575, #3582, #4966 ) ;
#3638 = LINE ( 'NONE', #3705, #2328 ) ;
#3639 = AXIS2_PLACEMENT_3D ( 'NONE', #5110, #3134, #2584 ) ;
#3640 = EDGE_LOOP ( 'NONE', ( #5216, #2030, #3150, #1056, #4269 ) ) ;
#3641 = EDGE_CURVE ( 'NONE', #2468, #4939, #2389, .T. ) ;
#3642 = FACE_OUTER_BOUND ( 'NONE', #4495, .T. ) ;
#3643 = CARTESIAN_POINT ( 'NONE',  ( 1.500000000000000000, 3.000000000000000000, 7.745966692414832266 ) ) ;
#3644 = AXIS2_PLACEMENT_3D ( 'NONE', #6060, #2664, #3532 ) ;
#3645 = AXIS2_PLACEMENT_3D ( 'NONE', #3156, #5130, #703 ) ;
#3646 = CYLINDRICAL_SURFACE ( 'NONE', #1305, 18.00000000000000355 ) ;
#3647 = EDGE_LOOP ( 'NONE', ( #901, #6222, #3238, #6338 ) ) ;
#3648 = VERTEX_POINT ( 'NONE', #3688 ) ;
#3649 = CARTESIAN_POINT ( 'NONE',  ( -4.416565403271758505, 3.000000000000000000, 6.537885746831535450 ) ) ;
#3650 = AXIS2_PLACEMENT_3D ( 'NONE', #2211, #5325, #6159 ) ;
#3651 = CIRCLE ( 'NONE', #5619, 0.5000000000000006661 ) ;
#3652 = EDGE_CURVE ( 'NONE', #2862, #2582, #1659, .T. ) ;
#3653 = DIRECTION ( 'NONE',  ( 0.000000000000000000, 1.000000000000000000, 0.000000000000000000 ) ) ;
#3654 = DIRECTION ( 'NONE',  ( -0.7071067811865437980, 0.000000000000000000, 0.7071067811865513475 ) ) ;
#3655 = DIRECTION ( 'NONE',  ( 0.7071067811865475727, 0.000000000000000000, 0.7071067811865475727 ) ) ;
#3656 = VERTEX_POINT ( 'NONE', #5693 ) ;
#3657 = ORIENTED_EDGE ( 'NONE', *, *, #1862, .T. ) ;
#3658 = CARTESIAN_POINT ( 'NONE',  ( -17.38533865071372730, 3.000000000000000000, -1.999999999999847899 ) ) ;
#3659 = CIRCLE ( 'NONE', #3765, 7.000000000000000888 ) ;
#3660 = ORIENTED_EDGE ( 'NONE', *, *, #2356, .T. ) ;
#3661 = CARTESIAN_POINT ( 'NONE',  ( 0.000000000000000000, 2.500000000000000000, 0.000000000000000000 ) ) ;
#3662 = AXIS2_PLACEMENT_3D ( 'NONE', #378, #4284, #1887 ) ;
#3663 = DIRECTION ( 'NONE',  ( 0.000000000000000000, 0.000000000000000000, 1.000000000000000000 ) ) ;
#3664 = AXIS2_PLACEMENT_3D ( 'NONE', #3557, #689, #4503 ) ;
#3665 = ORIENTED_EDGE ( 'NONE', *, *, #2936, .F. ) ;
#3666 = LINE ( 'NONE', #3537, #1156 ) ;
#3667 = CARTESIAN_POINT ( 'NONE',  ( -11.58618407195769606, 2.500000000000000000, -13.00039763433079365 ) ) ;
#3668 = CIRCLE ( 'NONE', #2538, 0.9999999999999991118 ) ;
#3669 = TOROIDAL_SURFACE ( 'NONE', #2019, 1.000000000000000000, 0.5000000000000000000 ) ;
#3670 = DIRECTION ( 'NONE',  ( 0.000000000000000000, 0.000000000000000000, 1.000000000000000000 ) ) ;
#3671 = DIRECTION ( 'NONE',  ( -0.000000000000000000, -1.000000000000000000, -0.000000000000000000 ) ) ;
#3672 = ORIENTED_EDGE ( 'NONE', *, *, #921, .F. ) ;
#3673 = AXIS2_PLACEMENT_3D ( 'NONE', #5615, #3575, #4573 ) ;
#3674 = DIRECTION ( 'NONE',  ( -0.000000000000000000, -1.000000000000000000, -0.000000000000000000 ) ) ;
#3675 = ADVANCED_FACE ( 'NONE', ( #1441 ), #3417, .T. ) ;
#3676 = DIRECTION ( 'NONE',  ( -0.7071067811865432429, 0.000000000000000000, 0.7071067811865519026 ) ) ;
#3677 = DIRECTION ( 'NONE',  ( 0.000000000000000000, 1.000000000000000000, 0.000000000000000000 ) ) ;
#3678 = ORIENTED_EDGE ( 'NONE', *, *, #3209, .F. ) ;
#3679 = EDGE_CURVE ( 'NONE', #5420, #2756, #2495, .T. ) ;
#3680 = DIRECTION ( 'NONE',  ( 0.000000000000000000, 1.000000000000000000, 0.000000000000000000 ) ) ;
#3681 = ORIENTED_EDGE ( 'NONE', *, *, #5773, .T. ) ;
#3682 = VERTEX_POINT ( 'NONE', #2939 ) ;
#3683 = EDGE_CURVE ( 'NONE', #835, #2057, #3829, .T. ) ;
#3684 = CARTESIAN_POINT ( 'NONE',  ( -0.7071067811865475727, 2.500000000000000000, 0.7071067811865475727 ) ) ;
#3685 = ADVANCED_FACE ( 'NONE', ( #5112, #5691, #1718, #3716, #2759, #4202, #6180, #2236, #4229 ), #1642, .F. ) ;
#3686 = DIRECTION ( 'NONE',  ( 1.000000000000000000, -0.000000000000000000, 1.224646799147353207E-16 ) ) ;
#3687 = CARTESIAN_POINT ( 'NONE',  ( 7.745966692414825161, -2.500000000000000444, -2.000000000000026201 ) ) ;
#3688 = CARTESIAN_POINT ( 'NONE',  ( 7.261843774138910135, -2.500000000000000444, 1.874999999999987343 ) ) ;
#3689 = VERTEX_POINT ( 'NONE', #6109 ) ;
#3690 = VERTEX_POINT ( 'NONE', #5072 ) ;
#3691 = FACE_BOUND ( 'NONE', #4334, .T. ) ;
#3692 = EDGE_CURVE ( 'NONE', #128, #2801, #5695, .T. ) ;
#3693 = ORIENTED_EDGE ( 'NONE', *, *, #2694, .T. ) ;
#3694 = CARTESIAN_POINT ( 'NONE',  ( 14.49079038211829662, -3.000000000000000000, -11.50073885024383991 ) ) ;
#3695 = EDGE_CURVE ( 'NONE', #492, #1387, #3212, .T. ) ;
#3696 = DIRECTION ( 'NONE',  ( 0.000000000000000000, 1.000000000000000000, 0.000000000000000000 ) ) ;
#3697 = EDGE_CURVE ( 'NONE', #1937, #1783, #222, .T. ) ;
#3698 = EDGE_LOOP ( 'NONE', ( #1356, #1250, #30, #655 ) ) ;
#3699 = CARTESIAN_POINT ( 'NONE',  ( -6.256812594486410362, 2.500000000000000000, 4.135492250926877666 ) ) ;
#3700 = DIRECTION ( 'NONE',  ( 0.000000000000000000, 0.000000000000000000, 1.000000000000000000 ) ) ;
#3701 = FACE_OUTER_BOUND ( 'NONE', #450, .T. ) ;
#3702 = DIRECTION ( 'NONE',  ( 6.938893903907222067E-15, 0.000000000000000000, 1.000000000000000000 ) ) ;
#3703 = CARTESIAN_POINT ( 'NONE',  ( -4.063012012678481000, -3.000000000000000000, 6.891439137424804073 ) ) ;
#3704 = EDGE_LOOP ( 'NONE', ( #5508, #1453, #303, #6332 ) ) ;
#3705 = CARTESIAN_POINT ( 'NONE',  ( 11.62299072218593388, 2.500000000000000000, -13.74431106574570904 ) ) ;
#3706 = DIRECTION ( 'NONE',  ( 0.7071067811865519026, 0.000000000000000000, 0.7071067811865432429 ) ) ;
#3707 = FACE_OUTER_BOUND ( 'NONE', #3576, .T. ) ;
#3708 = EDGE_LOOP ( 'NONE', ( #2794, #4300, #2958, #5068 ) ) ;
#3709 = TOROIDAL_SURFACE ( 'NONE', #5991, 1.000000000000000000, 0.5000000000000000000 ) ;
#3710 = CARTESIAN_POINT ( 'NONE',  ( -6.891439137424789863, 3.000000000000000000, -4.063012012678504092 ) ) ;
#3711 = ORIENTED_EDGE ( 'NONE', *, *, #5913, .F. ) ;
#3712 = ORIENTED_EDGE ( 'NONE', *, *, #4749, .F. ) ;
#3713 = CARTESIAN_POINT ( 'NONE',  ( 13.74431106574566641, 3.001000000000000334, 11.62299072218598006 ) ) ;
#3714 = CIRCLE ( 'NONE', #5571, 0.5000000000000004441 ) ;
#3715 = ADVANCED_FACE ( 'NONE', ( #2622 ), #107, .T. ) ;
#3716 = FACE_BOUND ( 'NONE', #1551, .T. ) ;
#3717 = EDGE_CURVE ( 'NONE', #2160, #5554, #4551, .T. ) ;
#3718 = CARTESIAN_POINT ( 'NONE',  ( 10.87907729077107888, -2.499999999999999556, -13.70750441551739662 ) ) ;
#3719 = CARTESIAN_POINT ( 'NONE',  ( -4.770118793865112394, 2.500000000000000000, -6.184332356238206430 ) ) ;
#3720 = VERTEX_POINT ( 'NONE', #6208 ) ;
#3721 = ORIENTED_EDGE ( 'NONE', *, *, #234, .T. ) ;
#3722 = DIRECTION ( 'NONE',  ( 5.204170427930421283E-15, 0.000000000000000000, 1.000000000000000000 ) ) ;
#3723 = ORIENTED_EDGE ( 'NONE', *, *, #5492, .F. ) ;
#3724 = LINE ( 'NONE', #3760, #5322 ) ;
#3725 = ADVANCED_FACE ( 'NONE', ( #784 ), #5176, .T. ) ;
#3726 = FACE_OUTER_BOUND ( 'NONE', #2031, .T. ) ;
#3727 = ORIENTED_EDGE ( 'NONE', *, *, #3893, .F. ) ;
#3728 = ORIENTED_EDGE ( 'NONE', *, *, #5308, .F. ) ;
#3729 = CARTESIAN_POINT ( 'NONE',  ( 7.745966692414826937, 3.000000000000000000, -1.500000000000027089 ) ) ;
#3730 = AXIS2_PLACEMENT_3D ( 'NONE', #4422, #3905, #5879 ) ;
#3731 = DIRECTION ( 'NONE',  ( -0.000000000000000000, -1.000000000000000000, -0.000000000000000000 ) ) ;
#3732 = EDGE_CURVE ( 'NONE', #3918, #1098, #629, .T. ) ;
#3733 = CYLINDRICAL_SURFACE ( 'NONE', #5276, 0.5000000000000000000 ) ;
#3734 = AXIS2_PLACEMENT_3D ( 'NONE', #4929, #500, #5453 ) ;
#3735 = DIRECTION ( 'NONE',  ( -0.000000000000000000, -1.000000000000000000, -0.000000000000000000 ) ) ;
#3736 = AXIS2_PLACEMENT_3D ( 'NONE', #3915, #3426, #942 ) ;
#3737 = CARTESIAN_POINT ( 'NONE',  ( -7.348469228349547855, 3.001000000000000334, -1.499999999999935829 ) ) ;
#3738 = ORIENTED_EDGE ( 'NONE', *, *, #5568, .F. ) ;
#3739 = DIRECTION ( 'NONE',  ( -0.000000000000000000, -1.000000000000000000, -0.000000000000000000 ) ) ;
#3740 = VECTOR ( 'NONE', #2146, 1000.000000000000000 ) ;
#3741 = PLANE ( 'NONE',  #5674 ) ;
#3742 = CARTESIAN_POINT ( 'NONE',  ( 0.000000000000000000, 3.000000000000000000, 0.000000000000000000 ) ) ;
#3743 = DIRECTION ( 'NONE',  ( -0.000000000000000000, -1.000000000000000000, -0.000000000000000000 ) ) ;
#3744 = ORIENTED_EDGE ( 'NONE', *, *, #5904, .F. ) ;
#3745 = AXIS2_PLACEMENT_3D ( 'NONE', #2391, #907, #4847 ) ;
#3746 = AXIS2_PLACEMENT_3D ( 'NONE', #1714, #748, #4687 ) ;
#3747 = ORIENTED_EDGE ( 'NONE', *, *, #5250, .T. ) ;
#3748 = DIRECTION ( 'NONE',  ( -0.7071067811865475727, 0.000000000000000000, 0.7071067811865475727 ) ) ;
#3749 = CIRCLE ( 'NONE', #4162, 1.000000000000000000 ) ;
#3750 = TOROIDAL_SURFACE ( 'NONE', #3233, 1.000000000000000000, 0.5000000000000000000 ) ;
#3751 = CARTESIAN_POINT ( 'NONE',  ( 2.602374448188125843E-15, -3.000000000000000000, -20.00000000000000355 ) ) ;
#3752 = AXIS2_PLACEMENT_3D ( 'NONE', #1473, #3063, #54 ) ;
#3753 = CARTESIAN_POINT ( 'NONE',  ( -7.261843774138923457, -2.500000000000000444, -1.874999999999936495 ) ) ;
#3754 = CARTESIAN_POINT ( 'NONE',  ( 1.999999999999999112, 3.000000000000000000, 17.38533865071370954 ) ) ;
#3755 = ORIENTED_EDGE ( 'NONE', *, *, #1715, .T. ) ;
#3756 = EDGE_LOOP ( 'NONE', ( #2830, #2987, #980, #590 ) ) ;
#3757 = CARTESIAN_POINT ( 'NONE',  ( -4.063012012678565377, 2.500000000000000444, -6.891439137424754335 ) ) ;
#3758 = CIRCLE ( 'NONE', #6238, 7.000000000000000888 ) ;
#3759 = ORIENTED_EDGE ( 'NONE', *, *, #2132, .F. ) ;
#3760 = CARTESIAN_POINT ( 'NONE',  ( 6.256812594486439671, 2.500000000000000000, -4.135492250926834146 ) ) ;
#3761 = TOROIDAL_SURFACE ( 'NONE', #4170, 7.000000000000000888, 0.5000000000000000000 ) ;
#3762 = ADVANCED_FACE ( 'NONE', ( #2723 ), #3010, .T. ) ;
#3763 = DIRECTION ( 'NONE',  ( 0.000000000000000000, 1.000000000000000000, 0.000000000000000000 ) ) ;
#3764 = ORIENTED_EDGE ( 'NONE', *, *, #5025, .F. ) ;
#3765 = AXIS2_PLACEMENT_3D ( 'NONE', #776, #4094, #213 ) ;
#3766 = ADVANCED_FACE ( 'NONE', ( #3499 ), #327, .T. ) ;
#3767 = EDGE_LOOP ( 'NONE', ( #193, #5011, #2394, #2908 ) ) ;
#3768 = DIRECTION ( 'NONE',  ( -0.000000000000000000, -1.000000000000000000, -0.000000000000000000 ) ) ;
#3769 = EDGE_CURVE ( 'NONE', #2160, #1840, #3935, .T. ) ;
#3770 = DIRECTION ( 'NONE',  ( -0.000000000000000000, -1.000000000000000000, -0.000000000000000000 ) ) ;
#3771 = AXIS2_PLACEMENT_3D ( 'NONE', #3687, #5761, #2687 ) ;
#3772 = CIRCLE ( 'NONE', #3871, 1.000000000000000000 ) ;
#3773 = LINE ( 'NONE', #1312, #5931 ) ;
#3774 = DIRECTION ( 'NONE',  ( -0.000000000000000000, -1.000000000000000000, -0.000000000000000000 ) ) ;
#3775 = DIRECTION ( 'NONE',  ( 0.7071067811865389130, 0.000000000000000000, -0.7071067811865561215 ) ) ;
#3776 = ORIENTED_EDGE ( 'NONE', *, *, #1867, .F. ) ;
#3777 = AXIS2_PLACEMENT_3D ( 'NONE', #2168, #4134, #6248 ) ;
#3778 = DIRECTION ( 'NONE',  ( 0.000000000000000000, 1.000000000000000000, 0.000000000000000000 ) ) ;
#3779 = EDGE_CURVE ( 'NONE', #2267, #5795, #5476, .T. ) ;
#3780 = CIRCLE ( 'NONE', #2122, 0.4999999999999998335 ) ;
#3781 = DIRECTION ( 'NONE',  ( -0.9682458365518573640, -0.000000000000000000, -0.2499999999999881761 ) ) ;
#3782 = DIRECTION ( 'NONE',  ( 1.000000000000000000, 0.000000000000000000, -1.776356839400250465E-15 ) ) ;
#3783 = DIRECTION ( 'NONE',  ( 0.000000000000000000, 1.000000000000000000, 0.000000000000000000 ) ) ;
#3784 = EDGE_LOOP ( 'NONE', ( #3521, #4559, #5958, #6395 ) ) ;
#3785 = ORIENTED_EDGE ( 'NONE', *, *, #3059, .T. ) ;
#3786 = AXIS2_PLACEMENT_3D ( 'NONE', #3710, #5686, #3191 ) ;
#3787 = CARTESIAN_POINT ( 'NONE',  ( 18.37878657361163093, 3.000000000000000000, -2.114285714285777829 ) ) ;
#3788 = DIRECTION ( 'NONE',  ( 1.000000000000000000, 0.000000000000000000, -8.673617379884035472E-15 ) ) ;
#3789 = CARTESIAN_POINT ( 'NONE',  ( -4.135492250926811941, 2.500000000000000000, -6.256812594486453882 ) ) ;
#3790 = DIRECTION ( 'NONE',  ( 0.5078765015848134556, 0.000000000000000000, -0.8614298921780988438 ) ) ;
#3791 = ORIENTED_EDGE ( 'NONE', *, *, #6186, .T. ) ;
#3792 = ORIENTED_EDGE ( 'NONE', *, *, #734, .F. ) ;
#3793 = FACE_OUTER_BOUND ( 'NONE', #3529, .T. ) ;
#3794 = CARTESIAN_POINT ( 'NONE',  ( 11.50073885024371378, 3.000000000000000000, -14.49079038211839610 ) ) ;
#3795 = ORIENTED_EDGE ( 'NONE', *, *, #3969, .T. ) ;
#3796 = DIRECTION ( 'NONE',  ( -0.7071067811865550112, 0.000000000000000000, -0.7071067811865400232 ) ) ;
#3797 = VERTEX_POINT ( 'NONE', #5631 ) ;
#3798 = EDGE_CURVE ( 'NONE', #4341, #5136, #1200, .T. ) ;
#3799 = ORIENTED_EDGE ( 'NONE', *, *, #1033, .T. ) ;
#3800 = CARTESIAN_POINT ( 'NONE',  ( 0.000000000000000000, 3.001000000000000334, 0.000000000000000000 ) ) ;
#3801 = EDGE_CURVE ( 'NONE', #3584, #3648, #4136, .T. ) ;
#3802 = DIRECTION ( 'NONE',  ( 0.000000000000000000, 0.000000000000000000, 1.000000000000000000 ) ) ;
#3803 = EDGE_CURVE ( 'NONE', #4407, #4098, #2306, .T. ) ;
#3804 = ORIENTED_EDGE ( 'NONE', *, *, #5708, .F. ) ;
#3805 = DIRECTION ( 'NONE',  ( -0.000000000000000000, -1.000000000000000000, -0.000000000000000000 ) ) ;
#3806 = DIRECTION ( 'NONE',  ( 0.000000000000000000, 0.000000000000000000, 1.000000000000000000 ) ) ;
#3807 = CARTESIAN_POINT ( 'NONE',  ( 7.348469228349538973, -2.500000000000000444, 1.499999999999987566 ) ) ;
#3808 = EDGE_CURVE ( 'NONE', #3620, #117, #344, .T. ) ;
#3809 = LINE ( 'NONE', #3388, #5955 ) ;
#3810 = CIRCLE ( 'NONE', #1017, 1.000000000000000000 ) ;
#3811 = ORIENTED_EDGE ( 'NONE', *, *, #1920, .T. ) ;
#3812 = DIRECTION ( 'NONE',  ( 0.000000000000000000, 1.000000000000000000, 0.000000000000000000 ) ) ;
#3813 = EDGE_CURVE ( 'NONE', #1427, #5886, #1815, .T. ) ;
#3814 = CIRCLE ( 'NONE', #4634, 0.5000000000000004441 ) ;
#3815 = ORIENTED_EDGE ( 'NONE', *, *, #337, .F. ) ;
#3816 = ORIENTED_EDGE ( 'NONE', *, *, #2902, .T. ) ;
#3817 = CIRCLE ( 'NONE', #1230, 1.000000000000000888 ) ;
#3818 = CARTESIAN_POINT ( 'NONE',  ( 11.18990807050747271, 2.500000000000000000, 14.09914739881783774 ) ) ;
#3819 = VERTEX_POINT ( 'NONE', #2361 ) ;
#3820 = DIRECTION ( 'NONE',  ( 0.000000000000000000, 1.000000000000000000, 0.000000000000000000 ) ) ;
#3821 = ORIENTED_EDGE ( 'NONE', *, *, #4166, .T. ) ;
#3822 = DIRECTION ( 'NONE',  ( 0.000000000000000000, 0.000000000000000000, 1.000000000000000000 ) ) ;
#3823 = EDGE_LOOP ( 'NONE', ( #5922, #1403, #790, #4257 ) ) ;
#3824 = DIRECTION ( 'NONE',  ( -0.000000000000000000, -1.000000000000000000, -0.000000000000000000 ) ) ;
#3825 = DIRECTION ( 'NONE',  ( 0.000000000000000000, 0.000000000000000000, -1.000000000000000000 ) ) ;
#3826 = DIRECTION ( 'NONE',  ( 0.000000000000000000, 0.000000000000000000, 1.000000000000000000 ) ) ;
#3827 = CARTESIAN_POINT ( 'NONE',  ( -7.261843774138887930, 2.500000000000000000, 1.875000000000075717 ) ) ;
#3828 = CARTESIAN_POINT ( 'NONE',  ( 1.999999999999999112, 2.500000000000000444, 7.745966692414832266 ) ) ;
#3829 = CIRCLE ( 'NONE', #3730, 1.000000000000000000 ) ;
#3830 = CIRCLE ( 'NONE', #741, 0.5000000000000000000 ) ;
#3831 = EDGE_LOOP ( 'NONE', ( #6216, #6123, #5299, #2353, #641 ) ) ;
#3832 = CARTESIAN_POINT ( 'NONE',  ( 14.09914739881780044, 2.500000000000000000, -11.18990807050752068 ) ) ;
#3833 = EDGE_CURVE ( 'NONE', #4948, #1884, #4768, .T. ) ;
#3834 = CIRCLE ( 'NONE', #4460, 0.5000000000000004441 ) ;
#3835 = AXIS2_PLACEMENT_3D ( 'NONE', #324, #3790, #1747 ) ;
#3836 = CARTESIAN_POINT ( 'NONE',  ( -4.063012012678481000, 3.000000000000000000, 6.891439137424804073 ) ) ;
#3837 = DIRECTION ( 'NONE',  ( 0.000000000000000000, 1.000000000000000000, 0.000000000000000000 ) ) ;
#3838 = CARTESIAN_POINT ( 'NONE',  ( -17.38533865071372020, -2.500000000000000444, -0.9999999999998484546 ) ) ;
#3839 = EDGE_CURVE ( 'NONE', #857, #207, #5404, .T. ) ;
#3840 = ORIENTED_EDGE ( 'NONE', *, *, #1651, .F. ) ;
#3841 = EDGE_CURVE ( 'NONE', #350, #5288, #1992, .T. ) ;
#3842 = DIRECTION ( 'NONE',  ( -0.000000000000000000, -1.000000000000000000, -0.000000000000000000 ) ) ;
#3843 = VECTOR ( 'NONE', #4805, 1000.000000000000114 ) ;
#3844 = AXIS2_PLACEMENT_3D ( 'NONE', #6078, #3616, #188 ) ;
#3845 = CARTESIAN_POINT ( 'NONE',  ( 7.745966692414834043, -2.500000000000000000, 0.9999999999999867883 ) ) ;
#3846 = ORIENTED_EDGE ( 'NONE', *, *, #2347, .T. ) ;
#3847 = ORIENTED_EDGE ( 'NONE', *, *, #3641, .T. ) ;
#3848 = AXIS2_PLACEMENT_3D ( 'NONE', #5373, #2334, #485 ) ;
#3849 = CARTESIAN_POINT ( 'NONE',  ( 6.891439137424762329, -2.500000000000000444, 4.063012012678552942 ) ) ;
#3850 = EDGE_CURVE ( 'NONE', #5495, #582, #3951, .T. ) ;
#3851 = VECTOR ( 'NONE', #5088, 1000.000000000000000 ) ;
#3852 = AXIS2_PLACEMENT_3D ( 'NONE', #4998, #4487, #3932 ) ;
#3853 = ORIENTED_EDGE ( 'NONE', *, *, #6090, .T. ) ;
#3854 = DIRECTION ( 'NONE',  ( 0.7071067811865545671, 0.000000000000000000, 0.7071067811865405783 ) ) ;
#3855 = ORIENTED_EDGE ( 'NONE', *, *, #1863, .F. ) ;
#3856 = AXIS2_PLACEMENT_3D ( 'NONE', #6089, #4082, #2567 ) ;
#3857 = AXIS2_PLACEMENT_3D ( 'NONE', #6116, #99, #133 ) ;
#3858 = FACE_OUTER_BOUND ( 'NONE', #3999, .T. ) ;
#3859 = VERTEX_POINT ( 'NONE', #5825 ) ;
#3860 = DIRECTION ( 'NONE',  ( -0.7071067811865536790, 0.000000000000000000, -0.7071067811865413555 ) ) ;
#3861 = CARTESIAN_POINT ( 'NONE',  ( -13.70750441551743570, 3.001000000000000334, -10.87907729077102914 ) ) ;
#3862 = TOROIDAL_SURFACE ( 'NONE', #5320, 1.000000000000000000, 0.5000000000000000000 ) ;
#3863 = FACE_OUTER_BOUND ( 'NONE', #2589, .T. ) ;
#3864 = CYLINDRICAL_SURFACE ( 'NONE', #5485, 18.00000000000000355 ) ;
#3865 = DIRECTION ( 'NONE',  ( 1.000000000000000000, 0.000000000000000000, 0.000000000000000000 ) ) ;
#3866 = EDGE_LOOP ( 'NONE', ( #6212, #1267, #6319, #4093 ) ) ;
#3867 = AXIS2_PLACEMENT_3D ( 'NONE', #3718, #5826, #2393 ) ;
#3868 = DIRECTION ( 'NONE',  ( -0.7071067811865475727, 0.000000000000000000, 0.7071067811865475727 ) ) ;
#3869 = CARTESIAN_POINT ( 'NONE',  ( 10.87907729077107888, 3.001000000000000334, -13.70750441551739662 ) ) ;
#3870 = CARTESIAN_POINT ( 'NONE',  ( 0.000000000000000000, -3.000000000000000000, 0.000000000000000000 ) ) ;
#3871 = AXIS2_PLACEMENT_3D ( 'NONE', #5681, #2605, #5034 ) ;
#3872 = CYLINDRICAL_SURFACE ( 'NONE', #3568, 0.4999999999999995559 ) ;
#3873 = EDGE_CURVE ( 'NONE', #225, #3986, #6298, .T. ) ;
#3874 = ORIENTED_EDGE ( 'NONE', *, *, #5946, .F. ) ;
#3875 = AXIS2_PLACEMENT_3D ( 'NONE', #2358, #4297, #3322 ) ;
#3876 = CIRCLE ( 'NONE', #2438, 22.50000000000000355 ) ;
#3877 = CARTESIAN_POINT ( 'NONE',  ( 7.745966692414825161, -3.000000000000000000, -2.000000000000026201 ) ) ;
#3878 = DIRECTION ( 'NONE',  ( 0.000000000000000000, 0.000000000000000000, 1.000000000000000000 ) ) ;
#3879 = EDGE_LOOP ( 'NONE', ( #2490, #302, #5101, #4818 ) ) ;
#3880 = TOROIDAL_SURFACE ( 'NONE', #4187, 1.000000000000000000, 0.5000000000000000000 ) ;
#3881 = EDGE_CURVE ( 'NONE', #70, #813, #6121, .T. ) ;
#3882 = VERTEX_POINT ( 'NONE', #816 ) ;
#3883 = CIRCLE ( 'NONE', #1408, 18.00000000000000355 ) ;
#3884 = CARTESIAN_POINT ( 'NONE',  ( -1.999999999999999112, -2.499999999999999556, -7.745966692414832266 ) ) ;
#3885 = EDGE_CURVE ( 'NONE', #5767, #4065, #647, .T. ) ;
#3886 = ORIENTED_EDGE ( 'NONE', *, *, #1944, .T. ) ;
#3887 = DIRECTION ( 'NONE',  ( -6.938893903907228378E-15, -8.673617379884035472E-16, -1.000000000000000000 ) ) ;
#3888 = ORIENTED_EDGE ( 'NONE', *, *, #3512, .T. ) ;
#3889 = EDGE_CURVE ( 'NONE', #622, #2972, #5589, .T. ) ;
#3890 = AXIS2_PLACEMENT_3D ( 'NONE', #3406, #986, #3472 ) ;
#3891 = FACE_OUTER_BOUND ( 'NONE', #2330, .T. ) ;
#3892 = VERTEX_POINT ( 'NONE', #1777 ) ;
#3893 = EDGE_CURVE ( 'NONE', #3227, #1611, #3298, .T. ) ;
#3894 = DIRECTION ( 'NONE',  ( -0.7071067811865467956, 0.000000000000000000, 0.7071067811865484609 ) ) ;
#3895 = PLANE ( 'NONE',  #1493 ) ;
#3896 = DIRECTION ( 'NONE',  ( 0.000000000000000000, 0.000000000000000000, 1.000000000000000000 ) ) ;
#3897 = FACE_OUTER_BOUND ( 'NONE', #5169, .T. ) ;
#3898 = ADVANCED_FACE ( 'NONE', ( #3390 ), #1143, .T. ) ;
#3899 = DIRECTION ( 'NONE',  ( 0.5078765015848208941, 0.000000000000000000, 0.8614298921780944029 ) ) ;
#3900 = ORIENTED_EDGE ( 'NONE', *, *, #6364, .T. ) ;
#3901 =( LENGTH_UNIT ( ) NAMED_UNIT ( * ) SI_UNIT ( .MILLI., .METRE. ) );
#3902 = DIRECTION ( 'NONE',  ( -0.000000000000000000, -1.000000000000000000, -0.000000000000000000 ) ) ;
#3903 = DIRECTION ( 'NONE',  ( 0.000000000000000000, 0.000000000000000000, 1.000000000000000000 ) ) ;
#3904 = CARTESIAN_POINT ( 'NONE',  ( 14.49079038211835346, -3.000000000000000000, 11.50073885024376352 ) ) ;
#3905 = DIRECTION ( 'NONE',  ( -0.000000000000000000, -1.000000000000000000, -0.000000000000000000 ) ) ;
#3906 = CARTESIAN_POINT ( 'NONE',  ( -1.750000000000000000, -2.500000000000000000, -6.777720855862980009 ) ) ;
#3907 = EDGE_LOOP ( 'NONE', ( #2646, #2950, #2240, #987 ) ) ;
#3908 = DIRECTION ( 'NONE',  ( 0.000000000000000000, 1.000000000000000000, 0.000000000000000000 ) ) ;
#3909 = DIRECTION ( 'NONE',  ( -1.000000000000000000, 0.000000000000000000, 1.734723475976807094E-15 ) ) ;
#3910 = ORIENTED_EDGE ( 'NONE', *, *, #5501, .F. ) ;
#3911 = ORIENTED_EDGE ( 'NONE', *, *, #3164, .T. ) ;
#3912 = DIRECTION ( 'NONE',  ( -1.214306433183764966E-14, 0.000000000000000000, -1.000000000000000000 ) ) ;
#3913 = ADVANCED_FACE ( 'NONE', ( #454 ), #2787, .F. ) ;
#3914 = ORIENTED_EDGE ( 'NONE', *, *, #927, .F. ) ;
#3915 = CARTESIAN_POINT ( 'NONE',  ( -11.50073885024361253, 2.500000000000000000, 14.49079038211847603 ) ) ;
#3916 = ORIENTED_EDGE ( 'NONE', *, *, #2221, .T. ) ;
#3917 = AXIS2_PLACEMENT_3D ( 'NONE', #4930, #502, #2481 ) ;
#3918 = VERTEX_POINT ( 'NONE', #3751 ) ;
#3919 = CARTESIAN_POINT ( 'NONE',  ( -0.7071067811865495711, 2.500000000000000000, -0.7071067811865420216 ) ) ;
#3920 = EDGE_LOOP ( 'NONE', ( #483, #3086, #5809, #1479 ) ) ;
#3921 = CARTESIAN_POINT ( 'NONE',  ( -11.23263068136426135, -2.999999999999998224, 13.35395102492420349 ) ) ;
#3922 = EDGE_CURVE ( 'NONE', #5858, #756, #3268, .T. ) ;
#3923 = DIRECTION ( 'NONE',  ( -1.000000000000000000, 0.000000000000000000, 0.000000000000000000 ) ) ;
#3924 = DIRECTION ( 'NONE',  ( 1.000000000000000000, 0.000000000000000000, -1.387778780781445676E-14 ) ) ;
#3925 = CARTESIAN_POINT ( 'NONE',  ( 6.460724191335716959, -2.500000000000000444, 3.809073761886144549 ) ) ;
#3926 = ORIENTED_EDGE ( 'NONE', *, *, #2902, .F. ) ;
#3927 = DIRECTION ( 'NONE',  ( -0.000000000000000000, -1.000000000000000000, -0.000000000000000000 ) ) ;
#3928 = DIRECTION ( 'NONE',  ( -0.9682458365518573640, 0.000000000000000000, -0.2499999999999882039 ) ) ;
#3929 = EDGE_CURVE ( 'NONE', #2364, #2853, #123, .T. ) ;
#3930 = CARTESIAN_POINT ( 'NONE',  ( 13.70750441551736287, -2.500000000000000444, 11.87907729077112684 ) ) ;
#3931 = DIRECTION ( 'NONE',  ( -0.000000000000000000, -1.000000000000000000, -0.000000000000000000 ) ) ;
#3932 = DIRECTION ( 'NONE',  ( 0.000000000000000000, 0.000000000000000000, 1.000000000000000000 ) ) ;
#3933 = ORIENTED_EDGE ( 'NONE', *, *, #4545, .F. ) ;
#3934 = CIRCLE ( 'NONE', #1469, 0.5000000000000000000 ) ;
#3935 = CIRCLE ( 'NONE', #2828, 22.50000000000000355 ) ;
#3936 = ADVANCED_FACE ( 'NONE', ( #4790 ), #1357, .T. ) ;
#3937 = ORIENTED_EDGE ( 'NONE', *, *, #1151, .T. ) ;
#3938 = CARTESIAN_POINT ( 'NONE',  ( 10.87907729077107888, -2.500000000000000444, -13.70750441551739662 ) ) ;
#3939 = DIRECTION ( 'NONE',  ( 0.000000000000000000, 1.000000000000000000, 0.000000000000000000 ) ) ;
#3940 = EDGE_LOOP ( 'NONE', ( #3886, #5131, #4967, #3174 ) ) ;
#3941 = AXIS2_PLACEMENT_3D ( 'NONE', #1513, #5461, #3221 ) ;
#3942 = ORIENTED_EDGE ( 'NONE', *, *, #4273, .T. ) ;
#3943 = DIRECTION ( 'NONE',  ( -0.7071067811865474617, 0.000000000000000000, -0.7071067811865474617 ) ) ;
#3944 = AXIS2_PLACEMENT_3D ( 'NONE', #5053, #1625, #103 ) ;
#3945 = EDGE_LOOP ( 'NONE', ( #6105, #4657, #820, #1417 ) ) ;
#3946 = TOROIDAL_SURFACE ( 'NONE', #2523, 1.000000000000000000, 0.5000000000000000000 ) ;
#3947 = CARTESIAN_POINT ( 'NONE',  ( -18.37878657361161672, 3.000000000000000000, 2.114285714285906614 ) ) ;
#3948 = ORIENTED_EDGE ( 'NONE', *, *, #3697, .F. ) ;
#3949 = CIRCLE ( 'NONE', #6119, 0.5000000000000004441 ) ;
#3950 = ORIENTED_EDGE ( 'NONE', *, *, #660, .F. ) ;
#3951 = CIRCLE ( 'NONE', #1973, 0.5000000000000000000 ) ;
#3952 = DIRECTION ( 'NONE',  ( 0.000000000000000000, 1.000000000000000000, 0.000000000000000000 ) ) ;
#3953 = EDGE_CURVE ( 'NONE', #612, #4913, #5817, .T. ) ;
#3954 = ORIENTED_EDGE ( 'NONE', *, *, #4742, .F. ) ;
#3955 = DIRECTION ( 'NONE',  ( -0.000000000000000000, -1.000000000000000000, -0.000000000000000000 ) ) ;
#3956 = CIRCLE ( 'NONE', #5512, 0.4999999999999995559 ) ;
#3957 = AXIS2_PLACEMENT_3D ( 'NONE', #3737, #6166, #5196 ) ;
#3958 = EDGE_CURVE ( 'NONE', #5827, #1072, #2494, .T. ) ;
#3959 = CIRCLE ( 'NONE', #5201, 0.4999999999999995559 ) ;
#3960 = DIRECTION ( 'NONE',  ( 0.000000000000000000, 0.000000000000000000, 1.000000000000000000 ) ) ;
#3961 = AXIS2_PLACEMENT_3D ( 'NONE', #1995, #2029, #108 ) ;
#3962 = CARTESIAN_POINT ( 'NONE',  ( 7.745966692414825161, 2.500000000000000000, -2.000000000000026201 ) ) ;
#3963 = EDGE_CURVE ( 'NONE', #1008, #1840, #2032, .T. ) ;
#3964 = ORIENTED_EDGE ( 'NONE', *, *, #1744, .F. ) ;
#3965 = DIRECTION ( 'NONE',  ( 0.000000000000000000, 0.000000000000000000, 1.000000000000000000 ) ) ;
#3966 = CIRCLE ( 'NONE', #1071, 20.00000000000000355 ) ;
#3967 = LINE ( 'NONE', #1563, #3343 ) ;
#3968 = AXIS2_PLACEMENT_3D ( 'NONE', #1878, #3912, #5442 ) ;
#3969 = EDGE_CURVE ( 'NONE', #5532, #2007, #4962, .T. ) ;
#3970 = DIRECTION ( 'NONE',  ( 0.000000000000000000, 0.000000000000000000, 1.000000000000000000 ) ) ;
#3971 = CARTESIAN_POINT ( 'NONE',  ( 0.000000000000000000, -2.500000000000000444, 0.000000000000000000 ) ) ;
#3972 = CARTESIAN_POINT ( 'NONE',  ( 18.37878657361163093, 2.500000000000000000, -2.114285714285777829 ) ) ;
#3973 = EDGE_CURVE ( 'NONE', #2368, #971, #3121, .T. ) ;
#3974 = AXIS2_PLACEMENT_3D ( 'NONE', #413, #903, #6323 ) ;
#3975 = ORIENTED_EDGE ( 'NONE', *, *, #1067, .T. ) ;
#3976 = ORIENTED_EDGE ( 'NONE', *, *, #1546, .F. ) ;
#3977 = AXIS2_PLACEMENT_3D ( 'NONE', #3348, #5743, #342 ) ;
#3978 = DIRECTION ( 'NONE',  ( 0.000000000000000000, 1.000000000000000000, 0.000000000000000000 ) ) ;
#3979 = ORIENTED_EDGE ( 'NONE', *, *, #2710, .F. ) ;
#3980 = ORIENTED_EDGE ( 'NONE', *, *, #5690, .T. ) ;
#3981 = CIRCLE ( 'NONE', #2539, 0.5000000000000006661 ) ;
#3982 = CARTESIAN_POINT ( 'NONE',  ( 4.770118793865112394, 2.500000000000000000, 6.184332356238206430 ) ) ;
#3983 = ORIENTED_EDGE ( 'NONE', *, *, #4285, .F. ) ;
#3984 = DIRECTION ( 'NONE',  ( 0.000000000000000000, 1.000000000000000000, 0.000000000000000000 ) ) ;
#3985 = DIRECTION ( 'NONE',  ( 0.000000000000000000, 1.000000000000000000, 0.000000000000000000 ) ) ;
#3986 = VERTEX_POINT ( 'NONE', #4027 ) ;
#3987 = DIRECTION ( 'NONE',  ( -0.000000000000000000, -1.000000000000000000, -0.000000000000000000 ) ) ;
#3988 = ORIENTED_EDGE ( 'NONE', *, *, #3447, .F. ) ;
#3989 = DIRECTION ( 'NONE',  ( -0.000000000000000000, -1.000000000000000000, -0.000000000000000000 ) ) ;
#3990 = AXIS2_PLACEMENT_3D ( 'NONE', #5655, #3130, #2715 ) ;
#3991 = DIRECTION ( 'NONE',  ( -1.387778780781445676E-14, 0.000000000000000000, -1.000000000000000000 ) ) ;
#3992 = LINE ( 'NONE', #4446, #725 ) ;
#3993 = ORIENTED_EDGE ( 'NONE', *, *, #292, .F. ) ;
#3994 = CARTESIAN_POINT ( 'NONE',  ( -4.063012012678565377, -2.499999999999999556, -6.891439137424754335 ) ) ;
#3995 = ADVANCED_FACE ( 'NONE', ( #968 ), #4876, .T. ) ;
#3996 = DIRECTION ( 'NONE',  ( -0.000000000000000000, -1.000000000000000000, -0.000000000000000000 ) ) ;
#3997 = FACE_OUTER_BOUND ( 'NONE', #2942, .T. ) ;
#3998 = DIRECTION ( 'NONE',  ( 6.938893903907228378E-15, -0.000000000000000000, 1.000000000000000000 ) ) ;
#3999 = EDGE_LOOP ( 'NONE', ( #4794, #4527, #4031, #6050 ) ) ;
#4000 = ORIENTED_EDGE ( 'NONE', *, *, #3289, .T. ) ;
#4001 = ADVANCED_FACE ( 'NONE', ( #3418 ), #3066, .T. ) ;
#4002 = DIRECTION ( 'NONE',  ( 0.000000000000000000, 1.000000000000000000, 0.000000000000000000 ) ) ;
#4003 = DIRECTION ( 'NONE',  ( 0.6216615594726369043, 0.000000000000000000, 0.7832859666009912569 ) ) ;
#4004 = ORIENTED_EDGE ( 'NONE', *, *, #4925, .F. ) ;
#4005 = ORIENTED_EDGE ( 'NONE', *, *, #3516, .T. ) ;
#4006 = DIRECTION ( 'NONE',  ( -0.000000000000000000, -1.000000000000000000, -0.000000000000000000 ) ) ;
#4007 = VERTEX_POINT ( 'NONE', #3038 ) ;
#4008 = ADVANCED_FACE ( 'NONE', ( #4493 ), #5037, .F. ) ;
#4009 = CARTESIAN_POINT ( 'NONE',  ( 0.000000000000000000, -2.500000000000000444, 0.000000000000000000 ) ) ;
#4010 = CARTESIAN_POINT ( 'NONE',  ( 4.063012012678565377, 2.500000000000000444, 6.891439137424754335 ) ) ;
#4011 = ORIENTED_EDGE ( 'NONE', *, *, #2049, .T. ) ;
#4012 = CARTESIAN_POINT ( 'NONE',  ( 1.000000000000000000, -2.500000000000000000, 17.38533865071370954 ) ) ;
#4013 = AXIS2_PLACEMENT_3D ( 'NONE', #5521, #4903, #4451 ) ;
#4014 = ORIENTED_EDGE ( 'NONE', *, *, #3573, .F. ) ;
#4015 = DIRECTION ( 'NONE',  ( 0.000000000000000000, 0.000000000000000000, 1.000000000000000000 ) ) ;
#4016 = ADVANCED_FACE ( 'NONE', ( #4426 ), #2918, .T. ) ;
#4017 = AXIS2_PLACEMENT_3D ( 'NONE', #4296, #3781, #5753 ) ;
#4018 = CARTESIAN_POINT ( 'NONE',  ( 1.999999999999908518, -2.500000000000000444, -17.38533865071372020 ) ) ;
#4019 = AXIS2_PLACEMENT_3D ( 'NONE', #3501, #1013, #2447 ) ;
#4020 = ORIENTED_EDGE ( 'NONE', *, *, #2060, .T. ) ;
#4021 = AXIS2_PLACEMENT_3D ( 'NONE', #105, #3084, #4572 ) ;
#4022 = DIRECTION ( 'NONE',  ( 0.000000000000000000, 0.000000000000000000, -1.000000000000000000 ) ) ;
#4023 = DIRECTION ( 'NONE',  ( -0.000000000000000000, -1.000000000000000000, -0.000000000000000000 ) ) ;
#4024 = CYLINDRICAL_SURFACE ( 'NONE', #3185, 18.00000000000000355 ) ;
#4025 = EDGE_CURVE ( 'NONE', #971, #236, #3934, .T. ) ;
#4026 = EDGE_LOOP ( 'NONE', ( #608, #1748, #3510, #2917 ) ) ;
#4027 = CARTESIAN_POINT ( 'NONE',  ( 6.184332356238216200, 3.000000000000000000, 4.770118793865101736 ) ) ;
#4028 = EDGE_CURVE ( 'NONE', #6153, #4928, #5084, .T. ) ;
#4029 = CARTESIAN_POINT ( 'NONE',  ( -3.555135511093746370, 2.500000000000000000, -6.030009245246662708 ) ) ;
#4030 = VERTEX_POINT ( 'NONE', #4457 ) ;
#4031 = ORIENTED_EDGE ( 'NONE', *, *, #919, .F. ) ;
#4032 = CIRCLE ( 'NONE', #211, 0.5000000000000004441 ) ;
#4033 = EDGE_CURVE ( 'NONE', #4408, #628, #2606, .T. ) ;
#4034 = CARTESIAN_POINT ( 'NONE',  ( 6.030009245246649385, -2.500000000000000444, -3.555135511093766354 ) ) ;
#4035 = EDGE_LOOP ( 'NONE', ( #336, #495, #3711, #2151 ) ) ;
#4036 = AXIS2_PLACEMENT_3D ( 'NONE', #5874, #3504, #2478 ) ;
#4037 = AXIS2_PLACEMENT_3D ( 'NONE', #4826, #3854, #1491 ) ;
#4038 = DIRECTION ( 'NONE',  ( -1.000000000000000000, 0.000000000000000000, 0.000000000000000000 ) ) ;
#4039 = CARTESIAN_POINT ( 'NONE',  ( -1.874999999999911848, 2.500000000000000000, 7.261843774138930563 ) ) ;
#4040 = EDGE_LOOP ( 'NONE', ( #1324, #5326, #1007, #1063 ) ) ;
#4041 = DIRECTION ( 'NONE',  ( -0.000000000000000000, -1.000000000000000000, -0.000000000000000000 ) ) ;
#4042 = EDGE_CURVE ( 'NONE', #2102, #4386, #2510, .T. ) ;
#4043 = VERTEX_POINT ( 'NONE', #4521 ) ;
#4044 = CARTESIAN_POINT ( 'NONE',  ( 7.745966692414826937, -2.500000000000000444, -1.500000000000027089 ) ) ;
#4045 = CIRCLE ( 'NONE', #4971, 7.000000000000000888 ) ;
#4046 = FACE_OUTER_BOUND ( 'NONE', #1847, .T. ) ;
#4047 = TOROIDAL_SURFACE ( 'NONE', #5085, 1.000000000000000000, 0.5000000000000000000 ) ;
#4048 = ORIENTED_EDGE ( 'NONE', *, *, #6293, .T. ) ;
#4049 = DIRECTION ( 'NONE',  ( -1.210143096841420787E-14, 0.000000000000000000, -1.000000000000000000 ) ) ;
#4050 = VECTOR ( 'NONE', #2094, 1000.000000000000000 ) ;
#4051 = CARTESIAN_POINT ( 'NONE',  ( 0.000000000000000000, -3.000000000000000000, 0.000000000000000000 ) ) ;
#4052 = AXIS2_PLACEMENT_3D ( 'NONE', #4143, #699, #1627 ) ;
#4053 = CIRCLE ( 'NONE', #1478, 22.50000000000000355 ) ;
#4054 = DIRECTION ( 'NONE',  ( 0.000000000000000000, 1.000000000000000000, 0.000000000000000000 ) ) ;
#4055 = CYLINDRICAL_SURFACE ( 'NONE', #579, 0.5000000000000004441 ) ;
#4056 = CYLINDRICAL_SURFACE ( 'NONE', #2313, 7.500000000000000888 ) ;
#4057 = AXIS2_PLACEMENT_3D ( 'NONE', #5840, #2926, #3471 ) ;
#4058 = CARTESIAN_POINT ( 'NONE',  ( 13.70750441551730425, 2.500000000000000000, -11.37907729077119789 ) ) ;
#4059 = ORIENTED_EDGE ( 'NONE', *, *, #842, .T. ) ;
#4060 = CARTESIAN_POINT ( 'NONE',  ( -1.999999999999905409, 3.001000000000000334, 7.745966692414857135 ) ) ;
#4061 = EDGE_CURVE ( 'NONE', #2090, #5954, #1966, .T. ) ;
#4062 = CIRCLE ( 'NONE', #156, 1.000000000000000000 ) ;
#4063 = DIRECTION ( 'NONE',  ( 0.8614298921780945140, -0.000000000000000000, -0.5078765015848208941 ) ) ;
#4064 = ORIENTED_EDGE ( 'NONE', *, *, #598, .F. ) ;
#4065 = VERTEX_POINT ( 'NONE', #3453 ) ;
#4066 = AXIS2_PLACEMENT_3D ( 'NONE', #3299, #5856, #1445 ) ;
#4067 = DIRECTION ( 'NONE',  ( -0.000000000000000000, -1.000000000000000000, -0.000000000000000000 ) ) ;
#4068 = EDGE_CURVE ( 'NONE', #1150, #706, #544, .T. ) ;
#4069 = AXIS2_PLACEMENT_3D ( 'NONE', #5356, #4949, #3400 ) ;
#4070 = ORIENTED_EDGE ( 'NONE', *, *, #1499, .T. ) ;
#4071 = EDGE_CURVE ( 'NONE', #3102, #4505, #1372, .T. ) ;
#4072 = ADVANCED_FACE ( 'NONE', ( #21 ), #5593, .T. ) ;
#4073 = CARTESIAN_POINT ( 'NONE',  ( 1.999999999999999112, 2.500000000000000000, 17.38533865071370954 ) ) ;
#4074 = ORIENTED_EDGE ( 'NONE', *, *, #2355, .F. ) ;
#4075 = VECTOR ( 'NONE', #5018, 1000.000000000000000 ) ;
#4076 = ORIENTED_EDGE ( 'NONE', *, *, #2760, .F. ) ;
#4077 = CARTESIAN_POINT ( 'NONE',  ( -2.114285714285491391, -3.000000000000000000, 18.37878657361166290 ) ) ;
#4078 = ORIENTED_EDGE ( 'NONE', *, *, #3534, .T. ) ;
#4079 = CYLINDRICAL_SURFACE ( 'NONE', #3857, 22.50000000000000355 ) ;
#4080 = AXIS2_PLACEMENT_3D ( 'NONE', #3742, #5065, #4095 ) ;
#4081 = ADVANCED_FACE ( 'NONE', ( #902 ), #5906, .T. ) ;
#4082 = DIRECTION ( 'NONE',  ( 0.000000000000000000, 1.000000000000000000, 0.000000000000000000 ) ) ;
#4083 = AXIS2_PLACEMENT_3D ( 'NONE', #3906, #2288, #5272 ) ;
#4084 = ORIENTED_EDGE ( 'NONE', *, *, #2066, .T. ) ;
#4085 = LINE ( 'NONE', #1211, #3740 ) ;
#4086 = DIRECTION ( 'NONE',  ( 0.7071067811865475727, 0.000000000000000000, -0.7071067811865475727 ) ) ;
#4087 = EDGE_CURVE ( 'NONE', #3396, #5561, #3834, .T. ) ;
#4088 = CARTESIAN_POINT ( 'NONE',  ( 1.999999999999908518, 2.500000000000000444, -17.38533865071372020 ) ) ;
#4089 = CARTESIAN_POINT ( 'NONE',  ( -1.999999999999999112, 3.001000000000000334, -7.745966692414832266 ) ) ;
#4090 = EDGE_LOOP ( 'NONE', ( #722, #1516, #1646, #781, #2, #289, #6301, #3131 ) ) ;
#4091 = CARTESIAN_POINT ( 'NONE',  ( 11.23263068136435372, -2.500000000000000444, -13.35395102492412533 ) ) ;
#4092 = CARTESIAN_POINT ( 'NONE',  ( -13.70750441551722787, 3.001000000000000334, 10.87907729077129737 ) ) ;
#4093 = ORIENTED_EDGE ( 'NONE', *, *, #5603, .F. ) ;
#4094 = DIRECTION ( 'NONE',  ( 0.000000000000000000, 1.000000000000000000, 0.000000000000000000 ) ) ;
#4095 = DIRECTION ( 'NONE',  ( 1.776356839400250465E-15, 0.000000000000000000, 1.000000000000000000 ) ) ;
#4096 = CARTESIAN_POINT ( 'NONE',  ( -1.874999999999999778, 2.500000000000000000, -7.261843774138907470 ) ) ;
#4097 = ORIENTED_EDGE ( 'NONE', *, *, #5182, .T. ) ;
#4098 = VERTEX_POINT ( 'NONE', #3832 ) ;
#4099 = DIRECTION ( 'NONE',  ( -0.8614298921780925156, 0.000000000000000000, 0.5078765015848242248 ) ) ;
#4100 = DIRECTION ( 'NONE',  ( 0.000000000000000000, 1.000000000000000000, 0.000000000000000000 ) ) ;
#4101 = LINE ( 'NONE', #3617, #198 ) ;
#4102 = CARTESIAN_POINT ( 'NONE',  ( 11.58618407195763034, 3.000000000000000000, -13.00039763433085227 ) ) ;
#4103 = VERTEX_POINT ( 'NONE', #5810 ) ;
#4104 = DIRECTION ( 'NONE',  ( -0.7832859666009959199, 0.000000000000000000, -0.6216615594726310201 ) ) ;
#4105 = ORIENTED_EDGE ( 'NONE', *, *, #4427, .F. ) ;
#4106 = CARTESIAN_POINT ( 'NONE',  ( 7.348469228349538085, -2.500000000000000444, 0.9999999999999874545 ) ) ;
#4107 = EDGE_CURVE ( 'NONE', #4393, #4804, #333, .T. ) ;
#4108 = DIRECTION ( 'NONE',  ( 7.105427357601001859E-15, 0.000000000000000000, 1.000000000000000000 ) ) ;
#4109 = CIRCLE ( 'NONE', #1334, 0.5000000000000000000 ) ;
#4110 = EDGE_LOOP ( 'NONE', ( #4907, #5950, #2561, #1367 ) ) ;
#4111 = PLANE ( 'NONE',  #2711 ) ;
#4112 = EDGE_CURVE ( 'NONE', #2073, #4694, #218, .T. ) ;
#4113 = CARTESIAN_POINT ( 'NONE',  ( 2.602374448188125843E-15, 3.000000000000000000, -20.00000000000000355 ) ) ;
#4114 = DIRECTION ( 'NONE',  ( 0.1142857142857058167, -0.000000000000000000, -0.9934479228979273824 ) ) ;
#4115 = DIRECTION ( 'NONE',  ( 0.7071067811865415775, 0.000000000000000000, -0.7071067811865536790 ) ) ;
#4116 = VERTEX_POINT ( 'NONE', #806 ) ;
#4117 = DIRECTION ( 'NONE',  ( -0.000000000000000000, -0.000000000000000000, 1.000000000000000000 ) ) ;
#4118 = VECTOR ( 'NONE', #5999, 1000.000000000000000 ) ;
#4119 = DIRECTION ( 'NONE',  ( 0.000000000000000000, 1.000000000000000000, 0.000000000000000000 ) ) ;
#4120 = EDGE_CURVE ( 'NONE', #3271, #1791, #4352, .T. ) ;
#4121 = ORIENTED_EDGE ( 'NONE', *, *, #5506, .T. ) ;
#4122 = DIRECTION ( 'NONE',  ( 1.047444401652940007E-14, 0.000000000000000000, 1.000000000000000000 ) ) ;
#4123 = CARTESIAN_POINT ( 'NONE',  ( 3.555135511093714840, -3.000000000000000000, -6.030009245246680472 ) ) ;
#4124 = DIRECTION ( 'NONE',  ( -1.000000000000000000, -0.000000000000000000, -0.000000000000000000 ) ) ;
#4125 = ORIENTED_EDGE ( 'NONE', *, *, #1000, .T. ) ;
#4126 = EDGE_LOOP ( 'NONE', ( #738, #1022, #2905, #283 ) ) ;
#4127 = DIRECTION ( 'NONE',  ( -0.000000000000000000, -1.000000000000000000, -0.000000000000000000 ) ) ;
#4128 = CARTESIAN_POINT ( 'NONE',  ( -13.35395102492394948, 3.000000000000000000, 11.23263068136456511 ) ) ;
#4129 = CARTESIAN_POINT ( 'NONE',  ( -3.809073761886156539, -2.500000000000000444, -6.460724191335709854 ) ) ;
#4130 = DIRECTION ( 'NONE',  ( 0.000000000000000000, 0.000000000000000000, -1.000000000000000000 ) ) ;
#4131 = EDGE_LOOP ( 'NONE', ( #3263, #5866, #3910, #1930 ) ) ;
#4132 = TOROIDAL_SURFACE ( 'NONE', #1353, 1.000000000000000000, 0.5000000000000000000 ) ;
#4133 = EDGE_LOOP ( 'NONE', ( #4648, #4491, #1074, #1335 ) ) ;
#4134 = DIRECTION ( 'NONE',  ( -0.000000000000000000, -1.000000000000000000, -0.000000000000000000 ) ) ;
#4135 = ORIENTED_EDGE ( 'NONE', *, *, #2973, .T. ) ;
#4136 = CIRCLE ( 'NONE', #3319, 0.5000000000000002220 ) ;
#4137 = AXIS2_PLACEMENT_3D ( 'NONE', #1164, #3686, #649 ) ;
#4138 = CARTESIAN_POINT ( 'NONE',  ( 1.000000000000000000, -3.000000000000000000, 17.38533865071370954 ) ) ;
#4139 = ADVANCED_FACE ( 'NONE', ( #410 ), #4219, .T. ) ;
#4140 = AXIS2_PLACEMENT_3D ( 'NONE', #2544, #926, #1988 ) ;
#4141 = VERTEX_POINT ( 'NONE', #870 ) ;
#4142 = CARTESIAN_POINT ( 'NONE',  ( 11.50073885024371378, 2.500000000000000000, -14.49079038211839610 ) ) ;
#4143 = CARTESIAN_POINT ( 'NONE',  ( 0.000000000000000000, -2.500000000000000444, 0.000000000000000000 ) ) ;
#4144 = ADVANCED_FACE ( 'NONE', ( #2807 ), #3017, .T. ) ;
#4145 = VECTOR ( 'NONE', #5964, 1000.000000000000000 ) ;
#4146 = AXIS2_PLACEMENT_3D ( 'NONE', #425, #4431, #6304 ) ;
#4147 = CARTESIAN_POINT ( 'NONE',  ( 0.000000000000000000, 0.5000000000000000000, 20.00000000000000355 ) ) ;
#4148 = LINE ( 'NONE', #2120, #4937 ) ;
#4149 = ADVANCED_FACE ( 'NONE', ( #2746 ), #1875, .T. ) ;
#4150 = DIRECTION ( 'NONE',  ( 0.000000000000000000, 0.000000000000000000, 1.000000000000000000 ) ) ;
#4151 = AXIS2_PLACEMENT_3D ( 'NONE', #4458, #2128, #5953 ) ;
#4152 = VERTEX_POINT ( 'NONE', #4776 ) ;
#4153 = DIRECTION ( 'NONE',  ( 0.000000000000000000, 0.000000000000000000, 1.000000000000000000 ) ) ;
#4154 = EDGE_CURVE ( 'NONE', #2206, #87, #1362, .T. ) ;
#4155 = AXIS2_PLACEMENT_3D ( 'NONE', #5003, #5438, #999 ) ;
#4156 = AXIS2_PLACEMENT_3D ( 'NONE', #6243, #1813, #4168 ) ;
#4157 = DIRECTION ( 'NONE',  ( 0.000000000000000000, 0.000000000000000000, 1.000000000000000000 ) ) ;
#4158 = CARTESIAN_POINT ( 'NONE',  ( 7.745966692414834931, -2.500000000000000444, 1.499999999999986899 ) ) ;
#4159 = ADVANCED_FACE ( 'NONE', ( #313 ), #5296, .T. ) ;
#4160 = ORIENTED_EDGE ( 'NONE', *, *, #2349, .T. ) ;
#4161 = TOROIDAL_SURFACE ( 'NONE', #2516, 1.000000000000000000, 0.5000000000000000000 ) ;
#4162 = AXIS2_PLACEMENT_3D ( 'NONE', #5363, #5777, #1859 ) ;
#4163 = CIRCLE ( 'NONE', #5314, 20.00000000000000355 ) ;
#4164 = DIRECTION ( 'NONE',  ( 0.000000000000000000, 0.000000000000000000, 1.000000000000000000 ) ) ;
#4165 = ORIENTED_EDGE ( 'NONE', *, *, #4061, .F. ) ;
#4166 = EDGE_CURVE ( 'NONE', #2073, #5858, #2909, .T. ) ;
#4167 = ORIENTED_EDGE ( 'NONE', *, *, #4240, .T. ) ;
#4168 = DIRECTION ( 'NONE',  ( 0.000000000000000000, 0.000000000000000000, 1.000000000000000000 ) ) ;
#4169 = AXIS2_PLACEMENT_3D ( 'NONE', #5891, #1880, #4886 ) ;
#4170 = AXIS2_PLACEMENT_3D ( 'NONE', #3661, #620, #3593 ) ;
#4171 = CARTESIAN_POINT ( 'NONE',  ( 0.000000000000000000, 2.500000000000000000, 0.000000000000000000 ) ) ;
#4172 = DIRECTION ( 'NONE',  ( 0.000000000000000000, 0.000000000000000000, 1.000000000000000000 ) ) ;
#4173 = CARTESIAN_POINT ( 'NONE',  ( 6.030009245246650273, 2.500000000000000000, -3.555135511093766798 ) ) ;
#4174 = ORIENTED_EDGE ( 'NONE', *, *, #1797, .F. ) ;
#4175 = VERTEX_POINT ( 'NONE', #5847 ) ;
#4176 = CARTESIAN_POINT ( 'NONE',  ( 0.000000000000000000, 3.000000000000000000, 0.000000000000000000 ) ) ;
#4177 = ORIENTED_EDGE ( 'NONE', *, *, #2860, .T. ) ;
#4178 = CARTESIAN_POINT ( 'NONE',  ( -1.999999999999999112, 3.001000000000000334, -17.38533865071370954 ) ) ;
#4179 = AXIS2_PLACEMENT_3D ( 'NONE', #3861, #3731, #1796 ) ;
#4180 = FACE_OUTER_BOUND ( 'NONE', #3302, .T. ) ;
#4181 = CIRCLE ( 'NONE', #1913, 0.5000000000000000000 ) ;
#4182 = EDGE_LOOP ( 'NONE', ( #3192, #472, #3071, #2552 ) ) ;
#4183 = FACE_OUTER_BOUND ( 'NONE', #1771, .T. ) ;
#4184 = CARTESIAN_POINT ( 'NONE',  ( 7.745966692414825161, 3.001000000000000334, -2.000000000000026201 ) ) ;
#4185 = AXIS2_PLACEMENT_3D ( 'NONE', #3188, #639, #2227 ) ;
#4186 = DIRECTION ( 'NONE',  ( 0.7071067811865513475, -0.000000000000000000, 0.7071067811865437980 ) ) ;
#4187 = AXIS2_PLACEMENT_3D ( 'NONE', #932, #388, #3359 ) ;
#4188 = DIRECTION ( 'NONE',  ( -0.000000000000000000, -1.000000000000000000, -0.000000000000000000 ) ) ;
#4189 = DIRECTION ( 'NONE',  ( -1.000000000000000000, 0.000000000000000000, 0.000000000000000000 ) ) ;
#4190 = ORIENTED_EDGE ( 'NONE', *, *, #435, .T. ) ;
#4191 = EDGE_CURVE ( 'NONE', #2652, #5045, #947, .T. ) ;
#4192 = AXIS2_PLACEMENT_3D ( 'NONE', #4708, #4188, #3702 ) ;
#4193 = CARTESIAN_POINT ( 'NONE',  ( 0.9999999999999057421, 3.000000000000000000, -17.93739111465210812 ) ) ;
#4194 = EDGE_CURVE ( 'NONE', #6054, #682, #534, .T. ) ;
#4195 = CARTESIAN_POINT ( 'NONE',  ( -4.063012012678565377, -3.000000000000000000, -6.891439137424754335 ) ) ;
#4196 = ORIENTED_EDGE ( 'NONE', *, *, #3564, .F. ) ;
#4197 = CARTESIAN_POINT ( 'NONE',  ( 13.70750441551730425, 3.001000000000000334, -11.37907729077119789 ) ) ;
#4198 = ORIENTED_EDGE ( 'NONE', *, *, #1622, .T. ) ;
#4199 = VERTEX_POINT ( 'NONE', #5752 ) ;
#4200 = DIRECTION ( 'NONE',  ( 0.000000000000000000, 0.000000000000000000, 1.000000000000000000 ) ) ;
#4201 = EDGE_CURVE ( 'NONE', #4141, #2801, #1318, .T. ) ;
#4202 = FACE_BOUND ( 'NONE', #2888, .T. ) ;
#4203 = CARTESIAN_POINT ( 'NONE',  ( 0.000000000000000000, 3.001000000000000334, 0.000000000000000000 ) ) ;
#4204 = DIRECTION ( 'NONE',  ( 1.691355389077385339E-14, 0.000000000000000000, 1.000000000000000000 ) ) ;
#4205 = ORIENTED_EDGE ( 'NONE', *, *, #3439, .F. ) ;
#4206 = ORIENTED_EDGE ( 'NONE', *, *, #3893, .T. ) ;
#4207 = DIRECTION ( 'NONE',  ( 0.000000000000000000, 1.000000000000000000, 0.000000000000000000 ) ) ;
#4208 = VERTEX_POINT ( 'NONE', #2324 ) ;
#4209 = CARTESIAN_POINT ( 'NONE',  ( 4.063012012678529850, 2.500000000000000444, -6.391439137424774763 ) ) ;
#4210 = ADVANCED_FACE ( 'NONE', ( #4814 ), #4246, .T. ) ;
#4211 = DIRECTION ( 'NONE',  ( 0.000000000000000000, 1.000000000000000000, 0.000000000000000000 ) ) ;
#4212 = ORIENTED_EDGE ( 'NONE', *, *, #837, .F. ) ;
#4213 = CARTESIAN_POINT ( 'NONE',  ( -6.184332356238157580, -3.000000000000000000, 4.770118793865179008 ) ) ;
#4214 = LINE ( 'NONE', #6282, #5943 ) ;
#4215 = DIRECTION ( 'NONE',  ( -8.715250743307480420E-15, 0.000000000000000000, -1.000000000000000000 ) ) ;
#4216 = DIRECTION ( 'NONE',  ( 0.000000000000000000, 0.000000000000000000, 1.000000000000000000 ) ) ;
#4217 = CARTESIAN_POINT ( 'NONE',  ( 0.000000000000000000, -2.500000000000000444, 0.000000000000000000 ) ) ;
#4218 = ORIENTED_EDGE ( 'NONE', *, *, #3873, .T. ) ;
#4219 = CYLINDRICAL_SURFACE ( 'NONE', #633, 0.4999999999999994449 ) ;
#4220 = CARTESIAN_POINT ( 'NONE',  ( -11.58618407195769606, 3.000000000000000000, -13.00039763433079365 ) ) ;
#4221 = DIRECTION ( 'NONE',  ( 0.000000000000000000, 1.000000000000000000, 0.000000000000000000 ) ) ;
#4222 = DIRECTION ( 'NONE',  ( 0.000000000000000000, 0.000000000000000000, 1.000000000000000000 ) ) ;
#4223 = ORIENTED_EDGE ( 'NONE', *, *, #3813, .T. ) ;
#4224 = EDGE_CURVE ( 'NONE', #5420, #2403, #2354, .T. ) ;
#4225 = ORIENTED_EDGE ( 'NONE', *, *, #6269, .T. ) ;
#4226 = CARTESIAN_POINT ( 'NONE',  ( -17.38533865071370244, -2.500000000000000000, 1.000000000000181855 ) ) ;
#4227 = CIRCLE ( 'NONE', #2273, 0.5000000000000006661 ) ;
#4228 = EDGE_CURVE ( 'NONE', #1811, #5175, #432, .T. ) ;
#4229 = FACE_BOUND ( 'NONE', #5440, .T. ) ;
#4230 = FACE_OUTER_BOUND ( 'NONE', #1207, .T. ) ;
#4231 = CARTESIAN_POINT ( 'NONE',  ( -4.063012012678565377, 2.500000000000000000, -5.891439137424754335 ) ) ;
#4232 = VERTEX_POINT ( 'NONE', #4480 ) ;
#4233 = ADVANCED_FACE ( 'NONE', ( #5941 ), #111, .T. ) ;
#4234 = ORIENTED_EDGE ( 'NONE', *, *, #370, .T. ) ;
#4235 = DIRECTION ( 'NONE',  ( 0.000000000000000000, 0.000000000000000000, 1.000000000000000000 ) ) ;
#4236 = ORIENTED_EDGE ( 'NONE', *, *, #6085, .T. ) ;
#4237 = DIRECTION ( 'NONE',  ( 0.000000000000000000, 0.000000000000000000, -1.000000000000000000 ) ) ;
#4238 = DIRECTION ( 'NONE',  ( 0.000000000000000000, 1.000000000000000000, 0.000000000000000000 ) ) ;
#4239 = EDGE_LOOP ( 'NONE', ( #25, #5505, #4692, #2466 ) ) ;
#4240 = EDGE_CURVE ( 'NONE', #745, #5996, #2501, .T. ) ;
#4241 = ORIENTED_EDGE ( 'NONE', *, *, #4194, .F. ) ;
#4242 = DIRECTION ( 'NONE',  ( 0.000000000000000000, 1.000000000000000000, 0.000000000000000000 ) ) ;
#4243 = AXIS2_PLACEMENT_3D ( 'NONE', #4173, #6150, #1719 ) ;
#4244 = DIRECTION ( 'NONE',  ( 0.000000000000000000, 0.000000000000000000, 1.000000000000000000 ) ) ;
#4245 = DIRECTION ( 'NONE',  ( 0.7071067811865501263, 0.000000000000000000, 0.7071067811865449082 ) ) ;
#4246 = TOROIDAL_SURFACE ( 'NONE', #4659, 1.000000000000000000, 0.5000000000000000000 ) ;
#4247 = CYLINDRICAL_SURFACE ( 'NONE', #279, 0.5000000000000000000 ) ;
#4248 = AXIS2_PLACEMENT_3D ( 'NONE', #3044, #3618, #3140 ) ;
#4249 = CARTESIAN_POINT ( 'NONE',  ( -6.030009245246625404, 3.000000000000000000, 3.555135511093808542 ) ) ;
#4250 = EDGE_LOOP ( 'NONE', ( #3360, #5763, #3457, #4174, #1905, #1134, #4524, #1823, #1496 ) ) ;
#4251 = CARTESIAN_POINT ( 'NONE',  ( -10.87907729077115171, -3.000000000000000000, -13.70750441551733800 ) ) ;
#4252 = CIRCLE ( 'NONE', #6223, 0.5000000000000000000 ) ;
#4253 = DIRECTION ( 'NONE',  ( 0.9682458365518563648, 0.000000000000000000, 0.2499999999999914513 ) ) ;
#4254 = CIRCLE ( 'NONE', #5504, 0.4999999999999997224 ) ;
#4255 = CYLINDRICAL_SURFACE ( 'NONE', #4812, 0.5000000000000000000 ) ;
#4256 = FACE_OUTER_BOUND ( 'NONE', #2770, .T. ) ;
#4257 = ORIENTED_EDGE ( 'NONE', *, *, #2935, .F. ) ;
#4258 = AXIS2_PLACEMENT_3D ( 'NONE', #6275, #5315, #605 ) ;
#4259 = AXIS2_PLACEMENT_3D ( 'NONE', #4500, #4526, #88 ) ;
#4260 = ORIENTED_EDGE ( 'NONE', *, *, #3683, .T. ) ;
#4261 = LINE ( 'NONE', #3649, #5309 ) ;
#4262 = ADVANCED_FACE ( 'NONE', ( #5480 ), #1458, .T. ) ;
#4263 = AXIS2_PLACEMENT_3D ( 'NONE', #4416, #2928, #471 ) ;
#4264 = CIRCLE ( 'NONE', #5090, 1.000000000000000888 ) ;
#4265 = DIRECTION ( 'NONE',  ( 0.000000000000000000, 0.000000000000000000, 1.000000000000000000 ) ) ;
#4266 = CIRCLE ( 'NONE', #3852, 0.5000000000000004441 ) ;
#4267 = DIRECTION ( 'NONE',  ( -0.000000000000000000, -1.000000000000000000, -0.000000000000000000 ) ) ;
#4268 = DIRECTION ( 'NONE',  ( 0.7071067811865475727, 0.000000000000000000, -0.7071067811865475727 ) ) ;
#4269 = ORIENTED_EDGE ( 'NONE', *, *, #4, .T. ) ;
#4270 = ORIENTED_EDGE ( 'NONE', *, *, #4584, .T. ) ;
#4271 = CARTESIAN_POINT ( 'NONE',  ( -13.70750441551722787, -2.500000000000000444, 10.87907729077129737 ) ) ;
#4272 = CIRCLE ( 'NONE', #1065, 0.4999999999999998890 ) ;
#4273 = EDGE_CURVE ( 'NONE', #612, #4306, #4968, .T. ) ;
#4274 = DIRECTION ( 'NONE',  ( 0.000000000000000000, 1.000000000000000000, 0.000000000000000000 ) ) ;
#4275 = ORIENTED_EDGE ( 'NONE', *, *, #4625, .T. ) ;
#4276 = EDGE_CURVE ( 'NONE', #418, #1020, #3441, .T. ) ;
#4277 = EDGE_CURVE ( 'NONE', #2080, #86, #5903, .T. ) ;
#4278 = ORIENTED_EDGE ( 'NONE', *, *, #2435, .T. ) ;
#4279 = DIRECTION ( 'NONE',  ( 0.000000000000000000, 0.000000000000000000, 1.000000000000000000 ) ) ;
#4280 = ORIENTED_EDGE ( 'NONE', *, *, #2097, .T. ) ;
#4281 = VERTEX_POINT ( 'NONE', #2930 ) ;
#4282 = EDGE_LOOP ( 'NONE', ( #1587, #1980, #1036, #4680 ) ) ;
#4283 = CARTESIAN_POINT ( 'NONE',  ( 13.70750441551736287, 2.500000000000000000, 10.87907729077112862 ) ) ;
#4284 = DIRECTION ( 'NONE',  ( 0.000000000000000000, 1.000000000000000000, 0.000000000000000000 ) ) ;
#4285 = EDGE_CURVE ( 'NONE', #1427, #5253, #2704, .T. ) ;
#4286 = AXIS2_PLACEMENT_3D ( 'NONE', #1275, #3770, #5263 ) ;
#4287 = CARTESIAN_POINT ( 'NONE',  ( -18.37878657361165580, 3.000000000000000000, -2.114285714285553563 ) ) ;
#4288 = CARTESIAN_POINT ( 'NONE',  ( 0.000000000000000000, 3.000000000000000000, 0.000000000000000000 ) ) ;
#4289 = FACE_OUTER_BOUND ( 'NONE', #2676, .T. ) ;
#4290 = ORIENTED_EDGE ( 'NONE', *, *, #5313, .T. ) ;
#4291 = CIRCLE ( 'NONE', #5223, 18.00000000000000355 ) ;
#4292 = DIRECTION ( 'NONE',  ( -0.5078765015848101250, 0.000000000000000000, 0.8614298921781008422 ) ) ;
#4293 = EDGE_CURVE ( 'NONE', #361, #58, #2185, .T. ) ;
#4294 = AXIS2_PLACEMENT_3D ( 'NONE', #5850, #2874, #1865 ) ;
#4295 =( GEOMETRIC_REPRESENTATION_CONTEXT ( 3 ) GLOBAL_UNCERTAINTY_ASSIGNED_CONTEXT ( ( #2064 ) ) GLOBAL_UNIT_ASSIGNED_CONTEXT ( ( #2951, #2912, #4402 ) ) REPRESENTATION_CONTEXT ( 'NONE', 'WORKASPACE' ) );
#4296 = CARTESIAN_POINT ( 'NONE',  ( -1.749999999999917843, -2.500000000000000444, 6.777720855863002214 ) ) ;
#4297 = DIRECTION ( 'NONE',  ( 0.000000000000000000, 1.000000000000000000, 0.000000000000000000 ) ) ;
#4298 = DIRECTION ( 'NONE',  ( -0.000000000000000000, -1.000000000000000000, -0.000000000000000000 ) ) ;
#4299 = MANIFOLD_SOLID_BREP ( 'CirPattern1', #1085 ) ;
#4300 = ORIENTED_EDGE ( 'NONE', *, *, #2056, .T. ) ;
#4301 = AXIS2_PLACEMENT_3D ( 'NONE', #185, #4124, #6102 ) ;
#4302 = DIRECTION ( 'NONE',  ( 0.000000000000000000, 0.000000000000000000, 1.000000000000000000 ) ) ;
#4303 = CARTESIAN_POINT ( 'NONE',  ( 13.70750441551736287, 2.500000000000000000, 11.87907729077112684 ) ) ;
#4304 = DIRECTION ( 'NONE',  ( 0.000000000000000000, 0.000000000000000000, 1.000000000000000000 ) ) ;
#4305 = EDGE_LOOP ( 'NONE', ( #3000, #6297, #6020, #3015 ) ) ;
#4306 = VERTEX_POINT ( 'NONE', #2024 ) ;
#4307 = DIRECTION ( 'NONE',  ( 1.000000000000000000, 0.000000000000000000, 0.000000000000000000 ) ) ;
#4308 = DIRECTION ( 'NONE',  ( 0.000000000000000000, 0.000000000000000000, 1.000000000000000000 ) ) ;
#4309 = ORIENTED_EDGE ( 'NONE', *, *, #625, .T. ) ;
#4310 = DIRECTION ( 'NONE',  ( 0.7071067811865475727, 0.000000000000000000, -0.7071067811865475727 ) ) ;
#4311 = ORIENTED_EDGE ( 'NONE', *, *, #5293, .T. ) ;
#4312 = ADVANCED_FACE ( 'NONE', ( #3386 ), #3325, .T. ) ;
#4313 = ORIENTED_EDGE ( 'NONE', *, *, #5164, .T. ) ;
#4314 = CARTESIAN_POINT ( 'NONE',  ( 0.9999999999999085176, -3.000000000000000000, -17.38533865071371309 ) ) ;
#4315 = CARTESIAN_POINT ( 'NONE',  ( -2.057142857142640224, -2.500000000000000444, 17.88206261216269866 ) ) ;
#4316 = CARTESIAN_POINT ( 'NONE',  ( -7.745966692414821608, -2.500000000000000444, 1.000000000000081046 ) ) ;
#4317 = CARTESIAN_POINT ( 'NONE',  ( -17.38533865071372020, 3.000000000000000000, -0.9999999999998482325 ) ) ;
#4318 = CARTESIAN_POINT ( 'NONE',  ( -6.891439137424789863, 2.500000000000000444, -4.063012012678504092 ) ) ;
#4319 = ADVANCED_FACE ( 'NONE', ( #2967 ), #5394, .T. ) ;
#4320 = ORIENTED_EDGE ( 'NONE', *, *, #6327, .T. ) ;
#4321 = CARTESIAN_POINT ( 'NONE',  ( 1.999999999999958922, 2.500000000000000000, -7.745966692414842925 ) ) ;
#4322 = CARTESIAN_POINT ( 'NONE',  ( 11.58618407195769606, 2.500000000000000000, 13.00039763433079365 ) ) ;
#4323 = LINE ( 'NONE', #5305, #4704 ) ;
#4324 = LINE ( 'NONE', #6295, #5234 ) ;
#4325 = AXIS2_PLACEMENT_3D ( 'NONE', #2012, #3985, #5960 ) ;
#4326 = EDGE_CURVE ( 'NONE', #4964, #428, #1773, .T. ) ;
#4327 = TOROIDAL_SURFACE ( 'NONE', #5152, 1.000000000000000000, 0.5000000000000000000 ) ;
#4328 = ORIENTED_EDGE ( 'NONE', *, *, #2933, .T. ) ;
#4329 = CARTESIAN_POINT ( 'NONE',  ( -1.999999999999999112, -3.000000000000000000, -17.38533865071370954 ) ) ;
#4330 = CIRCLE ( 'NONE', #2991, 7.500000000000000888 ) ;
#4331 = CARTESIAN_POINT ( 'NONE',  ( 0.000000000000000000, 3.000000000000000000, 0.000000000000000000 ) ) ;
#4332 = ORIENTED_EDGE ( 'NONE', *, *, #6220, .F. ) ;
#4333 = EDGE_CURVE ( 'NONE', #5996, #3497, #3058, .T. ) ;
#4334 = EDGE_LOOP ( 'NONE', ( #3815, #2167, #3024, #90, #2139, #4652, #5355, #1378, #3755 ) ) ;
#4335 = VECTOR ( 'NONE', #5648, 1000.000000000000000 ) ;
#4336 = CARTESIAN_POINT ( 'NONE',  ( -1.000000000000000000, 3.000000000000000000, -17.38533865071370954 ) ) ;
#4337 = ORIENTED_EDGE ( 'NONE', *, *, #3403, .F. ) ;
#4338 = LINE ( 'NONE', #5469, #6219 ) ;
#4339 = ORIENTED_EDGE ( 'NONE', *, *, #5506, .F. ) ;
#4340 = DIRECTION ( 'NONE',  ( 1.000000000000000000, 0.000000000000000000, -3.491481338843134144E-15 ) ) ;
#4341 = VERTEX_POINT ( 'NONE', #2666 ) ;
#4342 = CARTESIAN_POINT ( 'NONE',  ( 13.70750441551730425, -3.000000000000000000, -10.87907729077119789 ) ) ;
#4343 = ADVANCED_FACE ( 'NONE', ( #4603 ), #3629, .F. ) ;
#4344 = CARTESIAN_POINT ( 'NONE',  ( -13.70750441551743570, 2.500000000000000000, -10.87907729077102914 ) ) ;
#4345 = DIRECTION ( 'NONE',  ( 0.000000000000000000, 1.000000000000000000, 0.000000000000000000 ) ) ;
#4346 = DIRECTION ( 'NONE',  ( -0.7071067811865457964, -0.000000000000000000, 0.7071067811865492381 ) ) ;
#4347 = AXIS2_PLACEMENT_3D ( 'NONE', #685, #4588, #4723 ) ;
#4348 = CIRCLE ( 'NONE', #1557, 1.000000000000000000 ) ;
#4349 = EDGE_LOOP ( 'NONE', ( #3511, #5458, #5133, #1561 ) ) ;
#4350 = DIRECTION ( 'NONE',  ( 0.7071067811865536790, -0.000000000000000000, 0.7071067811865413555 ) ) ;
#4351 = EDGE_CURVE ( 'NONE', #925, #2301, #436, .T. ) ;
#4352 = CIRCLE ( 'NONE', #4772, 0.4999999999999995559 ) ;
#4353 = EDGE_CURVE ( 'NONE', #6068, #3204, #4359, .T. ) ;
#4354 = CARTESIAN_POINT ( 'NONE',  ( 4.063012012678529850, 2.500000000000000444, -6.891439137424775652 ) ) ;
#4355 = DIRECTION ( 'NONE',  ( 0.000000000000000000, 1.000000000000000000, 0.000000000000000000 ) ) ;
#4356 = FACE_OUTER_BOUND ( 'NONE', #2543, .T. ) ;
#4357 = EDGE_CURVE ( 'NONE', #3339, #5664, #6117, .T. ) ;
#4358 = ORIENTED_EDGE ( 'NONE', *, *, #4840, .T. ) ;
#4359 = CIRCLE ( 'NONE', #1365, 0.9999999999999991118 ) ;
#4360 = EDGE_CURVE ( 'NONE', #5145, #4939, #642, .T. ) ;
#4361 = DIRECTION ( 'NONE',  ( -1.000000000000000000, 0.000000000000000000, 0.000000000000000000 ) ) ;
#4362 = CIRCLE ( 'NONE', #5192, 1.000000000000000000 ) ;
#4363 = AXIS2_PLACEMENT_3D ( 'NONE', #4916, #1943, #489 ) ;
#4364 = LINE ( 'NONE', #5884, #2111 ) ;
#4365 = EDGE_CURVE ( 'NONE', #2777, #117, #3666, .T. ) ;
#4366 = ORIENTED_EDGE ( 'NONE', *, *, #3614, .T. ) ;
#4367 = EDGE_LOOP ( 'NONE', ( #547, #730, #3332, #3468 ) ) ;
#4368 = CIRCLE ( 'NONE', #645, 0.5000000000000000000 ) ;
#4369 = CARTESIAN_POINT ( 'NONE',  ( -14.49079038211843518, -2.500000000000000444, -11.50073885024366405 ) ) ;
#4370 = CIRCLE ( 'NONE', #1574, 0.9999999999999991118 ) ;
#4371 = AXIS2_PLACEMENT_3D ( 'NONE', #1700, #2707, #180 ) ;
#4372 = ORIENTED_EDGE ( 'NONE', *, *, #3209, .T. ) ;
#4373 = EDGE_CURVE ( 'NONE', #4501, #124, #5645, .T. ) ;
#4374 = CARTESIAN_POINT ( 'NONE',  ( 1.500000000000000000, 2.500000000000000000, 7.745966692414832266 ) ) ;
#4375 = EDGE_LOOP ( 'NONE', ( #4684, #6342, #3728, #366 ) ) ;
#4376 = AXIS2_PLACEMENT_3D ( 'NONE', #3019, #2989, #3991 ) ;
#4377 = AXIS2_PLACEMENT_3D ( 'NONE', #1621, #1108, #2044 ) ;
#4378 = CARTESIAN_POINT ( 'NONE',  ( 10.87907729077115171, 2.500000000000000000, 13.70750441551733800 ) ) ;
#4379 = ORIENTED_EDGE ( 'NONE', *, *, #2262, .T. ) ;
#4380 = LINE ( 'NONE', #3402, #1256 ) ;
#4381 = DIRECTION ( 'NONE',  ( 0.000000000000000000, 0.000000000000000000, 1.000000000000000000 ) ) ;
#4382 = AXIS2_PLACEMENT_3D ( 'NONE', #825, #6221, #2799 ) ;
#4383 = DIRECTION ( 'NONE',  ( 0.7071067811865545671, 0.000000000000000000, 0.7071067811865406894 ) ) ;
#4384 = DIRECTION ( 'NONE',  ( 0.000000000000000000, 0.000000000000000000, 1.000000000000000000 ) ) ;
#4385 = DIRECTION ( 'NONE',  ( 0.000000000000000000, 0.000000000000000000, 1.000000000000000000 ) ) ;
#4386 = VERTEX_POINT ( 'NONE', #3081 ) ;
#4387 = AXIS2_PLACEMENT_3D ( 'NONE', #4331, #3939, #1842 ) ;
#4388 = AXIS2_PLACEMENT_3D ( 'NONE', #2442, #3377, #493 ) ;
#4389 = DIRECTION ( 'NONE',  ( -0.000000000000000000, -1.000000000000000000, -0.000000000000000000 ) ) ;
#4390 = DIRECTION ( 'NONE',  ( 1.000000000000000000, -0.000000000000000000, -8.715250743307478842E-15 ) ) ;
#4391 = CARTESIAN_POINT ( 'NONE',  ( -1.750000000000000000, -3.000000000000000000, -6.777720855862980009 ) ) ;
#4392 = AXIS2_PLACEMENT_3D ( 'NONE', #6135, #3184, #1148 ) ;
#4393 = VERTEX_POINT ( 'NONE', #5027 ) ;
#4394 = EDGE_CURVE ( 'NONE', #5281, #5664, #4085, .T. ) ;
#4395 = CIRCLE ( 'NONE', #1602, 20.00000000000000355 ) ;
#4396 = CIRCLE ( 'NONE', #6047, 0.5000000000000000000 ) ;
#4397 = CARTESIAN_POINT ( 'NONE',  ( -6.777720855862995997, 2.500000000000000000, -1.749999999999940936 ) ) ;
#4398 = FACE_OUTER_BOUND ( 'NONE', #2121, .T. ) ;
#4399 = ORIENTED_EDGE ( 'NONE', *, *, #4514, .T. ) ;
#4400 = CIRCLE ( 'NONE', #4083, 0.5000000000000004441 ) ;
#4401 = EDGE_LOOP ( 'NONE', ( #3569, #6296, #5138, #4076, #2485 ) ) ;
#4402 =( NAMED_UNIT ( * ) SI_UNIT ( $, .STERADIAN. ) SOLID_ANGLE_UNIT ( ) );
#4403 = EDGE_CURVE ( 'NONE', #4232, #128, #118, .T. ) ;
#4404 = DIRECTION ( 'NONE',  ( -0.1142857142857092029, 0.000000000000000000, 0.9934479228979269383 ) ) ;
#4405 = EDGE_LOOP ( 'NONE', ( #5256, #1665, #1189, #5267 ) ) ;
#4406 = CARTESIAN_POINT ( 'NONE',  ( 1.999999999999908518, -3.000000000000000000, -17.38533865071372020 ) ) ;
#4407 = VERTEX_POINT ( 'NONE', #2569 ) ;
#4408 = VERTEX_POINT ( 'NONE', #731 ) ;
#4409 = AXIS2_PLACEMENT_3D ( 'NONE', #4809, #2321, #4216 ) ;
#4410 = DIRECTION ( 'NONE',  ( 0.000000000000000000, 1.000000000000000000, 0.000000000000000000 ) ) ;
#4411 = ADVANCED_FACE ( 'NONE', ( #1595 ), #4111, .F. ) ;
#4412 = ORIENTED_EDGE ( 'NONE', *, *, #3526, .F. ) ;
#4413 = LINE ( 'NONE', #918, #4145 ) ;
#4414 = DIRECTION ( 'NONE',  ( 0.000000000000000000, 1.000000000000000000, 0.000000000000000000 ) ) ;
#4415 = CARTESIAN_POINT ( 'NONE',  ( -7.745966692414844701, -2.500000000000000444, -1.499999999999932276 ) ) ;
#4416 = CARTESIAN_POINT ( 'NONE',  ( -17.38533865071372730, 2.500000000000000000, -1.999999999999847899 ) ) ;
#4417 = ORIENTED_EDGE ( 'NONE', *, *, #5913, .T. ) ;
#4418 = CARTESIAN_POINT ( 'NONE',  ( -1.000000000000000000, 2.500000000000000000, -7.745966692414832266 ) ) ;
#4419 = DIRECTION ( 'NONE',  ( 0.000000000000000000, 0.000000000000000000, 1.000000000000000000 ) ) ;
#4420 = CARTESIAN_POINT ( 'NONE',  ( 0.000000000000000000, -2.500000000000000444, 0.000000000000000000 ) ) ;
#4421 = PLANE ( 'NONE',  #2366 ) ;
#4422 = CARTESIAN_POINT ( 'NONE',  ( -17.38533865071368822, -3.000000000000000000, 2.000000000000181188 ) ) ;
#4423 = DIRECTION ( 'NONE',  ( 0.7071067811865475727, 0.000000000000000000, -0.7071067811865475727 ) ) ;
#4424 = ORIENTED_EDGE ( 'NONE', *, *, #3112, .T. ) ;
#4425 = EDGE_LOOP ( 'NONE', ( #5529, #4775, #893, #319 ) ) ;
#4426 = FACE_OUTER_BOUND ( 'NONE', #2271, .T. ) ;
#4427 = EDGE_CURVE ( 'NONE', #2337, #805, #6062, .T. ) ;
#4428 = CARTESIAN_POINT ( 'NONE',  ( 7.745966692414835819, -2.499999999999999556, 1.999999999999985789 ) ) ;
#4429 = VERTEX_POINT ( 'NONE', #2598 ) ;
#4430 = VERTEX_POINT ( 'NONE', #237 ) ;
#4431 = DIRECTION ( 'NONE',  ( -0.000000000000000000, -1.000000000000000000, -0.000000000000000000 ) ) ;
#4432 = EDGE_CURVE ( 'NONE', #2130, #3004, #4045, .T. ) ;
#4433 = ORIENTED_EDGE ( 'NONE', *, *, #1622, .F. ) ;
#4434 = EDGE_CURVE ( 'NONE', #3480, #2188, #4252, .T. ) ;
#4435 = CARTESIAN_POINT ( 'NONE',  ( 4.063012012678565377, -2.499999999999999556, 6.391439137424754335 ) ) ;
#4436 = ORIENTED_EDGE ( 'NONE', *, *, #4800, .F. ) ;
#4437 = TOROIDAL_SURFACE ( 'NONE', #727, 7.000000000000000888, 0.5000000000000000000 ) ;
#4438 = EDGE_LOOP ( 'NONE', ( #1302, #4328, #3293, #1237 ) ) ;
#4439 = EDGE_CURVE ( 'NONE', #5247, #428, #1140, .T. ) ;
#4440 = CARTESIAN_POINT ( 'NONE',  ( 1.000000000000000000, -3.000000000000000000, 7.745966692414832266 ) ) ;
#4441 = ORIENTED_EDGE ( 'NONE', *, *, #625, .F. ) ;
#4442 = CARTESIAN_POINT ( 'NONE',  ( -17.38533865071372730, -2.500000000000000444, -1.999999999999847899 ) ) ;
#4443 = CIRCLE ( 'NONE', #4752, 0.5000000000000004441 ) ;
#4444 = ADVANCED_FACE ( 'NONE', ( #4631 ), #2914, .T. ) ;
#4445 = DIRECTION ( 'NONE',  ( -0.7071067811865451302, -0.000000000000000000, 0.7071067811865499042 ) ) ;
#4446 = CARTESIAN_POINT ( 'NONE',  ( -11.18990807050747271, 3.001000000000000334, -14.09914739881783596 ) ) ;
#4447 = ORIENTED_EDGE ( 'NONE', *, *, #6129, .F. ) ;
#4448 = DIRECTION ( 'NONE',  ( 0.000000000000000000, 1.000000000000000000, 0.000000000000000000 ) ) ;
#4449 = DIRECTION ( 'NONE',  ( -1.776356839400250465E-15, 0.000000000000000000, 1.000000000000000000 ) ) ;
#4450 = CARTESIAN_POINT ( 'NONE',  ( 17.38533865071371309, -3.000000000000000000, 1.999999999999968914 ) ) ;
#4451 = DIRECTION ( 'NONE',  ( 0.000000000000000000, 0.000000000000000000, 1.000000000000000000 ) ) ;
#4452 = DIRECTION ( 'NONE',  ( -1.000000000000000000, 0.000000000000000000, 6.938893903907228378E-15 ) ) ;
#4453 = ORIENTED_EDGE ( 'NONE', *, *, #399, .F. ) ;
#4454 = AXIS2_PLACEMENT_3D ( 'NONE', #6006, #2003, #5977 ) ;
#4455 = VECTOR ( 'NONE', #2587, 1000.000000000000000 ) ;
#4456 = ORIENTED_EDGE ( 'NONE', *, *, #2148, .F. ) ;
#4457 = CARTESIAN_POINT ( 'NONE',  ( 7.261843774138901253, 2.500000000000000000, -1.875000000000025091 ) ) ;
#4458 = CARTESIAN_POINT ( 'NONE',  ( 7.745966692414835819, 2.500000000000000444, 1.999999999999985789 ) ) ;
#4459 = ORIENTED_EDGE ( 'NONE', *, *, #2426, .F. ) ;
#4460 = AXIS2_PLACEMENT_3D ( 'NONE', #1282, #2871, #774 ) ;
#4461 = ORIENTED_EDGE ( 'NONE', *, *, #2936, .T. ) ;
#4462 = EDGE_CURVE ( 'NONE', #428, #4430, #3113, .T. ) ;
#4463 = TOROIDAL_SURFACE ( 'NONE', #539, 1.000000000000000000, 0.5000000000000000000 ) ;
#4464 = ORIENTED_EDGE ( 'NONE', *, *, #1633, .F. ) ;
#4465 = AXIS2_PLACEMENT_3D ( 'NONE', #3175, #5079, #4015 ) ;
#4466 = DIRECTION ( 'NONE',  ( 0.000000000000000000, 0.000000000000000000, 1.000000000000000000 ) ) ;
#4467 = AXIS2_PLACEMENT_3D ( 'NONE', #420, #1907, #3878 ) ;
#4468 = VERTEX_POINT ( 'NONE', #828 ) ;
#4469 = AXIS2_PLACEMENT_3D ( 'NONE', #2522, #484, #6367 ) ;
#4470 = FACE_OUTER_BOUND ( 'NONE', #5170, .T. ) ;
#4471 = VERTEX_POINT ( 'NONE', #4213 ) ;
#4472 = DIRECTION ( 'NONE',  ( 0.000000000000000000, 0.000000000000000000, 1.000000000000000000 ) ) ;
#4473 = EDGE_CURVE ( 'NONE', #4760, #4585, #5771, .T. ) ;
#4474 = CIRCLE ( 'NONE', #5611, 0.5000000000000000000 ) ;
#4475 = AXIS2_PLACEMENT_3D ( 'NONE', #6353, #4774, #3254 ) ;
#4476 = CIRCLE ( 'NONE', #235, 0.5000000000000000000 ) ;
#4477 = DIRECTION ( 'NONE',  ( 0.000000000000000000, 1.000000000000000000, 0.000000000000000000 ) ) ;
#4478 = DIRECTION ( 'NONE',  ( 0.000000000000000000, 0.000000000000000000, 1.000000000000000000 ) ) ;
#4479 = ORIENTED_EDGE ( 'NONE', *, *, #3364, .T. ) ;
#4480 = CARTESIAN_POINT ( 'NONE',  ( 3.555135511093746370, -3.000000000000000000, 6.030009245246662708 ) ) ;
#4481 = ADVANCED_FACE ( 'NONE', ( #1759 ), #401, .T. ) ;
#4482 = VECTOR ( 'NONE', #2769, 1000.000000000000000 ) ;
#4483 = DIRECTION ( 'NONE',  ( 0.000000000000000000, 0.000000000000000000, 1.000000000000000000 ) ) ;
#4484 = CIRCLE ( 'NONE', #5302, 0.5000000000000005551 ) ;
#4485 = CARTESIAN_POINT ( 'NONE',  ( 1.750000000000000000, 3.000000000000000000, 6.777720855862980009 ) ) ;
#4486 = FACE_OUTER_BOUND ( 'NONE', #4282, .T. ) ;
#4487 = DIRECTION ( 'NONE',  ( 0.000000000000000000, 1.000000000000000000, 0.000000000000000000 ) ) ;
#4488 = CIRCLE ( 'NONE', #3505, 0.5000000000000006661 ) ;
#4489 = VERTEX_POINT ( 'NONE', #6225 ) ;
#4490 = EDGE_CURVE ( 'NONE', #5793, #4941, #5706, .T. ) ;
#4491 = ORIENTED_EDGE ( 'NONE', *, *, #1111, .F. ) ;
#4492 = AXIS2_PLACEMENT_3D ( 'NONE', #1, #5933, #1009 ) ;
#4493 = FACE_OUTER_BOUND ( 'NONE', #5694, .T. ) ;
#4494 = DIRECTION ( 'NONE',  ( 0.9934479228979272714, -8.673617379884044347E-16, 0.1142857142857057751 ) ) ;
#4495 = EDGE_LOOP ( 'NONE', ( #1210, #1710, #855, #2558 ) ) ;
#4496 = AXIS2_PLACEMENT_3D ( 'NONE', #1032, #2531, #1585 ) ;
#4497 = ORIENTED_EDGE ( 'NONE', *, *, #2649, .T. ) ;
#4498 = AXIS2_PLACEMENT_3D ( 'NONE', #6074, #6101, #151 ) ;
#4499 = CIRCLE ( 'NONE', #3777, 1.000000000000000888 ) ;
#4500 = CARTESIAN_POINT ( 'NONE',  ( 11.97654411277920872, -2.500000000000000444, -13.39075767515243598 ) ) ;
#4501 = VERTEX_POINT ( 'NONE', #4314 ) ;
#4502 = CARTESIAN_POINT ( 'NONE',  ( -3.555135511093746370, -3.000000000000000000, -6.030009245246662708 ) ) ;
#4503 = DIRECTION ( 'NONE',  ( 0.000000000000000000, 0.000000000000000000, 1.000000000000000000 ) ) ;
#4504 = VECTOR ( 'NONE', #143, 1000.000000000000000 ) ;
#4505 = VERTEX_POINT ( 'NONE', #2248 ) ;
#4506 = DIRECTION ( 'NONE',  ( 0.000000000000000000, 0.000000000000000000, 1.000000000000000000 ) ) ;
#4507 = ORIENTED_EDGE ( 'NONE', *, *, #5620, .T. ) ;
#4508 = CARTESIAN_POINT ( 'NONE',  ( 1.999999999999999112, -2.499999999999999556, 17.38533865071370954 ) ) ;
#4509 = CARTESIAN_POINT ( 'NONE',  ( 0.000000000000000000, -0.5000000000000000000, 20.00000000000000355 ) ) ;
#4510 = EDGE_CURVE ( 'NONE', #4811, #2188, #3211, .T. ) ;
#4511 = ORIENTED_EDGE ( 'NONE', *, *, #1867, .T. ) ;
#4512 = DIRECTION ( 'NONE',  ( -0.000000000000000000, -1.000000000000000000, -0.000000000000000000 ) ) ;
#4513 = CARTESIAN_POINT ( 'NONE',  ( -13.70750441551722787, 3.000000000000000000, 10.87907729077129737 ) ) ;
#4514 = EDGE_CURVE ( 'NONE', #857, #3682, #5912, .T. ) ;
#4515 = DIRECTION ( 'NONE',  ( 7.993605777301127091E-15, 0.000000000000000000, 1.000000000000000000 ) ) ;
#4516 = DIRECTION ( 'NONE',  ( -0.7071067811865499042, 0.000000000000000000, -0.7071067811865451302 ) ) ;
#4517 = ADVANCED_FACE ( 'NONE', ( #3310 ), #2295, .T. ) ;
#4518 = DIRECTION ( 'NONE',  ( 0.000000000000000000, 1.000000000000000000, 0.000000000000000000 ) ) ;
#4519 = EDGE_LOOP ( 'NONE', ( #331, #2679, #1942, #4561 ) ) ;
#4520 = ORIENTED_EDGE ( 'NONE', *, *, #1199, .F. ) ;
#4521 = CARTESIAN_POINT ( 'NONE',  ( 0.9999999999999588107, 3.000000000000000000, -7.745966692414838484 ) ) ;
#4522 = ADVANCED_FACE ( 'NONE', ( #6194 ), #950, .T. ) ;
#4523 = CARTESIAN_POINT ( 'NONE',  ( -1.999999999999999112, 3.001000000000000334, -17.88533865071370954 ) ) ;
#4524 = ORIENTED_EDGE ( 'NONE', *, *, #3345, .T. ) ;
#4525 = EDGE_LOOP ( 'NONE', ( #1721, #4762, #4874, #5751 ) ) ;
#4526 = DIRECTION ( 'NONE',  ( -0.7071067811865437980, 0.000000000000000000, 0.7071067811865513475 ) ) ;
#4527 = ORIENTED_EDGE ( 'NONE', *, *, #5022, .F. ) ;
#4528 = ADVANCED_FACE ( 'NONE', ( #766 ), #862, .T. ) ;
#4529 = CARTESIAN_POINT ( 'NONE',  ( 1.000000000000000000, -3.000000000000000000, 0.000000000000000000 ) ) ;
#4530 = DIRECTION ( 'NONE',  ( -0.000000000000000000, -1.000000000000000000, -0.000000000000000000 ) ) ;
#4531 = ORIENTED_EDGE ( 'NONE', *, *, #4434, .T. ) ;
#4532 = DIRECTION ( 'NONE',  ( 0.2500000000000032752, 0.000000000000000000, 0.9682458365518533672 ) ) ;
#4533 = VERTEX_POINT ( 'NONE', #5262 ) ;
#4534 = FACE_OUTER_BOUND ( 'NONE', #5330, .T. ) ;
#4535 = CIRCLE ( 'NONE', #1855, 7.000000000000000888 ) ;
#4536 = CARTESIAN_POINT ( 'NONE',  ( -1.999999999999788836, 3.000000000000000000, 18.38533865071373441 ) ) ;
#4537 = ORIENTED_EDGE ( 'NONE', *, *, #3554, .F. ) ;
#4538 = DIRECTION ( 'NONE',  ( -1.000000000000000000, 0.000000000000000000, 3.469446951953614189E-15 ) ) ;
#4539 = FACE_OUTER_BOUND ( 'NONE', #2983, .T. ) ;
#4540 = EDGE_CURVE ( 'NONE', #5795, #5731, #2191, .T. ) ;
#4541 = FACE_OUTER_BOUND ( 'NONE', #3940, .T. ) ;
#4542 = FACE_OUTER_BOUND ( 'NONE', #6370, .T. ) ;
#4543 = DIRECTION ( 'NONE',  ( 0.7071067811865457964, -8.673617379884045333E-16, -0.7071067811865492381 ) ) ;
#4544 = FACE_OUTER_BOUND ( 'NONE', #5463, .T. ) ;
#4545 = EDGE_CURVE ( 'NONE', #5795, #971, #5228, .T. ) ;
#4546 = EDGE_LOOP ( 'NONE', ( #45, #915, #5539, #6205 ) ) ;
#4547 = CARTESIAN_POINT ( 'NONE',  ( 7.745966692414826937, 2.500000000000000000, -1.500000000000027089 ) ) ;
#4548 = DIRECTION ( 'NONE',  ( 0.9682458365518544774, -1.377117319837502945E-17, -0.2499999999999996392 ) ) ;
#4549 = ORIENTED_EDGE ( 'NONE', *, *, #3841, .T. ) ;
#4550 = EDGE_LOOP ( 'NONE', ( #797, #6218, #5017, #4950 ) ) ;
#4551 = CIRCLE ( 'NONE', #4137, 2.499999999999998668 ) ;
#4552 = CARTESIAN_POINT ( 'NONE',  ( 4.063012012678529850, -3.000000000000000000, -5.891439137424775652 ) ) ;
#4553 = EDGE_CURVE ( 'NONE', #1825, #3892, #3631, .T. ) ;
#4554 = ORIENTED_EDGE ( 'NONE', *, *, #4706, .F. ) ;
#4555 = AXIS2_PLACEMENT_3D ( 'NONE', #3110, #2116, #2698 ) ;
#4556 = CIRCLE ( 'NONE', #747, 0.5000000000000000000 ) ;
#4557 = CARTESIAN_POINT ( 'NONE',  ( 17.38533865071371309, 3.000000000000000000, 1.499999999999969580 ) ) ;
#4558 = CYLINDRICAL_SURFACE ( 'NONE', #5336, 0.5000000000000004441 ) ;
#4559 = ORIENTED_EDGE ( 'NONE', *, *, #807, .F. ) ;
#4560 = DIRECTION ( 'NONE',  ( -0.7071067811865510144, -8.673617379884023639E-16, -0.7071067811865441310 ) ) ;
#4561 = ORIENTED_EDGE ( 'NONE', *, *, #634, .F. ) ;
#4562 = EDGE_CURVE ( 'NONE', #668, #587, #341, .T. ) ;
#4563 = DIRECTION ( 'NONE',  ( -6.938893903907228378E-15, -1.734723475976807094E-15, -1.000000000000000000 ) ) ;
#4564 = AXIS2_PLACEMENT_3D ( 'NONE', #1938, #3483, #5526 ) ;
#4565 = VECTOR ( 'NONE', #4006, 1000.000000000000000 ) ;
#4566 = EDGE_LOOP ( 'NONE', ( #5225, #1607, #6214, #796 ) ) ;
#4567 = CARTESIAN_POINT ( 'NONE',  ( 11.18990807050739456, 3.001000000000000334, -14.09914739881789814 ) ) ;
#4568 = DIRECTION ( 'NONE',  ( 0.7071067811865398012, 0.000000000000000000, -0.7071067811865553443 ) ) ;
#4569 = AXIS2_PLACEMENT_3D ( 'NONE', #4739, #2776, #3899 ) ;
#4570 = VECTOR ( 'NONE', #5547, 1000.000000000000000 ) ;
#4571 = AXIS2_PLACEMENT_3D ( 'NONE', #5522, #1090, #4150 ) ;
#4572 = DIRECTION ( 'NONE',  ( -0.9934479228979264942, -8.673617379884037444E-16, -0.1142857142857126307 ) ) ;
#4573 = DIRECTION ( 'NONE',  ( 0.1142857142857143377, 0.000000000000000000, 0.9934479228979262722 ) ) ;
#4574 = ORIENTED_EDGE ( 'NONE', *, *, #2148, .T. ) ;
#4575 = DIRECTION ( 'NONE',  ( 1.000000000000000000, 0.000000000000000000, -1.387778780781445676E-14 ) ) ;
#4576 = CIRCLE ( 'NONE', #1276, 1.000000000000000000 ) ;
#4577 = CARTESIAN_POINT ( 'NONE',  ( 0.000000000000000000, 2.500000000000000000, 0.000000000000000000 ) ) ;
#4578 = AXIS2_PLACEMENT_3D ( 'NONE', #3459, #1394, #940 ) ;
#4579 = EDGE_LOOP ( 'NONE', ( #3672, #2193, #1010, #1300 ) ) ;
#4580 = PLANE ( 'NONE',  #4185 ) ;
#4581 = AXIS2_PLACEMENT_3D ( 'NONE', #3836, #6236, #2286 ) ;
#4582 = CARTESIAN_POINT ( 'NONE',  ( -14.49079038211821313, 3.000000000000000000, 11.50073885024394293 ) ) ;
#4583 = ORIENTED_EDGE ( 'NONE', *, *, #927, .T. ) ;
#4584 = EDGE_CURVE ( 'NONE', #117, #179, #3425, .T. ) ;
#4585 = VERTEX_POINT ( 'NONE', #3347 ) ;
#4586 = CARTESIAN_POINT ( 'NONE',  ( -13.70750441551722787, 2.500000000000000000, 10.87907729077129737 ) ) ;
#4587 = VECTOR ( 'NONE', #1949, 1000.000000000000000 ) ;
#4588 = DIRECTION ( 'NONE',  ( 0.000000000000000000, 1.000000000000000000, 0.000000000000000000 ) ) ;
#4589 = DIRECTION ( 'NONE',  ( 0.000000000000000000, 0.000000000000000000, 1.000000000000000000 ) ) ;
#4590 = CARTESIAN_POINT ( 'NONE',  ( -1.500000000000000000, -2.500000000000000444, -7.745966692414832266 ) ) ;
#4591 = FACE_OUTER_BOUND ( 'NONE', #4035, .T. ) ;
#4592 = ADVANCED_FACE ( 'NONE', ( #4183 ), #1729, .T. ) ;
#4593 = AXIS2_PLACEMENT_3D ( 'NONE', #1685, #1332, #755 ) ;
#4594 = VERTEX_POINT ( 'NONE', #4893 ) ;
#4595 = CARTESIAN_POINT ( 'NONE',  ( 13.35395102492408803, -2.999999999999998224, 11.23263068136440523 ) ) ;
#4596 = ORIENTED_EDGE ( 'NONE', *, *, #1474, .F. ) ;
#4597 = DIRECTION ( 'NONE',  ( -0.000000000000000000, -1.000000000000000000, -0.000000000000000000 ) ) ;
#4598 = AXIS2_PLACEMENT_3D ( 'NONE', #1349, #6360, #4869 ) ;
#4599 = CARTESIAN_POINT ( 'NONE',  ( 0.000000000000000000, -2.500000000000000444, 0.000000000000000000 ) ) ;
#4600 = EDGE_CURVE ( 'NONE', #1783, #3648, #5402, .T. ) ;
#4601 = CIRCLE ( 'NONE', #4301, 0.5000000000000000000 ) ;
#4602 = ORIENTED_EDGE ( 'NONE', *, *, #220, .T. ) ;
#4603 = FACE_OUTER_BOUND ( 'NONE', #5487, .T. ) ;
#4604 = DIRECTION ( 'NONE',  ( 0.9682458365518554766, 0.000000000000000000, 0.2499999999999951150 ) ) ;
#4605 = VERTEX_POINT ( 'NONE', #6348 ) ;
#4606 = DIRECTION ( 'NONE',  ( -1.000000000000000000, 0.000000000000000000, 0.000000000000000000 ) ) ;
#4607 = ORIENTED_EDGE ( 'NONE', *, *, #5988, .T. ) ;
#4608 = DIRECTION ( 'NONE',  ( -1.000000000000000000, -1.504632769052529411E-30, 3.469446951953614583E-15 ) ) ;
#4609 = ORIENTED_EDGE ( 'NONE', *, *, #1668, .T. ) ;
#4610 = LINE ( 'NONE', #1152, #2941 ) ;
#4611 = CARTESIAN_POINT ( 'NONE',  ( -14.49079038211821491, -2.500000000000000000, 11.50073885024394293 ) ) ;
#4612 = DIRECTION ( 'NONE',  ( -0.000000000000000000, -1.000000000000000000, -0.000000000000000000 ) ) ;
#4613 = ORIENTED_EDGE ( 'NONE', *, *, #2753, .F. ) ;
#4614 = ORIENTED_EDGE ( 'NONE', *, *, #5855, .F. ) ;
#4615 = DIRECTION ( 'NONE',  ( 0.000000000000000000, 1.000000000000000000, 0.000000000000000000 ) ) ;
#4616 = ADVANCED_FACE ( 'NONE', ( #1922 ), #4463, .T. ) ;
#4617 = CARTESIAN_POINT ( 'NONE',  ( 0.7071067811865457964, 2.500000000000000000, -0.7071067811865481278 ) ) ;
#4618 = DIRECTION ( 'NONE',  ( 0.000000000000000000, 1.000000000000000000, 0.000000000000000000 ) ) ;
#4619 = ORIENTED_EDGE ( 'NONE', *, *, #6186, .F. ) ;
#4620 = VERTEX_POINT ( 'NONE', #5358 ) ;
#4621 = DIRECTION ( 'NONE',  ( -1.734723475976808672E-15, 0.000000000000000000, 1.000000000000000000 ) ) ;
#4622 = ORIENTED_EDGE ( 'NONE', *, *, #4584, .F. ) ;
#4623 = EDGE_CURVE ( 'NONE', #668, #2797, #1671, .T. ) ;
#4624 = DIRECTION ( 'NONE',  ( 0.000000000000000000, 1.000000000000000000, 0.000000000000000000 ) ) ;
#4625 = EDGE_CURVE ( 'NONE', #805, #3690, #4413, .T. ) ;
#4626 = DIRECTION ( 'NONE',  ( 0.000000000000000000, 1.000000000000000000, 0.000000000000000000 ) ) ;
#4627 = EDGE_CURVE ( 'NONE', #3859, #3689, #5385, .T. ) ;
#4628 = AXIS2_PLACEMENT_3D ( 'NONE', #94, #3073, #1617 ) ;
#4629 = AXIS2_PLACEMENT_3D ( 'NONE', #5878, #3931, #51 ) ;
#4630 = EDGE_LOOP ( 'NONE', ( #2183, #4602, #1834, #4674 ) ) ;
#4631 = FACE_OUTER_BOUND ( 'NONE', #1136, .T. ) ;
#4632 = DIRECTION ( 'NONE',  ( 1.000000000000000000, 0.000000000000000000, 0.000000000000000000 ) ) ;
#4633 = ADVANCED_FACE ( 'NONE', ( #2473 ), #1405, .F. ) ;
#4634 = AXIS2_PLACEMENT_3D ( 'NONE', #5692, #2200, #5729 ) ;
#4635 = EDGE_CURVE ( 'NONE', #4720, #3819, #3531, .T. ) ;
#4636 = CARTESIAN_POINT ( 'NONE',  ( 1.500000000000000000, -2.500000000000000444, 7.745966692414832266 ) ) ;
#4637 = CARTESIAN_POINT ( 'NONE',  ( 1.999999999999999112, -2.500000000000000444, 17.38533865071370954 ) ) ;
#4638 = CARTESIAN_POINT ( 'NONE',  ( 4.770118793865081308, 3.000000000000000000, -6.184332356238231299 ) ) ;
#4639 = AXIS2_PLACEMENT_3D ( 'NONE', #838, #3356, #5342 ) ;
#4640 = ORIENTED_EDGE ( 'NONE', *, *, #1264, .F. ) ;
#4641 = DIRECTION ( 'NONE',  ( 0.000000000000000000, 1.000000000000000000, 0.000000000000000000 ) ) ;
#4642 = EDGE_LOOP ( 'NONE', ( #6160, #2155, #226, #38 ) ) ;
#4643 = DIRECTION ( 'NONE',  ( 0.000000000000000000, 1.000000000000000000, 0.000000000000000000 ) ) ;
#4644 = DIRECTION ( 'NONE',  ( 0.000000000000000000, 0.000000000000000000, 1.000000000000000000 ) ) ;
#4645 = EDGE_LOOP ( 'NONE', ( #6086, #2425, #4464, #5599 ) ) ;
#4646 = DIRECTION ( 'NONE',  ( 0.000000000000000000, 0.000000000000000000, -1.000000000000000000 ) ) ;
#4647 = ORIENTED_EDGE ( 'NONE', *, *, #3215, .F. ) ;
#4648 = ORIENTED_EDGE ( 'NONE', *, *, #5237, .T. ) ;
#4649 = DIRECTION ( 'NONE',  ( -0.9682458365518546994, 0.000000000000000000, -0.2499999999999983902 ) ) ;
#4650 = CARTESIAN_POINT ( 'NONE',  ( 0.000000000000000000, -2.500000000000000444, 0.000000000000000000 ) ) ;
#4651 = CARTESIAN_POINT ( 'NONE',  ( -17.88206261216265602, 3.001000000000000334, 2.057142857143043901 ) ) ;
#4652 = ORIENTED_EDGE ( 'NONE', *, *, #3001, .F. ) ;
#4653 = CIRCLE ( 'NONE', #219, 0.5000000000000004441 ) ;
#4654 = AXIS2_PLACEMENT_3D ( 'NONE', #4288, #1313, #5362 ) ;
#4655 = ORIENTED_EDGE ( 'NONE', *, *, #4901, .T. ) ;
#4656 = FACE_BOUND ( 'NONE', #3473, .T. ) ;
#4657 = ORIENTED_EDGE ( 'NONE', *, *, #253, .F. ) ;
#4658 = DIRECTION ( 'NONE',  ( 0.000000000000000000, 0.000000000000000000, 1.000000000000000000 ) ) ;
#4659 = AXIS2_PLACEMENT_3D ( 'NONE', #5365, #4448, #2450 ) ;
#4660 = TOROIDAL_SURFACE ( 'NONE', #3422, 1.000000000000000000, 0.5000000000000000000 ) ;
#4661 = DIRECTION ( 'NONE',  ( 0.7071067811865401342, 0.000000000000000000, -0.7071067811865550112 ) ) ;
#4662 = VECTOR ( 'NONE', #1340, 1000.000000000000000 ) ;
#4663 = EDGE_CURVE ( 'NONE', #179, #826, #4380, .T. ) ;
#4664 = ORIENTED_EDGE ( 'NONE', *, *, #4685, .T. ) ;
#4665 = DIRECTION ( 'NONE',  ( -0.000000000000000000, -1.000000000000000000, -0.000000000000000000 ) ) ;
#4666 = FACE_OUTER_BOUND ( 'NONE', #3159, .T. ) ;
#4667 = AXIS2_PLACEMENT_3D ( 'NONE', #3379, #3860, #431 ) ;
#4668 = TOROIDAL_SURFACE ( 'NONE', #3337, 1.000000000000000000, 0.5000000000000000000 ) ;
#4669 = PLANE ( 'NONE',  #3190 ) ;
#4670 = DIRECTION ( 'NONE',  ( 0.000000000000000000, 0.000000000000000000, 1.000000000000000000 ) ) ;
#4671 = DIRECTION ( 'NONE',  ( 0.000000000000000000, 0.000000000000000000, 1.000000000000000000 ) ) ;
#4672 = AXIS2_PLACEMENT_3D ( 'NONE', #2581, #2005, #1514 ) ;
#4673 = EDGE_CURVE ( 'NONE', #1811, #5001, #4873, .T. ) ;
#4674 = ORIENTED_EDGE ( 'NONE', *, *, #2261, .T. ) ;
#4675 = CARTESIAN_POINT ( 'NONE',  ( 4.063012012678529850, -3.000000000000000000, -6.891439137424775652 ) ) ;
#4676 = CIRCLE ( 'NONE', #5716, 0.4999999999999995559 ) ;
#4677 = CIRCLE ( 'NONE', #1062, 18.00000000000000355 ) ;
#4678 = CARTESIAN_POINT ( 'NONE',  ( 1.874999999999999778, 2.500000000000000000, 7.261843774138907470 ) ) ;
#4679 = DIRECTION ( 'NONE',  ( 0.000000000000000000, 0.000000000000000000, -1.000000000000000000 ) ) ;
#4680 = ORIENTED_EDGE ( 'NONE', *, *, #5331, .T. ) ;
#4681 = AXIS2_PLACEMENT_3D ( 'NONE', #2412, #4414, #5965 ) ;
#4682 = CIRCLE ( 'NONE', #1066, 0.5000000000000004441 ) ;
#4683 = CARTESIAN_POINT ( 'NONE',  ( 2.057142857142856496, 3.001000000000000334, 17.88206261216267379 ) ) ;
#4684 = ORIENTED_EDGE ( 'NONE', *, *, #273, .T. ) ;
#4685 = EDGE_CURVE ( 'NONE', #835, #4103, #1054, .T. ) ;
#4686 = ORIENTED_EDGE ( 'NONE', *, *, #2456, .T. ) ;
#4687 = DIRECTION ( 'NONE',  ( 0.000000000000000000, 0.000000000000000000, 1.000000000000000000 ) ) ;
#4688 = CIRCLE ( 'NONE', #247, 0.5000000000000004441 ) ;
#4689 = CARTESIAN_POINT ( 'NONE',  ( 4.770118793865111506, -2.500000000000000000, 6.184332356238207318 ) ) ;
#4690 = CARTESIAN_POINT ( 'NONE',  ( 0.000000000000000000, 3.001000000000000334, 0.000000000000000000 ) ) ;
#4691 = CARTESIAN_POINT ( 'NONE',  ( 18.37878657361164159, 3.000000000000000000, 2.114285714285681461 ) ) ;
#4692 = ORIENTED_EDGE ( 'NONE', *, *, #321, .F. ) ;
#4693 = AXIS2_PLACEMENT_3D ( 'NONE', #3845, #3909, #6300 ) ;
#4694 = VERTEX_POINT ( 'NONE', #2444 ) ;
#4695 = CYLINDRICAL_SURFACE ( 'NONE', #267, 18.00000000000000355 ) ;
#4696 = ORIENTED_EDGE ( 'NONE', *, *, #4908, .F. ) ;
#4697 = DIRECTION ( 'NONE',  ( 5.218048215738235740E-15, -0.000000000000000000, 1.000000000000000000 ) ) ;
#4698 = AXIS2_PLACEMENT_3D ( 'NONE', #4378, #2985, #2371 ) ;
#4699 = CARTESIAN_POINT ( 'NONE',  ( -0.7071067811865550112, 2.500000000000000000, -0.7071067811865401342 ) ) ;
#4700 = CIRCLE ( 'NONE', #4496, 1.000000000000000888 ) ;
#4701 = ORIENTED_EDGE ( 'NONE', *, *, #6192, .F. ) ;
#4702 = DIRECTION ( 'NONE',  ( -1.214306433183764966E-14, -0.000000000000000000, -1.000000000000000000 ) ) ;
#4703 = CYLINDRICAL_SURFACE ( 'NONE', #2722, 0.5000000000000004441 ) ;
#4704 = VECTOR ( 'NONE', #875, 1000.000000000000114 ) ;
#4705 = TOROIDAL_SURFACE ( 'NONE', #6253, 1.000000000000000000, 0.5000000000000000000 ) ;
#4706 = EDGE_CURVE ( 'NONE', #1072, #5175, #6320, .T. ) ;
#4707 = DIRECTION ( 'NONE',  ( 0.000000000000000000, 0.000000000000000000, 1.000000000000000000 ) ) ;
#4708 = CARTESIAN_POINT ( 'NONE',  ( 13.70750441551730425, 2.500000000000000000, -10.87907729077119789 ) ) ;
#4709 = DIRECTION ( 'NONE',  ( -0.000000000000000000, -1.000000000000000000, -0.000000000000000000 ) ) ;
#4710 = ORIENTED_EDGE ( 'NONE', *, *, #3135, .F. ) ;
#4711 = CIRCLE ( 'NONE', #59, 18.50000000000000355 ) ;
#4712 = CARTESIAN_POINT ( 'NONE',  ( 0.000000000000000000, 3.000000000000000000, 0.000000000000000000 ) ) ;
#4713 = ADVANCED_FACE ( 'NONE', ( #1497 ), #2717, .T. ) ;
#4714 = EDGE_CURVE ( 'NONE', #2797, #2242, #4362, .T. ) ;
#4715 = DIRECTION ( 'NONE',  ( 0.000000000000000000, 1.000000000000000000, 0.000000000000000000 ) ) ;
#4716 = CARTESIAN_POINT ( 'NONE',  ( 17.38533865071371309, 3.000000000000000000, 1.999999999999968914 ) ) ;
#4717 = DIRECTION ( 'NONE',  ( 6.938893903907228378E-15, 0.000000000000000000, 1.000000000000000000 ) ) ;
#4718 = ORIENTED_EDGE ( 'NONE', *, *, #1920, .F. ) ;
#4719 = TOROIDAL_SURFACE ( 'NONE', #2244, 1.000000000000000000, 0.5000000000000000000 ) ;
#4720 = VERTEX_POINT ( 'NONE', #1037 ) ;
#4721 = CARTESIAN_POINT ( 'NONE',  ( 0.000000000000000000, 2.500000000000000000, 0.000000000000000000 ) ) ;
#4722 = ADVANCED_FACE ( 'NONE', ( #6312 ), #1886, .T. ) ;
#4723 = DIRECTION ( 'NONE',  ( 0.000000000000000000, 0.000000000000000000, 1.000000000000000000 ) ) ;
#4724 = DIRECTION ( 'NONE',  ( -0.6216615594726369043, -8.673617379884029556E-16, -0.7832859666009912569 ) ) ;
#4725 = FACE_OUTER_BOUND ( 'NONE', #6373, .T. ) ;
#4726 = ORIENTED_EDGE ( 'NONE', *, *, #5514, .F. ) ;
#4727 = VERTEX_POINT ( 'NONE', #3 ) ;
#4728 = CARTESIAN_POINT ( 'NONE',  ( 13.35395102492408803, 2.500000000000000000, 11.23263068136440523 ) ) ;
#4729 = ORIENTED_EDGE ( 'NONE', *, *, #5514, .T. ) ;
#4730 = DIRECTION ( 'NONE',  ( 0.000000000000000000, 1.000000000000000000, 0.000000000000000000 ) ) ;
#4731 = EDGE_CURVE ( 'NONE', #1446, #6407, #1882, .T. ) ;
#4732 = CARTESIAN_POINT ( 'NONE',  ( 3.809073761886121900, 3.001000000000000334, -6.460724191335729394 ) ) ;
#4733 = ORIENTED_EDGE ( 'NONE', *, *, #3371, .T. ) ;
#4734 = EDGE_LOOP ( 'NONE', ( #2719, #4453, #2145, #6115 ) ) ;
#4735 = DIRECTION ( 'NONE',  ( -0.000000000000000000, -1.000000000000000000, -0.000000000000000000 ) ) ;
#4736 = CARTESIAN_POINT ( 'NONE',  ( -2.114285714285713436, -3.000000000000000000, -18.37878657361163803 ) ) ;
#4737 = CARTESIAN_POINT ( 'NONE',  ( -4.063012012678481000, 2.500000000000000444, 6.391439137424804962 ) ) ;
#4738 = FACE_OUTER_BOUND ( 'NONE', #5452, .T. ) ;
#4739 = CARTESIAN_POINT ( 'NONE',  ( -3.555135511093746370, -2.500000000000000444, -6.030009245246662708 ) ) ;
#4740 = ORIENTED_EDGE ( 'NONE', *, *, #1626, .T. ) ;
#4741 = CARTESIAN_POINT ( 'NONE',  ( -3.555135511093671763, 2.500000000000000000, 6.030009245246705341 ) ) ;
#4742 = EDGE_CURVE ( 'NONE', #2206, #2763, #1897, .T. ) ;
#4743 = CARTESIAN_POINT ( 'NONE',  ( -18.37878657361165580, -3.000000000000000000, -2.114285714285553563 ) ) ;
#4744 = CARTESIAN_POINT ( 'NONE',  ( 0.000000000000000000, -3.000000000000000000, 0.000000000000000000 ) ) ;
#4745 = VECTOR ( 'NONE', #2639, 1000.000000000000114 ) ;
#4746 = DIRECTION ( 'NONE',  ( 0.000000000000000000, 0.000000000000000000, 1.000000000000000000 ) ) ;
#4747 = ORIENTED_EDGE ( 'NONE', *, *, #1206, .T. ) ;
#4748 = ORIENTED_EDGE ( 'NONE', *, *, #3516, .F. ) ;
#4749 = EDGE_CURVE ( 'NONE', #2763, #6407, #4951, .T. ) ;
#4750 = ADVANCED_FACE ( 'NONE', ( #5565 ), #1649, .F. ) ;
#4751 = DIRECTION ( 'NONE',  ( 1.000000000000000000, -0.000000000000000000, -1.387778780781445676E-14 ) ) ;
#4752 = AXIS2_PLACEMENT_3D ( 'NONE', #1656, #5614, #1184 ) ;
#4753 = DIRECTION ( 'NONE',  ( -0.000000000000000000, -1.000000000000000000, -0.000000000000000000 ) ) ;
#4754 = FACE_OUTER_BOUND ( 'NONE', #917, .T. ) ;
#4755 = CARTESIAN_POINT ( 'NONE',  ( 1.999999999999999112, -3.000000000000000000, 17.38533865071370954 ) ) ;
#4756 = ORIENTED_EDGE ( 'NONE', *, *, #4112, .T. ) ;
#4757 = VERTEX_POINT ( 'NONE', #2662 ) ;
#4758 = DIRECTION ( 'NONE',  ( 0.000000000000000000, 0.000000000000000000, 1.000000000000000000 ) ) ;
#4759 = ADVANCED_FACE ( 'NONE', ( #5021 ), #4079, .T. ) ;
#4760 = VERTEX_POINT ( 'NONE', #2631 ) ;
#4761 = DIRECTION ( 'NONE',  ( -0.000000000000000000, -1.000000000000000000, -0.000000000000000000 ) ) ;
#4762 = ORIENTED_EDGE ( 'NONE', *, *, #6085, .F. ) ;
#4763 = FACE_OUTER_BOUND ( 'NONE', #4969, .T. ) ;
#4764 = ORIENTED_EDGE ( 'NONE', *, *, #3885, .T. ) ;
#4765 = EDGE_CURVE ( 'NONE', #4981, #3797, #4682, .T. ) ;
#4766 = ORIENTED_EDGE ( 'NONE', *, *, #3205, .T. ) ;
#4767 = DIRECTION ( 'NONE',  ( -6.938893903907222067E-15, 0.000000000000000000, 1.000000000000000000 ) ) ;
#4768 = CIRCLE ( 'NONE', #5291, 7.000000000000000888 ) ;
#4769 = CIRCLE ( 'NONE', #1767, 0.5000000000000004441 ) ;
#4770 = CYLINDRICAL_SURFACE ( 'NONE', #4286, 0.5000000000000004441 ) ;
#4771 = CARTESIAN_POINT ( 'NONE',  ( -10.87907729077098296, -2.499999999999999556, 13.70750441551747123 ) ) ;
#4772 = AXIS2_PLACEMENT_3D ( 'NONE', #836, #5199, #5300 ) ;
#4773 = DIRECTION ( 'NONE',  ( -0.000000000000000000, -1.000000000000000000, -0.000000000000000000 ) ) ;
#4774 = DIRECTION ( 'NONE',  ( 0.000000000000000000, 1.000000000000000000, 0.000000000000000000 ) ) ;
#4775 = ORIENTED_EDGE ( 'NONE', *, *, #5860, .T. ) ;
#4776 = CARTESIAN_POINT ( 'NONE',  ( -13.70750441551722787, 2.500000000000000000, 11.37907729077129737 ) ) ;
#4777 = AXIS2_PLACEMENT_3D ( 'NONE', #5742, #1310, #2278 ) ;
#4778 = CIRCLE ( 'NONE', #1672, 1.000000000000000000 ) ;
#4779 = DIRECTION ( 'NONE',  ( -0.000000000000000000, -1.000000000000000000, -0.000000000000000000 ) ) ;
#4780 = CIRCLE ( 'NONE', #3637, 0.5000000000000005551 ) ;
#4781 = DIRECTION ( 'NONE',  ( -0.000000000000000000, -1.000000000000000000, -0.000000000000000000 ) ) ;
#4782 = CARTESIAN_POINT ( 'NONE',  ( 1.999999999999999112, -3.000000000000000000, 17.38533865071370954 ) ) ;
#4783 = AXIS2_PLACEMENT_3D ( 'NONE', #4329, #5728, #3363 ) ;
#4784 = AXIS2_PLACEMENT_3D ( 'NONE', #3849, #5832, #1912 ) ;
#4785 = VERTEX_POINT ( 'NONE', #170 ) ;
#4786 = LINE ( 'NONE', #1325, #1885 ) ;
#4787 = AXIS2_PLACEMENT_3D ( 'NONE', #831, #2803, #346 ) ;
#4788 = CIRCLE ( 'NONE', #2092, 0.5000000000000004441 ) ;
#4789 = AXIS2_PLACEMENT_3D ( 'NONE', #5572, #2117, #1730 ) ;
#4790 = FACE_OUTER_BOUND ( 'NONE', #1969, .T. ) ;
#4791 = ADVANCED_FACE ( 'NONE', ( #3563 ), #2141, .T. ) ;
#4792 = CARTESIAN_POINT ( 'NONE',  ( -17.38533865071368822, -2.499999999999999556, 2.000000000000181188 ) ) ;
#4793 = DIRECTION ( 'NONE',  ( 8.673617379884035472E-16, 0.000000000000000000, 1.000000000000000000 ) ) ;
#4794 = ORIENTED_EDGE ( 'NONE', *, *, #912, .F. ) ;
#4795 = ORIENTED_EDGE ( 'NONE', *, *, #5226, .T. ) ;
#4796 = CIRCLE ( 'NONE', #4382, 7.500000000000000888 ) ;
#4797 = DIRECTION ( 'NONE',  ( -0.000000000000000000, -1.000000000000000000, -0.000000000000000000 ) ) ;
#4798 = CIRCLE ( 'NONE', #2004, 0.4999999999999995559 ) ;
#4799 = ORIENTED_EDGE ( 'NONE', *, *, #6017, .F. ) ;
#4800 = EDGE_CURVE ( 'NONE', #2130, #5289, #6334, .T. ) ;
#4801 = CARTESIAN_POINT ( 'NONE',  ( 4.770118793865111506, 3.000000000000000000, 6.184332356238208206 ) ) ;
#4802 = ORIENTED_EDGE ( 'NONE', *, *, #3112, .F. ) ;
#4803 = AXIS2_PLACEMENT_3D ( 'NONE', #3387, #314, #4253 ) ;
#4804 = VERTEX_POINT ( 'NONE', #5049 ) ;
#4805 = DIRECTION ( 'NONE',  ( 0.7071067811865401342, -0.000000000000000000, -0.7071067811865550112 ) ) ;
#4806 = AXIS2_PLACEMENT_3D ( 'NONE', #5836, #3952, #3822 ) ;
#4807 = EDGE_CURVE ( 'NONE', #3372, #3859, #2170, .T. ) ;
#4808 = FACE_OUTER_BOUND ( 'NONE', #754, .T. ) ;
#4809 = CARTESIAN_POINT ( 'NONE',  ( 13.70750441551730425, 2.500000000000000000, -10.87907729077119789 ) ) ;
#4810 = DIRECTION ( 'NONE',  ( 0.7071067811865475727, -0.000000000000000000, 0.7071067811865475727 ) ) ;
#4811 = VERTEX_POINT ( 'NONE', #4044 ) ;
#4812 = AXIS2_PLACEMENT_3D ( 'NONE', #445, #1808, #2420 ) ;
#4813 = CIRCLE ( 'NONE', #3054, 1.000000000000000000 ) ;
#4814 = FACE_OUTER_BOUND ( 'NONE', #5041, .T. ) ;
#4815 = DIRECTION ( 'NONE',  ( 0.000000000000000000, 0.000000000000000000, 1.000000000000000000 ) ) ;
#4816 = LINE ( 'NONE', #5720, #459 ) ;
#4817 = DIRECTION ( 'NONE',  ( 0.000000000000000000, 0.000000000000000000, 1.000000000000000000 ) ) ;
#4818 = ORIENTED_EDGE ( 'NONE', *, *, #3247, .F. ) ;
#4819 = CARTESIAN_POINT ( 'NONE',  ( -4.489045641520012175, 3.000000000000000000, 5.903259203893235885 ) ) ;
#4820 = CARTESIAN_POINT ( 'NONE',  ( -1.000000000000000000, 3.000000000000000000, -7.745966692414832266 ) ) ;
#4821 = VERTEX_POINT ( 'NONE', #658 ) ;
#4822 = ORIENTED_EDGE ( 'NONE', *, *, #3591, .F. ) ;
#4823 = DIRECTION ( 'NONE',  ( -0.000000000000000000, -1.000000000000000000, -0.000000000000000000 ) ) ;
#4824 = EDGE_CURVE ( 'NONE', #4281, #4920, #5099, .T. ) ;
#4825 = ORIENTED_EDGE ( 'NONE', *, *, #1839, .T. ) ;
#4826 = CARTESIAN_POINT ( 'NONE',  ( -13.00039763433089490, -2.500000000000000000, -11.58618407195758415 ) ) ;
#4827 = EDGE_LOOP ( 'NONE', ( #254, #3785, #6206, #4756 ) ) ;
#4828 = ADVANCED_FACE ( 'NONE', ( #2537 ), #3761, .T. ) ;
#4829 = CARTESIAN_POINT ( 'NONE',  ( 14.09914739881780044, 3.001000000000000334, -11.18990807050751890 ) ) ;
#4830 = ORIENTED_EDGE ( 'NONE', *, *, #5071, .T. ) ;
#4831 = DIRECTION ( 'NONE',  ( 0.000000000000000000, 1.000000000000000000, 0.000000000000000000 ) ) ;
#4832 = EDGE_CURVE ( 'NONE', #3265, #4408, #4484, .T. ) ;
#4833 = DIRECTION ( 'NONE',  ( 0.000000000000000000, 0.000000000000000000, 1.000000000000000000 ) ) ;
#4834 = ADVANCED_FACE ( 'NONE', ( #1208 ), #340, .T. ) ;
#4835 = DIRECTION ( 'NONE',  ( 0.000000000000000000, 0.000000000000000000, -1.000000000000000000 ) ) ;
#4836 = DIRECTION ( 'NONE',  ( 0.9682458365518533672, 0.000000000000000000, -0.2500000000000032752 ) ) ;
#4837 = ORIENTED_EDGE ( 'NONE', *, *, #2223, .T. ) ;
#4838 = DIRECTION ( 'NONE',  ( 0.000000000000000000, 0.000000000000000000, 1.000000000000000000 ) ) ;
#4839 = ADVANCED_FACE ( 'NONE', ( #4534 ), #562, .T. ) ;
#4840 = EDGE_CURVE ( 'NONE', #2597, #86, #1693, .T. ) ;
#4841 = CARTESIAN_POINT ( 'NONE',  ( -13.35395102492394948, -2.500000000000000444, 11.23263068136456511 ) ) ;
#4842 = LINE ( 'NONE', #387, #372 ) ;
#4843 = DIRECTION ( 'NONE',  ( 0.000000000000000000, 0.000000000000000000, 1.000000000000000000 ) ) ;
#4844 = CIRCLE ( 'NONE', #1531, 0.5000000000000004441 ) ;
#4845 = ORIENTED_EDGE ( 'NONE', *, *, #5232, .T. ) ;
#4846 = CIRCLE ( 'NONE', #3399, 0.5000000000000004441 ) ;
#4847 = DIRECTION ( 'NONE',  ( 0.000000000000000000, 0.000000000000000000, 1.000000000000000000 ) ) ;
#4848 = VECTOR ( 'NONE', #3654, 1000.000000000000000 ) ;
#4849 = DIRECTION ( 'NONE',  ( 0.000000000000000000, 0.000000000000000000, 1.000000000000000000 ) ) ;
#4850 = ORIENTED_EDGE ( 'NONE', *, *, #2628, .F. ) ;
#4851 = ORIENTED_EDGE ( 'NONE', *, *, #2245, .T. ) ;
#4852 = AXIS2_PLACEMENT_3D ( 'NONE', #3634, #4114, #6094 ) ;
#4853 = CYLINDRICAL_SURFACE ( 'NONE', #1368, 0.5000000000000004441 ) ;
#4854 = DIRECTION ( 'NONE',  ( 0.000000000000000000, 0.000000000000000000, -1.000000000000000000 ) ) ;
#4855 = ORIENTED_EDGE ( 'NONE', *, *, #6256, .F. ) ;
#4856 = DIRECTION ( 'NONE',  ( 0.000000000000000000, 1.000000000000000000, 0.000000000000000000 ) ) ;
#4857 = EDGE_LOOP ( 'NONE', ( #187, #2104, #1317, #2290 ) ) ;
#4858 = DIRECTION ( 'NONE',  ( 0.000000000000000000, 1.000000000000000000, 0.000000000000000000 ) ) ;
#4859 = CARTESIAN_POINT ( 'NONE',  ( -13.35395102492394948, 2.500000000000000000, 11.23263068136456511 ) ) ;
#4860 = LINE ( 'NONE', #564, #5822 ) ;
#4861 = DIRECTION ( 'NONE',  ( 0.000000000000000000, 1.000000000000000000, 0.000000000000000000 ) ) ;
#4862 = ADVANCED_FACE ( 'NONE', ( #1076 ), #3050, .T. ) ;
#4863 = CARTESIAN_POINT ( 'NONE',  ( -7.745966692414810950, 2.500000000000000444, 2.000000000000080380 ) ) ;
#4864 = AXIS2_PLACEMENT_3D ( 'NONE', #4755, #2821, #4204 ) ;
#4865 = ORIENTED_EDGE ( 'NONE', *, *, #1133, .T. ) ;
#4866 = DIRECTION ( 'NONE',  ( -0.9934479228979263832, 0.000000000000000000, 0.1142857142857143654 ) ) ;
#4867 = TOROIDAL_SURFACE ( 'NONE', #2079, 18.50000000000000355, 0.5000000000000000000 ) ;
#4868 = DIRECTION ( 'NONE',  ( -0.000000000000000000, -1.000000000000000000, -0.000000000000000000 ) ) ;
#4869 = DIRECTION ( 'NONE',  ( 0.000000000000000000, 0.000000000000000000, 1.000000000000000000 ) ) ;
#4870 = ADVANCED_FACE ( 'NONE', ( #5540 ), #3946, .T. ) ;
#4871 = CARTESIAN_POINT ( 'NONE',  ( 4.063012012678529850, 3.000000000000000000, -6.891439137424775652 ) ) ;
#4872 = ORIENTED_EDGE ( 'NONE', *, *, #2743, .T. ) ;
#4873 = CIRCLE ( 'NONE', #2083, 0.9999999999999991118 ) ;
#4874 = ORIENTED_EDGE ( 'NONE', *, *, #5904, .T. ) ;
#4875 = DIRECTION ( 'NONE',  ( 0.000000000000000000, 0.000000000000000000, 1.000000000000000000 ) ) ;
#4876 = TOROIDAL_SURFACE ( 'NONE', #5605, 1.000000000000000000, 0.5000000000000000000 ) ;
#4877 = EDGE_CURVE ( 'NONE', #2337, #4043, #2840, .T. ) ;
#4878 = AXIS2_PLACEMENT_3D ( 'NONE', #4721, #2263, #4200 ) ;
#4879 = DIRECTION ( 'NONE',  ( 0.000000000000000000, 1.000000000000000000, 0.000000000000000000 ) ) ;
#4880 = ORIENTED_EDGE ( 'NONE', *, *, #1321, .F. ) ;
#4881 = ORIENTED_EDGE ( 'NONE', *, *, #646, .F. ) ;
#4882 = DIRECTION ( 'NONE',  ( 0.000000000000000000, 1.000000000000000000, 0.000000000000000000 ) ) ;
#4883 = AXIS2_PLACEMENT_3D ( 'NONE', #6232, #4810, #349 ) ;
#4884 = AXIS2_PLACEMENT_3D ( 'NONE', #4051, #2082, #3213 ) ;
#4885 = AXIS2_PLACEMENT_3D ( 'NONE', #3031, #574, #2550 ) ;
#4886 = DIRECTION ( 'NONE',  ( 0.000000000000000000, 0.000000000000000000, 1.000000000000000000 ) ) ;
#4887 = ORIENTED_EDGE ( 'NONE', *, *, #461, .T. ) ;
#4888 = TOROIDAL_SURFACE ( 'NONE', #3856, 1.000000000000000000, 0.5000000000000000000 ) ;
#4889 = ORIENTED_EDGE ( 'NONE', *, *, #3889, .T. ) ;
#4890 = AXIS2_PLACEMENT_3D ( 'NONE', #71, #5995, #2074 ) ;
#4891 = CARTESIAN_POINT ( 'NONE',  ( -7.745966692414816279, 3.000000000000000000, 1.500000000000081046 ) ) ;
#4892 = ORIENTED_EDGE ( 'NONE', *, *, #613, .T. ) ;
#4893 = CARTESIAN_POINT ( 'NONE',  ( 3.809073761886156539, 2.500000000000000000, 6.460724191335709854 ) ) ;
#4894 = AXIS2_PLACEMENT_3D ( 'NONE', #2186, #1218, #251 ) ;
#4895 = DIRECTION ( 'NONE',  ( 1.734723475976807094E-15, 0.000000000000000000, 1.000000000000000000 ) ) ;
#4896 = DIRECTION ( 'NONE',  ( -0.000000000000000000, -1.000000000000000000, -0.000000000000000000 ) ) ;
#4897 = DIRECTION ( 'NONE',  ( 0.000000000000000000, 1.000000000000000000, 0.000000000000000000 ) ) ;
#4898 = EDGE_LOOP ( 'NONE', ( #5778, #1781, #1637, #4740 ) ) ;
#4899 = CARTESIAN_POINT ( 'NONE',  ( 0.000000000000000000, -3.000000000000000000, 0.000000000000000000 ) ) ;
#4900 = CIRCLE ( 'NONE', #4698, 0.5000000000000004441 ) ;
#4901 = EDGE_CURVE ( 'NONE', #3503, #5996, #1785, .T. ) ;
#4902 = CARTESIAN_POINT ( 'NONE',  ( 11.58618407195769606, 3.000000000000000000, 13.00039763433079365 ) ) ;
#4903 = DIRECTION ( 'NONE',  ( 0.000000000000000000, 1.000000000000000000, 0.000000000000000000 ) ) ;
#4904 = CIRCLE ( 'NONE', #3257, 0.4999999999999995559 ) ;
#4905 = DIRECTION ( 'NONE',  ( 0.000000000000000000, 0.000000000000000000, -1.000000000000000000 ) ) ;
#4906 = EDGE_CURVE ( 'NONE', #746, #704, #3724, .T. ) ;
#4907 = ORIENTED_EDGE ( 'NONE', *, *, #3605, .T. ) ;
#4908 = EDGE_CURVE ( 'NONE', #1387, #6140, #1277, .T. ) ;
#4909 = AXIS2_PLACEMENT_3D ( 'NONE', #3161, #3094, #1219 ) ;
#4910 = ORIENTED_EDGE ( 'NONE', *, *, #6097, .F. ) ;
#4911 = DIRECTION ( 'NONE',  ( 0.7071067811865398012, 0.000000000000000000, -0.7071067811865553443 ) ) ;
#4912 = CARTESIAN_POINT ( 'NONE',  ( -11.23263068136442300, 2.500000000000000000, -13.35395102492406494 ) ) ;
#4913 = VERTEX_POINT ( 'NONE', #4209 ) ;
#4914 = AXIS2_PLACEMENT_3D ( 'NONE', #4871, #5755, #4843 ) ;
#4915 = ORIENTED_EDGE ( 'NONE', *, *, #3416, .F. ) ;
#4916 = CARTESIAN_POINT ( 'NONE',  ( 1.999999999999999112, 3.000000000000000000, 17.38533865071370954 ) ) ;
#4917 = EDGE_CURVE ( 'NONE', #73, #3613, #4778, .T. ) ;
#4918 = ORIENTED_EDGE ( 'NONE', *, *, #3095, .F. ) ;
#4919 = CARTESIAN_POINT ( 'NONE',  ( 10.87907729077115171, 3.001000000000000334, 13.70750441551733800 ) ) ;
#4920 = VERTEX_POINT ( 'NONE', #5699 ) ;
#4921 = EDGE_LOOP ( 'NONE', ( #6175, #2603, #2062, #1364 ) ) ;
#4922 = DIRECTION ( 'NONE',  ( 0.7071067811865437980, 0.000000000000000000, -0.7071067811865513475 ) ) ;
#4923 = ORIENTED_EDGE ( 'NONE', *, *, #5308, .T. ) ;
#4924 = DIRECTION ( 'NONE',  ( 8.673617379884035472E-16, 0.000000000000000000, 1.000000000000000000 ) ) ;
#4925 = EDGE_CURVE ( 'NONE', #3389, #3613, #6118, .T. ) ;
#4926 = DIRECTION ( 'NONE',  ( -0.7071067811865487940, 0.000000000000000000, -0.7071067811865463515 ) ) ;
#4927 = CARTESIAN_POINT ( 'NONE',  ( 0.000000000000000000, -3.000000000000000000, 0.000000000000000000 ) ) ;
#4928 = VERTEX_POINT ( 'NONE', #823 ) ;
#4929 = CARTESIAN_POINT ( 'NONE',  ( 0.000000000000000000, 2.500000000000000000, 0.000000000000000000 ) ) ;
#4930 = CARTESIAN_POINT ( 'NONE',  ( 0.000000000000000000, 3.001000000000000334, 0.000000000000000000 ) ) ;
#4931 = CARTESIAN_POINT ( 'NONE',  ( 0.000000000000000000, 3.001000000000000334, 0.000000000000000000 ) ) ;
#4932 = CARTESIAN_POINT ( 'NONE',  ( -11.58618407195753797, 3.000000000000000000, 13.00039763433093398 ) ) ;
#4933 = ADVANCED_FACE ( 'NONE', ( #2209 ), #3305, .T. ) ;
#4934 = ORIENTED_EDGE ( 'NONE', *, *, #2892, .T. ) ;
#4935 = ORIENTED_EDGE ( 'NONE', *, *, #2607, .F. ) ;
#4936 = CARTESIAN_POINT ( 'NONE',  ( -6.184332356238157580, 2.500000000000000000, 4.770118793865179008 ) ) ;
#4937 = VECTOR ( 'NONE', #244, 1000.000000000000000 ) ;
#4938 = CARTESIAN_POINT ( 'NONE',  ( -13.35395102492416441, -2.999999999999998224, -11.23263068136430753 ) ) ;
#4939 = VERTEX_POINT ( 'NONE', #6217 ) ;
#4940 = ADVANCED_FACE ( 'NONE', ( #1333 ), #2795, .F. ) ;
#4941 = VERTEX_POINT ( 'NONE', #2338 ) ;
#4942 = FACE_OUTER_BOUND ( 'NONE', #4943, .T. ) ;
#4943 = EDGE_LOOP ( 'NONE', ( #2464, #2304, #6224, #1449 ) ) ;
#4944 = CARTESIAN_POINT ( 'NONE',  ( 6.460724191335695643, -2.500000000000000444, -3.809073761886178300 ) ) ;
#4945 = VERTEX_POINT ( 'NONE', #6188 ) ;
#4946 = EDGE_CURVE ( 'NONE', #4981, #4727, #6136, .T. ) ;
#4947 = AXIS2_PLACEMENT_3D ( 'NONE', #1933, #4868, #4996 ) ;
#4948 = VERTEX_POINT ( 'NONE', #5669 ) ;
#4949 = DIRECTION ( 'NONE',  ( -0.000000000000000000, -1.000000000000000000, -0.000000000000000000 ) ) ;
#4950 = ORIENTED_EDGE ( 'NONE', *, *, #2296, .F. ) ;
#4951 = LINE ( 'NONE', #1690, #5207 ) ;
#4952 = CARTESIAN_POINT ( 'NONE',  ( 6.184332356238189554, -3.000000000000000000, -4.770118793865134599 ) ) ;
#4953 = CARTESIAN_POINT ( 'NONE',  ( 0.000000000000000000, -2.500000000000000444, 0.000000000000000000 ) ) ;
#4954 = EDGE_CURVE ( 'NONE', #2665, #4804, #861, .T. ) ;
#4955 = ORIENTED_EDGE ( 'NONE', *, *, #494, .T. ) ;
#4956 = SURFACE_STYLE_USAGE ( .BOTH. , #1466 ) ;
#4957 = CYLINDRICAL_SURFACE ( 'NONE', #2518, 0.4999999999999995559 ) ;
#4958 = CARTESIAN_POINT ( 'NONE',  ( 6.460724191335695643, 2.500000000000000000, -3.809073761886178300 ) ) ;
#4959 = DIRECTION ( 'NONE',  ( -0.000000000000000000, -1.000000000000000000, -0.000000000000000000 ) ) ;
#4960 = CIRCLE ( 'NONE', #5286, 0.5000000000000004441 ) ;
#4961 = EDGE_LOOP ( 'NONE', ( #5447, #824, #4372, #295 ) ) ;
#4962 = CIRCLE ( 'NONE', #2178, 0.5000000000000004441 ) ;
#4963 = AXIS2_PLACEMENT_3D ( 'NONE', #261, #2198, #2686 ) ;
#4964 = VERTEX_POINT ( 'NONE', #3794 ) ;
#4965 = DIRECTION ( 'NONE',  ( 0.000000000000000000, 1.000000000000000000, 0.000000000000000000 ) ) ;
#4966 = DIRECTION ( 'NONE',  ( -0.9934479228979251619, 0.000000000000000000, 0.1142857142857246211 ) ) ;
#4967 = ORIENTED_EDGE ( 'NONE', *, *, #2140, .T. ) ;
#4968 = CIRCLE ( 'NONE', #4140, 0.5000000000000001110 ) ;
#4969 = EDGE_LOOP ( 'NONE', ( #63, #4121, #5285, #5758 ) ) ;
#4970 = DIRECTION ( 'NONE',  ( 0.9682458365518554766, -0.000000000000000000, 0.2499999999999951150 ) ) ;
#4971 = AXIS2_PLACEMENT_3D ( 'NONE', #664, #1181, #5570 ) ;
#4972 = ADVANCED_FACE ( 'NONE', ( #3243 ), #3633, .T. ) ;
#4973 = ORIENTED_EDGE ( 'NONE', *, *, #6378, .T. ) ;
#4974 = CIRCLE ( 'NONE', #4578, 1.000000000000000888 ) ;
#4975 = DIRECTION ( 'NONE',  ( -0.000000000000000000, -1.000000000000000000, -0.000000000000000000 ) ) ;
#4976 = ORIENTED_EDGE ( 'NONE', *, *, #5573, .T. ) ;
#4977 = AXIS2_PLACEMENT_3D ( 'NONE', #5462, #1483, #5066 ) ;
#4978 = VERTEX_POINT ( 'NONE', #3818 ) ;
#4979 = AXIS2_PLACEMENT_3D ( 'NONE', #1389, #3842, #881 ) ;
#4980 = CARTESIAN_POINT ( 'NONE',  ( -6.460724191335743605, 2.500000000000000000, -3.809073761886099696 ) ) ;
#4981 = VERTEX_POINT ( 'NONE', #2305 ) ;
#4982 = AXIS2_PLACEMENT_3D ( 'NONE', #2816, #5628, #782 ) ;
#4983 = DIRECTION ( 'NONE',  ( 0.000000000000000000, 1.000000000000000000, 0.000000000000000000 ) ) ;
#4984 = CIRCLE ( 'NONE', #763, 0.5000000000000000000 ) ;
#4985 = EDGE_CURVE ( 'NONE', #3720, #2337, #1822, .T. ) ;
#4986 = CIRCLE ( 'NONE', #661, 0.4999999999999995559 ) ;
#4987 = CIRCLE ( 'NONE', #963, 0.5000000000000000000 ) ;
#4988 = CARTESIAN_POINT ( 'NONE',  ( 1.000000000000000000, 3.000000000000000000, 7.745966692414832266 ) ) ;
#4989 = DIRECTION ( 'NONE',  ( 0.000000000000000000, 1.000000000000000000, 0.000000000000000000 ) ) ;
#4990 = ORIENTED_EDGE ( 'NONE', *, *, #2424, .F. ) ;
#4991 = FILL_AREA_STYLE_COLOUR ( '', #13 ) ;
#4992 = CIRCLE ( 'NONE', #2910, 1.000000000000000888 ) ;
#4993 = DIRECTION ( 'NONE',  ( 0.000000000000000000, 1.000000000000000000, 0.000000000000000000 ) ) ;
#4994 = CIRCLE ( 'NONE', #559, 0.5000000000000000000 ) ;
#4995 = ADVANCED_FACE ( 'NONE', ( #5766 ), #5149, .F. ) ;
#4996 = DIRECTION ( 'NONE',  ( 1.734723475976807094E-15, 0.000000000000000000, 1.000000000000000000 ) ) ;
#4997 = DIRECTION ( 'NONE',  ( -0.000000000000000000, -1.000000000000000000, -0.000000000000000000 ) ) ;
#4998 = CARTESIAN_POINT ( 'NONE',  ( 10.87907729077115171, -2.499999999999999556, 13.70750441551733800 ) ) ;
#4999 = ORIENTED_EDGE ( 'NONE', *, *, #3717, .F. ) ;
#5000 = EDGE_CURVE ( 'NONE', #4030, #2188, #4994, .T. ) ;
#5001 = VERTEX_POINT ( 'NONE', #3694 ) ;
#5002 = AXIS2_PLACEMENT_3D ( 'NONE', #1244, #4641, #2153 ) ;
#5003 = CARTESIAN_POINT ( 'NONE',  ( -4.063012012678565377, -2.499999999999999556, -6.891439137424754335 ) ) ;
#5004 = LINE ( 'NONE', #4523, #2195 ) ;
#5005 = ORIENTED_EDGE ( 'NONE', *, *, #5236, .F. ) ;
#5006 = CIRCLE ( 'NONE', #5842, 0.5000000000000001110 ) ;
#5007 = VERTEX_POINT ( 'NONE', #757 ) ;
#5008 = AXIS2_PLACEMENT_3D ( 'NONE', #1636, #3611, #4679 ) ;
#5009 = AXIS2_PLACEMENT_3D ( 'NONE', #2534, #5077, #618 ) ;
#5010 = CARTESIAN_POINT ( 'NONE',  ( 6.891439137424740125, 2.500000000000000444, -4.063012012678589358 ) ) ;
#5011 = ORIENTED_EDGE ( 'NONE', *, *, #3001, .T. ) ;
#5012 = CIRCLE ( 'NONE', #381, 7.500000000000000888 ) ;
#5013 = VECTOR ( 'NONE', #2765, 1000.000000000000000 ) ;
#5014 = CARTESIAN_POINT ( 'NONE',  ( -4.770118793865111506, -2.500000000000000000, -6.184332356238207318 ) ) ;
#5015 = FACE_OUTER_BOUND ( 'NONE', #879, .T. ) ;
#5016 = CIRCLE ( 'NONE', #1925, 7.500000000000000888 ) ;
#5017 = ORIENTED_EDGE ( 'NONE', *, *, #4293, .F. ) ;
#5018 = DIRECTION ( 'NONE',  ( -0.7071067811865437980, 0.000000000000000000, 0.7071067811865513475 ) ) ;
#5019 = EDGE_CURVE ( 'NONE', #5210, #1884, #2506, .T. ) ;
#5020 = ORIENTED_EDGE ( 'NONE', *, *, #1401, .T. ) ;
#5021 = FACE_OUTER_BOUND ( 'NONE', #2920, .T. ) ;
#5022 = EDGE_CURVE ( 'NONE', #3592, #1868, #2913, .T. ) ;
#5023 = FACE_OUTER_BOUND ( 'NONE', #3698, .T. ) ;
#5024 = TOROIDAL_SURFACE ( 'NONE', #3376, 1.000000000000000000, 0.5000000000000000000 ) ;
#5025 = EDGE_CURVE ( 'NONE', #3080, #1524, #6241, .T. ) ;
#5026 = ORIENTED_EDGE ( 'NONE', *, *, #2380, .T. ) ;
#5027 = CARTESIAN_POINT ( 'NONE',  ( -14.09914739881793899, 2.500000000000000000, -11.18990807050734837 ) ) ;
#5028 = DIRECTION ( 'NONE',  ( 0.000000000000000000, 0.000000000000000000, 1.000000000000000000 ) ) ;
#5029 = ADVANCED_FACE ( 'NONE', ( #2365 ), #4853, .F. ) ;
#5030 = DIRECTION ( 'NONE',  ( 0.000000000000000000, 0.000000000000000000, 1.000000000000000000 ) ) ;
#5031 = CYLINDRICAL_SURFACE ( 'NONE', #3496, 0.4999999999999994449 ) ;
#5032 = FACE_OUTER_BOUND ( 'NONE', #4857, .T. ) ;
#5033 = EDGE_CURVE ( 'NONE', #3385, #2382, #4974, .T. ) ;
#5034 = DIRECTION ( 'NONE',  ( -3.209238430557093125E-14, 0.000000000000000000, 1.000000000000000000 ) ) ;
#5035 = ADVANCED_FACE ( 'NONE', ( #5321 ), #1799, .T. ) ;
#5036 = VERTEX_POINT ( 'NONE', #4336 ) ;
#5037 = CYLINDRICAL_SURFACE ( 'NONE', #865, 0.4999999999999995559 ) ;
#5038 = DIRECTION ( 'NONE',  ( 0.000000000000000000, 0.000000000000000000, 1.000000000000000000 ) ) ;
#5039 = ORIENTED_EDGE ( 'NONE', *, *, #6189, .F. ) ;
#5040 = ADVANCED_FACE ( 'NONE', ( #3370 ), #1488, .F. ) ;
#5041 = EDGE_LOOP ( 'NONE', ( #2851, #719, #1712, #5167, #2565 ) ) ;
#5042 = DIRECTION ( 'NONE',  ( 0.000000000000000000, 0.000000000000000000, 1.000000000000000000 ) ) ;
#5043 = VERTEX_POINT ( 'NONE', #6374 ) ;
#5044 = CARTESIAN_POINT ( 'NONE',  ( 7.745966692414828714, 3.000000000000000000, -1.000000000000027089 ) ) ;
#5045 = VERTEX_POINT ( 'NONE', #2008 ) ;
#5046 = VERTEX_POINT ( 'NONE', #2859 ) ;
#5047 = DIRECTION ( 'NONE',  ( 0.000000000000000000, 1.000000000000000000, 0.000000000000000000 ) ) ;
#5048 = EDGE_LOOP ( 'NONE', ( #2109, #4596, #5273, #5188 ) ) ;
#5049 = CARTESIAN_POINT ( 'NONE',  ( -17.88206261216269155, 2.500000000000000000, -2.057142857142700620 ) ) ;
#5050 = CIRCLE ( 'NONE', #6294, 0.5000000000000004441 ) ;
#5051 = FACE_OUTER_BOUND ( 'NONE', #3189, .T. ) ;
#5052 = ORIENTED_EDGE ( 'NONE', *, *, #2743, .F. ) ;
#5053 = CARTESIAN_POINT ( 'NONE',  ( 14.49079038211835346, 2.500000000000000000, 11.50073885024376352 ) ) ;
#5054 = CIRCLE ( 'NONE', #1132, 0.5000000000000004441 ) ;
#5055 = DIRECTION ( 'NONE',  ( -1.000000000000000000, 0.000000000000000000, 1.210143096841420787E-14 ) ) ;
#5056 = EDGE_CURVE ( 'NONE', #5734, #4341, #360, .T. ) ;
#5057 = DIRECTION ( 'NONE',  ( 0.1142857142857177932, 0.000000000000000000, 0.9934479228979260501 ) ) ;
#5058 = DIRECTION ( 'NONE',  ( -0.7832859666009912569, -0.000000000000000000, 0.6216615594726369043 ) ) ;
#5059 = EDGE_LOOP ( 'NONE', ( #138, #1601, #3550, #17 ) ) ;
#5060 = CARTESIAN_POINT ( 'NONE',  ( -1.499999999999788836, 2.500000000000000000, 17.38533865071372730 ) ) ;
#5061 = CARTESIAN_POINT ( 'NONE',  ( 6.537885746831465283, -2.999999999999998224, -4.416565403271862422 ) ) ;
#5062 = ORIENTED_EDGE ( 'NONE', *, *, #5081, .T. ) ;
#5063 = ADVANCED_FACE ( 'NONE', ( #1003 ), #3114, .T. ) ;
#5064 = FACE_OUTER_BOUND ( 'NONE', #5408, .T. ) ;
#5065 = DIRECTION ( 'NONE',  ( -0.000000000000000000, -1.000000000000000000, -0.000000000000000000 ) ) ;
#5066 = DIRECTION ( 'NONE',  ( 0.000000000000000000, 0.000000000000000000, -1.000000000000000000 ) ) ;
#5067 = ORIENTED_EDGE ( 'NONE', *, *, #5501, .T. ) ;
#5068 = ORIENTED_EDGE ( 'NONE', *, *, #2628, .T. ) ;
#5069 = AXIS2_PLACEMENT_3D ( 'NONE', #5215, #6361, #3200 ) ;
#5070 = CARTESIAN_POINT ( 'NONE',  ( -17.93739111465210812, 3.000000000000000000, -0.9999999999998434586 ) ) ;
#5071 = EDGE_CURVE ( 'NONE', #4920, #4199, #4798, .T. ) ;
#5072 = CARTESIAN_POINT ( 'NONE',  ( 1.499999999999908518, -2.500000000000000444, -17.38533865071371665 ) ) ;
#5073 = AXIS2_PLACEMENT_3D ( 'NONE', #10, #2898, #1046 ) ;
#5074 = CARTESIAN_POINT ( 'NONE',  ( -13.70750441551743570, -2.499999999999999556, -10.87907729077102914 ) ) ;
#5075 = ORIENTED_EDGE ( 'NONE', *, *, #3207, .T. ) ;
#5076 = ORIENTED_EDGE ( 'NONE', *, *, #152, .F. ) ;
#5077 = DIRECTION ( 'NONE',  ( -0.000000000000000000, -1.000000000000000000, -0.000000000000000000 ) ) ;
#5078 = ORIENTED_EDGE ( 'NONE', *, *, #702, .F. ) ;
#5079 = DIRECTION ( 'NONE',  ( 0.000000000000000000, 1.000000000000000000, 0.000000000000000000 ) ) ;
#5080 = AXIS2_PLACEMENT_3D ( 'NONE', #894, #5801, #3249 ) ;
#5081 = EDGE_CURVE ( 'NONE', #4141, #3080, #3651, .T. ) ;
#5082 = AXIS2_PLACEMENT_3D ( 'NONE', #2557, #2034, #4003 ) ;
#5083 = DIRECTION ( 'NONE',  ( 0.000000000000000000, 1.000000000000000000, 0.000000000000000000 ) ) ;
#5084 = CIRCLE ( 'NONE', #4469, 0.5000000000000002220 ) ;
#5085 = AXIS2_PLACEMENT_3D ( 'NONE', #320, #2233, #2758 ) ;
#5086 = ORIENTED_EDGE ( 'NONE', *, *, #1583, .T. ) ;
#5087 = DIRECTION ( 'NONE',  ( 0.000000000000000000, 0.000000000000000000, 1.000000000000000000 ) ) ;
#5088 = DIRECTION ( 'NONE',  ( -0.000000000000000000, -1.000000000000000000, -0.000000000000000000 ) ) ;
#5089 = TOROIDAL_SURFACE ( 'NONE', #6021, 1.000000000000000000, 0.5000000000000000000 ) ;
#5090 = AXIS2_PLACEMENT_3D ( 'NONE', #1016, #1436, #5998 ) ;
#5091 = ORIENTED_EDGE ( 'NONE', *, *, #1042, .T. ) ;
#5092 = AXIS2_PLACEMENT_3D ( 'NONE', #2252, #4709, #1242 ) ;
#5093 = DIRECTION ( 'NONE',  ( -1.000000000000000000, 0.000000000000000000, 0.000000000000000000 ) ) ;
#5094 = CARTESIAN_POINT ( 'NONE',  ( -2.114285714285713436, 3.000000000000000000, -18.37878657361163803 ) ) ;
#5095 = VERTEX_POINT ( 'NONE', #1970 ) ;
#5096 = CARTESIAN_POINT ( 'NONE',  ( -7.745966692414849142, -2.499999999999999556, -1.999999999999931610 ) ) ;
#5097 = AXIS2_PLACEMENT_3D ( 'NONE', #5567, #5123, #4563 ) ;
#5098 = LINE ( 'NONE', #5061, #48 ) ;
#5099 = CIRCLE ( 'NONE', #5724, 18.00000000000000355 ) ;
#5100 = EDGE_CURVE ( 'NONE', #5007, #128, #5924, .T. ) ;
#5101 = ORIENTED_EDGE ( 'NONE', *, *, #305, .F. ) ;
#5102 = DIRECTION ( 'NONE',  ( 0.000000000000000000, 1.000000000000000000, 0.000000000000000000 ) ) ;
#5103 = DIRECTION ( 'NONE',  ( 8.673617379884035472E-16, 0.000000000000000000, 1.000000000000000000 ) ) ;
#5104 = VECTOR ( 'NONE', #2873, 1000.000000000000000 ) ;
#5105 = ADVANCED_FACE ( 'NONE', ( #4942 ), #5812, .T. ) ;
#5106 = DIRECTION ( 'NONE',  ( 0.000000000000000000, 0.000000000000000000, 1.000000000000000000 ) ) ;
#5107 = VERTEX_POINT ( 'NONE', #6340 ) ;
#5108 = ORIENTED_EDGE ( 'NONE', *, *, #934, .T. ) ;
#5109 = EDGE_CURVE ( 'NONE', #3503, #5713, #3022, .T. ) ;
#5110 = CARTESIAN_POINT ( 'NONE',  ( -11.58618407195753797, -2.500000000000000000, 13.00039763433093398 ) ) ;
#5111 = EDGE_CURVE ( 'NONE', #3622, #2090, #5193, .T. ) ;
#5112 = FACE_BOUND ( 'NONE', #1346, .T. ) ;
#5113 = DIRECTION ( 'NONE',  ( 1.214306433183763862E-14, 0.000000000000000000, 1.000000000000000000 ) ) ;
#5114 = CARTESIAN_POINT ( 'NONE',  ( -3.555135511093672207, -3.000000000000000000, 6.030009245246706229 ) ) ;
#5115 = CARTESIAN_POINT ( 'NONE',  ( 1.999999999999908518, 3.001000000000000334, -17.38533865071372020 ) ) ;
#5116 = AXIS2_PLACEMENT_3D ( 'NONE', #429, #466, #4340 ) ;
#5117 = ORIENTED_EDGE ( 'NONE', *, *, #4025, .T. ) ;
#5118 = FACE_OUTER_BOUND ( 'NONE', #1918, .T. ) ;
#5119 = EDGE_CURVE ( 'NONE', #1053, #3396, #3535, .T. ) ;
#5120 = ORIENTED_EDGE ( 'NONE', *, *, #4600, .F. ) ;
#5121 = DIRECTION ( 'NONE',  ( -1.000000000000000000, 0.000000000000000000, 1.047444401652940164E-14 ) ) ;
#5122 = VECTOR ( 'NONE', #1382, 1000.000000000000000 ) ;
#5123 = DIRECTION ( 'NONE',  ( -1.000000000000000000, 3.009265538105056020E-30, 6.938893903907228378E-15 ) ) ;
#5124 = TOROIDAL_SURFACE ( 'NONE', #2757, 20.00000000000000355, 2.500000000000000000 ) ;
#5125 = ORIENTED_EDGE ( 'NONE', *, *, #5969, .F. ) ;
#5126 = CARTESIAN_POINT ( 'NONE',  ( 7.745966692414828714, 2.500000000000000000, -1.000000000000027089 ) ) ;
#5127 = CARTESIAN_POINT ( 'NONE',  ( 14.09914739881785906, 2.500000000000000000, 11.18990807050744607 ) ) ;
#5128 = FACE_OUTER_BOUND ( 'NONE', #2529, .T. ) ;
#5129 = DIRECTION ( 'NONE',  ( 0.000000000000000000, 1.000000000000000000, 0.000000000000000000 ) ) ;
#5130 = DIRECTION ( 'NONE',  ( 0.7071067811865536790, 0.000000000000000000, 0.7071067811865414665 ) ) ;
#5131 = ORIENTED_EDGE ( 'NONE', *, *, #5946, .T. ) ;
#5132 = CARTESIAN_POINT ( 'NONE',  ( -4.770118793865036011, 3.000000000000000000, 6.184332356238265938 ) ) ;
#5133 = ORIENTED_EDGE ( 'NONE', *, *, #6137, .F. ) ;
#5134 = CARTESIAN_POINT ( 'NONE',  ( 1.874999999999961808, 2.500000000000000000, -7.261843774138917240 ) ) ;
#5135 = CARTESIAN_POINT ( 'NONE',  ( -13.70750441551722787, -2.499999999999999556, 10.87907729077129737 ) ) ;
#5136 = VERTEX_POINT ( 'NONE', #2527 ) ;
#5137 = FACE_OUTER_BOUND ( 'NONE', #937, .T. ) ;
#5138 = ORIENTED_EDGE ( 'NONE', *, *, #1283, .T. ) ;
#5139 = ORIENTED_EDGE ( 'NONE', *, *, #4353, .T. ) ;
#5140 = CARTESIAN_POINT ( 'NONE',  ( 1.000000000000000000, -2.500000000000000444, 17.93739111465210101 ) ) ;
#5141 = CARTESIAN_POINT ( 'NONE',  ( 0.000000000000000000, -2.500000000000000444, 0.000000000000000000 ) ) ;
#5142 = ADVANCED_FACE ( 'NONE', ( #2037 ), #4668, .T. ) ;
#5143 = DIRECTION ( 'NONE',  ( 0.7071067811865462405, 0.000000000000000000, -0.7071067811865487940 ) ) ;
#5144 = CARTESIAN_POINT ( 'NONE',  ( -17.88206261216265602, -2.500000000000000444, 2.057142857143044345 ) ) ;
#5145 = VERTEX_POINT ( 'NONE', #3099 ) ;
#5146 = ORIENTED_EDGE ( 'NONE', *, *, #5428, .F. ) ;
#5147 = DIRECTION ( 'NONE',  ( 0.000000000000000000, 1.000000000000000000, 0.000000000000000000 ) ) ;
#5148 = ORIENTED_EDGE ( 'NONE', *, *, #5200, .F. ) ;
#5149 = CYLINDRICAL_SURFACE ( 'NONE', #540, 0.5000000000000004441 ) ;
#5150 = ADVANCED_FACE ( 'NONE', ( #2065 ), #1099, .T. ) ;
#5151 = DIRECTION ( 'NONE',  ( 0.000000000000000000, 1.000000000000000000, 0.000000000000000000 ) ) ;
#5152 = AXIS2_PLACEMENT_3D ( 'NONE', #5677, #5195, #3602 ) ;
#5153 = VERTEX_POINT ( 'NONE', #1547 ) ;
#5154 = DIRECTION ( 'NONE',  ( -0.000000000000000000, -1.000000000000000000, -0.000000000000000000 ) ) ;
#5155 = DIRECTION ( 'NONE',  ( 0.7071067811865487940, -0.000000000000000000, 0.7071067811865463515 ) ) ;
#5156 = EDGE_CURVE ( 'NONE', #3689, #779, #6229, .T. ) ;
#5157 = AXIS2_PLACEMENT_3D ( 'NONE', #5632, #1201, #3139 ) ;
#5158 = DIRECTION ( 'NONE',  ( 0.000000000000000000, 1.000000000000000000, 0.000000000000000000 ) ) ;
#5159 = CARTESIAN_POINT ( 'NONE',  ( -3.809073761886076603, 3.001000000000000334, 6.460724191335754263 ) ) ;
#5160 = DIRECTION ( 'NONE',  ( 0.000000000000000000, 0.000000000000000000, 1.000000000000000000 ) ) ;
#5161 = CIRCLE ( 'NONE', #2685, 0.5000000000000000000 ) ;
#5162 = ORIENTED_EDGE ( 'NONE', *, *, #5620, .F. ) ;
#5163 = DIRECTION ( 'NONE',  ( 0.000000000000000000, 0.000000000000000000, 1.000000000000000000 ) ) ;
#5164 = EDGE_CURVE ( 'NONE', #2219, #5723, #1787, .T. ) ;
#5165 = CYLINDRICAL_SURFACE ( 'NONE', #1284, 0.5000000000000000000 ) ;
#5166 = DIRECTION ( 'NONE',  ( -0.7071067811865451302, 0.000000000000000000, 0.7071067811865499042 ) ) ;
#5167 = ORIENTED_EDGE ( 'NONE', *, *, #4228, .F. ) ;
#5168 = CARTESIAN_POINT ( 'NONE',  ( 1.999999999999908518, -2.499999999999999556, -17.38533865071372020 ) ) ;
#5169 = EDGE_LOOP ( 'NONE', ( #1968, #4614, #65, #3407 ) ) ;
#5170 = EDGE_LOOP ( 'NONE', ( #2275, #4825, #982, #317 ) ) ;
#5171 = DIRECTION ( 'NONE',  ( 0.000000000000000000, 0.000000000000000000, 1.000000000000000000 ) ) ;
#5172 = DIRECTION ( 'NONE',  ( 1.210143096841420787E-14, -0.000000000000000000, 1.000000000000000000 ) ) ;
#5173 = DIRECTION ( 'NONE',  ( -0.7832859666009912569, -0.000000000000000000, 0.6216615594726369043 ) ) ;
#5174 = DIRECTION ( 'NONE',  ( 0.7071067811865501263, 0.000000000000000000, 0.7071067811865449082 ) ) ;
#5175 = VERTEX_POINT ( 'NONE', #1613 ) ;
#5176 = TOROIDAL_SURFACE ( 'NONE', #4963, 20.00000000000000355, 2.500000000000000000 ) ;
#5177 = AXIS2_PLACEMENT_3D ( 'NONE', #4637, #2179, #3670 ) ;
#5178 = ORIENTED_EDGE ( 'NONE', *, *, #3833, .F. ) ;
#5179 = CARTESIAN_POINT ( 'NONE',  ( 4.063012012678529850, -2.500000000000000444, -5.891439137424775652 ) ) ;
#5180 = EDGE_LOOP ( 'NONE', ( #4236, #5627, #2405, #4955 ) ) ;
#5181 = CARTESIAN_POINT ( 'NONE',  ( 4.063012012678529850, 3.001000000000000334, -6.891439137424775652 ) ) ;
#5182 = EDGE_CURVE ( 'NONE', #2468, #704, #1569, .T. ) ;
#5183 = AXIS2_PLACEMENT_3D ( 'NONE', #2975, #508, #580 ) ;
#5184 = VECTOR ( 'NONE', #4975, 1000.000000000000000 ) ;
#5185 = DIRECTION ( 'NONE',  ( -0.2500000000000102141, -0.000000000000000000, -0.9682458365518515908 ) ) ;
#5186 = EDGE_CURVE ( 'NONE', #675, #6191, #2307, .T. ) ;
#5187 = AXIS2_PLACEMENT_3D ( 'NONE', #5608, #5545, #1562 ) ;
#5188 = ORIENTED_EDGE ( 'NONE', *, *, #631, .F. ) ;
#5189 = CARTESIAN_POINT ( 'NONE',  ( -0.7071067811865420216, -3.000000000000000000, 0.7071067811865543451 ) ) ;
#5190 = EDGE_CURVE ( 'NONE', #5434, #392, #3070, .T. ) ;
#5191 = DIRECTION ( 'NONE',  ( -1.000000000000000000, 0.000000000000000000, 0.000000000000000000 ) ) ;
#5192 = AXIS2_PLACEMENT_3D ( 'NONE', #2962, #1981, #4924 ) ;
#5193 = CIRCLE ( 'NONE', #1373, 0.4999999999999996669 ) ;
#5194 = DIRECTION ( 'NONE',  ( 0.7071067811865457964, 0.000000000000000000, -0.7071067811865492381 ) ) ;
#5195 = DIRECTION ( 'NONE',  ( 0.000000000000000000, 1.000000000000000000, 0.000000000000000000 ) ) ;
#5196 = DIRECTION ( 'NONE',  ( 1.000000000000000000, 0.000000000000000000, -8.715250743307478842E-15 ) ) ;
#5197 = VECTOR ( 'NONE', #3330, 1000.000000000000000 ) ;
#5198 = EDGE_LOOP ( 'NONE', ( #2370, #4005, #4837, #4366 ) ) ;
#5199 = DIRECTION ( 'NONE',  ( 0.000000000000000000, 1.000000000000000000, 0.000000000000000000 ) ) ;
#5200 = EDGE_CURVE ( 'NONE', #98, #5734, #1993, .T. ) ;
#5201 = AXIS2_PLACEMENT_3D ( 'NONE', #3994, #3475, #1931 ) ;
#5202 = AXIS2_PLACEMENT_3D ( 'NONE', #905, #2875, #416 ) ;
#5203 = DIRECTION ( 'NONE',  ( 0.000000000000000000, 0.000000000000000000, -1.000000000000000000 ) ) ;
#5204 = CARTESIAN_POINT ( 'NONE',  ( -1.999999999999999112, 3.000000000000000000, -7.745966692414832266 ) ) ;
#5205 = ORIENTED_EDGE ( 'NONE', *, *, #1952, .T. ) ;
#5206 = TOROIDAL_SURFACE ( 'NONE', #3127, 1.000000000000000000, 0.5000000000000000000 ) ;
#5207 = VECTOR ( 'NONE', #4597, 1000.000000000000000 ) ;
#5208 = DIRECTION ( 'NONE',  ( 0.000000000000000000, 1.000000000000000000, 0.000000000000000000 ) ) ;
#5209 = ORIENTED_EDGE ( 'NONE', *, *, #3632, .T. ) ;
#5210 = VERTEX_POINT ( 'NONE', #4552 ) ;
#5211 = CARTESIAN_POINT ( 'NONE',  ( -17.38533865071369533, 2.500000000000000000, 1.500000000000181855 ) ) ;
#5212 = VECTOR ( 'NONE', #301, 1000.000000000000000 ) ;
#5213 = DIRECTION ( 'NONE',  ( -0.000000000000000000, -1.000000000000000000, -0.000000000000000000 ) ) ;
#5214 = LINE ( 'NONE', #785, #4848 ) ;
#5215 = CARTESIAN_POINT ( 'NONE',  ( 0.000000000000000000, 2.500000000000000000, 0.000000000000000000 ) ) ;
#5216 = ORIENTED_EDGE ( 'NONE', *, *, #1929, .T. ) ;
#5217 = AXIS2_PLACEMENT_3D ( 'NONE', #391, #4879, #4304 ) ;
#5218 = ORIENTED_EDGE ( 'NONE', *, *, #3808, .F. ) ;
#5219 = CARTESIAN_POINT ( 'NONE',  ( -1.500000000000000000, -2.500000000000000444, -17.93739111465210101 ) ) ;
#5220 = ORIENTED_EDGE ( 'NONE', *, *, #3679, .T. ) ;
#5221 = CIRCLE ( 'NONE', #3558, 0.5000000000000003331 ) ;
#5222 = DIRECTION ( 'NONE',  ( 0.000000000000000000, 0.000000000000000000, 1.000000000000000000 ) ) ;
#5223 = AXIS2_PLACEMENT_3D ( 'NONE', #6380, #5894, #1454 ) ;
#5224 = DIRECTION ( 'NONE',  ( 0.000000000000000000, 0.000000000000000000, 1.000000000000000000 ) ) ;
#5225 = ORIENTED_EDGE ( 'NONE', *, *, #176, .T. ) ;
#5226 = EDGE_CURVE ( 'NONE', #2368, #418, #6013, .T. ) ;
#5227 = ORIENTED_EDGE ( 'NONE', *, *, #3732, .T. ) ;
#5228 = LINE ( 'NONE', #3699, #3843 ) ;
#5229 = DIRECTION ( 'NONE',  ( 0.000000000000000000, 0.000000000000000000, 1.000000000000000000 ) ) ;
#5230 = TOROIDAL_SURFACE ( 'NONE', #2437, 18.50000000000000355, 0.5000000000000000000 ) ;
#5231 = CIRCLE ( 'NONE', #3153, 0.5000000000000000000 ) ;
#5232 = EDGE_CURVE ( 'NONE', #2525, #332, #3228, .T. ) ;
#5233 = DIRECTION ( 'NONE',  ( -0.000000000000000000, -1.000000000000000000, -0.000000000000000000 ) ) ;
#5234 = VECTOR ( 'NONE', #5306, 1000.000000000000000 ) ;
#5235 = DIRECTION ( 'NONE',  ( 0.000000000000000000, 1.000000000000000000, 0.000000000000000000 ) ) ;
#5236 = EDGE_CURVE ( 'NONE', #4757, #4720, #158, .T. ) ;
#5237 = EDGE_CURVE ( 'NONE', #1687, #3366, #2829, .T. ) ;
#5238 = CARTESIAN_POINT ( 'NONE',  ( -17.38533865071369533, -2.999999999999998224, 1.500000000000181855 ) ) ;
#5239 = ORIENTED_EDGE ( 'NONE', *, *, #1111, .T. ) ;
#5240 = CARTESIAN_POINT ( 'NONE',  ( 0.000000000000000000, 2.500000000000000000, 0.000000000000000000 ) ) ;
#5241 = CARTESIAN_POINT ( 'NONE',  ( -13.39075767515224769, 3.000000000000000000, 11.97654411277942010 ) ) ;
#5242 = FACE_OUTER_BOUND ( 'NONE', #2783, .T. ) ;
#5243 = EDGE_CURVE ( 'NONE', #1492, #6191, #3432, .T. ) ;
#5244 = CARTESIAN_POINT ( 'NONE',  ( -1.999999999999999112, -2.500000000000000444, -7.745966692414832266 ) ) ;
#5245 = ORIENTED_EDGE ( 'NONE', *, *, #4462, .F. ) ;
#5246 = CIRCLE ( 'NONE', #2768, 18.50000000000000355 ) ;
#5247 = VERTEX_POINT ( 'NONE', #5466 ) ;
#5248 = DIRECTION ( 'NONE',  ( 0.000000000000000000, 1.000000000000000000, 0.000000000000000000 ) ) ;
#5249 = DIRECTION ( 'NONE',  ( 0.9682458365518563648, 0.000000000000000000, 0.2499999999999914513 ) ) ;
#5250 = EDGE_CURVE ( 'NONE', #418, #1794, #648, .T. ) ;
#5251 = CARTESIAN_POINT ( 'NONE',  ( 6.460724191335695643, 3.001000000000000334, -3.809073761886178744 ) ) ;
#5252 = DIRECTION ( 'NONE',  ( 0.000000000000000000, 0.000000000000000000, 1.000000000000000000 ) ) ;
#5253 = VERTEX_POINT ( 'NONE', #585 ) ;
#5254 = VERTEX_POINT ( 'NONE', #1029 ) ;
#5255 = DIRECTION ( 'NONE',  ( -0.000000000000000000, -1.000000000000000000, -0.000000000000000000 ) ) ;
#5256 = ORIENTED_EDGE ( 'NONE', *, *, #1784, .T. ) ;
#5257 = CARTESIAN_POINT ( 'NONE',  ( 0.000000000000000000, -3.000000000000000000, 0.000000000000000000 ) ) ;
#5258 = ORIENTED_EDGE ( 'NONE', *, *, #1873, .T. ) ;
#5259 = CARTESIAN_POINT ( 'NONE',  ( 11.58618407195769784, -2.500000000000000444, 13.00039763433079187 ) ) ;
#5260 = ORIENTED_EDGE ( 'NONE', *, *, #4365, .F. ) ;
#5261 = VERTEX_POINT ( 'NONE', #2560 ) ;
#5262 = CARTESIAN_POINT ( 'NONE',  ( 17.88206261216266668, -2.500000000000000444, -2.057142857142918668 ) ) ;
#5263 = DIRECTION ( 'NONE',  ( 0.000000000000000000, 0.000000000000000000, -1.000000000000000000 ) ) ;
#5264 = DIRECTION ( 'NONE',  ( -0.000000000000000000, -1.000000000000000000, -0.000000000000000000 ) ) ;
#5265 = DIRECTION ( 'NONE',  ( 0.000000000000000000, 1.000000000000000000, 0.000000000000000000 ) ) ;
#5266 = CARTESIAN_POINT ( 'NONE',  ( -6.891439137424713479, 2.500000000000000000, 4.063012012678638207 ) ) ;
#5267 = ORIENTED_EDGE ( 'NONE', *, *, #2700, .F. ) ;
#5268 = DIRECTION ( 'NONE',  ( 0.000000000000000000, 0.000000000000000000, 1.000000000000000000 ) ) ;
#5269 = ADVANCED_FACE ( 'NONE', ( #3006 ), #550, .T. ) ;
#5270 = DIRECTION ( 'NONE',  ( -0.000000000000000000, -1.000000000000000000, -0.000000000000000000 ) ) ;
#5271 = CARTESIAN_POINT ( 'NONE',  ( -1.499999999999788836, 3.000000000000000000, 17.38533865071372730 ) ) ;
#5272 = DIRECTION ( 'NONE',  ( -0.2499999999999995559, 0.000000000000000000, -0.9682458365518542553 ) ) ;
#5273 = ORIENTED_EDGE ( 'NONE', *, *, #3614, .F. ) ;
#5274 = ORIENTED_EDGE ( 'NONE', *, *, #3929, .T. ) ;
#5275 = EDGE_CURVE ( 'NONE', #4489, #5317, #64, .T. ) ;
#5276 = AXIS2_PLACEMENT_3D ( 'NONE', #5805, #5295, #1830 ) ;
#5277 = DIRECTION ( 'NONE',  ( -8.673617379884035472E-15, 0.000000000000000000, -1.000000000000000000 ) ) ;
#5278 = DIRECTION ( 'NONE',  ( 0.000000000000000000, 0.000000000000000000, 1.000000000000000000 ) ) ;
#5279 = CARTESIAN_POINT ( 'NONE',  ( 7.261843774138901253, 3.001000000000000334, -1.875000000000024647 ) ) ;
#5280 = ORIENTED_EDGE ( 'NONE', *, *, #1084, .F. ) ;
#5281 = VERTEX_POINT ( 'NONE', #1579 ) ;
#5282 = CARTESIAN_POINT ( 'NONE',  ( 6.891439137424762329, -2.499999999999999556, 4.063012012678552942 ) ) ;
#5283 = DIRECTION ( 'NONE',  ( -1.000000000000000000, 0.000000000000000000, 0.000000000000000000 ) ) ;
#5284 = EDGE_CURVE ( 'NONE', #1446, #3372, #4261, .T. ) ;
#5285 = ORIENTED_EDGE ( 'NONE', *, *, #1519, .F. ) ;
#5286 = AXIS2_PLACEMENT_3D ( 'NONE', #3313, #4345, #347 ) ;
#5287 = CARTESIAN_POINT ( 'NONE',  ( -1.999999999999788836, 2.500000000000000000, 17.38533865071373441 ) ) ;
#5288 = VERTEX_POINT ( 'NONE', #3787 ) ;
#5289 = VERTEX_POINT ( 'NONE', #2331 ) ;
#5290 = DIRECTION ( 'NONE',  ( 0.000000000000000000, 1.000000000000000000, 0.000000000000000000 ) ) ;
#5291 = AXIS2_PLACEMENT_3D ( 'NONE', #1906, #4753, #4265 ) ;
#5292 = AXIS2_PLACEMENT_3D ( 'NONE', #479, #3413, #2454 ) ;
#5293 = EDGE_CURVE ( 'NONE', #4945, #5902, #5709, .T. ) ;
#5294 = DIRECTION ( 'NONE',  ( 0.000000000000000000, 1.000000000000000000, 0.000000000000000000 ) ) ;
#5295 = DIRECTION ( 'NONE',  ( -0.000000000000000000, -1.000000000000000000, -0.000000000000000000 ) ) ;
#5296 = TOROIDAL_SURFACE ( 'NONE', #2395, 7.000000000000000888, 0.5000000000000000000 ) ;
#5297 = LINE ( 'NONE', #6285, #2390 ) ;
#5298 = DIRECTION ( 'NONE',  ( 1.734723475976807094E-15, 0.000000000000000000, 1.000000000000000000 ) ) ;
#5299 = ORIENTED_EDGE ( 'NONE', *, *, #257, .T. ) ;
#5300 = DIRECTION ( 'NONE',  ( 0.000000000000000000, 0.000000000000000000, 1.000000000000000000 ) ) ;
#5301 = AXIS2_PLACEMENT_3D ( 'NONE', #1951, #3016, #3894 ) ;
#5302 = AXIS2_PLACEMENT_3D ( 'NONE', #3146, #1137, #5641 ) ;
#5303 = CARTESIAN_POINT ( 'NONE',  ( -2.057142857142639780, 3.001000000000000334, 17.88206261216269866 ) ) ;
#5304 = AXIS2_PLACEMENT_3D ( 'NONE', #5439, #3549, #4494 ) ;
#5305 = CARTESIAN_POINT ( 'NONE',  ( 0.7071067811865473507, -3.000000000000000000, -0.7071067811865473507 ) ) ;
#5306 = DIRECTION ( 'NONE',  ( 0.000000000000000000, 0.000000000000000000, -1.000000000000000000 ) ) ;
#5307 = VECTOR ( 'NONE', #5917, 1000.000000000000000 ) ;
#5308 = EDGE_CURVE ( 'NONE', #4757, #5767, #3122, .T. ) ;
#5309 = VECTOR ( 'NONE', #3267, 1000.000000000000000 ) ;
#5310 = ORIENTED_EDGE ( 'NONE', *, *, #5973, .F. ) ;
#5311 = AXIS2_PLACEMENT_3D ( 'NONE', #5450, #1178, #1593 ) ;
#5312 = AXIS2_PLACEMENT_3D ( 'NONE', #804, #1928, #6318 ) ;
#5313 = EDGE_CURVE ( 'NONE', #2981, #2057, #5606, .T. ) ;
#5314 = AXIS2_PLACEMENT_3D ( 'NONE', #4899, #5481, #5028 ) ;
#5315 = DIRECTION ( 'NONE',  ( 0.000000000000000000, 1.000000000000000000, 0.000000000000000000 ) ) ;
#5316 = DIRECTION ( 'NONE',  ( 0.000000000000000000, 1.000000000000000000, 0.000000000000000000 ) ) ;
#5317 = VERTEX_POINT ( 'NONE', #221 ) ;
#5318 = EDGE_CURVE ( 'NONE', #1423, #2219, #2194, .T. ) ;
#5319 = VERTEX_POINT ( 'NONE', #5211 ) ;
#5320 = AXIS2_PLACEMENT_3D ( 'NONE', #5287, #6190, #4279 ) ;
#5321 = FACE_OUTER_BOUND ( 'NONE', #541, .T. ) ;
#5322 = VECTOR ( 'NONE', #5794, 1000.000000000000114 ) ;
#5323 = ADVANCED_FACE ( 'NONE', ( #259 ), #843, .T. ) ;
#5324 = ORIENTED_EDGE ( 'NONE', *, *, #3087, .F. ) ;
#5325 = DIRECTION ( 'NONE',  ( -0.8614298921780945140, -0.000000000000000000, 0.5078765015848208941 ) ) ;
#5326 = ORIENTED_EDGE ( 'NONE', *, *, #2823, .T. ) ;
#5327 = ADVANCED_FACE ( 'NONE', ( #3296 ), #362, .T. ) ;
#5328 = AXIS2_PLACEMENT_3D ( 'NONE', #6170, #1708, #183 ) ;
#5329 = FACE_OUTER_BOUND ( 'NONE', #966, .T. ) ;
#5330 = EDGE_LOOP ( 'NONE', ( #3937, #6045, #2944, #6257 ) ) ;
#5331 = EDGE_CURVE ( 'NONE', #2582, #5175, #4786, .T. ) ;
#5332 = DIRECTION ( 'NONE',  ( 0.000000000000000000, 0.000000000000000000, 1.000000000000000000 ) ) ;
#5333 = FACE_OUTER_BOUND ( 'NONE', #996, .T. ) ;
#5334 = AXIS2_PLACEMENT_3D ( 'NONE', #2890, #2408, #4381 ) ;
#5335 = DIRECTION ( 'NONE',  ( 0.000000000000000000, 0.000000000000000000, 1.000000000000000000 ) ) ;
#5336 = AXIS2_PLACEMENT_3D ( 'NONE', #5115, #3101, #2040 ) ;
#5337 = FACE_OUTER_BOUND ( 'NONE', #5048, .T. ) ;
#5338 = VERTEX_POINT ( 'NONE', #2720 ) ;
#5339 = CIRCLE ( 'NONE', #4909, 0.5000000000000004441 ) ;
#5340 = CIRCLE ( 'NONE', #573, 0.5000000000000000000 ) ;
#5341 = CARTESIAN_POINT ( 'NONE',  ( 0.000000000000000000, 2.500000000000000000, 0.000000000000000000 ) ) ;
#5342 = DIRECTION ( 'NONE',  ( -0.7832859666009881483, -8.673617379884033500E-16, 0.6216615594726407901 ) ) ;
#5343 = CARTESIAN_POINT ( 'NONE',  ( -13.35395102492416441, -2.500000000000000444, -11.23263068136430753 ) ) ;
#5344 = DIRECTION ( 'NONE',  ( 0.000000000000000000, 0.000000000000000000, 1.000000000000000000 ) ) ;
#5345 = CIRCLE ( 'NONE', #2546, 1.000000000000000888 ) ;
#5346 = EDGE_LOOP ( 'NONE', ( #4379, #4241, #4537, #1002 ) ) ;
#5347 = DIRECTION ( 'NONE',  ( -0.000000000000000000, -1.000000000000000000, -0.000000000000000000 ) ) ;
#5348 = AXIS2_PLACEMENT_3D ( 'NONE', #1463, #2927, #3924 ) ;
#5349 = LINE ( 'NONE', #1872, #1078 ) ;
#5350 = ORIENTED_EDGE ( 'NONE', *, *, #1542, .F. ) ;
#5351 = ORIENTED_EDGE ( 'NONE', *, *, #4901, .F. ) ;
#5352 = DIRECTION ( 'NONE',  ( -0.000000000000000000, -1.000000000000000000, -0.000000000000000000 ) ) ;
#5353 = ADVANCED_FACE ( 'NONE', ( #1775 ), #4047, .T. ) ;
#5354 = CARTESIAN_POINT ( 'NONE',  ( -1.000000000000000000, -3.000000000000000000, 0.000000000000000000 ) ) ;
#5355 = ORIENTED_EDGE ( 'NONE', *, *, #5855, .T. ) ;
#5356 = CARTESIAN_POINT ( 'NONE',  ( 7.745966692414835819, 3.001000000000000334, 1.999999999999985789 ) ) ;
#5357 = EDGE_LOOP ( 'NONE', ( #3170, #6375, #6167, #6329 ) ) ;
#5358 = CARTESIAN_POINT ( 'NONE',  ( 4.416565403271804691, 2.500000000000000000, -6.537885746831504363 ) ) ;
#5359 = CARTESIAN_POINT ( 'NONE',  ( 6.184332356238216200, 2.500000000000000000, 4.770118793865101736 ) ) ;
#5360 = ADVANCED_FACE ( 'NONE', ( #2293 ), #5919, .T. ) ;
#5361 = CARTESIAN_POINT ( 'NONE',  ( -13.70750441551743570, 3.001000000000000334, -10.87907729077102914 ) ) ;
#5362 = DIRECTION ( 'NONE',  ( 0.000000000000000000, 0.000000000000000000, 1.000000000000000000 ) ) ;
#5363 = CARTESIAN_POINT ( 'NONE',  ( -4.063012012678565377, 3.000000000000000000, -6.891439137424754335 ) ) ;
#5364 = EDGE_LOOP ( 'NONE', ( #3536, #2864, #3256, #663 ) ) ;
#5365 = CARTESIAN_POINT ( 'NONE',  ( 13.70750441551730425, -2.500000000000000444, -10.87907729077119789 ) ) ;
#5366 = EDGE_CURVE ( 'NONE', #98, #2206, #2512, .T. ) ;
#5367 = CARTESIAN_POINT ( 'NONE',  ( -13.74431106574574812, 2.500000000000000000, -11.62299072218588414 ) ) ;
#5368 = CARTESIAN_POINT ( 'NONE',  ( 1.750000000000000000, -2.500000000000000000, 6.777720855862980009 ) ) ;
#5369 = DIRECTION ( 'NONE',  ( 0.000000000000000000, 0.000000000000000000, 1.000000000000000000 ) ) ;
#5370 = ORIENTED_EDGE ( 'NONE', *, *, #2578, .T. ) ;
#5371 = VECTOR ( 'NONE', #1533, 1000.000000000000000 ) ;
#5372 = CARTESIAN_POINT ( 'NONE',  ( 17.38533865071370244, -2.500000000000000444, -2.000000000000059952 ) ) ;
#5373 = CARTESIAN_POINT ( 'NONE',  ( 7.745966692414825161, 3.000000000000000000, -2.000000000000026201 ) ) ;
#5374 = ORIENTED_EDGE ( 'NONE', *, *, #6293, .F. ) ;
#5375 = ORIENTED_EDGE ( 'NONE', *, *, #2319, .T. ) ;
#5376 = AXIS2_PLACEMENT_3D ( 'NONE', #3283, #3350, #4215 ) ;
#5377 = UNCERTAINTY_MEASURE_WITH_UNIT (LENGTH_MEASURE( 1.000000000000000082E-05 ), #3901, 'distance_accuracy_value', 'NONE');
#5378 = CARTESIAN_POINT ( 'NONE',  ( 4.063012012678565377, 3.000000000000000000, 6.891439137424754335 ) ) ;
#5379 = ORIENTED_EDGE ( 'NONE', *, *, #4154, .T. ) ;
#5380 = DIRECTION ( 'NONE',  ( 0.000000000000000000, 0.000000000000000000, 1.000000000000000000 ) ) ;
#5381 = ORIENTED_EDGE ( 'NONE', *, *, #57, .T. ) ;
#5382 = DIRECTION ( 'NONE',  ( -0.000000000000000000, -1.000000000000000000, -0.000000000000000000 ) ) ;
#5383 = ADVANCED_FACE ( 'NONE', ( #1198 ), #3166, .T. ) ;
#5384 = ORIENTED_EDGE ( 'NONE', *, *, #4510, .F. ) ;
#5385 = LINE ( 'NONE', #3921, #1879 ) ;
#5386 = ADVANCED_FACE ( 'NONE', ( #3195 ), #2921, .T. ) ;
#5387 = CARTESIAN_POINT ( 'NONE',  ( 7.745966692414834043, 2.500000000000000000, 0.9999999999999867883 ) ) ;
#5388 = CARTESIAN_POINT ( 'NONE',  ( -1.999999999999788836, 2.500000000000000000, 17.38533865071373441 ) ) ;
#5389 = CIRCLE ( 'NONE', #426, 0.4999999999999996669 ) ;
#5390 = EDGE_CURVE ( 'NONE', #3620, #3392, #2608, .T. ) ;
#5391 = ORIENTED_EDGE ( 'NONE', *, *, #4540, .T. ) ;
#5392 = DIRECTION ( 'NONE',  ( -0.7071067811865457964, -0.000000000000000000, 0.7071067811865493491 ) ) ;
#5393 = DIRECTION ( 'NONE',  ( 0.000000000000000000, 1.000000000000000000, 0.000000000000000000 ) ) ;
#5394 = TOROIDAL_SURFACE ( 'NONE', #4555, 1.000000000000000000, 0.5000000000000000000 ) ;
#5395 = VECTOR ( 'NONE', #2883, 1000.000000000000000 ) ;
#5396 = DIRECTION ( 'NONE',  ( 0.000000000000000000, 1.000000000000000000, 0.000000000000000000 ) ) ;
#5397 = CARTESIAN_POINT ( 'NONE',  ( 17.38533865071370244, -3.000000000000000000, -2.000000000000059952 ) ) ;
#5398 = CARTESIAN_POINT ( 'NONE',  ( -13.70750441551743570, 2.500000000000000000, -10.87907729077102914 ) ) ;
#5399 = CARTESIAN_POINT ( 'NONE',  ( -10.87907729077115171, 3.001000000000000334, -13.70750441551733800 ) ) ;
#5400 = ADVANCED_FACE ( 'NONE', ( #6177 ), #1743, .F. ) ;
#5401 = ORIENTED_EDGE ( 'NONE', *, *, #1863, .T. ) ;
#5402 = CIRCLE ( 'NONE', #3328, 7.500000000000000888 ) ;
#5403 = CARTESIAN_POINT ( 'NONE',  ( 1.999999999999958922, -2.500000000000000444, -7.745966692414842925 ) ) ;
#5404 = CIRCLE ( 'NONE', #2196, 0.5000000000000002220 ) ;
#5405 = AXIS2_PLACEMENT_3D ( 'NONE', #6048, #4970, #2653 ) ;
#5406 = CARTESIAN_POINT ( 'NONE',  ( 6.777720855862983562, 3.000000000000000000, 1.749999999999988232 ) ) ;
#5407 = EDGE_LOOP ( 'NONE', ( #3821, #5448, #4915, #773 ) ) ;
#5408 = EDGE_LOOP ( 'NONE', ( #1752, #5120, #4647, #1400 ) ) ;
#5409 = DIRECTION ( 'NONE',  ( 0.000000000000000000, 0.000000000000000000, 1.000000000000000000 ) ) ;
#5410 = AXIS2_PLACEMENT_3D ( 'NONE', #5096, #1733, #5650 ) ;
#5411 = CIRCLE ( 'NONE', #1997, 1.000000000000000888 ) ;
#5412 = CIRCLE ( 'NONE', #965, 0.5000000000000001110 ) ;
#5413 = ORIENTED_EDGE ( 'NONE', *, *, #4432, .T. ) ;
#5414 = CARTESIAN_POINT ( 'NONE',  ( 17.38533865071371309, 2.500000000000000000, 1.999999999999968914 ) ) ;
#5415 = ORIENTED_EDGE ( 'NONE', *, *, #4562, .F. ) ;
#5416 = VECTOR ( 'NONE', #4926, 1000.000000000000000 ) ;
#5417 = ORIENTED_EDGE ( 'NONE', *, *, #2349, .F. ) ;
#5418 = AXIS2_PLACEMENT_3D ( 'NONE', #2566, #6023, #1590 ) ;
#5419 = CARTESIAN_POINT ( 'NONE',  ( 11.18990807050747271, -2.500000000000000444, 14.09914739881783774 ) ) ;
#5420 = VERTEX_POINT ( 'NONE', #5875 ) ;
#5421 = DIRECTION ( 'NONE',  ( 0.000000000000000000, 0.000000000000000000, -1.000000000000000000 ) ) ;
#5422 = ADVANCED_FACE ( 'NONE', ( #2545 ), #75, .T. ) ;
#5423 = DIRECTION ( 'NONE',  ( -0.000000000000000000, -1.000000000000000000, -0.000000000000000000 ) ) ;
#5424 = DIRECTION ( 'NONE',  ( 0.000000000000000000, 0.000000000000000000, -1.000000000000000000 ) ) ;
#5425 = EDGE_LOOP ( 'NONE', ( #3109, #5569, #1964, #3142 ) ) ;
#5426 = DIRECTION ( 'NONE',  ( -0.000000000000000000, -1.000000000000000000, -0.000000000000000000 ) ) ;
#5427 = CIRCLE ( 'NONE', #3047, 0.5000000000000000000 ) ;
#5428 = EDGE_CURVE ( 'NONE', #144, #3918, #4163, .T. ) ;
#5429 = EDGE_CURVE ( 'NONE', #70, #3339, #4370, .T. ) ;
#5430 = CARTESIAN_POINT ( 'NONE',  ( 0.000000000000000000, 3.000000000000000000, 0.000000000000000000 ) ) ;
#5431 = DIRECTION ( 'NONE',  ( -0.7071067811865451302, 0.000000000000000000, 0.7071067811865499042 ) ) ;
#5432 = AXIS2_PLACEMENT_3D ( 'NONE', #36, #6055, #3590 ) ;
#5433 = DIRECTION ( 'NONE',  ( 0.000000000000000000, 0.000000000000000000, 1.000000000000000000 ) ) ;
#5434 = VERTEX_POINT ( 'NONE', #3539 ) ;
#5435 = CIRCLE ( 'NONE', #1503, 0.5000000000000004441 ) ;
#5436 = ORIENTED_EDGE ( 'NONE', *, *, #3046, .F. ) ;
#5437 = ADVANCED_FACE ( 'NONE', ( #2048 ), #4957, .F. ) ;
#5438 = DIRECTION ( 'NONE',  ( 0.000000000000000000, 1.000000000000000000, 0.000000000000000000 ) ) ;
#5439 = CARTESIAN_POINT ( 'NONE',  ( -18.37878657361165580, -2.500000000000000000, -2.114285714285553563 ) ) ;
#5440 = EDGE_LOOP ( 'NONE', ( #1852, #1390, #5218, #371, #4433, #1260, #5039, #1510, #4447 ) ) ;
#5441 = ORIENTED_EDGE ( 'NONE', *, *, #100, .T. ) ;
#5442 = DIRECTION ( 'NONE',  ( -1.000000000000000000, 0.000000000000000000, 1.214306433183764966E-14 ) ) ;
#5443 = ORIENTED_EDGE ( 'NONE', *, *, #5331, .F. ) ;
#5444 = ADVANCED_FACE ( 'NONE', ( #2932 ), #132, .T. ) ;
#5445 = CARTESIAN_POINT ( 'NONE',  ( -4.416565403271838441, 2.500000000000000000, -6.537885746831480382 ) ) ;
#5446 = ORIENTED_EDGE ( 'NONE', *, *, #528, .T. ) ;
#5447 = ORIENTED_EDGE ( 'NONE', *, *, #5318, .T. ) ;
#5448 = ORIENTED_EDGE ( 'NONE', *, *, #1197, .F. ) ;
#5449 = CARTESIAN_POINT ( 'NONE',  ( -4.063012012678481000, 2.500000000000000444, 6.891439137424804073 ) ) ;
#5450 = CARTESIAN_POINT ( 'NONE',  ( 0.7071067811865568986, 2.500000000000000000, 0.7071067811865396902 ) ) ;
#5451 = FACE_OUTER_BOUND ( 'NONE', #822, .T. ) ;
#5452 = EDGE_LOOP ( 'NONE', ( #5992, #5227, #6008, #6056 ) ) ;
#5453 = DIRECTION ( 'NONE',  ( 0.000000000000000000, 0.000000000000000000, 1.000000000000000000 ) ) ;
#5454 = CARTESIAN_POINT ( 'NONE',  ( 0.000000000000000000, -2.500000000000000444, 0.000000000000000000 ) ) ;
#5455 = DIRECTION ( 'NONE',  ( 0.000000000000000000, 0.000000000000000000, 1.000000000000000000 ) ) ;
#5456 = DIRECTION ( 'NONE',  ( -0.7071067811865475727, 0.000000000000000000, -0.7071067811865475727 ) ) ;
#5457 = FACE_OUTER_BOUND ( 'NONE', #1168, .T. ) ;
#5458 = ORIENTED_EDGE ( 'NONE', *, *, #6321, .T. ) ;
#5459 = EDGE_CURVE ( 'NONE', #857, #6153, #6128, .T. ) ;
#5460 = ORIENTED_EDGE ( 'NONE', *, *, #408, .F. ) ;
#5461 = DIRECTION ( 'NONE',  ( 0.000000000000000000, 1.000000000000000000, 0.000000000000000000 ) ) ;
#5462 = CARTESIAN_POINT ( 'NONE',  ( -1.999999999999999112, 3.001000000000000334, -17.38533865071370954 ) ) ;
#5463 = EDGE_LOOP ( 'NONE', ( #2461, #1723, #2583, #4097 ) ) ;
#5464 = ORIENTED_EDGE ( 'NONE', *, *, #5429, .F. ) ;
#5465 = EDGE_CURVE ( 'NONE', #2730, #5045, #4264, .T. ) ;
#5466 = CARTESIAN_POINT ( 'NONE',  ( 11.18990807050739633, -2.500000000000000444, -14.09914739881789814 ) ) ;
#5467 = EDGE_LOOP ( 'NONE', ( #5162, #5819, #4574, #850 ) ) ;
#5468 = AXIS2_PLACEMENT_3D ( 'NONE', #3269, #223, #817 ) ;
#5469 = CARTESIAN_POINT ( 'NONE',  ( -3.491481338843134933E-15, -3.000000000000000000, -1.000000000000000222 ) ) ;
#5470 = DIRECTION ( 'NONE',  ( -0.000000000000000000, -1.000000000000000000, -0.000000000000000000 ) ) ;
#5471 = CIRCLE ( 'NONE', #1023, 7.500000000000000888 ) ;
#5472 = ORIENTED_EDGE ( 'NONE', *, *, #4107, .F. ) ;
#5473 = DIRECTION ( 'NONE',  ( 0.000000000000000000, 0.000000000000000000, 1.000000000000000000 ) ) ;
#5474 = EDGE_CURVE ( 'NONE', #2730, #5696, #3967, .T. ) ;
#5475 = ORIENTED_EDGE ( 'NONE', *, *, #1000, .F. ) ;
#5476 = LINE ( 'NONE', #4128, #848 ) ;
#5477 = DIRECTION ( 'NONE',  ( 0.000000000000000000, 1.000000000000000000, 0.000000000000000000 ) ) ;
#5478 = ADVANCED_FACE ( 'NONE', ( #2509 ), #3750, .T. ) ;
#5479 = ORIENTED_EDGE ( 'NONE', *, *, #4326, .T. ) ;
#5480 = FACE_OUTER_BOUND ( 'NONE', #290, .T. ) ;
#5481 = DIRECTION ( 'NONE',  ( -0.000000000000000000, -1.000000000000000000, -0.000000000000000000 ) ) ;
#5482 = DIRECTION ( 'NONE',  ( 0.000000000000000000, 1.000000000000000000, 0.000000000000000000 ) ) ;
#5483 = FACE_OUTER_BOUND ( 'NONE', #4425, .T. ) ;
#5484 = AXIS2_PLACEMENT_3D ( 'NONE', #5141, #4100, #6079 ) ;
#5485 = AXIS2_PLACEMENT_3D ( 'NONE', #3383, #3774, #2894 ) ;
#5486 = DIRECTION ( 'NONE',  ( 0.000000000000000000, 0.000000000000000000, 1.000000000000000000 ) ) ;
#5487 = EDGE_LOOP ( 'NONE', ( #3855, #2041, #653, #2681, #4910, #4880 ) ) ;
#5488 = AXIS2_PLACEMENT_3D ( 'NONE', #4251, #2254, #6289 ) ;
#5489 = VECTOR ( 'NONE', #1975, 1000.000000000000000 ) ;
#5490 = EDGE_LOOP ( 'NONE', ( #4935, #3145, #3057, #195 ) ) ;
#5491 = DIRECTION ( 'NONE',  ( 0.000000000000000000, 0.000000000000000000, 1.000000000000000000 ) ) ;
#5492 = EDGE_CURVE ( 'NONE', #1001, #5153, #553, .T. ) ;
#5493 = EDGE_LOOP ( 'NONE', ( #2129, #2771, #4436, #3600 ) ) ;
#5494 = AXIS2_PLACEMENT_3D ( 'NONE', #3570, #3151, #5087 ) ;
#5495 = VERTEX_POINT ( 'NONE', #3027 ) ;
#5496 = DIRECTION ( 'NONE',  ( -0.000000000000000000, -1.000000000000000000, -0.000000000000000000 ) ) ;
#5497 = EDGE_CURVE ( 'NONE', #5734, #179, #989, .T. ) ;
#5498 = AXIS2_PLACEMENT_3D ( 'NONE', #2407, #3955, #5935 ) ;
#5499 = EDGE_LOOP ( 'NONE', ( #4655, #2870, #4934, #6144 ) ) ;
#5500 = AXIS2_PLACEMENT_3D ( 'NONE', #5010, #4127, #3520 ) ;
#5501 = EDGE_CURVE ( 'NONE', #98, #2436, #5613, .T. ) ;
#5502 = CYLINDRICAL_SURFACE ( 'NONE', #8, 0.4999999999999994449 ) ;
#5503 = CARTESIAN_POINT ( 'NONE',  ( -1.000000000000000000, -3.000000000000000000, -7.745966692414832266 ) ) ;
#5504 = AXIS2_PLACEMENT_3D ( 'NONE', #4029, #4063, #581 ) ;
#5505 = ORIENTED_EDGE ( 'NONE', *, *, #1939, .F. ) ;
#5506 = EDGE_CURVE ( 'NONE', #3065, #5136, #5411, .T. ) ;
#5507 = DIRECTION ( 'NONE',  ( -0.7071067811865440200, -0.000000000000000000, 0.7071067811865510144 ) ) ;
#5508 = ORIENTED_EDGE ( 'NONE', *, *, #4087, .F. ) ;
#5509 = DIRECTION ( 'NONE',  ( -8.673617379884027583E-16, 0.000000000000000000, 1.000000000000000000 ) ) ;
#5510 = AXIS2_PLACEMENT_3D ( 'NONE', #630, #2604, #4671 ) ;
#5511 = ADVANCED_FACE ( 'NONE', ( #5942 ), #1689, .T. ) ;
#5512 = AXIS2_PLACEMENT_3D ( 'NONE', #2964, #5477, #1527 ) ;
#5513 = CARTESIAN_POINT ( 'NONE',  ( -7.745966692414849142, -2.500000000000000444, -1.999999999999931610 ) ) ;
#5514 = EDGE_CURVE ( 'NONE', #1611, #1150, #3959, .T. ) ;
#5515 = EDGE_LOOP ( 'NONE', ( #3547, #127, #910, #3177 ) ) ;
#5516 = DIRECTION ( 'NONE',  ( 0.000000000000000000, 0.000000000000000000, 1.000000000000000000 ) ) ;
#5517 = AXIS2_PLACEMENT_3D ( 'NONE', #5768, #3696, #2246 ) ;
#5518 = DIRECTION ( 'NONE',  ( 0.2499999999999882039, 0.000000000000000000, -0.9682458365518573640 ) ) ;
#5519 = EDGE_CURVE ( 'NONE', #339, #4471, #47, .T. ) ;
#5520 = DIRECTION ( 'NONE',  ( 0.000000000000000000, 0.000000000000000000, 1.000000000000000000 ) ) ;
#5521 = CARTESIAN_POINT ( 'NONE',  ( 17.38533865071371309, -2.499999999999999556, 1.999999999999968914 ) ) ;
#5522 = CARTESIAN_POINT ( 'NONE',  ( -10.87907729077098296, -2.500000000000000444, 13.70750441551747123 ) ) ;
#5523 = CIRCLE ( 'NONE', #3867, 0.5000000000000004441 ) ;
#5524 = EDGE_LOOP ( 'NONE', ( #3048, #4218, #3979, #1756, #2690, #1972, #1921, #3279, #5464 ) ) ;
#5525 = AXIS2_PLACEMENT_3D ( 'NONE', #208, #3120, #2184 ) ;
#5526 = DIRECTION ( 'NONE',  ( 3.469446951953617344E-15, 0.000000000000000000, 1.000000000000000000 ) ) ;
#5527 = DIRECTION ( 'NONE',  ( 5.204170427930416550E-15, 0.000000000000000000, 1.000000000000000000 ) ) ;
#5528 = ORIENTED_EDGE ( 'NONE', *, *, #3953, .F. ) ;
#5529 = ORIENTED_EDGE ( 'NONE', *, *, #801, .T. ) ;
#5530 = AXIS2_PLACEMENT_3D ( 'NONE', #2848, #3837, #904 ) ;
#5531 = CARTESIAN_POINT ( 'NONE',  ( -1.999999999999905409, 2.500000000000000444, 7.745966692414857135 ) ) ;
#5532 = VERTEX_POINT ( 'NONE', #568 ) ;
#5533 = PRODUCT_DEFINITION_FORMATION_WITH_SPECIFIED_SOURCE ( 'ANY', '', #1919, .NOT_KNOWN. ) ;
#5534 = DIRECTION ( 'NONE',  ( 0.000000000000000000, 1.000000000000000000, 0.000000000000000000 ) ) ;
#5535 = ORIENTED_EDGE ( 'NONE', *, *, #5313, .F. ) ;
#5536 = AXIS2_PLACEMENT_3D ( 'NONE', #6131, #1629, #6165 ) ;
#5537 = ORIENTED_EDGE ( 'NONE', *, *, #5546, .T. ) ;
#5538 = DIRECTION ( 'NONE',  ( 0.6216615594726310201, 0.000000000000000000, -0.7832859666009958088 ) ) ;
#5539 = ORIENTED_EDGE ( 'NONE', *, *, #1075, .T. ) ;
#5540 = FACE_OUTER_BOUND ( 'NONE', #5198, .T. ) ;
#5541 = ADVANCED_FACE ( 'NONE', ( #3506 ), #1047, .F. ) ;
#5542 = CARTESIAN_POINT ( 'NONE',  ( -17.38533865071369533, -2.500000000000000444, 1.500000000000181855 ) ) ;
#5543 = AXIS2_PLACEMENT_3D ( 'NONE', #4953, #1041, #4384 ) ;
#5544 = ORIENTED_EDGE ( 'NONE', *, *, #5701, .T. ) ;
#5545 = DIRECTION ( 'NONE',  ( -0.000000000000000000, -1.000000000000000000, -0.000000000000000000 ) ) ;
#5546 = EDGE_CURVE ( 'NONE', #2797, #5338, #6063, .T. ) ;
#5547 = DIRECTION ( 'NONE',  ( 0.7071067811865487940, -0.000000000000000000, 0.7071067811865463515 ) ) ;
#5548 = DIRECTION ( 'NONE',  ( 0.7071067811865437980, 0.000000000000000000, -0.7071067811865513475 ) ) ;
#5549 = CARTESIAN_POINT ( 'NONE',  ( 11.50073885024379194, 2.500000000000000000, 14.49079038211833392 ) ) ;
#5550 = ORIENTED_EDGE ( 'NONE', *, *, #4194, .T. ) ;
#5551 = DIRECTION ( 'NONE',  ( 0.7071067811865475727, -0.000000000000000000, 0.7071067811865475727 ) ) ;
#5552 = CARTESIAN_POINT ( 'NONE',  ( 4.770118793865081308, -3.000000000000000000, -6.184332356238231299 ) ) ;
#5553 = EDGE_CURVE ( 'NONE', #5954, #5247, #5824, .T. ) ;
#5554 = VERTEX_POINT ( 'NONE', #4113 ) ;
#5555 = FACE_OUTER_BOUND ( 'NONE', #1145, .T. ) ;
#5556 = DIRECTION ( 'NONE',  ( 0.000000000000000000, 0.000000000000000000, 1.000000000000000000 ) ) ;
#5557 = ORIENTED_EDGE ( 'NONE', *, *, #5390, .F. ) ;
#5558 = ORIENTED_EDGE ( 'NONE', *, *, #3334, .F. ) ;
#5559 = DIRECTION ( 'NONE',  ( 8.673617379884035472E-15, 0.000000000000000000, 1.000000000000000000 ) ) ;
#5560 = DIRECTION ( 'NONE',  ( 0.7071067811865451302, 0.000000000000000000, -0.7071067811865499042 ) ) ;
#5561 = VERTEX_POINT ( 'NONE', #3599 ) ;
#5562 = ORIENTED_EDGE ( 'NONE', *, *, #6299, .T. ) ;
#5563 = DIRECTION ( 'NONE',  ( -0.000000000000000000, -1.000000000000000000, -0.000000000000000000 ) ) ;
#5564 = ORIENTED_EDGE ( 'NONE', *, *, #4394, .T. ) ;
#5565 = FACE_OUTER_BOUND ( 'NONE', #5180, .T. ) ;
#5566 = AXIS2_PLACEMENT_3D ( 'NONE', #2149, #5093, #2669 ) ;
#5567 = CARTESIAN_POINT ( 'NONE',  ( 17.38533865071370954, 2.500000000000000000, -1.000000000000060840 ) ) ;
#5568 = EDGE_CURVE ( 'NONE', #2806, #779, #175, .T. ) ;
#5569 = ORIENTED_EDGE ( 'NONE', *, *, #2033, .F. ) ;
#5570 = DIRECTION ( 'NONE',  ( 0.000000000000000000, 0.000000000000000000, 1.000000000000000000 ) ) ;
#5571 = AXIS2_PLACEMENT_3D ( 'NONE', #4344, #6284, #1857 ) ;
#5572 = CARTESIAN_POINT ( 'NONE',  ( 6.891439137424740125, 3.001000000000000334, -4.063012012678589358 ) ) ;
#5573 = EDGE_CURVE ( 'NONE', #4948, #1423, #3034, .T. ) ;
#5574 = ORIENTED_EDGE ( 'NONE', *, *, #2511, .F. ) ;
#5575 = CARTESIAN_POINT ( 'NONE',  ( -6.537885746831519462, 2.500000000000000000, -4.416565403271780710 ) ) ;
#5576 = DIRECTION ( 'NONE',  ( 0.000000000000000000, 0.000000000000000000, 1.000000000000000000 ) ) ;
#5577 = VERTEX_POINT ( 'NONE', #6125 ) ;
#5578 = ADVANCED_FACE ( 'NONE', ( #1239 ), #3111, .T. ) ;
#5579 = DIRECTION ( 'NONE',  ( 3.469446951953614189E-15, 0.000000000000000000, 1.000000000000000000 ) ) ;
#5580 = CYLINDRICAL_SURFACE ( 'NONE', #6038, 0.5000000000000004441 ) ;
#5581 = ADVANCED_FACE ( 'NONE', ( #1114 ), #2599, .F. ) ;
#5582 = ORIENTED_EDGE ( 'NONE', *, *, #2066, .F. ) ;
#5583 = DIRECTION ( 'NONE',  ( -0.000000000000000000, -1.000000000000000000, -0.000000000000000000 ) ) ;
#5584 = FACE_OUTER_BOUND ( 'NONE', #389, .T. ) ;
#5585 = ADVANCED_FACE ( 'NONE', ( #5673 ), #2835, .T. ) ;
#5586 = CARTESIAN_POINT ( 'NONE',  ( 11.58618407195763034, 2.500000000000000000, -13.00039763433085227 ) ) ;
#5587 = EDGE_LOOP ( 'NONE', ( #2239, #1228, #1005, #637 ) ) ;
#5588 = ORIENTED_EDGE ( 'NONE', *, *, #5056, .F. ) ;
#5589 = CIRCLE ( 'NONE', #2808, 1.000000000000000000 ) ;
#5590 = AXIS2_PLACEMENT_3D ( 'NONE', #3754, #752, #3270 ) ;
#5591 = CARTESIAN_POINT ( 'NONE',  ( -2.057142857142856496, 3.001000000000000334, -17.88206261216267379 ) ) ;
#5592 = DIRECTION ( 'NONE',  ( 1.224646799147354193E-16, 0.000000000000000000, -1.000000000000000000 ) ) ;
#5593 = TOROIDAL_SURFACE ( 'NONE', #3941, 1.000000000000000000, 0.5000000000000000000 ) ;
#5594 = LINE ( 'NONE', #3789, #1538 ) ;
#5595 = FACE_OUTER_BOUND ( 'NONE', #522, .T. ) ;
#5596 = CARTESIAN_POINT ( 'NONE',  ( 1.874999999999999778, -2.500000000000000444, 7.261843774138907470 ) ) ;
#5597 = EDGE_LOOP ( 'NONE', ( #549, #1684, #1465, #1902 ) ) ;
#5598 = DIRECTION ( 'NONE',  ( -0.000000000000000000, -1.000000000000000000, -0.000000000000000000 ) ) ;
#5599 = ORIENTED_EDGE ( 'NONE', *, *, #4028, .T. ) ;
#5600 = CARTESIAN_POINT ( 'NONE',  ( 0.000000000000000000, -2.500000000000000444, 0.000000000000000000 ) ) ;
#5601 = VECTOR ( 'NONE', #2837, 1000.000000000000000 ) ;
#5602 = VECTOR ( 'NONE', #778, 1000.000000000000000 ) ;
#5603 = EDGE_CURVE ( 'NONE', #6354, #4821, #1212, .T. ) ;
#5604 = DIRECTION ( 'NONE',  ( 0.8614298921780889629, 0.000000000000000000, -0.5078765015848302200 ) ) ;
#5605 = AXIS2_PLACEMENT_3D ( 'NONE', #3938, #2059, #5883 ) ;
#5606 = CIRCLE ( 'NONE', #6322, 0.5000000000000000000 ) ;
#5607 = ORIENTED_EDGE ( 'NONE', *, *, #4201, .T. ) ;
#5608 = CARTESIAN_POINT ( 'NONE',  ( 13.70750441551736287, 3.001000000000000334, 10.87907729077112862 ) ) ;
#5609 = DIRECTION ( 'NONE',  ( -0.000000000000000000, -1.000000000000000000, -0.000000000000000000 ) ) ;
#5610 = EDGE_CURVE ( 'NONE', #756, #2341, #242, .T. ) ;
#5611 = AXIS2_PLACEMENT_3D ( 'NONE', #469, #2503, #6383 ) ;
#5612 = CIRCLE ( 'NONE', #5410, 0.5000000000000000000 ) ;
#5613 = CIRCLE ( 'NONE', #3540, 0.4999999999999997224 ) ;
#5614 = DIRECTION ( 'NONE',  ( -0.000000000000000000, -1.000000000000000000, -0.000000000000000000 ) ) ;
#5615 = CARTESIAN_POINT ( 'NONE',  ( 2.114285714285713436, -2.500000000000000444, 18.37878657361163803 ) ) ;
#5616 = DIRECTION ( 'NONE',  ( -0.7071067811865432429, 1.504632769052529131E-29, 0.7071067811865519026 ) ) ;
#5617 = CIRCLE ( 'NONE', #1177, 0.5000000000000006661 ) ;
#5618 = CARTESIAN_POINT ( 'NONE',  ( -4.063012012678565377, 3.001000000000000334, -6.891439137424754335 ) ) ;
#5619 = AXIS2_PLACEMENT_3D ( 'NONE', #3982, #513, #394 ) ;
#5620 = EDGE_CURVE ( 'NONE', #6280, #4913, #4676, .T. ) ;
#5621 = ORIENTED_EDGE ( 'NONE', *, *, #5366, .F. ) ;
#5622 = DIRECTION ( 'NONE',  ( -0.000000000000000000, -1.000000000000000000, -0.000000000000000000 ) ) ;
#5623 = CARTESIAN_POINT ( 'NONE',  ( -4.063012012678481000, -2.499999999999999556, 6.891439137424804073 ) ) ;
#5624 = TOROIDAL_SURFACE ( 'NONE', #2009, 1.000000000000000000, 0.5000000000000000000 ) ;
#5625 = CARTESIAN_POINT ( 'NONE',  ( 0.000000000000000000, 3.001000000000000334, 0.000000000000000000 ) ) ;
#5626 = ORIENTED_EDGE ( 'NONE', *, *, #3554, .T. ) ;
#5627 = ORIENTED_EDGE ( 'NONE', *, *, #6385, .T. ) ;
#5628 = DIRECTION ( 'NONE',  ( -0.000000000000000000, -1.000000000000000000, -0.000000000000000000 ) ) ;
#5629 = EDGE_CURVE ( 'NONE', #587, #6277, #1596, .T. ) ;
#5630 = TOROIDAL_SURFACE ( 'NONE', #3662, 1.000000000000000000, 0.5000000000000000000 ) ;
#5631 = CARTESIAN_POINT ( 'NONE',  ( 2.057142857142856496, -2.500000000000000444, 17.88206261216267379 ) ) ;
#5632 = CARTESIAN_POINT ( 'NONE',  ( -7.745966692414849142, 2.500000000000000000, -1.999999999999931610 ) ) ;
#5633 = CARTESIAN_POINT ( 'NONE',  ( 2.114285714285617512, -2.500000000000000000, -18.37878657361164869 ) ) ;
#5634 = ORIENTED_EDGE ( 'NONE', *, *, #3135, .T. ) ;
#5635 = VECTOR ( 'NONE', #3782, 1000.000000000000000 ) ;
#5636 = VECTOR ( 'NONE', #1647, 1000.000000000000000 ) ;
#5637 = ORIENTED_EDGE ( 'NONE', *, *, #5243, .F. ) ;
#5638 = CARTESIAN_POINT ( 'NONE',  ( -17.38533865071372375, -2.500000000000000444, -1.499999999999848566 ) ) ;
#5639 = APPLICATION_CONTEXT ( 'automotive_design' ) ;
#5640 = ORIENTED_EDGE ( 'NONE', *, *, #1789, .T. ) ;
#5641 = DIRECTION ( 'NONE',  ( -0.9934479228979251619, 0.000000000000000000, 0.1142857142857246211 ) ) ;
#5642 = ADVANCED_FACE ( 'NONE', ( #732 ), #2702, .T. ) ;
#5643 = DIRECTION ( 'NONE',  ( 0.000000000000000000, 1.000000000000000000, 0.000000000000000000 ) ) ;
#5644 = ORIENTED_EDGE ( 'NONE', *, *, #1126, .F. ) ;
#5645 = LINE ( 'NONE', #2081, #1564 ) ;
#5646 = ADVANCED_FACE ( 'NONE', ( #4539 ), #238, .T. ) ;
#5647 = CARTESIAN_POINT ( 'NONE',  ( 13.74431106574566996, 2.500000000000000000, 11.62299072218598361 ) ) ;
#5648 = DIRECTION ( 'NONE',  ( 1.000000000000000000, 0.000000000000000000, -1.047444401652940164E-14 ) ) ;
#5649 = DIRECTION ( 'NONE',  ( 0.000000000000000000, 0.000000000000000000, 1.000000000000000000 ) ) ;
#5650 = DIRECTION ( 'NONE',  ( 0.000000000000000000, 0.000000000000000000, 1.000000000000000000 ) ) ;
#5651 = ORIENTED_EDGE ( 'NONE', *, *, #3481, .F. ) ;
#5652 = DIRECTION ( 'NONE',  ( 0.7071067811865437980, -0.000000000000000000, -0.7071067811865513475 ) ) ;
#5653 = FACE_OUTER_BOUND ( 'NONE', #3920, .T. ) ;
#5654 = CARTESIAN_POINT ( 'NONE',  ( 4.416565403271804691, -2.500000000000000444, -6.537885746831504363 ) ) ;
#5655 = CARTESIAN_POINT ( 'NONE',  ( 18.37878657361164159, 2.500000000000000000, 2.114285714285681461 ) ) ;
#5656 = ORIENTED_EDGE ( 'NONE', *, *, #5156, .T. ) ;
#5657 = ADVANCED_FACE ( 'NONE', ( #4666 ), #2214, .F. ) ;
#5658 = ORIENTED_EDGE ( 'NONE', *, *, #780, .T. ) ;
#5659 = DIRECTION ( 'NONE',  ( 0.9934479228979263832, 0.000000000000000000, -0.1142857142857143515 ) ) ;
#5660 = EDGE_CURVE ( 'NONE', #4471, #5043, #4476, .T. ) ;
#5661 = DIRECTION ( 'NONE',  ( 0.000000000000000000, 1.000000000000000000, 0.000000000000000000 ) ) ;
#5662 = FACE_OUTER_BOUND ( 'NONE', #6044, .T. ) ;
#5663 = DIRECTION ( 'NONE',  ( -0.7071067811865449082, 0.000000000000000000, 0.7071067811865501263 ) ) ;
#5664 = VERTEX_POINT ( 'NONE', #5127 ) ;
#5665 = ADVANCED_FACE ( 'NONE', ( #1370 ), #4703, .F. ) ;
#5666 = ORIENTED_EDGE ( 'NONE', *, *, #2060, .F. ) ;
#5667 = DIRECTION ( 'NONE',  ( -0.000000000000000000, -1.000000000000000000, -0.000000000000000000 ) ) ;
#5668 = ORIENTED_EDGE ( 'NONE', *, *, #6192, .T. ) ;
#5669 = CARTESIAN_POINT ( 'NONE',  ( 1.749999999999964251, -3.000000000000000000, -6.777720855862989779 ) ) ;
#5670 = CARTESIAN_POINT ( 'NONE',  ( 0.000000000000000000, -3.000000000000000000, 0.000000000000000000 ) ) ;
#5671 = EDGE_CURVE ( 'NONE', #1937, #2555, #1476, .T. ) ;
#5672 = EDGE_LOOP ( 'NONE', ( #3916, #5441, #3210, #3954, #5379 ) ) ;
#5673 = FACE_OUTER_BOUND ( 'NONE', #3561, .T. ) ;
#5674 = AXIS2_PLACEMENT_3D ( 'NONE', #1348, #3321, #2326 ) ;
#5675 = TOROIDAL_SURFACE ( 'NONE', #5157, 1.000000000000000000, 0.5000000000000000000 ) ;
#5676 = DIRECTION ( 'NONE',  ( -0.000000000000000000, -1.000000000000000000, -0.000000000000000000 ) ) ;
#5677 = CARTESIAN_POINT ( 'NONE',  ( -4.063012012678565377, -2.500000000000000444, -6.891439137424754335 ) ) ;
#5678 = DIRECTION ( 'NONE',  ( -0.000000000000000000, -1.000000000000000000, -0.000000000000000000 ) ) ;
#5679 = CIRCLE ( 'NONE', #3609, 0.5000000000000004441 ) ;
#5680 = EDGE_LOOP ( 'NONE', ( #1359, #4084 ) ) ;
#5681 = CARTESIAN_POINT ( 'NONE',  ( -7.745966692414849142, -3.000000000000000000, -1.999999999999931610 ) ) ;
#5682 = PRODUCT_DEFINITION_SHAPE ( 'NONE', 'NONE',  #159 ) ;
#5683 = DIRECTION ( 'NONE',  ( 0.000000000000000000, 0.000000000000000000, 1.000000000000000000 ) ) ;
#5684 = CARTESIAN_POINT ( 'NONE',  ( -6.777720855862962246, 3.000000000000000000, 1.750000000000070832 ) ) ;
#5685 = ORIENTED_EDGE ( 'NONE', *, *, #6299, .F. ) ;
#5686 = DIRECTION ( 'NONE',  ( 0.000000000000000000, 1.000000000000000000, 0.000000000000000000 ) ) ;
#5687 = ORIENTED_EDGE ( 'NONE', *, *, #5474, .F. ) ;
#5688 = ORIENTED_EDGE ( 'NONE', *, *, #82, .F. ) ;
#5689 = CARTESIAN_POINT ( 'NONE',  ( 13.70750441551736287, 2.500000000000000000, 10.87907729077112862 ) ) ;
#5690 = EDGE_CURVE ( 'NONE', #5739, #6140, #5926, .T. ) ;
#5691 = FACE_BOUND ( 'NONE', #4250, .T. ) ;
#5692 = CARTESIAN_POINT ( 'NONE',  ( -10.87907729077115171, 2.500000000000000000, -13.70750441551733800 ) ) ;
#5693 = CARTESIAN_POINT ( 'NONE',  ( 0.9999999999999085176, 3.000000000000000000, -17.38533865071371309 ) ) ;
#5694 = EDGE_LOOP ( 'NONE', ( #1987, #2014, #4619, #5974 ) ) ;
#5695 = CIRCLE ( 'NONE', #941, 0.4999999999999994449 ) ;
#5696 = VERTEX_POINT ( 'NONE', #1854 ) ;
#5697 = CARTESIAN_POINT ( 'NONE',  ( 17.38533865071370954, -3.000000000000000000, -1.000000000000061062 ) ) ;
#5698 = EDGE_LOOP ( 'NONE', ( #5274, #2683, #6311, #5091 ) ) ;
#5699 = CARTESIAN_POINT ( 'NONE',  ( -14.09914739881793899, -2.500000000000000444, -11.18990807050734837 ) ) ;
#5700 = AXIS2_PLACEMENT_3D ( 'NONE', #6268, #1835, #1804 ) ;
#5701 = EDGE_CURVE ( 'NONE', #1738, #5338, #354, .T. ) ;
#5702 = DIRECTION ( 'NONE',  ( -0.7071067811865475727, -0.000000000000000000, -0.7071067811865475727 ) ) ;
#5703 = EDGE_LOOP ( 'NONE', ( #2486, #2966, #5148, #3976 ) ) ;
#5704 = AXIS2_PLACEMENT_3D ( 'NONE', #5997, #5154, #6029 ) ;
#5705 = ORIENTED_EDGE ( 'NONE', *, *, #3717, .T. ) ;
#5706 = LINE ( 'NONE', #1828, #338 ) ;
#5707 = FACE_OUTER_BOUND ( 'NONE', #463, .T. ) ;
#5708 = EDGE_CURVE ( 'NONE', #4821, #4811, #895, .T. ) ;
#5709 = CIRCLE ( 'NONE', #4156, 7.000000000000000888 ) ;
#5710 = FACE_OUTER_BOUND ( 'NONE', #2879, .T. ) ;
#5711 = CYLINDRICAL_SURFACE ( 'NONE', #3005, 18.00000000000000355 ) ;
#5712 = CARTESIAN_POINT ( 'NONE',  ( -2.114285714285491391, 3.000000000000000000, 18.37878657361166290 ) ) ;
#5713 = VERTEX_POINT ( 'NONE', #5804 ) ;
#5714 = DIRECTION ( 'NONE',  ( 0.000000000000000000, 1.000000000000000000, 0.000000000000000000 ) ) ;
#5715 = CIRCLE ( 'NONE', #5312, 18.50000000000000355 ) ;
#5716 = AXIS2_PLACEMENT_3D ( 'NONE', #6031, #5191, #2636 ) ;
#5717 = VECTOR ( 'NONE', #2643, 1000.000000000000000 ) ;
#5718 = ADVANCED_FACE ( 'NONE', ( #5772 ), #3251, .T. ) ;
#5719 = CARTESIAN_POINT ( 'NONE',  ( -7.745966692414816279, 2.500000000000000000, 1.500000000000081046 ) ) ;
#5720 = CARTESIAN_POINT ( 'NONE',  ( -8.715250743307477265E-15, -3.000000000000000000, -0.9999999999999997780 ) ) ;
#5721 = CIRCLE ( 'NONE', #6025, 0.5000000000000004441 ) ;
#5722 = DIRECTION ( 'NONE',  ( 0.000000000000000000, 1.000000000000000000, 0.000000000000000000 ) ) ;
#5723 = VERTEX_POINT ( 'NONE', #767 ) ;
#5724 = AXIS2_PLACEMENT_3D ( 'NONE', #5600, #1174, #694 ) ;
#5725 = ORIENTED_EDGE ( 'NONE', *, *, #1391, .T. ) ;
#5726 = CARTESIAN_POINT ( 'NONE',  ( -2.114285714285713436, -2.500000000000000444, -18.37878657361163803 ) ) ;
#5727 = AXIS2_PLACEMENT_3D ( 'NONE', #4060, #5622, #5203 ) ;
#5728 = DIRECTION ( 'NONE',  ( -0.000000000000000000, -1.000000000000000000, -0.000000000000000000 ) ) ;
#5729 = DIRECTION ( 'NONE',  ( 0.000000000000000000, 0.000000000000000000, 1.000000000000000000 ) ) ;
#5730 = DIRECTION ( 'NONE',  ( 0.9934479228979270493, 0.000000000000000000, 0.1142857142857092445 ) ) ;
#5731 = VERTEX_POINT ( 'NONE', #863 ) ;
#5732 = ORIENTED_EDGE ( 'NONE', *, *, #969, .F. ) ;
#5733 = DIRECTION ( 'NONE',  ( -0.000000000000000000, -1.000000000000000000, -0.000000000000000000 ) ) ;
#5734 = VERTEX_POINT ( 'NONE', #1311 ) ;
#5735 = AXIS2_PLACEMENT_3D ( 'NONE', #2279, #5294, #5229 ) ;
#5736 = DIRECTION ( 'NONE',  ( 0.000000000000000000, 1.000000000000000000, 0.000000000000000000 ) ) ;
#5737 = AXIS2_PLACEMENT_3D ( 'NONE', #3919, #4922, #1850 ) ;
#5738 = DIRECTION ( 'NONE',  ( -0.5078765015848187847, 0.000000000000000000, 0.8614298921780957352 ) ) ;
#5739 = VERTEX_POINT ( 'NONE', #4315 ) ;
#5740 = ADVANCED_FACE ( 'NONE', ( #5838 ), #2348, .F. ) ;
#5741 = VERTEX_POINT ( 'NONE', #2249 ) ;
#5742 = CARTESIAN_POINT ( 'NONE',  ( 0.000000000000000000, -2.500000000000000444, 0.000000000000000000 ) ) ;
#5743 = DIRECTION ( 'NONE',  ( 0.7071067811865550112, -0.000000000000000000, 0.7071067811865401342 ) ) ;
#5744 = AXIS2_PLACEMENT_3D ( 'NONE', #4716, #4221, #2648 ) ;
#5745 = AXIS2_PLACEMENT_3D ( 'NONE', #1487, #886, #4307 ) ;
#5746 = DIRECTION ( 'NONE',  ( -1.000000000000000000, 0.000000000000000000, 6.938893903907228378E-15 ) ) ;
#5747 = CIRCLE ( 'NONE', #451, 0.5000000000000000000 ) ;
#5748 = CARTESIAN_POINT ( 'NONE',  ( -6.891439137424713479, -3.000000000000000000, 4.063012012678638207 ) ) ;
#5749 = DIRECTION ( 'NONE',  ( -0.000000000000000000, -1.000000000000000000, -0.000000000000000000 ) ) ;
#5750 = ADVANCED_FACE ( 'NONE', ( #5333 ), #3148, .T. ) ;
#5751 = ORIENTED_EDGE ( 'NONE', *, *, #4276, .F. ) ;
#5752 = CARTESIAN_POINT ( 'NONE',  ( -14.49079038211843518, -3.000000000000000000, -11.50073885024366405 ) ) ;
#5753 = DIRECTION ( 'NONE',  ( 0.2499999999999882039, 0.000000000000000000, -0.9682458365518573640 ) ) ;
#5754 = FACE_OUTER_BOUND ( 'NONE', #2443, .T. ) ;
#5755 = DIRECTION ( 'NONE',  ( 0.000000000000000000, 1.000000000000000000, 0.000000000000000000 ) ) ;
#5756 = ORIENTED_EDGE ( 'NONE', *, *, #3652, .F. ) ;
#5757 = EDGE_CURVE ( 'NONE', #5254, #954, #2112, .T. ) ;
#5758 = ORIENTED_EDGE ( 'NONE', *, *, #2655, .T. ) ;
#5759 = DIRECTION ( 'NONE',  ( 1.387778780781445676E-14, -8.673617379884035472E-16, 1.000000000000000000 ) ) ;
#5760 = CARTESIAN_POINT ( 'NONE',  ( 5.903259203893187923, 3.000000000000000000, 4.489045641520075236 ) ) ;
#5761 = DIRECTION ( 'NONE',  ( 0.000000000000000000, 1.000000000000000000, 0.000000000000000000 ) ) ;
#5762 = CARTESIAN_POINT ( 'NONE',  ( -13.70750441551722787, -2.499999999999999556, 10.87907729077129737 ) ) ;
#5763 = ORIENTED_EDGE ( 'NONE', *, *, #2054, .T. ) ;
#5764 = EDGE_LOOP ( 'NONE', ( #5075, #4701, #2071, #4205 ) ) ;
#5765 = FACE_BOUND ( 'NONE', #1262, .T. ) ;
#5766 = FACE_OUTER_BOUND ( 'NONE', #2689, .T. ) ;
#5767 = VERTEX_POINT ( 'NONE', #4736 ) ;
#5768 = CARTESIAN_POINT ( 'NONE',  ( 0.000000000000000000, -2.500000000000000444, 0.000000000000000000 ) ) ;
#5769 = ORIENTED_EDGE ( 'NONE', *, *, #5293, .F. ) ;
#5770 = ORIENTED_EDGE ( 'NONE', *, *, #3779, .F. ) ;
#5771 = LINE ( 'NONE', #5189, #4662 ) ;
#5772 = FACE_OUTER_BOUND ( 'NONE', #972, .T. ) ;
#5773 = EDGE_CURVE ( 'NONE', #2801, #5793, #4214, .T. ) ;
#5774 = AXIS2_PLACEMENT_3D ( 'NONE', #3446, #1439, #3412 ) ;
#5775 = CARTESIAN_POINT ( 'NONE',  ( -1.999999999999788836, 2.500000000000000444, 17.38533865071373441 ) ) ;
#5776 = CARTESIAN_POINT ( 'NONE',  ( 0.000000000000000000, -0.5000000000000000000, 0.000000000000000000 ) ) ;
#5777 = DIRECTION ( 'NONE',  ( 0.000000000000000000, 1.000000000000000000, 0.000000000000000000 ) ) ;
#5778 = ORIENTED_EDGE ( 'NONE', *, *, #4917, .T. ) ;
#5779 = CARTESIAN_POINT ( 'NONE',  ( -13.39075767515247684, -2.500000000000000444, -11.97654411277915898 ) ) ;
#5780 = ADVANCED_FACE ( 'NONE', ( #2316 ), #5630, .T. ) ;
#5781 = ADVANCED_FACE ( 'NONE', ( #306 ), #1760, .F. ) ;
#5782 = CARTESIAN_POINT ( 'NONE',  ( -4.063012012678565377, 2.500000000000000444, -6.891439137424754335 ) ) ;
#5783 = CARTESIAN_POINT ( 'NONE',  ( 4.416565403271804691, 3.000000000000000000, -6.537885746831504363 ) ) ;
#5784 = CIRCLE ( 'NONE', #2995, 0.5000000000000001110 ) ;
#5785 = DIRECTION ( 'NONE',  ( 0.000000000000000000, 1.000000000000000000, 0.000000000000000000 ) ) ;
#5786 = ADVANCED_FACE ( 'NONE', ( #5707 ), #4770, .F. ) ;
#5787 = ORIENTED_EDGE ( 'NONE', *, *, #3953, .T. ) ;
#5788 = ADVANCED_FACE ( 'NONE', ( #829 ), #1911, .T. ) ;
#5789 = DIRECTION ( 'NONE',  ( 0.000000000000000000, 0.000000000000000000, 1.000000000000000000 ) ) ;
#5790 = CARTESIAN_POINT ( 'NONE',  ( -1.999999999999999112, -2.500000000000000444, -17.38533865071370954 ) ) ;
#5791 = ADVANCED_FACE ( 'NONE', ( #6260 ), #3895, .F. ) ;
#5792 = ORIENTED_EDGE ( 'NONE', *, *, #2075, .T. ) ;
#5793 = VERTEX_POINT ( 'NONE', #5868 ) ;
#5794 = DIRECTION ( 'NONE',  ( -0.7071067811865451302, -0.000000000000000000, 0.7071067811865499042 ) ) ;
#5795 = VERTEX_POINT ( 'NONE', #4859 ) ;
#5796 = CIRCLE ( 'NONE', #212, 1.000000000000000888 ) ;
#5797 = CARTESIAN_POINT ( 'NONE',  ( -3.809073761886156095, 3.001000000000000334, -6.460724191335708966 ) ) ;
#5798 = ORIENTED_EDGE ( 'NONE', *, *, #4765, .T. ) ;
#5799 = DIRECTION ( 'NONE',  ( -0.2499999999999984457, -0.000000000000000000, 0.9682458365518548105 ) ) ;
#5800 = ORIENTED_EDGE ( 'NONE', *, *, #3164, .F. ) ;
#5801 = DIRECTION ( 'NONE',  ( -0.000000000000000000, -1.000000000000000000, -0.000000000000000000 ) ) ;
#5802 = VECTOR ( 'NONE', #46, 1000.000000000000000 ) ;
#5803 = AXIS2_PLACEMENT_3D ( 'NONE', #293, #2264, #5592 ) ;
#5804 = CARTESIAN_POINT ( 'NONE',  ( -1.874999999999999778, -2.500000000000000444, -7.261843774138907470 ) ) ;
#5805 = CARTESIAN_POINT ( 'NONE',  ( 6.891439137424762329, 3.001000000000000334, 4.063012012678552942 ) ) ;
#5806 = AXIS2_PLACEMENT_3D ( 'NONE', #74, #4866, #1504 ) ;
#5807 = DIRECTION ( 'NONE',  ( -0.000000000000000000, -1.000000000000000000, -0.000000000000000000 ) ) ;
#5808 = DIRECTION ( 'NONE',  ( 0.000000000000000000, 1.000000000000000000, 0.000000000000000000 ) ) ;
#5809 = ORIENTED_EDGE ( 'NONE', *, *, #5071, .F. ) ;
#5810 = CARTESIAN_POINT ( 'NONE',  ( -14.49079038211821491, -3.000000000000000000, 11.50073885024394293 ) ) ;
#5811 = VECTOR ( 'NONE', #4242, 1000.000000000000000 ) ;
#5812 = TOROIDAL_SURFACE ( 'NONE', #4784, 1.000000000000000000, 0.5000000000000000000 ) ;
#5813 = CARTESIAN_POINT ( 'NONE',  ( 0.000000000000000000, -3.000000000000000000, 0.000000000000000000 ) ) ;
#5814 = AXIS2_PLACEMENT_3D ( 'NONE', #1940, #6398, #2907 ) ;
#5815 = CARTESIAN_POINT ( 'NONE',  ( -17.38533865071370244, -3.000000000000000000, 1.000000000000181855 ) ) ;
#5816 = DIRECTION ( 'NONE',  ( 1.000000000000000000, -0.000000000000000000, -6.938893903907229167E-15 ) ) ;
#5817 = CIRCLE ( 'NONE', #4258, 0.5000000000000004441 ) ;
#5818 = AXIS2_PLACEMENT_3D ( 'NONE', #2620, #1640, #3585 ) ;
#5819 = ORIENTED_EDGE ( 'NONE', *, *, #300, .T. ) ;
#5820 = CIRCLE ( 'NONE', #1175, 0.4999999999999994449 ) ;
#5821 = EDGE_CURVE ( 'NONE', #3986, #587, #5427, .T. ) ;
#5822 = VECTOR ( 'NONE', #497, 1000.000000000000000 ) ;
#5823 = CIRCLE ( 'NONE', #3033, 0.5000000000000000000 ) ;
#5824 = CIRCLE ( 'NONE', #4052, 18.00000000000000355 ) ;
#5825 = CARTESIAN_POINT ( 'NONE',  ( -11.23263068136426135, 2.500000000000000000, 13.35395102492420349 ) ) ;
#5826 = DIRECTION ( 'NONE',  ( 0.000000000000000000, 1.000000000000000000, 0.000000000000000000 ) ) ;
#5827 = VERTEX_POINT ( 'NONE', #1187 ) ;
#5828 = ORIENTED_EDGE ( 'NONE', *, *, #3973, .T. ) ;
#5829 = CARTESIAN_POINT ( 'NONE',  ( -4.063012012678481000, -2.499999999999999556, 6.391439137424804962 ) ) ;
#5830 = ADVANCED_FACE ( 'NONE', ( #674 ), #2532, .T. ) ;
#5831 = CIRCLE ( 'NONE', #2733, 1.000000000000000888 ) ;
#5832 = DIRECTION ( 'NONE',  ( 0.000000000000000000, 1.000000000000000000, 0.000000000000000000 ) ) ;
#5833 = ORIENTED_EDGE ( 'NONE', *, *, #3564, .T. ) ;
#5834 = CARTESIAN_POINT ( 'NONE',  ( 14.49079038211835346, 3.000000000000000000, 11.50073885024376352 ) ) ;
#5835 = ORIENTED_EDGE ( 'NONE', *, *, #5492, .T. ) ;
#5836 = CARTESIAN_POINT ( 'NONE',  ( -7.745966692414810950, -2.500000000000000444, 2.000000000000080380 ) ) ;
#5837 = EDGE_LOOP ( 'NONE', ( #148, #2400, #5475, #3911 ) ) ;
#5838 = FACE_OUTER_BOUND ( 'NONE', #1740, .T. ) ;
#5839 = AXIS2_PLACEMENT_3D ( 'NONE', #5618, #3674, #2673 ) ;
#5840 = CARTESIAN_POINT ( 'NONE',  ( -1.999999999999788836, 2.500000000000000444, 17.38533865071373441 ) ) ;
#5841 = CARTESIAN_POINT ( 'NONE',  ( -6.891439137424713479, -2.500000000000000444, 4.063012012678638207 ) ) ;
#5842 = AXIS2_PLACEMENT_3D ( 'NONE', #1167, #2625, #2588 ) ;
#5843 = DIRECTION ( 'NONE',  ( 0.000000000000000000, 0.000000000000000000, 1.000000000000000000 ) ) ;
#5844 = ORIENTED_EDGE ( 'NONE', *, *, #2753, .T. ) ;
#5845 = AXIS2_PLACEMENT_3D ( 'NONE', #5368, #931, #2781 ) ;
#5846 = VECTOR ( 'NONE', #851, 1000.000000000000000 ) ;
#5847 = CARTESIAN_POINT ( 'NONE',  ( -3.809073761886077047, -2.500000000000000444, 6.460724191335755151 ) ) ;
#5848 = AXIS2_PLACEMENT_3D ( 'NONE', #6362, #2423, #4817 ) ;
#5849 = DIRECTION ( 'NONE',  ( 0.000000000000000000, 0.000000000000000000, -1.000000000000000000 ) ) ;
#5850 = CARTESIAN_POINT ( 'NONE',  ( 0.000000000000000000, -2.500000000000000444, 0.000000000000000000 ) ) ;
#5851 = DIRECTION ( 'NONE',  ( 0.000000000000000000, 0.000000000000000000, -1.000000000000000000 ) ) ;
#5852 = AXIS2_PLACEMENT_3D ( 'NONE', #1699, #6034, #4606 ) ;
#5853 = ORIENTED_EDGE ( 'NONE', *, *, #3841, .F. ) ;
#5854 = CARTESIAN_POINT ( 'NONE',  ( -7.745966692414841148, -2.500000000000000000, -0.9999999999999323874 ) ) ;
#5855 = EDGE_CURVE ( 'NONE', #4043, #3656, #147, .T. ) ;
#5856 = DIRECTION ( 'NONE',  ( 0.000000000000000000, 1.000000000000000000, 0.000000000000000000 ) ) ;
#5857 = VERTEX_POINT ( 'NONE', #3578 ) ;
#5858 = VERTEX_POINT ( 'NONE', #6168 ) ;
#5859 = CARTESIAN_POINT ( 'NONE',  ( -4.063012012678481000, 3.001000000000000334, 6.891439137424804073 ) ) ;
#5860 = EDGE_CURVE ( 'NONE', #4785, #4098, #3358, .T. ) ;
#5861 = ORIENTED_EDGE ( 'NONE', *, *, #3345, .F. ) ;
#5862 = ADVANCED_FACE ( 'NONE', ( #3157 ), #5580, .F. ) ;
#5863 = CARTESIAN_POINT ( 'NONE',  ( -4.416565403271758505, 2.500000000000000000, 6.537885746831535450 ) ) ;
#5864 = ORIENTED_EDGE ( 'NONE', *, *, #2892, .F. ) ;
#5865 = CYLINDRICAL_SURFACE ( 'NONE', #5737, 0.5000000000000001110 ) ;
#5866 = ORIENTED_EDGE ( 'NONE', *, *, #2144, .T. ) ;
#5867 = CARTESIAN_POINT ( 'NONE',  ( -17.38533865071372730, 3.001000000000000334, -1.999999999999847899 ) ) ;
#5868 = CARTESIAN_POINT ( 'NONE',  ( 11.23263068136442300, -2.500000000000000444, 13.35395102492406494 ) ) ;
#5869 = EDGE_CURVE ( 'NONE', #5895, #5210, #2946, .T. ) ;
#5870 = CYLINDRICAL_SURFACE ( 'NONE', #239, 0.5000000000000004441 ) ;
#5871 = DIRECTION ( 'NONE',  ( 1.000000000000000000, 0.000000000000000000, -5.218048215738237318E-15 ) ) ;
#5872 = CARTESIAN_POINT ( 'NONE',  ( 13.00039763433075279, 2.500000000000000000, -11.58618407195774225 ) ) ;
#5873 = ORIENTED_EDGE ( 'NONE', *, *, #4473, .F. ) ;
#5874 = CARTESIAN_POINT ( 'NONE',  ( 13.70750441551730425, 2.500000000000000000, -10.87907729077119789 ) ) ;
#5875 = CARTESIAN_POINT ( 'NONE',  ( -13.70750441551743570, 2.500000000000000000, -11.37907729077103092 ) ) ;
#5876 = EDGE_CURVE ( 'NONE', #704, #2582, #5098, .T. ) ;
#5877 = DIRECTION ( 'NONE',  ( 0.000000000000000000, 0.000000000000000000, 1.000000000000000000 ) ) ;
#5878 = CARTESIAN_POINT ( 'NONE',  ( -13.70750441551722787, 2.500000000000000000, 10.87907729077129737 ) ) ;
#5879 = DIRECTION ( 'NONE',  ( 3.469446951953614189E-15, 0.000000000000000000, 1.000000000000000000 ) ) ;
#5880 = CYLINDRICAL_SURFACE ( 'NONE', #3470, 0.5000000000000004441 ) ;
#5881 = ORIENTED_EDGE ( 'NONE', *, *, #2056, .F. ) ;
#5882 = AXIS2_PLACEMENT_3D ( 'NONE', #3869, #874, #5849 ) ;
#5883 = DIRECTION ( 'NONE',  ( 0.000000000000000000, 0.000000000000000000, 1.000000000000000000 ) ) ;
#5884 = CARTESIAN_POINT ( 'NONE',  ( 17.88206261216266668, 3.001000000000000334, -2.057142857142918668 ) ) ;
#5885 = ORIENTED_EDGE ( 'NONE', *, *, #2401, .T. ) ;
#5886 = VERTEX_POINT ( 'NONE', #5132 ) ;
#5887 = CIRCLE ( 'NONE', #2058, 0.4999999999999994449 ) ;
#5888 = CARTESIAN_POINT ( 'NONE',  ( 10.87907729077115171, 2.500000000000000000, 13.70750441551733800 ) ) ;
#5889 = ADVANCED_FACE ( 'NONE', ( #4544 ), #6350, .T. ) ;
#5890 = EDGE_LOOP ( 'NONE', ( #5280, #3799, #554, #5864 ) ) ;
#5891 = CARTESIAN_POINT ( 'NONE',  ( 0.000000000000000000, -2.500000000000000444, 0.000000000000000000 ) ) ;
#5892 = ORIENTED_EDGE ( 'NONE', *, *, #4635, .F. ) ;
#5893 = ORIENTED_EDGE ( 'NONE', *, *, #2740, .T. ) ;
#5894 = DIRECTION ( 'NONE',  ( -0.000000000000000000, -1.000000000000000000, -0.000000000000000000 ) ) ;
#5895 = VERTEX_POINT ( 'NONE', #5552 ) ;
#5896 = CARTESIAN_POINT ( 'NONE',  ( 0.000000000000000000, -3.000000000000000000, 0.000000000000000000 ) ) ;
#5897 = EDGE_CURVE ( 'NONE', #4407, #2228, #569, .T. ) ;
#5898 = ADVANCED_FACE ( 'NONE', ( #3607 ), #1217, .F. ) ;
#5899 = CARTESIAN_POINT ( 'NONE',  ( 0.000000000000000000, 2.500000000000000000, 0.000000000000000000 ) ) ;
#5900 = FACE_OUTER_BOUND ( 'NONE', #1618, .T. ) ;
#5901 = AXIS2_PLACEMENT_3D ( 'NONE', #4171, #5661, #3167 ) ;
#5902 = VERTEX_POINT ( 'NONE', #1662 ) ;
#5903 = LINE ( 'NONE', #6357, #5802 ) ;
#5904 = EDGE_CURVE ( 'NONE', #34, #1020, #1186, .T. ) ;
#5905 = DIRECTION ( 'NONE',  ( 0.000000000000000000, 0.000000000000000000, 1.000000000000000000 ) ) ;
#5906 = TOROIDAL_SURFACE ( 'NONE', #1149, 7.000000000000000888, 0.5000000000000000000 ) ;
#5907 = AXIS2_PLACEMENT_3D ( 'NONE', #4919, #2467, #4130 ) ;
#5908 = DIRECTION ( 'NONE',  ( -0.000000000000000000, -1.000000000000000000, -0.000000000000000000 ) ) ;
#5909 = CARTESIAN_POINT ( 'NONE',  ( -6.184332356238157580, 3.000000000000000000, 4.770118793865179008 ) ) ;
#5910 = DIRECTION ( 'NONE',  ( 0.000000000000000000, 0.000000000000000000, 1.000000000000000000 ) ) ;
#5911 = ORIENTED_EDGE ( 'NONE', *, *, #6017, .T. ) ;
#5912 = CIRCLE ( 'NONE', #5080, 0.5000000000000000000 ) ;
#5913 = EDGE_CURVE ( 'NONE', #5281, #192, #5221, .T. ) ;
#5914 = AXIS2_PLACEMENT_3D ( 'NONE', #5378, #3335, #1448 ) ;
#5915 = ORIENTED_EDGE ( 'NONE', *, *, #2276, .F. ) ;
#5916 = TOROIDAL_SURFACE ( 'NONE', #5814, 7.000000000000000888, 0.5000000000000000000 ) ;
#5917 = DIRECTION ( 'NONE',  ( -0.000000000000000000, -1.000000000000000000, -0.000000000000000000 ) ) ;
#5918 = AXIS2_PLACEMENT_3D ( 'NONE', #4303, #4361, #419 ) ;
#5919 = TOROIDAL_SURFACE ( 'NONE', #2197, 1.000000000000000000, 0.5000000000000000000 ) ;
#5920 = DIRECTION ( 'NONE',  ( 0.000000000000000000, 0.000000000000000000, 1.000000000000000000 ) ) ;
#5921 = EDGE_LOOP ( 'NONE', ( #4337, #265, #3183, #2736, #1734, #5688 ) ) ;
#5922 = ORIENTED_EDGE ( 'NONE', *, *, #1388, .T. ) ;
#5923 = DIRECTION ( 'NONE',  ( -0.000000000000000000, -1.000000000000000000, -0.000000000000000000 ) ) ;
#5924 = LINE ( 'NONE', #2980, #2297 ) ;
#5925 = AXIS2_PLACEMENT_3D ( 'NONE', #1280, #4608, #5579 ) ;
#5926 = CIRCLE ( 'NONE', #3129, 0.4999999999999992784 ) ;
#5927 = CIRCLE ( 'NONE', #3235, 1.000000000000000000 ) ;
#5928 = ORIENTED_EDGE ( 'NONE', *, *, #6010, .T. ) ;
#5929 = DIRECTION ( 'NONE',  ( 0.000000000000000000, 0.000000000000000000, 1.000000000000000000 ) ) ;
#5930 = ORIENTED_EDGE ( 'NONE', *, *, #3095, .T. ) ;
#5931 = VECTOR ( 'NONE', #5264, 1000.000000000000000 ) ;
#5932 = ORIENTED_EDGE ( 'NONE', *, *, #2386, .T. ) ;
#5933 = DIRECTION ( 'NONE',  ( -0.6216615594726446759, 0.000000000000000000, -0.7832859666009852617 ) ) ;
#5934 = VERTEX_POINT ( 'NONE', #2709 ) ;
#5935 = DIRECTION ( 'NONE',  ( 3.469446951953617344E-15, 0.000000000000000000, 1.000000000000000000 ) ) ;
#5936 = AXIS2_PLACEMENT_3D ( 'NONE', #2357, #6202, #4815 ) ;
#5937 = CARTESIAN_POINT ( 'NONE',  ( 0.7071067811865486830, -3.000000000000000000, 0.7071067811865439090 ) ) ;
#5938 = CARTESIAN_POINT ( 'NONE',  ( 0.9999999999999993339, 2.500000000000000000, -5.218048215738232585E-15 ) ) ;
#5939 = ADVANCED_FACE ( 'NONE', ( #3090 ), #1288, .T. ) ;
#5940 = ORIENTED_EDGE ( 'NONE', *, *, #2817, .T. ) ;
#5941 = FACE_OUTER_BOUND ( 'NONE', #3831, .T. ) ;
#5942 = FACE_OUTER_BOUND ( 'NONE', #3308, .T. ) ;
#5943 = VECTOR ( 'NONE', #2375, 1000.000000000000114 ) ;
#5944 = DIRECTION ( 'NONE',  ( 0.000000000000000000, 0.000000000000000000, 1.000000000000000000 ) ) ;
#5945 = DIRECTION ( 'NONE',  ( 0.000000000000000000, 0.000000000000000000, -1.000000000000000000 ) ) ;
#5946 = EDGE_CURVE ( 'NONE', #4620, #4430, #3638, .T. ) ;
#5947 = AXIS2_PLACEMENT_3D ( 'NONE', #3075, #5047, #1523 ) ;
#5948 = FACE_OUTER_BOUND ( 'NONE', #393, .T. ) ;
#5949 = ORIENTED_EDGE ( 'NONE', *, *, #598, .T. ) ;
#5950 = ORIENTED_EDGE ( 'NONE', *, *, #4033, .T. ) ;
#5951 = CARTESIAN_POINT ( 'NONE',  ( 6.891439137424740125, -2.499999999999999556, -4.063012012678589358 ) ) ;
#5952 = EDGE_CURVE ( 'NONE', #3559, #5495, #3772, .T. ) ;
#5953 = DIRECTION ( 'NONE',  ( 0.000000000000000000, 0.000000000000000000, 1.000000000000000000 ) ) ;
#5954 = VERTEX_POINT ( 'NONE', #2087 ) ;
#5955 = VECTOR ( 'NONE', #5785, 1000.000000000000000 ) ;
#5956 = ORIENTED_EDGE ( 'NONE', *, *, #3484, .T. ) ;
#5957 = DIRECTION ( 'NONE',  ( 0.6216615594726310201, 0.000000000000000000, -0.7832859666009960309 ) ) ;
#5958 = ORIENTED_EDGE ( 'NONE', *, *, #4028, .F. ) ;
#5959 = LINE ( 'NONE', #1520, #5489 ) ;
#5960 = DIRECTION ( 'NONE',  ( 0.000000000000000000, 0.000000000000000000, 1.000000000000000000 ) ) ;
#5961 = ORIENTED_EDGE ( 'NONE', *, *, #3779, .T. ) ;
#5962 = FACE_OUTER_BOUND ( 'NONE', #3440, .T. ) ;
#5963 = ORIENTED_EDGE ( 'NONE', *, *, #1651, .T. ) ;
#5964 = DIRECTION ( 'NONE',  ( -5.218048215738235740E-15, 0.000000000000000000, -1.000000000000000000 ) ) ;
#5965 = DIRECTION ( 'NONE',  ( 0.000000000000000000, 0.000000000000000000, 1.000000000000000000 ) ) ;
#5966 = CYLINDRICAL_SURFACE ( 'NONE', #1413, 0.4999999999999995559 ) ;
#5967 = VERTEX_POINT ( 'NONE', #4058 ) ;
#5968 = CARTESIAN_POINT ( 'NONE',  ( -0.7071067811865550112, -3.000000000000000000, -0.7071067811865401342 ) ) ;
#5969 = EDGE_CURVE ( 'NONE', #2665, #3682, #632, .T. ) ;
#5970 = DIRECTION ( 'NONE',  ( 0.000000000000000000, 0.000000000000000000, 1.000000000000000000 ) ) ;
#5971 = DIRECTION ( 'NONE',  ( 0.000000000000000000, 1.000000000000000000, 0.000000000000000000 ) ) ;
#5972 = CARTESIAN_POINT ( 'NONE',  ( 6.891439137424762329, 2.500000000000000000, 4.063012012678552942 ) ) ;
#5973 = EDGE_CURVE ( 'NONE', #2582, #3366, #2849, .T. ) ;
#5974 = ORIENTED_EDGE ( 'NONE', *, *, #4201, .F. ) ;
#5975 = ADVANCED_FACE ( 'NONE', ( #981 ), #1083, .T. ) ;
#5976 = EDGE_LOOP ( 'NONE', ( #1243, #5415, #4225, #3948 ) ) ;
#5977 = DIRECTION ( 'NONE',  ( 0.000000000000000000, 0.000000000000000000, -1.000000000000000000 ) ) ;
#5978 = EDGE_CURVE ( 'NONE', #1001, #628, #2013, .T. ) ;
#5979 = CIRCLE ( 'NONE', #2000, 0.5000000000000004441 ) ;
#5980 = AXIS2_PLACEMENT_3D ( 'NONE', #3116, #2742, #4670 ) ;
#5981 = DIRECTION ( 'NONE',  ( 0.000000000000000000, 0.000000000000000000, 1.000000000000000000 ) ) ;
#5982 = ORIENTED_EDGE ( 'NONE', *, *, #852, .F. ) ;
#5983 = EDGE_LOOP ( 'NONE', ( #519, #906, #2440, #4064 ) ) ;
#5984 = EDGE_CURVE ( 'NONE', #5434, #207, #1702, .T. ) ;
#5985 = TOROIDAL_SURFACE ( 'NONE', #2479, 7.000000000000000888, 0.5000000000000000000 ) ;
#5986 = EDGE_LOOP ( 'NONE', ( #3431, #2959, #1158, #4004 ) ) ;
#5987 = TOROIDAL_SURFACE ( 'NONE', #92, 1.000000000000000000, 0.5000000000000000000 ) ;
#5988 = EDGE_CURVE ( 'NONE', #4941, #4978, #4900, .T. ) ;
#5989 = DIRECTION ( 'NONE',  ( 0.000000000000000000, 0.000000000000000000, 1.000000000000000000 ) ) ;
#5990 = DIRECTION ( 'NONE',  ( 0.000000000000000000, 0.000000000000000000, 1.000000000000000000 ) ) ;
#5991 = AXIS2_PLACEMENT_3D ( 'NONE', #3445, #5482, #1049 ) ;
#5992 = ORIENTED_EDGE ( 'NONE', *, *, #3147, .F. ) ;
#5993 = CARTESIAN_POINT ( 'NONE',  ( -7.745966692414810950, -3.000000000000000000, 2.000000000000080380 ) ) ;
#5994 = ORIENTED_EDGE ( 'NONE', *, *, #4946, .T. ) ;
#5995 = DIRECTION ( 'NONE',  ( -1.000000000000000000, 0.000000000000000000, 1.776356839400250465E-15 ) ) ;
#5996 = VERTEX_POINT ( 'NONE', #2886 ) ;
#5997 = CARTESIAN_POINT ( 'NONE',  ( 4.063012012678565377, -3.000000000000000000, 6.891439137424754335 ) ) ;
#5998 = DIRECTION ( 'NONE',  ( 0.000000000000000000, 0.000000000000000000, 1.000000000000000000 ) ) ;
#5999 = DIRECTION ( 'NONE',  ( -0.000000000000000000, -1.000000000000000000, -0.000000000000000000 ) ) ;
#6000 = DIRECTION ( 'NONE',  ( -0.000000000000000000, -1.000000000000000000, -0.000000000000000000 ) ) ;
#6001 = AXIS2_PLACEMENT_3D ( 'NONE', #6182, #5663, #5174 ) ;
#6002 = CARTESIAN_POINT ( 'NONE',  ( 7.745966692414835819, 3.000000000000000000, 1.999999999999985789 ) ) ;
#6003 = VECTOR ( 'NONE', #3805, 1000.000000000000000 ) ;
#6004 = AXIS2_PLACEMENT_3D ( 'NONE', #4073, #555, #6052 ) ;
#6005 = ORIENTED_EDGE ( 'NONE', *, *, #49, .T. ) ;
#6006 = CARTESIAN_POINT ( 'NONE',  ( 0.000000000000000000, 3.001000000000000334, 0.000000000000000000 ) ) ;
#6007 = DIRECTION ( 'NONE',  ( -0.2499999999999995559, 0.000000000000000000, -0.9682458365518542553 ) ) ;
#6008 = ORIENTED_EDGE ( 'NONE', *, *, #6331, .F. ) ;
#6009 = AXIS2_PLACEMENT_3D ( 'NONE', #946, #983, #2889 ) ;
#6010 = EDGE_CURVE ( 'NONE', #2006, #827, #979, .T. ) ;
#6011 = ORIENTED_EDGE ( 'NONE', *, *, #4490, .T. ) ;
#6012 = CARTESIAN_POINT ( 'NONE',  ( 17.88206261216267734, 3.001000000000000334, 2.057142857142824965 ) ) ;
#6013 = CIRCLE ( 'NONE', #545, 7.500000000000000888 ) ;
#6014 = DIRECTION ( 'NONE',  ( -0.000000000000000000, -0.000000000000000000, 1.000000000000000000 ) ) ;
#6015 = DIRECTION ( 'NONE',  ( -2.081668171172168513E-14, 0.000000000000000000, 1.000000000000000000 ) ) ;
#6016 = CIRCLE ( 'NONE', #5304, 0.4999999999999995004 ) ;
#6017 = EDGE_CURVE ( 'NONE', #682, #857, #3430, .T. ) ;
#6018 = EDGE_LOOP ( 'NONE', ( #5062, #3104, #3201, #5562, #1803 ) ) ;
#6019 = DIRECTION ( 'NONE',  ( 0.000000000000000000, 1.000000000000000000, 0.000000000000000000 ) ) ;
#6020 = ORIENTED_EDGE ( 'NONE', *, *, #4240, .F. ) ;
#6021 = AXIS2_PLACEMENT_3D ( 'NONE', #5266, #2805, #2843 ) ;
#6022 = AXIS2_PLACEMENT_3D ( 'NONE', #1082, #3410, #533 ) ;
#6023 = DIRECTION ( 'NONE',  ( -0.000000000000000000, -1.000000000000000000, -0.000000000000000000 ) ) ;
#6024 = AXIS2_PLACEMENT_3D ( 'NONE', #6393, #4518, #480 ) ;
#6025 = AXIS2_PLACEMENT_3D ( 'NONE', #6026, #5083, #728 ) ;
#6026 = CARTESIAN_POINT ( 'NONE',  ( -10.87907729077115171, -2.499999999999999556, -13.70750441551733800 ) ) ;
#6027 = ADVANCED_FACE ( 'NONE', ( #3858 ), #1402, .F. ) ;
#6028 = ORIENTED_EDGE ( 'NONE', *, *, #4, .F. ) ;
#6029 = DIRECTION ( 'NONE',  ( 1.734723475976807094E-15, 0.000000000000000000, 1.000000000000000000 ) ) ;
#6030 = TOROIDAL_SURFACE ( 'NONE', #5517, 7.000000000000000888, 0.5000000000000000000 ) ;
#6031 = CARTESIAN_POINT ( 'NONE',  ( 4.063012012678529850, 2.500000000000000000, -5.891439137424775652 ) ) ;
#6032 = CIRCLE ( 'NONE', #6261, 18.50000000000000355 ) ;
#6033 = CARTESIAN_POINT ( 'NONE',  ( -11.50073885024379194, 3.000000000000000000, -14.49079038211833392 ) ) ;
#6034 = DIRECTION ( 'NONE',  ( 0.000000000000000000, 0.000000000000000000, -1.000000000000000000 ) ) ;
#6035 = ADVANCED_FACE ( 'NONE', ( #1366 ), #6249, .T. ) ;
#6036 = CARTESIAN_POINT ( 'NONE',  ( 0.000000000000000000, -3.000000000000000000, 0.000000000000000000 ) ) ;
#6037 = TOROIDAL_SURFACE ( 'NONE', #4066, 18.50000000000000355, 0.5000000000000000000 ) ;
#6038 = AXIS2_PLACEMENT_3D ( 'NONE', #4092, #181, #6098 ) ;
#6039 = CARTESIAN_POINT ( 'NONE',  ( -7.348469228349547855, 2.500000000000000000, -1.499999999999935829 ) ) ;
#6040 = ORIENTED_EDGE ( 'NONE', *, *, #1133, .F. ) ;
#6041 = VECTOR ( 'NONE', #3987, 1000.000000000000000 ) ;
#6042 = FACE_OUTER_BOUND ( 'NONE', #4438, .T. ) ;
#6043 = CARTESIAN_POINT ( 'NONE',  ( -1.749999999999999778, 2.500000000000000000, -6.777720855862979121 ) ) ;
#6044 = EDGE_LOOP ( 'NONE', ( #2884, #400, #119, #4441 ) ) ;
#6045 = ORIENTED_EDGE ( 'NONE', *, *, #3326, .F. ) ;
#6046 = VECTOR ( 'NONE', #2091, 1000.000000000000000 ) ;
#6047 = AXIS2_PLACEMENT_3D ( 'NONE', #721, #3722, #6215 ) ;
#6048 = CARTESIAN_POINT ( 'NONE',  ( 1.749999999999964251, 2.500000000000000000, -6.777720855862989779 ) ) ;
#6049 = EDGE_CURVE ( 'NONE', #3091, #2345, #3452, .T. ) ;
#6050 = ORIENTED_EDGE ( 'NONE', *, *, #176, .F. ) ;
#6051 = CIRCLE ( 'NONE', #577, 1.000000000000000888 ) ;
#6052 = DIRECTION ( 'NONE',  ( -4.336808689942013792E-15, 0.000000000000000000, 1.000000000000000000 ) ) ;
#6053 = FACE_OUTER_BOUND ( 'NONE', #4126, .T. ) ;
#6054 = VERTEX_POINT ( 'NONE', #521 ) ;
#6055 = DIRECTION ( 'NONE',  ( 0.000000000000000000, 1.000000000000000000, 0.000000000000000000 ) ) ;
#6056 = ORIENTED_EDGE ( 'NONE', *, *, #2813, .F. ) ;
#6057 = ADVANCED_FACE ( 'NONE', ( #4470 ), #2498, .F. ) ;
#6058 = DIRECTION ( 'NONE',  ( 1.000000000000000000, 0.000000000000000000, -1.776356839400250465E-15 ) ) ;
#6059 = ADVANCED_FACE ( 'NONE', ( #3891 ), #5865, .T. ) ;
#6060 = CARTESIAN_POINT ( 'NONE',  ( -0.9999999999999102940, -2.500000000000000444, 7.348469228349547855 ) ) ;
#6061 = EDGE_LOOP ( 'NONE', ( #1620, #1338 ) ) ;
#6062 = LINE ( 'NONE', #1653, #1048 ) ;
#6063 = LINE ( 'NONE', #666, #4570 ) ;
#6064 = ADVANCED_FACE ( 'NONE', ( #5329 ), #1426, .T. ) ;
#6065 = ORIENTED_EDGE ( 'NONE', *, *, #2462, .F. ) ;
#6066 = CYLINDRICAL_SURFACE ( 'NONE', #1440, 0.5000000000000000000 ) ;
#6067 = DIRECTION ( 'NONE',  ( 0.000000000000000000, 0.000000000000000000, 1.000000000000000000 ) ) ;
#6068 = VERTEX_POINT ( 'NONE', #4440 ) ;
#6069 = DIRECTION ( 'NONE',  ( -1.387778780781445676E-14, 0.000000000000000000, -1.000000000000000000 ) ) ;
#6070 = DIRECTION ( 'NONE',  ( 8.673617379884035472E-15, 0.000000000000000000, 1.000000000000000000 ) ) ;
#6071 = EDGE_CURVE ( 'NONE', #4098, #5827, #2404, .T. ) ;
#6072 = ORIENTED_EDGE ( 'NONE', *, *, #3562, .F. ) ;
#6073 = LINE ( 'NONE', #6138, #1697 ) ;
#6074 = CARTESIAN_POINT ( 'NONE',  ( 0.000000000000000000, -3.000000000000000000, 0.000000000000000000 ) ) ;
#6075 = CARTESIAN_POINT ( 'NONE',  ( 2.755455298081545172E-15, -0.5000000000000000000, -22.50000000000000355 ) ) ;
#6076 = VERTEX_POINT ( 'NONE', #6310 ) ;
#6077 = ORIENTED_EDGE ( 'NONE', *, *, #3479, .T. ) ;
#6078 = CARTESIAN_POINT ( 'NONE',  ( -2.114285714285491391, 2.500000000000000000, 18.37878657361166290 ) ) ;
#6079 = DIRECTION ( 'NONE',  ( 0.000000000000000000, 0.000000000000000000, 1.000000000000000000 ) ) ;
#6080 = DIRECTION ( 'NONE',  ( 0.000000000000000000, 1.000000000000000000, 0.000000000000000000 ) ) ;
#6081 = FACE_OUTER_BOUND ( 'NONE', #1548, .T. ) ;
#6082 = EDGE_LOOP ( 'NONE', ( #1452, #2125, #4212, #2259 ) ) ;
#6083 = ORIENTED_EDGE ( 'NONE', *, *, #1608, .F. ) ;
#6084 = CARTESIAN_POINT ( 'NONE',  ( 4.489045641520057472, 3.000000000000000000, -5.903259203893203910 ) ) ;
#6085 = EDGE_CURVE ( 'NONE', #34, #2345, #944, .T. ) ;
#6086 = ORIENTED_EDGE ( 'NONE', *, *, #1110, .T. ) ;
#6087 = DIRECTION ( 'NONE',  ( 0.000000000000000000, 0.000000000000000000, 1.000000000000000000 ) ) ;
#6088 = AXIS2_PLACEMENT_3D ( 'NONE', #1864, #1381, #1836 ) ;
#6089 = CARTESIAN_POINT ( 'NONE',  ( -13.70750441551722787, -2.500000000000000444, 10.87907729077129737 ) ) ;
#6090 = EDGE_CURVE ( 'NONE', #5317, #5281, #4291, .T. ) ;
#6091 = VERTEX_POINT ( 'NONE', #5419 ) ;
#6092 = DIRECTION ( 'NONE',  ( -0.7071067811865561215, 0.000000000000000000, -0.7071067811865389130 ) ) ;
#6093 = DIRECTION ( 'NONE',  ( 0.7071067811865475727, -0.000000000000000000, 0.7071067811865475727 ) ) ;
#6094 = DIRECTION ( 'NONE',  ( 0.9934479228979272714, 0.000000000000000000, 0.1142857142857057751 ) ) ;
#6095 = CARTESIAN_POINT ( 'NONE',  ( 17.38533865071370954, 3.000000000000000000, -1.000000000000061062 ) ) ;
#6096 = PLANE ( 'NONE',  #3957 ) ;
#6097 = EDGE_CURVE ( 'NONE', #6277, #812, #3528, .T. ) ;
#6098 = DIRECTION ( 'NONE',  ( 0.000000000000000000, 0.000000000000000000, -1.000000000000000000 ) ) ;
#6099 = ORIENTED_EDGE ( 'NONE', *, *, #594, .F. ) ;
#6100 = TOROIDAL_SURFACE ( 'NONE', #5177, 1.000000000000000000, 0.5000000000000000000 ) ;
#6101 = DIRECTION ( 'NONE',  ( -0.000000000000000000, -1.000000000000000000, -0.000000000000000000 ) ) ;
#6102 = DIRECTION ( 'NONE',  ( 0.000000000000000000, 0.000000000000000000, -1.000000000000000000 ) ) ;
#6103 = ORIENTED_EDGE ( 'NONE', *, *, #1910, .F. ) ;
#6104 = EDGE_CURVE ( 'NONE', #2777, #2591, #1399, .T. ) ;
#6105 = ORIENTED_EDGE ( 'NONE', *, *, #1141, .T. ) ;
#6106 = VECTOR ( 'NONE', #2333, 1000.000000000000000 ) ;
#6107 = AXIS2_PLACEMENT_3D ( 'NONE', #846, #1258, #5252 ) ;
#6108 = CARTESIAN_POINT ( 'NONE',  ( 1.874999999999961586, 3.001000000000000334, -7.261843774138916352 ) ) ;
#6109 = CARTESIAN_POINT ( 'NONE',  ( -11.23263068136426135, -2.500000000000000444, 13.35395102492420349 ) ) ;
#6110 = CARTESIAN_POINT ( 'NONE',  ( -1.999999999999999112, 2.500000000000000000, -17.38533865071370954 ) ) ;
#6111 = CARTESIAN_POINT ( 'NONE',  ( 11.50073885024379194, 3.000000000000000000, 14.49079038211833392 ) ) ;
#6112 = VERTEX_POINT ( 'NONE', #2590 ) ;
#6113 = ORIENTED_EDGE ( 'NONE', *, *, #2979, .T. ) ;
#6114 = DIRECTION ( 'NONE',  ( -1.000000000000000000, 0.000000000000000000, 0.000000000000000000 ) ) ;
#6115 = ORIENTED_EDGE ( 'NONE', *, *, #1990, .F. ) ;
#6116 = CARTESIAN_POINT ( 'NONE',  ( 0.000000000000000000, -3.000000000000000000, 0.000000000000000000 ) ) ;
#6117 = CIRCLE ( 'NONE', #3944, 0.5000000000000003331 ) ;
#6118 = CIRCLE ( 'NONE', #1986, 7.000000000000000888 ) ;
#6119 = AXIS2_PLACEMENT_3D ( 'NONE', #2615, #153, #6173 ) ;
#6120 = CYLINDRICAL_SURFACE ( 'NONE', #2205, 0.5000000000000000000 ) ;
#6121 = CIRCLE ( 'NONE', #5918, 0.5000000000000004441 ) ;
#6122 = AXIS2_PLACEMENT_3D ( 'NONE', #5140, #713, #2684 ) ;
#6123 = ORIENTED_EDGE ( 'NONE', *, *, #509, .T. ) ;
#6124 = DIRECTION ( 'NONE',  ( 0.6216615594726331295, 0.000000000000000000, -0.7832859666009942545 ) ) ;
#6125 = CARTESIAN_POINT ( 'NONE',  ( 1.500000000000000000, 2.500000000000000000, 17.38533865071370954 ) ) ;
#6126 = CIRCLE ( 'NONE', #2317, 0.5000000000000004441 ) ;
#6127 = AXIS2_PLACEMENT_3D ( 'NONE', #3314, #5749, #5298 ) ;
#6128 = CIRCLE ( 'NONE', #2411, 7.500000000000000888 ) ;
#6129 = EDGE_CURVE ( 'NONE', #2591, #6140, #2637, .T. ) ;
#6130 = DIRECTION ( 'NONE',  ( -1.000000000000000000, 0.000000000000000000, 0.000000000000000000 ) ) ;
#6131 = CARTESIAN_POINT ( 'NONE',  ( -11.50073885024379194, -2.500000000000000000, -14.49079038211833392 ) ) ;
#6132 = CYLINDRICAL_SURFACE ( 'NONE', #5092, 0.5000000000000000000 ) ;
#6133 = AXIS2_PLACEMENT_3D ( 'NONE', #233, #5738, #1236 ) ;
#6134 = VERTEX_POINT ( 'NONE', #168 ) ;
#6135 = CARTESIAN_POINT ( 'NONE',  ( 0.000000000000000000, 2.500000000000000000, 0.000000000000000000 ) ) ;
#6136 = CIRCLE ( 'NONE', #35, 0.5000000000000004441 ) ;
#6137 = EDGE_CURVE ( 'NONE', #1570, #2507, #3981, .T. ) ;
#6138 = CARTESIAN_POINT ( 'NONE',  ( 4.063012012678565377, 3.001000000000000334, 6.391439137424754335 ) ) ;
#6139 = DIRECTION ( 'NONE',  ( 0.000000000000000000, 1.000000000000000000, 0.000000000000000000 ) ) ;
#6140 = VERTEX_POINT ( 'NONE', #4077 ) ;
#6141 = TOROIDAL_SURFACE ( 'NONE', #974, 1.000000000000000000, 0.5000000000000000000 ) ;
#6142 = DIRECTION ( 'NONE',  ( -0.000000000000000000, -1.000000000000000000, -0.000000000000000000 ) ) ;
#6143 = ORIENTED_EDGE ( 'NONE', *, *, #1870, .T. ) ;
#6144 = ORIENTED_EDGE ( 'NONE', *, *, #6306, .T. ) ;
#6145 = AXIS2_PLACEMENT_3D ( 'NONE', #402, #1407, #4244 ) ;
#6146 = ADVANCED_FACE ( 'NONE', ( #5118 ), #4705, .T. ) ;
#6147 = CARTESIAN_POINT ( 'NONE',  ( 6.460724191335716071, 3.001000000000000334, 3.809073761886144105 ) ) ;
#6148 = AXIS2_PLACEMENT_3D ( 'NONE', #615, #3012, #166 ) ;
#6149 = CARTESIAN_POINT ( 'NONE',  ( 6.537885746831465283, 2.500000000000000000, -4.416565403271862422 ) ) ;
#6150 = DIRECTION ( 'NONE',  ( 0.5078765015848242248, -0.000000000000000000, 0.8614298921780924045 ) ) ;
#6151 = ORIENTED_EDGE ( 'NONE', *, *, #4800, .T. ) ;
#6152 = TOROIDAL_SURFACE ( 'NONE', #1294, 1.000000000000000000, 0.5000000000000000000 ) ;
#6153 = VERTEX_POINT ( 'NONE', #4980 ) ;
#6154 = CARTESIAN_POINT ( 'NONE',  ( 1.999999999999908518, 2.500000000000000444, -17.88533865071372020 ) ) ;
#6155 = ORIENTED_EDGE ( 'NONE', *, *, #5978, .F. ) ;
#6156 = DIRECTION ( 'NONE',  ( -0.000000000000000000, -1.000000000000000000, -0.000000000000000000 ) ) ;
#6157 = TOROIDAL_SURFACE ( 'NONE', #991, 1.000000000000000000, 0.5000000000000000000 ) ;
#6158 = CIRCLE ( 'NONE', #3369, 0.5000000000000000000 ) ;
#6159 = DIRECTION ( 'NONE',  ( -0.5078765015848208941, 0.000000000000000000, -0.8614298921780944029 ) ) ;
#6160 = ORIENTED_EDGE ( 'NONE', *, *, #2308, .T. ) ;
#6161 = CARTESIAN_POINT ( 'NONE',  ( 0.9999999999999610312, -2.500000000000000444, -7.348469228349541638 ) ) ;
#6162 = DIRECTION ( 'NONE',  ( 0.000000000000000000, 0.000000000000000000, -1.000000000000000000 ) ) ;
#6163 = CIRCLE ( 'NONE', #3890, 18.00000000000000355 ) ;
#6164 = CARTESIAN_POINT ( 'NONE',  ( 6.030009245246668925, 3.000000000000000000, 3.555135511093735268 ) ) ;
#6165 = DIRECTION ( 'NONE',  ( 0.6216615594726369043, -8.673617379884029556E-16, 0.7832859666009912569 ) ) ;
#6166 = DIRECTION ( 'NONE',  ( 8.715250743307478842E-15, -0.000000000000000000, 1.000000000000000000 ) ) ;
#6167 = ORIENTED_EDGE ( 'NONE', *, *, #6129, .T. ) ;
#6168 = CARTESIAN_POINT ( 'NONE',  ( -11.23263068136442300, -2.500000000000000444, -13.35395102492406494 ) ) ;
#6169 = EDGE_CURVE ( 'NONE', #5934, #4939, #6356, .T. ) ;
#6170 = CARTESIAN_POINT ( 'NONE',  ( -1.999999999999905409, 3.000000000000000000, 7.745966692414857135 ) ) ;
#6171 = DIRECTION ( 'NONE',  ( -1.734723475976808672E-15, 0.000000000000000000, 1.000000000000000000 ) ) ;
#6172 = ORIENTED_EDGE ( 'NONE', *, *, #4432, .F. ) ;
#6173 = DIRECTION ( 'NONE',  ( 0.2499999999999995559, 0.000000000000000000, 0.9682458365518542553 ) ) ;
#6174 = ORIENTED_EDGE ( 'NONE', *, *, #2586, .F. ) ;
#6175 = ORIENTED_EDGE ( 'NONE', *, *, #5243, .T. ) ;
#6176 = EDGE_CURVE ( 'NONE', #5045, #4393, #3566, .T. ) ;
#6177 = FACE_OUTER_BOUND ( 'NONE', #5059, .T. ) ;
#6178 = ADVANCED_FACE ( 'NONE', ( #5962 ), #6152, .T. ) ;
#6179 = EDGE_LOOP ( 'NONE', ( #4850, #5770, #6072, #4718, #2001, #5076 ) ) ;
#6180 = FACE_BOUND ( 'NONE', #1397, .T. ) ;
#6181 = DIRECTION ( 'NONE',  ( -0.000000000000000000, -1.000000000000000000, -0.000000000000000000 ) ) ;
#6182 = CARTESIAN_POINT ( 'NONE',  ( 6.184332356238189554, -2.500000000000000000, -4.770118793865134599 ) ) ;
#6183 = ORIENTED_EDGE ( 'NONE', *, *, #646, .T. ) ;
#6184 = ORIENTED_EDGE ( 'NONE', *, *, #3562, .T. ) ;
#6185 = DIRECTION ( 'NONE',  ( 0.000000000000000000, -0.000000000000000000, 1.000000000000000000 ) ) ;
#6186 = EDGE_CURVE ( 'NONE', #2801, #3271, #3458, .T. ) ;
#6187 = ORIENTED_EDGE ( 'NONE', *, *, #250, .F. ) ;
#6188 = CARTESIAN_POINT ( 'NONE',  ( -1.750000000000000000, 3.000000000000000000, -6.777720855862980009 ) ) ;
#6189 = EDGE_CURVE ( 'NONE', #1387, #779, #676, .T. ) ;
#6190 = DIRECTION ( 'NONE',  ( 0.000000000000000000, 1.000000000000000000, 0.000000000000000000 ) ) ;
#6191 = VERTEX_POINT ( 'NONE', #3621 ) ;
#6192 = EDGE_CURVE ( 'NONE', #2364, #1524, #373, .T. ) ;
#6193 = ORIENTED_EDGE ( 'NONE', *, *, #1033, .F. ) ;
#6194 = FACE_OUTER_BOUND ( 'NONE', #4405, .T. ) ;
#6195 = DIRECTION ( 'NONE',  ( -0.000000000000000000, -1.000000000000000000, -0.000000000000000000 ) ) ;
#6196 = AXIS2_PLACEMENT_3D ( 'NONE', #5430, #5908, #77 ) ;
#6197 = CARTESIAN_POINT ( 'NONE',  ( -13.00039763433089313, 2.500000000000000000, -11.58618407195758593 ) ) ;
#6198 = DIRECTION ( 'NONE',  ( 0.000000000000000000, 0.000000000000000000, 1.000000000000000000 ) ) ;
#6199 = CARTESIAN_POINT ( 'NONE',  ( -0.9999999999997888356, 2.500000000000000000, 17.38533865071372020 ) ) ;
#6200 = AXIS2_PLACEMENT_3D ( 'NONE', #2868, #5676, #1343 ) ;
#6201 = ORIENTED_EDGE ( 'NONE', *, *, #3683, .F. ) ;
#6202 = DIRECTION ( 'NONE',  ( -0.000000000000000000, -1.000000000000000000, -0.000000000000000000 ) ) ;
#6203 = LINE ( 'NONE', #287, #2018 ) ;
#6204 = DIRECTION ( 'NONE',  ( 0.000000000000000000, 1.000000000000000000, 0.000000000000000000 ) ) ;
#6205 = ORIENTED_EDGE ( 'NONE', *, *, #1308, .T. ) ;
#6206 = ORIENTED_EDGE ( 'NONE', *, *, #4166, .F. ) ;
#6207 = DIRECTION ( 'NONE',  ( 0.000000000000000000, 1.000000000000000000, 0.000000000000000000 ) ) ;
#6208 = CARTESIAN_POINT ( 'NONE',  ( 1.499999999999908518, 2.500000000000000000, -17.38533865071371665 ) ) ;
#6209 = EDGE_CURVE ( 'NONE', #2972, #1220, #2852, .T. ) ;
#6210 = CYLINDRICAL_SURFACE ( 'NONE', #1021, 7.500000000000000888 ) ;
#6211 = DIRECTION ( 'NONE',  ( -0.1142857142857092029, -8.673617379884041389E-16, 0.9934479228979269383 ) ) ;
#6212 = ORIENTED_EDGE ( 'NONE', *, *, #57, .F. ) ;
#6213 = CIRCLE ( 'NONE', #5590, 1.000000000000000888 ) ;
#6214 = ORIENTED_EDGE ( 'NONE', *, *, #3697, .T. ) ;
#6215 = DIRECTION ( 'NONE',  ( 1.000000000000000000, 0.000000000000000000, -5.204170427930421283E-15 ) ) ;
#6216 = ORIENTED_EDGE ( 'NONE', *, *, #1668, .F. ) ;
#6217 = CARTESIAN_POINT ( 'NONE',  ( 6.030009245246650273, 3.000000000000000000, -3.555135511093766798 ) ) ;
#6218 = ORIENTED_EDGE ( 'NONE', *, *, #2823, .F. ) ;
#6219 = VECTOR ( 'NONE', #2402, 1000.000000000000000 ) ;
#6220 = EDGE_CURVE ( 'NONE', #6076, #3008, #5231, .T. ) ;
#6221 = DIRECTION ( 'NONE',  ( -0.000000000000000000, -1.000000000000000000, -0.000000000000000000 ) ) ;
#6222 = ORIENTED_EDGE ( 'NONE', *, *, #4954, .T. ) ;
#6223 = AXIS2_PLACEMENT_3D ( 'NONE', #5126, #4538, #2213 ) ;
#6224 = ORIENTED_EDGE ( 'NONE', *, *, #6269, .F. ) ;
#6225 = CARTESIAN_POINT ( 'NONE',  ( 17.88206261216267734, 2.500000000000000000, 2.057142857142824965 ) ) ;
#6226 = CARTESIAN_POINT ( 'NONE',  ( 1.999999999999908518, 3.001000000000000334, -17.38533865071372020 ) ) ;
#6227 = AXIS2_PLACEMENT_3D ( 'NONE', #2460, #1572, #5491 ) ;
#6228 = EDGE_CURVE ( 'NONE', #4468, #3004, #4813, .T. ) ;
#6229 = CIRCLE ( 'NONE', #3639, 0.4999999999999995004 ) ;
#6230 = CARTESIAN_POINT ( 'NONE',  ( -0.9999999999997888356, -3.000000000000000000, 17.38533865071372020 ) ) ;
#6231 = DIRECTION ( 'NONE',  ( 4.440892098500626162E-15, 0.000000000000000000, 1.000000000000000000 ) ) ;
#6232 = CARTESIAN_POINT ( 'NONE',  ( 0.7071067811865475727, 2.500000000000000000, -0.7071067811865475727 ) ) ;
#6233 = EDGE_LOOP ( 'NONE', ( #5391, #3586, #2526, #3933 ) ) ;
#6234 = DIRECTION ( 'NONE',  ( 0.000000000000000000, 0.000000000000000000, 1.000000000000000000 ) ) ;
#6235 = CIRCLE ( 'NONE', #5925, 0.5000000000000000000 ) ;
#6236 = DIRECTION ( 'NONE',  ( 0.000000000000000000, 1.000000000000000000, 0.000000000000000000 ) ) ;
#6237 = DIRECTION ( 'NONE',  ( -0.000000000000000000, -1.000000000000000000, -0.000000000000000000 ) ) ;
#6238 = AXIS2_PLACEMENT_3D ( 'NONE', #3500, #1926, #3896 ) ;
#6239 = DIRECTION ( 'NONE',  ( 0.000000000000000000, 1.000000000000000000, 0.000000000000000000 ) ) ;
#6240 = EDGE_LOOP ( 'NONE', ( #4309, #4795, #3013, #4059 ) ) ;
#6241 = CIRCLE ( 'NONE', #5914, 1.000000000000000000 ) ;
#6242 = ORIENTED_EDGE ( 'NONE', *, *, #4403, .F. ) ;
#6243 = CARTESIAN_POINT ( 'NONE',  ( 0.000000000000000000, 3.000000000000000000, 0.000000000000000000 ) ) ;
#6244 = CIRCLE ( 'NONE', #3449, 0.4999999999999995559 ) ;
#6245 = DIRECTION ( 'NONE',  ( -0.000000000000000000, -1.000000000000000000, -0.000000000000000000 ) ) ;
#6246 = EDGE_LOOP ( 'NONE', ( #4726, #3727, #2984, #3003, #4918, #1030 ) ) ;
#6247 = ORIENTED_EDGE ( 'NONE', *, *, #2833, .T. ) ;
#6248 = DIRECTION ( 'NONE',  ( -5.204170427930416550E-15, 0.000000000000000000, 1.000000000000000000 ) ) ;
#6249 = TOROIDAL_SURFACE ( 'NONE', #1809, 18.50000000000000355, 0.5000000000000000000 ) ;
#6250 = DIRECTION ( 'NONE',  ( 1.734723475976807094E-15, 0.000000000000000000, 1.000000000000000000 ) ) ;
#6251 = ADVANCED_FACE ( 'NONE', ( #2042 ), #3669, .T. ) ;
#6252 = ORIENTED_EDGE ( 'NONE', *, *, #2469, .T. ) ;
#6253 = AXIS2_PLACEMENT_3D ( 'NONE', #97, #3103, #2138 ) ;
#6254 = CARTESIAN_POINT ( 'NONE',  ( -7.745966692414821608, 3.000000000000000000, 1.000000000000081046 ) ) ;
#6255 = ORIENTED_EDGE ( 'NONE', *, *, #1673, .T. ) ;
#6256 = EDGE_CURVE ( 'NONE', #81, #1615, #3560, .T. ) ;
#6257 = ORIENTED_EDGE ( 'NONE', *, *, #3489, .F. ) ;
#6258 = DIRECTION ( 'NONE',  ( 6.938893903907228378E-15, 0.000000000000000000, 1.000000000000000000 ) ) ;
#6259 = EDGE_CURVE ( 'NONE', #5895, #2507, #692, .T. ) ;
#6260 = FACE_OUTER_BOUND ( 'NONE', #5499, .T. ) ;
#6261 = AXIS2_PLACEMENT_3D ( 'NONE', #4744, #6292, #1415 ) ;
#6262 = EDGE_CURVE ( 'NONE', #4978, #6091, #2660, .T. ) ;
#6263 = DIRECTION ( 'NONE',  ( -0.000000000000000000, -1.000000000000000000, -0.000000000000000000 ) ) ;
#6264 = VECTOR ( 'NONE', #6142, 1000.000000000000000 ) ;
#6265 = DIRECTION ( 'NONE',  ( 0.000000000000000000, 1.000000000000000000, 0.000000000000000000 ) ) ;
#6266 = CARTESIAN_POINT ( 'NONE',  ( -11.97654411277911279, -2.500000000000000444, 13.39075767515251947 ) ) ;
#6267 = VERTEX_POINT ( 'NONE', #6154 ) ;
#6268 = CARTESIAN_POINT ( 'NONE',  ( 0.000000000000000000, -2.500000000000000444, 0.000000000000000000 ) ) ;
#6269 = EDGE_CURVE ( 'NONE', #668, #1783, #2225, .T. ) ;
#6270 = LINE ( 'NONE', #5303, #4118 ) ;
#6271 = DIRECTION ( 'NONE',  ( 2.664535259100375697E-15, 0.000000000000000000, 1.000000000000000000 ) ) ;
#6272 = CARTESIAN_POINT ( 'NONE',  ( -17.38533865071372730, -2.499999999999999556, -1.999999999999847899 ) ) ;
#6273 = VERTEX_POINT ( 'NONE', #5638 ) ;
#6274 = DIRECTION ( 'NONE',  ( 0.000000000000000000, 1.000000000000000000, 0.000000000000000000 ) ) ;
#6275 = CARTESIAN_POINT ( 'NONE',  ( 4.063012012678529850, 2.500000000000000444, -6.891439137424775652 ) ) ;
#6276 = ORIENTED_EDGE ( 'NONE', *, *, #5111, .T. ) ;
#6277 = VERTEX_POINT ( 'NONE', #4728 ) ;
#6278 = DIRECTION ( 'NONE',  ( -0.000000000000000000, -1.000000000000000000, -0.000000000000000000 ) ) ;
#6279 = LINE ( 'NONE', #4732, #5212 ) ;
#6280 = VERTEX_POINT ( 'NONE', #2303 ) ;
#6281 = ORIENTED_EDGE ( 'NONE', *, *, #385, .T. ) ;
#6282 = CARTESIAN_POINT ( 'NONE',  ( 4.135492250926811941, -2.500000000000000444, 6.256812594486453882 ) ) ;
#6283 = CIRCLE ( 'NONE', #4629, 0.5000000000000004441 ) ;
#6284 = DIRECTION ( 'NONE',  ( -0.000000000000000000, -1.000000000000000000, -0.000000000000000000 ) ) ;
#6285 = CARTESIAN_POINT ( 'NONE',  ( -7.348469228349547855, -2.500000000000000444, -1.499999999999935829 ) ) ;
#6286 = ADVANCED_FACE ( 'NONE', ( #4656, #5765, #1782, #269, #1205, #3240, #3691, #2204, #3273 ), #227, .T. ) ;
#6287 = DIRECTION ( 'NONE',  ( 0.000000000000000000, 1.000000000000000000, 0.000000000000000000 ) ) ;
#6288 = ORIENTED_EDGE ( 'NONE', *, *, #2463, .T. ) ;
#6289 = DIRECTION ( 'NONE',  ( 1.734723475976805517E-15, 0.000000000000000000, 1.000000000000000000 ) ) ;
#6290 = AXIS2_PLACEMENT_3D ( 'NONE', #4650, #323, #4172 ) ;
#6291 = DIRECTION ( 'NONE',  ( 0.7071067811865389130, 0.000000000000000000, -0.7071067811865561215 ) ) ;
#6292 = DIRECTION ( 'NONE',  ( 0.000000000000000000, 1.000000000000000000, 0.000000000000000000 ) ) ;
#6293 = EDGE_CURVE ( 'NONE', #5107, #4489, #5340, .T. ) ;
#6294 = AXIS2_PLACEMENT_3D ( 'NONE', #3930, #1471, #5944 ) ;
#6295 = CARTESIAN_POINT ( 'NONE',  ( 1.500000000000000000, -2.500000000000000444, 17.93739111465210101 ) ) ;
#6296 = ORIENTED_EDGE ( 'NONE', *, *, #1051, .T. ) ;
#6297 = ORIENTED_EDGE ( 'NONE', *, *, #4333, .F. ) ;
#6298 = LINE ( 'NONE', #5760, #6106 ) ;
#6299 = EDGE_CURVE ( 'NONE', #4594, #2630, #4904, .T. ) ;
#6300 = DIRECTION ( 'NONE',  ( 1.734723475976807094E-15, 0.000000000000000000, 1.000000000000000000 ) ) ;
#6301 = ORIENTED_EDGE ( 'NONE', *, *, #6372, .F. ) ;
#6302 = ORIENTED_EDGE ( 'NONE', *, *, #4353, .F. ) ;
#6303 = SHAPE_DEFINITION_REPRESENTATION ( #5682, #1525 ) ;
#6304 = DIRECTION ( 'NONE',  ( 0.000000000000000000, 0.000000000000000000, 1.000000000000000000 ) ) ;
#6305 = CIRCLE ( 'NONE', #4864, 1.000000000000000888 ) ;
#6306 = EDGE_CURVE ( 'NONE', #5532, #3503, #194, .T. ) ;
#6307 = TOROIDAL_SURFACE ( 'NONE', #3519, 20.00000000000000355, 2.500000000000000000 ) ;
#6308 = DIRECTION ( 'NONE',  ( -0.000000000000000000, 0.000000000000000000, 1.000000000000000000 ) ) ;
#6309 = ORIENTED_EDGE ( 'NONE', *, *, #882, .T. ) ;
#6310 = CARTESIAN_POINT ( 'NONE',  ( 1.500000000000000000, -2.500000000000000444, 17.38533865071370954 ) ) ;
#6311 = ORIENTED_EDGE ( 'NONE', *, *, #1749, .F. ) ;
#6312 = FACE_OUTER_BOUND ( 'NONE', #1272, .T. ) ;
#6313 = AXIS2_PLACEMENT_3D ( 'NONE', #2845, #3354, #3868 ) ;
#6314 = AXIS2_PLACEMENT_3D ( 'NONE', #1682, #4618, #2530 ) ;
#6315 = DIRECTION ( 'NONE',  ( -0.5078765015848187847, 0.000000000000000000, 0.8614298921780957352 ) ) ;
#6316 = DIRECTION ( 'NONE',  ( 0.000000000000000000, 1.000000000000000000, 0.000000000000000000 ) ) ;
#6317 = DIRECTION ( 'NONE',  ( 0.000000000000000000, 0.000000000000000000, 1.000000000000000000 ) ) ;
#6318 = DIRECTION ( 'NONE',  ( 0.000000000000000000, 0.000000000000000000, 1.000000000000000000 ) ) ;
#6319 = ORIENTED_EDGE ( 'NONE', *, *, #2261, .F. ) ;
#6320 = CIRCLE ( 'NONE', #758, 0.5000000000000004441 ) ;
#6321 = EDGE_CURVE ( 'NONE', #913, #2507, #4499, .T. ) ;
#6322 = AXIS2_PLACEMENT_3D ( 'NONE', #4226, #4751, #5759 ) ;
#6323 = DIRECTION ( 'NONE',  ( 0.000000000000000000, 0.000000000000000000, 1.000000000000000000 ) ) ;
#6324 = AXIS2_PLACEMENT_3D ( 'NONE', #6369, #5316, #970 ) ;
#6325 = LINE ( 'NONE', #5271, #5122 ) ;
#6326 = PLANE ( 'NONE',  #3752 ) ;
#6327 = EDGE_CURVE ( 'NONE', #3892, #5210, #890, .T. ) ;
#6328 = VECTOR ( 'NONE', #3902, 1000.000000000000000 ) ;
#6329 = ORIENTED_EDGE ( 'NONE', *, *, #5690, .F. ) ;
#6330 = VECTOR ( 'NONE', #1764, 1000.000000000000114 ) ;
#6331 = EDGE_CURVE ( 'NONE', #1008, #1098, #984, .T. ) ;
#6332 = ORIENTED_EDGE ( 'NONE', *, *, #3403, .T. ) ;
#6333 = AXIS2_PLACEMENT_3D ( 'NONE', #308, #2280, #4245 ) ;
#6334 = CIRCLE ( 'NONE', #4377, 0.4999999999999998890 ) ;
#6335 = DIRECTION ( 'NONE',  ( -0.000000000000000000, -1.000000000000000000, -0.000000000000000000 ) ) ;
#6336 = FACE_OUTER_BOUND ( 'NONE', #1351, .T. ) ;
#6337 = ORIENTED_EDGE ( 'NONE', *, *, #1106, .T. ) ;
#6338 = ORIENTED_EDGE ( 'NONE', *, *, #6372, .T. ) ;
#6339 = CIRCLE ( 'NONE', #1586, 0.4999999999999995559 ) ;
#6340 = CARTESIAN_POINT ( 'NONE',  ( 17.38533865071371309, 2.500000000000000000, 1.499999999999969580 ) ) ;
#6341 = ADVANCED_FACE ( 'NONE', ( #2729 ), #4695, .F. ) ;
#6342 = ORIENTED_EDGE ( 'NONE', *, *, #1352, .F. ) ;
#6343 = CARTESIAN_POINT ( 'NONE',  ( -10.87907729077098296, 2.500000000000000000, 13.70750441551747123 ) ) ;
#6344 = EDGE_LOOP ( 'NONE', ( #1576, #3276, #1494, #4799 ) ) ;
#6345 = CIRCLE ( 'NONE', #4387, 7.000000000000000888 ) ;
#6346 = DIRECTION ( 'NONE',  ( 0.000000000000000000, 0.000000000000000000, 1.000000000000000000 ) ) ;
#6347 = ORIENTED_EDGE ( 'NONE', *, *, #3839, .F. ) ;
#6348 = CARTESIAN_POINT ( 'NONE',  ( 13.70750441551736287, -2.499999999999999556, 11.37907729077112862 ) ) ;
#6349 = DIRECTION ( 'NONE',  ( -0.7071067811865467956, 0.000000000000000000, 0.7071067811865484609 ) ) ;
#6350 = TOROIDAL_SURFACE ( 'NONE', #5002, 1.000000000000000000, 0.5000000000000000000 ) ;
#6351 = DIRECTION ( 'NONE',  ( -1.000000000000000000, 0.000000000000000000, 0.000000000000000000 ) ) ;
#6352 = LINE ( 'NONE', #527, #800 ) ;
#6353 = CARTESIAN_POINT ( 'NONE',  ( -1.999999999999788836, 3.000000000000000000, 17.38533865071373441 ) ) ;
#6354 = VERTEX_POINT ( 'NONE', #2241 ) ;
#6355 = AXIS2_PLACEMENT_3D ( 'NONE', #2385, #4355, #1899 ) ;
#6356 = CIRCLE ( 'NONE', #5947, 7.000000000000000888 ) ;
#6357 = CARTESIAN_POINT ( 'NONE',  ( 1.874999999999999778, 3.001000000000000334, 7.261843774138906582 ) ) ;
#6358 = CIRCLE ( 'NONE', #3786, 1.000000000000000000 ) ;
#6359 = CARTESIAN_POINT ( 'NONE',  ( 1.000000000000000000, -2.500000000000000444, 7.745966692414832266 ) ) ;
#6360 = DIRECTION ( 'NONE',  ( 0.000000000000000000, 1.000000000000000000, 0.000000000000000000 ) ) ;
#6361 = DIRECTION ( 'NONE',  ( -0.000000000000000000, -1.000000000000000000, -0.000000000000000000 ) ) ;
#6362 = CARTESIAN_POINT ( 'NONE',  ( -4.063012012678565377, -2.500000000000000444, -5.891439137424754335 ) ) ;
#6363 = CIRCLE ( 'NONE', #3673, 0.5000000000000000000 ) ;
#6364 = EDGE_CURVE ( 'NONE', #1098, #1008, #3876, .T. ) ;
#6365 = ORIENTED_EDGE ( 'NONE', *, *, #5821, .F. ) ;
#6366 = PRODUCT_RELATED_PRODUCT_CATEGORY ( 'part', '', ( #1919 ) ) ;
#6367 = DIRECTION ( 'NONE',  ( -0.8614298921780988438, 0.000000000000000000, -0.5078765015848133446 ) ) ;
#6368 = AXIS2_PLACEMENT_3D ( 'NONE', #5938, #1501, #5871 ) ;
#6369 = CARTESIAN_POINT ( 'NONE',  ( 0.000000000000000000, 3.000000000000000000, 0.000000000000000000 ) ) ;
#6370 = EDGE_LOOP ( 'NONE', ( #3527, #3693, #5220, #4613, #1612 ) ) ;
#6371 = ADVANCED_FACE ( 'NONE', ( #3793 ), #1916, .T. ) ;
#6372 = EDGE_CURVE ( 'NONE', #2652, #392, #2750, .T. ) ;
#6373 = EDGE_LOOP ( 'NONE', ( #173, #5472, #1139, #2520 ) ) ;
#6374 = CARTESIAN_POINT ( 'NONE',  ( -6.537885746831435085, -2.500000000000000444, 4.416565403271908608 ) ) ;
#6375 = ORIENTED_EDGE ( 'NONE', *, *, #3481, .T. ) ;
#6376 = DIRECTION ( 'NONE',  ( -0.000000000000000000, -1.000000000000000000, -0.000000000000000000 ) ) ;
#6377 = ORIENTED_EDGE ( 'NONE', *, *, #5984, .T. ) ;
#6378 = EDGE_CURVE ( 'NONE', #124, #805, #4396, .T. ) ;
#6379 = ORIENTED_EDGE ( 'NONE', *, *, #1314, .T. ) ;
#6380 = CARTESIAN_POINT ( 'NONE',  ( 0.000000000000000000, -2.500000000000000444, 0.000000000000000000 ) ) ;
#6381 = VERTEX_POINT ( 'NONE', #5697 ) ;
#6382 = DIRECTION ( 'NONE',  ( 0.000000000000000000, 0.000000000000000000, 1.000000000000000000 ) ) ;
#6383 = DIRECTION ( 'NONE',  ( 0.000000000000000000, 0.000000000000000000, 1.000000000000000000 ) ) ;
#6384 = CYLINDRICAL_SURFACE ( 'NONE', #6368, 0.5000000000000000000 ) ;
#6385 = EDGE_CURVE ( 'NONE', #2345, #5319, #1261, .T. ) ;
#6386 = DIRECTION ( 'NONE',  ( 0.000000000000000000, 0.000000000000000000, 1.000000000000000000 ) ) ;
#6387 = ORIENTED_EDGE ( 'NONE', *, *, #1673, .F. ) ;
#6388 = DIRECTION ( 'NONE',  ( 0.000000000000000000, 1.000000000000000000, 0.000000000000000000 ) ) ;
#6389 = CARTESIAN_POINT ( 'NONE',  ( -1.499999999999905409, -2.999999999999998224, 7.745966692414850918 ) ) ;
#6390 = FACE_OUTER_BOUND ( 'NONE', #3589, .T. ) ;
#6391 = DIRECTION ( 'NONE',  ( 0.000000000000000000, 0.000000000000000000, 1.000000000000000000 ) ) ;
#6392 = DIRECTION ( 'NONE',  ( 0.000000000000000000, 0.000000000000000000, 1.000000000000000000 ) ) ;
#6393 = CARTESIAN_POINT ( 'NONE',  ( -1.999999999999999112, 2.500000000000000000, -17.38533865071370954 ) ) ;
#6394 = ORIENTED_EDGE ( 'NONE', *, *, #234, .F. ) ;
#6395 = ORIENTED_EDGE ( 'NONE', *, *, #5459, .F. ) ;
#6396 = AXIS2_PLACEMENT_3D ( 'NONE', #4088, #2572, #5030 ) ;
#6397 = CARTESIAN_POINT ( 'NONE',  ( 2.057142857142763237, 3.001000000000000334, -17.88206261216268445 ) ) ;
#6398 = DIRECTION ( 'NONE',  ( 0.000000000000000000, 1.000000000000000000, 0.000000000000000000 ) ) ;
#6399 = EDGE_LOOP ( 'NONE', ( #5911, #2416, #945, #5550 ) ) ;
#6400 = ORIENTED_EDGE ( 'NONE', *, *, #4228, .T. ) ;
#6401 = DIRECTION ( 'NONE',  ( 0.000000000000000000, 0.000000000000000000, 1.000000000000000000 ) ) ;
#6402 = CIRCLE ( 'NONE', #616, 0.5000000000000000000 ) ;
#6403 = EDGE_CURVE ( 'NONE', #4007, #4429, #3463, .T. ) ;
#6404 = ORIENTED_EDGE ( 'NONE', *, *, #1946, .T. ) ;
#6405 = LINE ( 'NONE', #517, #2521 ) ;
#6406 = ORIENTED_EDGE ( 'NONE', *, *, #3543, .T. ) ;
#6407 = VERTEX_POINT ( 'NONE', #5829 ) ;
ENDSEC;
END-ISO-10303-21;
